Request Id,request_e2e_time,request_e2e_time_normalized,request_execution_time,request_execution_time_normalized,request_model_execution_time,request_model_execution_time_normalized,request_preemption_time,request_scheduling_delay,request_execution_plus_preemption_time,request_execution_plus_preemption_time_normalized,prefill_e2e_time,prefill_e2e_time_normalized,prefill_time_execution_plus_preemption,prefill_time_execution_plus_preemption_normalized,decode_time_execution_plus_preemption_normalized,request_inter_arrival_delay,request_num_tokens,request_num_prefill_tokens,request_num_prefill_tokens_cached,request_num_decode_tokens,request_pd_ratio,request_num_restarts,request_arrived_at,replica
1,35.318615,0.070637,35.318615,0.070637,35.318615,0.070637,0.000000,0.000000,35.318615,0.070637,0.377528,0.000052,0.377528,0.000052,0.069882,0.185878,7770,7270,0,500,14.540000,0,0.185878,0
2,35.091560,0.071615,34.839063,0.071100,34.839063,0.071100,0.000000,0.252497,34.839063,0.071100,0.652896,0.000083,0.400398,0.000051,0.070283,0.072227,8324,7834,512,490,15.987755,0,0.258105,0
3,54.367240,0.068473,54.013856,0.068028,54.013856,0.068028,0.000000,0.353384,54.013856,0.068028,0.754455,0.000097,0.401071,0.000052,0.067522,0.244518,8542,7748,512,794,9.758186,0,0.502624,0
4,23.544068,0.074507,22.993616,0.072765,22.993616,0.072765,0.000000,0.550452,22.993616,0.072765,0.696275,0.000248,0.145822,0.000052,0.072303,0.149405,3118,2802,512,316,8.867089,0,0.652029,0
5,1.120862,0.373621,0.483634,0.161211,0.483634,0.161211,0.000000,0.637228,0.483634,0.161211,1.029359,0.000142,0.392131,0.000054,0.030501,0.012364,7275,7272,512,3,2424.000000,0,0.664393,0
6,14.941050,0.086364,14.340888,0.082895,14.340888,0.082895,0.000000,0.600162,14.340888,0.082895,0.844894,0.000158,0.244733,0.000046,0.081481,0.375000,5519,5346,512,173,30.901734,0,1.039393,0
7,34.454387,0.076058,33.839441,0.074701,33.839441,0.074701,0.000000,0.614946,33.839441,0.074701,2.057783,0.000087,1.442837,0.000061,0.071516,0.178985,24106,23653,512,453,52.214128,0,1.218377,0
8,36.135338,0.078898,34.348308,0.074996,34.348308,0.074996,0.000000,1.787030,34.348308,0.074996,3.606068,0.000132,1.819038,0.000066,0.071025,0.192760,27858,27400,512,458,59.825328,0,1.411137,0
9,33.505652,0.083347,30.001813,0.074631,30.001813,0.074631,0.000000,3.503840,30.001813,0.074631,4.118788,0.000374,0.614948,0.000056,0.073102,0.017137,11412,11010,512,402,27.388060,0,1.428274,0
10,47.964171,0.078630,43.980953,0.072100,43.980953,0.072100,0.000000,3.983219,43.980953,0.072100,5.030878,0.000280,1.047659,0.000058,0.070382,0.074817,18572,17962,512,610,29.445902,0,1.503092,0
11,12.508570,0.176177,7.605700,0.107123,7.605700,0.107123,0.000000,4.902869,7.605700,0.107123,5.692088,0.000405,0.789219,0.000056,0.096007,0.057913,14127,14056,512,71,197.971831,0,1.561004,0
12,40.020622,0.099554,34.720210,0.086369,34.720210,0.086369,0.000000,5.300412,34.720210,0.086369,14.776742,0.000169,9.476329,0.000108,0.062796,0.326760,88083,87681,512,402,218.111940,0,1.887765,0
13,49.888370,0.091037,35.414563,0.064625,35.414563,0.064625,0.000000,14.473807,35.414563,0.064625,15.004048,0.002195,0.530241,0.000078,0.063658,0.129056,7384,6836,512,548,12.474453,0,2.016820,0
14,37.179876,0.105028,22.448323,0.063413,22.448323,0.063413,0.000000,14.731553,22.448323,0.063413,14.885610,0.005898,0.154056,0.000061,0.062978,0.216282,2878,2524,512,354,7.129944,0,2.233103,0
15,15.858480,1.132749,1.096161,0.078297,1.096161,0.078297,0.000000,14.762319,1.096161,0.078297,15.177036,0.001937,0.414717,0.000053,0.048675,0.073242,7850,7836,512,14,559.714286,0,2.306345,0
16,24.703939,0.170372,9.616551,0.066321,9.616551,0.066321,0.000000,15.087388,9.616551,0.066321,15.630799,0.001574,0.543411,0.000055,0.062573,0.032223,10075,9930,512,145,68.482759,0,2.338568,0
17,38.072653,0.107247,22.603305,0.063671,22.603305,0.063671,0.000000,15.469348,22.603305,0.063671,15.577911,0.010917,0.108564,0.000076,0.063365,0.101094,1782,1427,512,355,4.019718,0,2.439661,0
18,46.514363,0.099816,30.992901,0.066508,30.992901,0.066508,0.000000,15.521462,30.992901,0.066508,16.306912,0.001221,0.785450,0.000059,0.064823,0.008243,13824,13358,512,466,28.665236,0,2.447904,0
19,78.345962,0.084334,62.325024,0.067088,62.325024,0.067088,0.000000,16.020938,62.325024,0.067088,17.333383,0.000825,1.312445,0.000062,0.065676,0.219765,21947,21018,512,929,22.624327,0,2.667669,0
20,40.997322,0.117471,23.865402,0.068382,23.865402,0.068382,0.000000,17.131920,23.865402,0.068382,18.152491,0.001060,1.020571,0.000060,0.065458,0.124845,17470,17121,512,349,49.057307,0,2.792514,0
21,43.875442,0.118582,25.971172,0.070192,25.971172,0.070192,0.000000,17.904270,25.971172,0.070192,19.763841,0.000736,1.859572,0.000069,0.065166,0.177398,27235,26865,512,370,72.608108,0,2.969912,0
22,50.546285,0.106413,30.923401,0.065102,30.923401,0.065102,0.000000,19.622884,30.923401,0.065102,20.040759,0.003050,0.417875,0.000064,0.064222,0.054721,7046,6571,512,475,13.833684,0,3.024633,0
23,47.299877,0.112619,27.693579,0.065937,27.693579,0.065937,0.000000,19.606298,27.693579,0.065937,19.995782,0.003092,0.389483,0.000060,0.065010,0.375000,6886,6466,512,420,15.395238,0,3.399633,0
24,75.862925,0.089461,56.205921,0.066281,56.205921,0.066281,0.000000,19.657004,56.205921,0.066281,20.360432,0.001718,0.703427,0.000059,0.065451,0.279507,12699,11851,512,848,13.975236,0,3.679140,0
25,26.824797,0.335310,6.719358,0.083992,6.719358,0.083992,0.000000,20.105439,6.719358,0.083992,21.096154,0.001345,0.990715,0.000063,0.071608,0.188351,15764,15684,512,80,196.050000,0,3.867491,0
26,41.516559,0.156666,20.519940,0.077434,20.519940,0.077434,0.000000,20.996618,20.519940,0.077434,24.952537,0.000537,3.955919,0.000085,0.062506,0.027058,46699,46434,512,265,175.222642,0,3.894549,0
27,26.326001,1.012539,1.570476,0.060403,1.570476,0.060403,0.000000,24.755525,1.570476,0.060403,24.926178,0.015927,0.170652,0.000109,0.053839,0.078589,1591,1565,512,26,60.192308,0,3.973138,0
28,73.166082,0.098210,48.297733,0.064829,48.297733,0.064829,0.000000,24.868349,48.297733,0.064829,25.193334,0.004049,0.324985,0.000052,0.064393,0.005599,6967,6222,512,745,8.351678,0,3.978737,0
29,26.197855,2.381623,1.083482,0.098498,1.083482,0.098498,0.000000,25.114372,1.083482,0.098498,25.615708,0.003305,0.501336,0.000065,0.052922,0.020947,7761,7750,512,11,704.545455,0,3.999684,0
30,63.402040,0.108565,37.991628,0.065054,37.991628,0.065054,0.000000,25.410412,37.991628,0.065054,26.054229,0.002398,0.643817,0.000059,0.063952,0.143626,11451,10867,512,584,18.607877,0,4.143310,0
31,65.368198,0.106290,39.549734,0.064309,39.549734,0.064309,0.000000,25.818464,39.549734,0.064309,25.935512,0.013039,0.117048,0.000059,0.064118,0.170695,2604,1989,512,615,3.234146,0,4.314005,0
32,48.140165,0.139942,22.631631,0.065790,22.631631,0.065790,0.000000,25.508534,22.631631,0.065790,26.541944,0.001672,1.033410,0.000065,0.062786,0.375000,16222,15878,512,344,46.156977,0,4.689005,0
33,46.305105,0.149855,19.885595,0.064355,19.885595,0.064355,0.000000,26.419510,19.885595,0.064355,26.707159,0.006185,0.287650,0.000067,0.063424,0.049283,4627,4318,512,309,13.974110,0,4.738289,0
34,27.102656,27.102656,0.509693,0.509693,0.509693,0.509693,0.000000,26.592963,0.509693,0.509693,27.102656,0.002919,0.509693,0.000055,0.000000,0.057846,9285,9284,512,1,9284.000000,0,4.796134,0
35,44.008419,0.184909,17.047457,0.071628,17.047457,0.071628,0.000000,26.960961,17.047457,0.071628,28.900920,0.001084,1.939958,0.000073,0.063477,0.079255,26906,26668,512,238,112.050420,0,4.875389,0
36,58.088847,0.129374,29.303429,0.065264,29.303429,0.065264,0.000000,28.785418,29.303429,0.065264,29.878874,0.001743,1.093456,0.000064,0.062828,0.026259,17596,17147,512,449,38.189310,0,4.901648,0
37,31.646425,1.020852,1.859345,0.059979,1.859345,0.059979,0.000000,29.787080,1.859345,0.059979,29.964956,0.010683,0.177876,0.000063,0.054241,0.017396,2836,2805,512,31,90.483871,0,4.919044,0
38,45.294805,0.188728,15.463454,0.064431,15.463454,0.064431,0.000000,29.831351,15.463454,0.064431,29.987037,0.018488,0.155686,0.000096,0.063782,0.080713,1862,1622,512,240,6.758333,0,4.999757,0
39,65.678916,0.118340,35.776917,0.064463,35.776917,0.064463,0.000000,29.902000,35.776917,0.064463,30.114180,0.007274,0.212180,0.000051,0.064081,0.032170,4695,4140,512,555,7.459459,0,5.031927,0
40,63.856146,0.121863,33.935191,0.064762,33.935191,0.064762,0.000000,29.920955,33.935191,0.064762,30.077935,0.011795,0.156981,0.000062,0.064462,0.138512,3074,2550,512,524,4.866412,0,5.170439,0
41,67.621925,0.115199,37.668161,0.064171,37.668161,0.064171,0.000000,29.953764,37.668161,0.064171,30.107383,0.012472,0.153619,0.000064,0.063909,0.071843,3001,2414,512,587,4.112436,0,5.242282,0
42,45.233748,0.199268,15.401771,0.067849,15.401771,0.067849,0.000000,29.831977,15.401771,0.067849,30.719578,0.002111,0.887602,0.000061,0.063939,0.223480,14780,14553,512,227,64.110132,0,5.465762,0
43,46.450145,0.194352,15.951314,0.066742,15.951314,0.066742,0.000000,30.498831,15.951314,0.066742,31.266496,0.002480,0.767665,0.000061,0.063530,0.150607,12846,12607,512,239,52.748954,0,5.616369,0
44,51.550831,0.159108,20.398044,0.062957,20.398044,0.062957,0.000000,31.152786,20.398044,0.062957,31.270273,0.019816,0.117487,0.000074,0.062594,0.046812,1902,1578,512,324,4.870370,0,5.663182,0
45,44.761194,0.220498,13.764677,0.067806,13.764677,0.067806,0.000000,30.996517,13.764677,0.067806,31.610276,0.003121,0.613759,0.000061,0.064783,0.223167,10330,10127,512,203,49.886700,0,5.886349,0
46,39.570717,0.376864,8.227993,0.078362,8.227993,0.078362,0.000000,31.342724,8.227993,0.078362,32.682234,0.001595,1.339510,0.000065,0.065605,0.204194,20593,20488,512,105,195.123810,0,6.090542,0
47,64.218804,0.133511,31.676662,0.065856,31.676662,0.065856,0.000000,32.542143,31.676662,0.065856,33.000259,0.004690,0.458116,0.000065,0.064903,0.061271,7518,7037,512,481,14.629938,0,6.151814,0
48,53.542151,0.165254,20.643854,0.063716,20.643854,0.063716,0.000000,32.898297,20.643854,0.063716,33.008648,0.023410,0.110351,0.000078,0.063375,0.042517,1734,1410,512,324,4.351852,0,6.194331,0
49,56.123548,0.155467,23.309215,0.064568,23.309215,0.064568,0.000000,32.814334,23.309215,0.064568,33.131909,0.005613,0.317576,0.000054,0.063689,0.143408,6264,5903,512,361,16.351801,0,6.337739,0
50,58.156047,0.160652,25.099624,0.069336,25.099624,0.069336,0.000000,33.056423,25.099624,0.069336,34.712618,0.001438,1.656195,0.000069,0.064761,0.018817,24505,24143,512,362,66.693370,0,6.356556,0
51,76.866919,0.130504,42.266707,0.071760,42.266707,0.071760,0.000000,34.600213,42.266707,0.071760,37.717448,0.000970,3.117235,0.000080,0.066468,0.027879,39484,38895,512,589,66.035654,0,6.384434,0
52,64.557107,0.155559,26.946250,0.064931,26.946250,0.064931,0.000000,37.610857,26.946250,0.064931,38.098851,0.004730,0.487993,0.000061,0.063755,0.000924,8470,8055,512,415,19.409639,0,6.385358,0
53,51.618591,0.235701,13.772599,0.062889,13.772599,0.062889,0.000000,37.845992,13.772599,0.062889,38.401484,0.004048,0.555492,0.000059,0.060352,0.193264,9705,9486,512,219,43.315068,0,6.578622,0
54,79.055423,0.134677,40.852399,0.069595,40.852399,0.069595,0.000000,38.203024,40.852399,0.069595,39.923390,0.001613,1.720367,0.000069,0.066664,0.136647,25345,24758,512,587,42.177172,0,6.715269,0
55,67.253107,0.161278,27.566783,0.066107,27.566783,0.066107,0.000000,39.686324,27.566783,0.066107,40.739963,0.002504,1.053639,0.000065,0.063581,0.152668,16690,16273,512,417,39.023981,0,6.867937,0
56,72.146455,0.157182,31.668106,0.068994,31.668106,0.068994,0.000000,40.478350,31.668106,0.068994,42.409645,0.001503,1.931296,0.000068,0.064786,0.189681,28672,28213,512,459,61.466231,0,7.057618,0
57,48.778258,0.497737,6.534169,0.066675,6.534169,0.066675,0.000000,42.244089,6.534169,0.066675,43.007426,0.003723,0.763337,0.000066,0.058886,0.076773,11651,11553,512,98,117.887755,0,7.134390,0
58,44.392170,1.849674,1.555068,0.064795,1.555068,0.064795,0.000000,42.837102,1.555068,0.064795,43.110269,0.008061,0.273167,0.000051,0.053413,0.105131,5372,5348,512,24,222.833333,0,7.239521,0
59,65.814772,0.185394,22.778555,0.064165,22.778555,0.064165,0.000000,43.036217,22.778555,0.064165,43.240917,0.015109,0.204699,0.000072,0.063588,0.018823,3217,2862,512,355,8.061972,0,7.258344,0
60,70.710367,0.167958,27.536413,0.065407,27.536413,0.065407,0.000000,43.173954,27.536413,0.065407,43.275208,0.029928,0.101254,0.000070,0.065167,0.015205,1867,1446,512,421,3.434679,0,7.273549,0
61,79.398806,0.152105,36.311074,0.069561,36.311074,0.069561,0.000000,43.087733,36.311074,0.069561,43.959513,0.003012,0.871780,0.000060,0.067891,0.137979,15115,14593,512,522,27.955939,0,7.411528,0
62,69.068145,0.184182,25.256706,0.067351,25.256706,0.067351,0.000000,43.811439,25.256706,0.067351,44.314524,0.005246,0.503084,0.000060,0.066010,0.079619,8822,8447,512,375,22.525333,0,7.491147,0
63,81.427429,0.152486,37.276521,0.069806,37.276521,0.069806,0.000000,44.150908,37.276521,0.069806,45.032595,0.003128,0.881687,0.000061,0.068155,0.104119,14932,14398,512,534,26.962547,0,7.595266,0
64,48.352069,0.848282,3.569148,0.062617,3.569148,0.062617,0.000000,44.782921,3.569148,0.062617,44.901237,0.031845,0.118316,0.000084,0.060541,0.181021,1467,1410,512,57,24.736842,0,7.776287,0
65,57.612685,0.323667,12.886996,0.072399,12.886996,0.072399,0.000000,44.725689,12.886996,0.072399,46.041187,0.002279,1.315498,0.000065,0.065008,0.125886,20384,20206,512,178,113.516854,0,7.902172,0
66,58.788838,0.301481,12.926448,0.066289,12.926448,0.066289,0.000000,45.862390,12.926448,0.066289,46.094777,0.012472,0.232386,0.000063,0.065098,0.100812,3891,3696,512,195,18.953846,0,8.002984,0
67,70.293675,0.192059,24.355062,0.066544,24.355062,0.066544,0.000000,45.938613,24.355062,0.066544,46.092387,0.014572,0.153773,0.000049,0.066124,0.102398,3529,3163,512,366,8.642077,0,8.105382,0
68,48.957456,1.882979,2.961539,0.113905,2.961539,0.113905,0.000000,45.995916,2.961539,0.113905,47.609797,0.002013,1.613881,0.000068,0.051833,0.045292,23681,23655,512,26,909.807692,0,8.150673,0
69,88.707618,0.163667,41.184156,0.075986,41.184156,0.075986,0.000000,47.523462,41.184156,0.075986,47.924712,0.007449,0.401250,0.000062,0.075245,0.003913,6976,6434,512,542,11.870849,0,8.154586,0
70,78.747663,0.179380,30.952089,0.070506,30.952089,0.070506,0.000000,47.795574,30.952089,0.070506,48.289896,0.005401,0.494322,0.000055,0.069380,0.071747,9380,8941,512,439,20.366743,0,8.226333,0
71,75.630437,0.195427,27.430966,0.070881,27.430966,0.070881,0.000000,48.199471,27.430966,0.070881,48.750713,0.005500,0.551242,0.000062,0.069457,0.030193,9251,8864,512,387,22.904393,0,8.256526,0
72,64.976424,0.274162,16.352789,0.068999,16.352789,0.068999,0.000000,48.623636,16.352789,0.068999,49.377348,0.003897,0.753712,0.000059,0.065819,0.065643,12908,12671,512,237,53.464135,0,8.322168,0
73,99.359736,0.164776,50.288384,0.083397,50.288384,0.083397,0.000000,49.071352,50.288384,0.083397,51.075929,0.001778,2.004577,0.000070,0.080073,0.240009,29329,28726,512,603,47.638474,0,8.562177,0
74,52.983937,17.661312,2.031335,0.677112,2.031335,0.677112,0.000000,50.952603,2.031335,0.677112,52.884042,0.001930,1.931439,0.000070,0.033299,0.033312,27406,27403,512,3,9134.333333,0,8.595489,0
75,77.245473,0.222609,24.456426,0.070480,24.456426,0.070480,0.000000,52.789047,24.456426,0.070480,52.976428,0.020029,0.187381,0.000071,0.069940,0.007509,2992,2645,512,347,7.622478,0,8.602998,0
76,73.639816,0.288784,20.755916,0.081396,20.755916,0.081396,0.000000,52.883900,20.755916,0.081396,55.719153,0.001509,2.835253,0.000077,0.070277,0.041303,37189,36934,512,255,144.839216,0,8.644301,0
77,75.937662,0.261854,20.364060,0.070221,20.364060,0.070221,0.000000,55.573602,20.364060,0.070221,55.726055,0.028784,0.152453,0.000079,0.069695,0.043446,2226,1936,512,290,6.675862,0,8.687747,0
78,86.111740,0.222511,30.571590,0.078996,30.571590,0.078996,0.000000,55.540150,30.571590,0.078996,56.767142,0.003051,1.226992,0.000066,0.075826,0.135558,18991,18604,512,387,48.072351,0,8.823305,0
79,101.700989,0.189035,45.111219,0.083850,45.111219,0.083850,0.000000,56.589770,45.111219,0.083850,59.290354,0.001664,2.700584,0.000076,0.078830,0.101782,36176,35638,512,538,66.241636,0,8.925087,0
80,61.887745,1.289328,2.889639,0.060201,2.889639,0.060201,0.000000,58.998107,2.889639,0.060201,59.149271,0.040347,0.151164,0.000103,0.057052,0.191501,1514,1466,512,48,30.541667,0,9.116588,0
81,106.621856,0.169510,47.659449,0.075770,47.659449,0.075770,0.000000,58.962407,47.659449,0.075770,59.985656,0.003666,1.023249,0.000063,0.074143,0.136447,16993,16364,512,629,26.015898,0,9.253035,0
82,107.382048,0.169908,47.534190,0.075212,47.534190,0.075212,0.000000,59.847858,47.534190,0.075212,60.426138,0.006195,0.578280,0.000059,0.074297,0.065191,10386,9754,512,632,15.433544,0,9.318226,0
83,99.357611,0.215995,39.203898,0.085226,39.203898,0.085226,0.000000,60.153713,39.203898,0.085226,60.975870,0.004537,0.822157,0.000061,0.083439,0.210265,13899,13439,512,460,29.215217,0,9.528491,0
84,89.884727,0.260535,28.999925,0.084058,28.999925,0.084058,0.000000,60.884802,28.999925,0.084058,62.075925,0.003390,1.191123,0.000065,0.080605,0.022836,18656,18311,512,345,53.075362,0,9.551327,0
85,62.517913,62.517913,0.520818,0.520818,0.520818,0.520818,0.000000,61.997095,0.520818,0.520818,62.517913,0.007315,0.520818,0.000061,0.000000,0.002872,8547,8546,512,1,8546.000000,0,9.554198,0
86,108.365859,0.181822,45.920873,0.077048,45.920873,0.077048,0.000000,62.444987,45.920873,0.077048,63.141558,0.005605,0.696571,0.000062,0.075880,0.011795,11861,11265,512,596,18.901007,0,9.565994,0
87,93.575402,0.258496,30.659885,0.084696,30.659885,0.084696,0.000000,62.915517,30.659885,0.084696,63.193959,0.012506,0.278441,0.000055,0.083927,0.160178,5415,5053,512,362,13.958564,0,9.726172,0
88,103.164684,0.222338,40.104108,0.086431,40.104108,0.086431,0.000000,63.060576,40.104108,0.086431,66.599772,0.001540,3.539195,0.000082,0.078804,0.077459,43698,43234,512,464,93.176724,0,9.803631,0
89,69.297569,2.038164,2.832536,0.083310,2.832536,0.083310,0.000000,66.465034,2.832536,0.083310,67.214975,0.006104,0.749942,0.000068,0.061253,0.021984,11046,11012,512,34,323.882353,0,9.825614,0
90,105.581709,0.214597,38.519953,0.078293,38.519953,0.078293,0.000000,67.061755,38.519953,0.078293,67.915800,0.004807,0.854045,0.000060,0.076557,0.086905,14620,14128,512,492,28.715447,0,9.912519,0
91,114.063710,0.207766,46.238528,0.084223,46.238528,0.084223,0.000000,67.825182,46.238528,0.084223,72.247061,0.001433,4.421879,0.000088,0.076169,0.020655,50963,50414,512,549,91.828780,0,9.933175,0
92,106.318031,0.241632,34.344672,0.078056,34.344672,0.078056,0.000000,71.973359,34.344672,0.078056,73.169207,0.004161,1.195848,0.000068,0.075338,0.148973,18023,17583,512,440,39.961364,0,10.082147,0
93,117.159591,0.208099,44.139715,0.078401,44.139715,0.078401,0.000000,73.019876,44.139715,0.078401,74.469402,0.003447,1.449526,0.000067,0.075826,0.073859,22169,21606,512,563,38.376554,0,10.156006,0
94,112.020614,0.250046,37.692195,0.084134,37.692195,0.084134,0.000000,74.328419,37.692195,0.084134,76.594368,0.002572,2.265948,0.000076,0.079076,0.059961,30225,29777,512,448,66.466518,0,10.215967,0
95,80.296375,2.294182,3.842107,0.109774,3.842107,0.109774,0.000000,76.454268,3.842107,0.109774,77.657010,0.004323,1.202742,0.000067,0.075410,0.044855,18000,17965,512,35,513.285714,0,10.260822,0
96,129.393417,0.189449,51.938037,0.076044,51.938037,0.076044,0.000000,77.455380,51.938037,0.076044,86.648585,0.001047,9.193205,0.000111,0.062584,0.124377,83471,82788,512,683,121.212299,0,10.385199,0
97,125.013626,0.216287,38.592761,0.066769,38.592761,0.066769,0.000000,86.420865,38.592761,0.066769,88.306158,0.003325,1.885292,0.000071,0.063508,0.056140,27135,26557,512,578,45.946367,0,10.441339,0
98,772.180519,0.020166,683.959722,0.017862,683.959722,0.017862,0.013224,88.207574,683.972946,0.017862,97.354015,0.001167,9.146442,0.000110,0.017623,0.011466,121725,121145,83424,580,208.870690,1,10.452806,0
99,126.878844,0.246846,29.425433,0.057248,29.425433,0.057248,0.000000,97.453411,29.425433,0.057248,97.556226,0.053193,0.102815,0.000056,0.057048,0.015696,2348,1834,512,514,3.568093,0,10.468502,0
100,113.306690,0.427572,16.178292,0.061050,16.178292,0.061050,0.000000,97.128398,16.178292,0.061050,97.232472,0.068090,0.104074,0.000073,0.060657,0.375000,1693,1428,512,265,5.388679,0,10.843502,0
101,131.756228,0.214937,34.874039,0.056891,34.874039,0.056891,0.000000,96.882189,34.874039,0.056891,97.089954,0.028581,0.207765,0.000061,0.056552,0.299037,4010,3397,512,613,5.541599,0,11.142539,0
102,130.961470,0.220846,34.075889,0.057464,34.075889,0.057464,0.000000,96.885581,34.075889,0.057464,97.428367,0.010670,0.542786,0.000059,0.056548,0.150375,9724,9131,512,593,15.397976,0,11.292914,0
103,99.058222,3.195427,1.735095,0.055971,1.735095,0.055971,0.000000,97.323127,1.735095,0.055971,97.500472,0.043508,0.177344,0.000079,0.050250,0.038634,2272,2241,512,31,72.290323,0,11.331547,0
104,125.919757,0.247874,28.850671,0.056793,28.850671,0.056793,0.000000,97.069086,28.850671,0.056793,97.236078,0.033073,0.166992,0.000057,0.056464,0.375000,3448,2940,512,508,5.787402,0,11.706547,0
105,120.603959,0.323335,23.612964,0.063306,23.612964,0.063306,0.000000,96.990995,23.612964,0.063306,97.787659,0.008123,0.796664,0.000066,0.061170,0.188558,12412,12039,512,373,32.276139,0,11.895106,0
106,126.142941,0.249788,28.583697,0.056601,28.583697,0.056601,0.000000,97.559245,28.583697,0.056601,97.684367,0.061091,0.125122,0.000078,0.056354,0.157740,2104,1599,512,505,3.166337,0,12.052846,0
107,132.873603,0.213967,35.318268,0.056873,35.318268,0.056873,0.000000,97.555334,35.318268,0.056873,97.718828,0.033650,0.163494,0.000056,0.056610,0.074585,3525,2904,512,621,4.676329,0,12.127430,0
108,211.555992,0.050179,113.916344,0.027020,113.916344,0.027020,0.016136,97.623512,113.932480,0.027024,98.174164,0.011125,0.550652,0.000062,0.026893,0.039723,13041,12512,8816,529,23.652174,1,12.167154,0
109,333.930706,0.028889,235.590409,0.020382,235.590409,0.020382,0.130351,98.209946,235.720760,0.020393,98.501892,0.039150,0.291946,0.000116,0.020368,0.012670,14075,14058,2368,17,826.941176,1,12.179823,0
110,121.233882,0.338642,23.078749,0.064466,23.078749,0.064466,0.000000,98.155133,23.078749,0.064466,99.016690,0.006973,0.861557,0.000061,0.062059,0.291119,14559,14201,512,358,39.667598,0,12.470943,0
111,111.657708,0.613504,12.788516,0.070267,12.788516,0.070267,0.000000,98.869192,12.788516,0.070267,100.026388,0.005892,1.157196,0.000068,0.063908,0.076049,17158,16976,512,182,93.274725,0,12.546992,0
112,467.396943,0.023937,367.459589,0.018819,367.459589,0.018819,0.015684,99.921670,367.475274,0.018820,100.193533,0.023536,0.271863,0.000064,0.018806,0.028263,23783,23320,4256,463,50.367171,1,12.575255,0
113,120.640931,0.394251,20.293524,0.066319,20.293524,0.066319,0.000000,100.347408,20.293524,0.066319,100.858283,0.011208,0.510875,0.000057,0.064649,0.045653,9305,8999,512,306,29.408497,0,12.620907,0
114,112.306794,0.701917,11.619763,0.072624,11.619763,0.072624,0.000000,100.687032,11.619763,0.072624,101.270477,0.010398,0.583445,0.000060,0.068977,0.108206,9899,9739,512,160,60.868750,0,12.729113,0
115,116.758024,0.512097,15.575690,0.068314,15.575690,0.068314,0.000000,101.182334,15.575690,0.068314,101.460124,0.025070,0.277790,0.000069,0.067096,0.024315,4275,4047,512,228,17.750000,0,12.753428,0
116,116.290393,0.521482,15.129591,0.067846,15.129591,0.067846,0.000000,101.160802,15.129591,0.067846,101.269648,0.058946,0.108846,0.000063,0.067358,0.242777,1941,1718,512,223,7.704036,0,12.996205,0
117,117.317486,0.505679,16.277760,0.070163,16.277760,0.070163,0.000000,101.039726,16.277760,0.070163,101.610949,0.011250,0.571223,0.000063,0.067701,0.177621,9264,9032,512,232,38.931034,0,13.173826,0
118,135.457492,0.235989,34.069865,0.059355,34.069865,0.059355,0.000000,101.387627,34.069865,0.059355,101.452068,0.072003,0.064441,0.000046,0.059243,0.158881,1983,1409,512,574,2.454704,0,13.332707,0
119,371.189499,0.026546,269.858561,0.019299,269.858561,0.019299,0.014036,101.316902,269.872596,0.019300,101.978198,0.009690,0.661296,0.000063,0.019253,0.070725,24507,23891,10512,616,38.784091,1,13.403432,0
120,486.192311,0.023848,384.210840,0.018846,384.210840,0.018846,0.014052,101.967420,384.224891,0.018847,108.634517,0.001614,6.667097,0.000099,0.018520,0.123376,87691,87684,67296,7,12526.285714,1,13.526808,0
121,136.201142,0.275711,27.601032,0.055873,27.601032,0.055873,0.000000,108.600111,27.601032,0.055873,108.927116,0.019191,0.327005,0.000058,0.055211,0.109663,6170,5676,512,494,11.489879,0,13.636471,0
122,114.395610,1.285344,5.658840,0.063582,5.658840,0.063582,0.000000,108.736770,5.658840,0.063582,109.131060,0.016623,0.394289,0.000060,0.059152,0.131173,6654,6565,512,89,73.764045,0,13.767644,0
123,127.869571,0.378312,18.809633,0.055650,18.809633,0.055650,0.000000,109.059939,18.809633,0.055650,110.056441,0.006893,0.996502,0.000062,0.052702,0.011028,16304,15966,512,338,47.236686,0,13.778672,0
124,1282.896652,0.018917,1172.965803,0.017296,1172.965803,0.017296,0.014570,109.916279,1172.980373,0.017297,110.122149,0.040176,0.205870,0.000075,0.017293,0.067191,70557,70157,2736,400,175.392500,1,13.845862,0
125,140.269947,0.247827,30.124238,0.053223,30.124238,0.053223,0.000000,110.145709,30.124238,0.053223,110.979299,0.008104,0.833590,0.000061,0.051750,0.005313,14261,13695,512,566,24.196113,0,13.851176,0
126,136.169071,0.298616,25.344636,0.055580,25.344636,0.055580,0.000000,110.824435,25.344636,0.055580,110.998184,0.046115,0.173749,0.000072,0.055199,0.085150,2863,2407,512,456,5.278509,0,13.936326,0
127,132.514363,0.334632,21.619362,0.054594,21.619362,0.054594,0.000000,110.895001,21.619362,0.054594,111.000556,0.078224,0.105555,0.000074,0.054328,0.050034,1815,1419,512,396,3.583333,0,13.986359,0
128,135.294605,0.308188,24.365967,0.055503,24.365967,0.055503,0.000000,110.928638,24.365967,0.055503,110.981044,0.078822,0.052406,0.000037,0.055384,0.019512,1847,1408,512,439,3.207289,0,14.005872,0
129,123.554311,0.572011,12.639316,0.058515,12.639316,0.058515,0.000000,110.914995,12.639316,0.058515,112.918301,0.004082,2.003307,0.000072,0.049241,0.013644,27880,27664,512,216,128.074074,0,14.019515,0
130,114.707556,4.096698,1.990164,0.071077,1.990164,0.071077,0.000000,112.717392,1.990164,0.071077,113.135205,0.016545,0.417813,0.000061,0.056155,0.110734,6866,6838,512,28,244.214286,0,14.130249,0
131,144.243743,0.238814,31.190637,0.051640,31.190637,0.051640,0.000000,113.053106,31.190637,0.051640,113.213777,0.042402,0.160671,0.000060,0.051374,0.023381,3274,2670,512,604,4.420530,0,14.153629,0
132,136.815570,0.302021,23.977586,0.052931,23.977586,0.052931,0.000000,112.837984,23.977586,0.052931,113.583545,0.009662,0.745560,0.000063,0.051285,0.323984,12209,11756,512,453,25.951435,0,14.477613,0
133,141.145043,0.264317,27.736828,0.051942,27.736828,0.051942,0.000000,113.408215,27.736828,0.051942,114.393805,0.007181,0.985590,0.000062,0.050096,0.108754,16464,15930,512,534,29.831461,0,14.586367,0
134,120.206580,1.082942,5.938066,0.053496,5.938066,0.053496,0.000000,114.268514,5.938066,0.053496,114.494275,0.032380,0.225762,0.000064,0.051462,0.053247,3647,3536,512,111,31.855856,0,14.639614,0
135,311.562623,0.030802,197.137041,0.019490,197.137041,0.019490,0.096088,114.329494,197.233129,0.019499,117.566732,0.002902,3.237238,0.000080,0.019179,0.111729,50633,50460,40256,173,291.676301,2,14.751344,0
136,137.058353,0.354156,19.313515,0.049906,19.313515,0.049906,0.000000,117.744838,19.313515,0.049906,117.905751,0.082683,0.160913,0.000113,0.049490,0.002883,1813,1426,512,387,3.684755,0,14.754227,0
137,337.787117,0.029020,220.294185,0.018926,220.294185,0.018926,0.013936,117.478997,220.308121,0.018927,118.074688,0.011506,0.595691,0.000058,0.018876,0.375000,21902,21791,10256,111,196.315315,1,15.129227,0
138,137.024113,0.366375,18.973797,0.050732,18.973797,0.050732,0.000000,118.050316,18.973797,0.050732,118.493302,0.014199,0.442986,0.000053,0.049548,0.082296,8719,8345,512,374,22.312834,0,15.211523,0
139,118.885281,11.888528,0.644379,0.064438,0.644379,0.064438,0.000000,118.240902,0.644379,0.064438,118.404770,0.046874,0.163868,0.000065,0.048051,0.190830,2536,2526,512,10,252.600000,0,15.402353,0
140,144.702455,0.269967,26.361177,0.049181,26.361177,0.049181,0.000000,118.341278,26.361177,0.049181,118.444479,0.081293,0.103201,0.000071,0.048989,0.010794,1993,1457,512,536,2.718284,0,15.413147,0
141,139.853598,0.320765,21.542974,0.049410,21.542974,0.049410,0.000000,118.310624,21.542974,0.049410,118.514653,0.033881,0.204029,0.000058,0.048943,0.083352,3934,3498,512,436,8.022936,0,15.496498,0
142,142.468889,0.296193,24.091751,0.050087,24.091751,0.050087,0.000000,118.377138,24.091751,0.050087,118.484612,0.074285,0.107474,0.000067,0.049863,0.084341,2076,1595,512,481,3.316008,0,15.580840,0
143,224.345862,0.047271,106.245257,0.022386,106.245257,0.022386,0.017522,118.083083,106.262779,0.022390,118.707889,0.012572,0.624806,0.000066,0.022258,0.347228,14188,13754,9440,434,31.691244,1,15.928068,0
144,789.988114,0.020436,670.751298,0.017351,670.751298,0.017351,0.424689,118.812127,671.175987,0.017362,119.013904,0.034170,0.201777,0.000058,0.017357,0.106000,42140,41565,2752,575,72.286957,2,16.034068,0
145,139.459637,0.388467,20.084501,0.055946,20.084501,0.055946,0.034424,119.340712,20.118925,0.056042,121.163629,0.004820,1.822917,0.000073,0.050964,0.080185,25495,25133,25120,362,69.428177,1,16.114253,0
146,155.697240,0.171851,34.502969,0.038083,34.502969,0.038083,0.000000,121.194271,34.502969,0.038083,121.281638,0.086015,0.087368,0.000062,0.037986,0.038822,2316,1410,512,906,1.556291,0,16.153075,0
147,159.630529,0.147397,38.469091,0.035521,38.469091,0.035521,0.017520,121.143918,38.486611,0.035537,121.267535,0.205887,0.123617,0.000210,0.035423,0.050353,1672,1597,576,75,21.293333,1,16.203428,0
148,144.161258,0.326157,22.882782,0.051771,22.882782,0.051771,0.000000,121.278477,22.882782,0.051771,121.620057,0.019724,0.341581,0.000055,0.050998,0.091921,6608,6166,512,442,13.950226,0,16.295349,0
149,122.699915,8.179994,1.213526,0.080902,1.213526,0.080902,0.000000,121.486388,1.213526,0.080902,121.889676,0.018895,0.403288,0.000063,0.054016,0.072235,6466,6451,512,15,430.066667,0,16.367584,0
150,143.254605,0.346863,21.429133,0.051887,21.429133,0.051887,0.000000,121.825472,21.429133,0.051887,122.168272,0.021769,0.342800,0.000061,0.051056,0.002731,6025,5612,512,413,13.588378,0,16.370315,0
151,123.293296,7.252547,1.403833,0.082578,1.403833,0.082578,0.000000,121.889464,1.403833,0.082578,122.545000,0.012337,0.655537,0.000066,0.044017,0.218797,9950,9933,512,17,584.294118,0,16.589113,0
152,133.411193,0.717264,11.215921,0.060301,11.215921,0.060301,0.000000,122.195272,11.215921,0.060301,122.370859,0.045339,0.175587,0.000065,0.059357,0.283114,2885,2699,512,186,14.510753,0,16.872226,0
153,191.097297,0.068765,68.783926,0.024751,68.783926,0.024751,0.016777,122.296594,68.800703,0.024757,122.854181,0.013988,0.557587,0.000063,0.024557,0.018889,11562,11216,8768,346,32.416185,1,16.891116,0
154,141.004700,0.415943,18.218139,0.053741,18.218139,0.053741,0.000000,122.786560,18.218139,0.053741,123.364633,0.012498,0.578073,0.000059,0.052036,0.100940,10210,9871,512,339,29.117994,0,16.992055,0
155,135.752472,0.572795,12.466880,0.052603,12.466880,0.052603,0.000000,123.285592,12.466880,0.052603,123.403099,0.082932,0.117507,0.000079,0.052107,0.014367,1725,1488,512,237,6.278481,0,17.006422,0
156,131.221994,1.203872,8.011163,0.073497,8.011163,0.073497,0.000000,123.210832,8.011163,0.073497,124.502387,0.006474,1.291555,0.000067,0.061648,0.139434,19341,19232,512,109,176.440367,0,17.145856,0
157,139.841986,0.463053,15.459402,0.051190,15.459402,0.051190,0.000000,124.382584,15.459402,0.051190,124.566589,0.049275,0.184005,0.000073,0.050581,0.041277,2830,2528,512,302,8.370861,0,17.187134,0
158,137.570331,0.541615,13.192000,0.051937,13.192000,0.051937,0.000000,124.378331,13.192000,0.051937,124.827264,0.017666,0.448932,0.000064,0.050170,0.134639,7320,7066,512,254,27.818898,0,17.321773,0
159,125.845001,5.992619,1.241496,0.059119,1.241496,0.059119,0.000000,124.603504,1.241496,0.059119,124.717723,0.087276,0.114219,0.000080,0.053680,0.162283,1450,1429,512,21,68.047619,0,17.484056,0
160,126.787504,3.622500,2.305500,0.065871,2.305500,0.065871,0.000000,124.482004,2.305500,0.065871,124.810458,0.020150,0.328454,0.000053,0.056487,0.182977,6229,6194,512,35,176.971429,0,17.667032,0
161,152.521229,0.211835,27.783342,0.038588,27.783342,0.038588,0.000000,124.737886,27.783342,0.038588,124.900022,0.051740,0.162136,0.000067,0.038363,0.014250,3134,2414,512,720,3.352778,0,17.681282,0
162,152.387248,0.211063,27.850176,0.038574,27.850176,0.038574,0.000000,124.537072,27.850176,0.038574,124.694501,0.065802,0.157429,0.000083,0.038356,0.309635,2617,1895,512,722,2.624654,0,17.990917,0
163,145.397118,0.323824,20.788651,0.046300,20.788651,0.046300,0.000000,124.608467,20.788651,0.046300,124.714971,0.088765,0.106504,0.000076,0.046063,0.032705,1854,1405,512,449,3.129176,0,18.023622,0
164,141.930871,0.421160,17.273842,0.051258,17.273842,0.051258,0.000000,124.657029,17.273842,0.051258,125.367985,0.010540,0.710956,0.000060,0.049148,0.004766,12232,11895,512,337,35.296736,0,18.028389,0
165,143.255464,0.399040,18.055965,0.050295,18.055965,0.050295,0.000000,125.199499,18.055965,0.050295,125.426261,0.038844,0.226762,0.000070,0.049664,0.101169,3588,3229,512,359,8.994429,0,18.129557,0
166,126.267042,42.089014,0.953609,0.317870,0.953609,0.317870,0.000000,125.313433,0.953609,0.317870,126.161557,0.009443,0.848124,0.000063,0.035162,0.057938,13364,13361,512,3,4453.666667,0,18.187495,0
167,134.559739,0.835775,8.689942,0.053975,8.689942,0.053975,0.000000,125.869797,8.689942,0.053975,127.252936,0.006241,1.383139,0.000068,0.045384,0.221340,20551,20390,512,161,126.645963,0,18.408835,0
168,133.484368,1.003642,6.517560,0.049004,6.517560,0.049004,0.000000,126.966808,6.517560,0.049004,127.098804,0.090333,0.131996,0.000094,0.048012,0.206446,1540,1407,512,133,10.578947,0,18.615281,0
169,149.505389,0.260009,22.506582,0.039142,22.506582,0.039142,0.000000,126.998806,22.506582,0.039142,128.288725,0.006817,1.289918,0.000069,0.036899,0.047683,19393,18818,512,575,32.726957,0,18.662964,0
170,146.238763,0.313145,18.404035,0.039409,18.404035,0.039409,0.000000,127.834729,18.404035,0.039409,129.413805,0.005842,1.579076,0.000071,0.036028,0.375000,22620,22153,512,467,47.436831,0,19.037964,0
171,131.608500,2.741844,2.321587,0.048366,2.321587,0.048366,0.000000,129.286913,2.321587,0.048366,129.771498,0.017042,0.484585,0.000064,0.038271,0.042973,7663,7615,512,48,158.645833,0,19.080937,0
172,148.446061,0.289369,18.827265,0.036700,18.827265,0.036700,0.000000,129.618796,18.827265,0.036700,129.787040,0.063590,0.168244,0.000082,0.036372,0.090466,2554,2041,512,513,3.978558,0,19.171403,0
173,141.187907,0.571611,11.492091,0.046527,11.492091,0.046527,0.000000,129.695816,11.492091,0.046527,130.415603,0.011390,0.719787,0.000063,0.043613,0.036958,11697,11450,512,247,46.356275,0,19.208361,0
174,292.631079,0.032583,162.610906,0.018106,162.610906,0.018106,0.016096,130.004077,162.627002,0.018108,130.269322,0.032996,0.265245,0.000067,0.018078,0.343694,12929,12466,3936,463,26.924406,1,19.552055,0
175,145.417187,0.340555,15.154111,0.035490,15.154111,0.035490,0.000000,130.263076,15.154111,0.035490,130.314744,0.087401,0.051668,0.000035,0.035369,0.022482,1918,1491,512,427,3.491803,0,19.574537,0
176,143.505486,0.449860,13.196486,0.041368,13.196486,0.041368,0.000000,130.309000,13.196486,0.041368,130.765714,0.016432,0.456714,0.000057,0.039937,0.005744,8277,7958,512,319,24.946708,0,19.580281,0
177,147.836652,0.307353,17.204901,0.035769,17.204901,0.035769,0.000000,130.631751,17.204901,0.035769,130.747286,0.082490,0.115535,0.000073,0.035529,0.071388,2066,1585,512,481,3.295218,0,19.651669,0
178,381.182045,0.026506,250.716602,0.017434,250.716602,0.017434,0.146117,130.319326,250.862719,0.017444,130.405927,0.160995,0.086601,0.000107,0.017438,0.375000,15191,14827,512,364,40.733516,2,20.026669,0
179,1764.030391,0.018056,1633.629552,0.016721,1633.629552,0.016721,0.015900,130.384939,1633.645452,0.016721,130.750635,0.021494,0.365696,0.000060,0.016717,0.277830,103782,103381,6080,401,257.807980,1,20.304499,0
180,1197.388714,0.018912,1066.556520,0.016846,1066.556520,0.016846,0.016102,130.816092,1066.572622,0.016846,131.694106,0.009954,0.878014,0.000066,0.016832,0.172593,76544,76013,13216,531,143.150659,1,20.477091,0
181,384.634320,0.026404,253.224137,0.017383,253.224137,0.017383,0.064438,131.345744,253.288575,0.017388,131.534921,0.088995,0.189177,0.000128,0.017375,0.276813,16045,15745,1232,300,52.483333,1,20.753905,0
182,195.561937,0.064393,64.311807,0.021176,64.311807,0.021176,0.048287,131.201842,64.360094,0.021192,131.692909,0.016258,0.491067,0.000061,0.021030,0.279889,11137,10628,8016,509,20.880157,2,21.033793,0
183,218.458048,0.050336,86.711630,0.019980,86.711630,0.019980,0.112767,131.633652,86.824397,0.020006,131.730439,0.093426,0.096787,0.000069,0.019983,0.091449,5750,5397,912,353,15.288952,2,21.125243,0
184,141.687004,0.629720,9.891135,0.043961,9.891135,0.043961,0.000000,131.795870,9.891135,0.043961,132.127106,0.025963,0.331236,0.000065,0.042488,0.047462,5314,5089,512,225,22.617778,0,21.172704,0
185,143.756967,0.430410,11.873418,0.035549,11.873418,0.035549,0.000000,131.883548,11.873418,0.035549,131.995981,0.093947,0.112433,0.000080,0.035213,0.184808,1739,1405,512,334,4.206587,0,21.357512,0
186,274.359441,0.034707,142.536883,0.018031,142.536883,0.018031,0.015723,131.806835,142.552606,0.018033,132.628146,0.010108,0.821312,0.000063,0.017929,0.135463,21026,21021,13120,5,4204.200000,1,21.492976,0
187,145.339456,0.408257,12.769792,0.035870,12.769792,0.035870,0.000000,132.569664,12.769792,0.035870,133.219477,0.012769,0.649813,0.000062,0.034045,0.058482,10789,10433,512,356,29.306180,0,21.551458,0
188,139.083571,1.159030,5.943393,0.049528,5.943393,0.049528,0.000000,133.140178,5.943393,0.049528,133.260375,0.078946,0.120197,0.000071,0.048527,0.012404,1808,1688,512,120,14.066667,0,21.563862,0
189,276.236738,0.034633,143.185799,0.017952,143.185799,0.017952,0.015557,133.035382,143.201356,0.017954,133.210983,0.063044,0.175602,0.000083,0.017932,0.171692,10089,9783,2112,306,31.970588,1,21.735554,0
190,1241.292330,0.018938,1108.158277,0.016907,1108.158277,0.016907,0.015557,133.118496,1108.173834,0.016907,133.545313,0.018202,0.426817,0.000058,0.016900,0.038054,72883,72450,7328,433,167.321016,1,21.773608,0
191,139.848719,1.092568,6.617439,0.051699,6.617439,0.051699,0.000000,133.231281,6.617439,0.051699,133.336344,0.071957,0.105063,0.000057,0.050878,0.345207,1981,1853,512,128,14.476562,0,22.118816,0
192,148.974643,0.293257,15.726716,0.030958,15.726716,0.030958,0.000000,133.247927,15.726716,0.030958,133.389863,0.051010,0.141936,0.000054,0.030679,0.034464,3123,2615,512,508,5.147638,0,22.153280,0
193,153.946002,0.212339,20.541764,0.028333,20.541764,0.028333,0.000000,133.404239,20.541764,0.028333,134.471108,0.007879,1.066869,0.000063,0.026862,0.016372,17791,17066,512,725,23.539310,0,22.169651,0
194,159.051421,0.175942,24.877632,0.027520,24.877632,0.027520,0.000000,134.173789,24.877632,0.027520,135.394595,0.007720,1.220806,0.000070,0.026169,0.222315,18443,17539,512,904,19.401549,0,22.391967,0
195,151.058108,0.261346,15.760783,0.027268,15.760783,0.027268,0.000000,135.297325,15.760783,0.027268,135.480105,0.063397,0.182780,0.000086,0.026952,0.020799,2715,2137,512,578,3.697232,0,22.412766,0
196,146.340327,0.411068,10.939056,0.030728,10.939056,0.030728,0.000000,135.401271,10.939056,0.030728,135.508135,0.066198,0.106864,0.000052,0.030428,0.024695,2403,2047,512,356,5.750000,0,22.437461,0
197,136.527127,7.185638,1.186060,0.062424,1.186060,0.062424,0.000000,135.341067,1.186060,0.062424,135.909982,0.015165,0.568915,0.000063,0.032481,0.114344,8981,8962,512,19,471.684211,0,22.551804,0
198,292.671413,0.032796,157.069902,0.017601,157.069902,0.017601,0.015436,135.586075,157.085338,0.017603,136.144644,0.015275,0.558568,0.000063,0.017540,0.259493,17837,17406,8912,431,40.385151,1,22.811297,0
199,291.106349,0.032919,154.850616,0.017511,154.850616,0.017511,0.015436,136.240297,154.866052,0.017513,136.724790,0.016465,0.484493,0.000058,0.017458,0.027337,17147,17123,8288,24,713.458333,1,22.838634,0
200,401.610429,0.025817,264.855149,0.017026,264.855149,0.017026,0.015436,136.739844,264.870585,0.017027,137.043436,0.025463,0.303592,0.000056,0.017007,0.046442,20938,20490,5376,448,45.736607,1,22.885076,0
201,151.292231,0.261299,14.405847,0.024881,14.405847,0.024881,0.000000,136.886384,14.405847,0.024881,136.991202,0.065577,0.104818,0.000050,0.024700,0.187800,2668,2089,512,579,3.607945,0,23.072876,0
202,155.389648,0.217938,18.827275,0.026406,18.827275,0.026406,0.000000,136.562372,18.827275,0.026406,137.199557,0.013635,0.637185,0.000063,0.025512,0.375000,10775,10062,512,713,14.112202,0,23.447876,0
203,150.955790,0.267178,13.908504,0.024617,13.908504,0.024617,0.000000,137.047286,13.908504,0.024617,137.511766,0.019563,0.464480,0.000066,0.023795,0.086829,7594,7029,512,565,12.440708,0,23.534705,0
204,149.175752,0.310783,11.745128,0.024469,11.745128,0.024469,0.000000,137.430624,11.745128,0.024469,138.294847,0.009843,0.864223,0.000062,0.022669,0.019421,14530,14050,512,480,29.270833,0,23.554125,0
205,145.834879,0.509912,7.612718,0.026618,7.612718,0.026618,0.000000,138.222160,7.612718,0.026618,138.345139,0.098117,0.122979,0.000087,0.026188,0.001754,1696,1410,512,286,4.930070,0,23.555880,0
206,239.871350,0.042888,101.393192,0.018129,101.393192,0.018129,0.217679,138.260478,101.610872,0.018168,138.433330,0.084876,0.172852,0.000106,0.018137,0.032615,7224,6811,1024,413,16.491525,2,23.588494,0
207,276.596166,0.034994,137.659509,0.017416,137.659509,0.017416,0.575286,138.361370,138.234796,0.017489,138.447713,0.092360,0.086343,0.000058,0.017478,0.017670,9403,9282,512,121,76.710744,2,23.606164,0
208,741.244966,0.020499,602.064302,0.016650,602.064302,0.016650,0.015436,139.165228,602.079739,0.016650,139.393697,0.049483,0.228469,0.000081,0.016644,0.141518,38977,38661,2816,316,122.344937,1,23.747682,0
209,150.834906,0.386756,11.373047,0.029162,11.373047,0.029162,0.140015,139.321844,11.513062,0.029521,139.656818,0.024531,0.334974,0.000059,0.028662,0.016240,6083,5607,5280,476,11.779412,1,23.763922,0
210,260.796507,0.037840,119.940426,0.017403,119.940426,0.017403,1.346425,139.509656,121.286851,0.017598,139.762639,0.130012,0.252983,0.000235,0.017562,0.088236,7967,7506,1072,461,16.281996,3,23.852158,0
211,769.258416,0.020549,628.128667,0.016779,628.128667,0.016779,0.015557,141.114192,628.144224,0.016779,141.198503,0.094955,0.084311,0.000057,0.016777,0.148129,38923,38391,1472,532,72.163534,1,24.000287,0
212,153.211462,0.330197,12.043791,0.025956,12.043791,0.025956,0.000000,141.167671,12.043791,0.025956,142.396222,0.007869,1.228551,0.000068,0.023309,0.108770,18559,18095,512,464,38.997845,0,24.109057,0
213,406.897250,0.050110,261.241104,0.032173,261.241104,0.032173,3.366305,142.289841,264.607409,0.032587,142.507769,0.013260,0.217928,0.000020,0.032560,0.027858,18867,18291,5968,576,31.755208,3,24.136915,0
214,237.659793,0.044240,95.094142,0.017702,95.094142,0.017702,0.015436,142.550215,95.109578,0.017705,143.213966,0.014336,0.663751,0.000066,0.017581,0.203785,15362,14861,9936,501,29.662675,1,24.340699,0
215,300.585065,0.176711,146.826814,0.086318,146.826814,0.086318,10.767717,142.990535,157.594530,0.092648,143.088930,0.017271,0.098396,0.000012,0.092590,0.157087,9986,9151,512,835,10.959281,3,24.497786,0
216,153.888257,0.362090,10.874731,0.025588,10.874731,0.025588,0.061744,142.951781,10.936475,0.025733,143.003684,0.097948,0.051902,0.000036,0.025611,0.167897,1885,1433,1184,452,3.170354,1,24.665683,0
217,158.612230,0.250572,15.278040,0.024136,15.278040,0.024136,0.399969,142.934222,15.678009,0.024768,143.037984,0.096582,0.103762,0.000070,0.024604,0.017560,2114,1477,512,637,2.318681,1,24.683243,0
218,452.166362,0.042164,291.301656,0.027164,291.301656,0.027164,17.895096,142.969610,309.196752,0.028832,143.053437,0.034900,0.083827,0.000020,0.028824,0.016514,14823,14508,512,315,46.057143,5,24.699756,0
219,154.536903,0.349631,11.343432,0.025664,11.343432,0.025664,0.000000,143.193471,11.343432,0.025664,143.643442,0.020343,0.449972,0.000064,0.024646,0.328129,7503,7061,512,442,15.975113,0,25.027885,0
220,1089.001608,0.022619,910.713618,0.018916,910.713618,0.018916,34.769261,143.518728,945.482879,0.019638,144.269505,0.034572,0.750777,0.000180,0.019623,0.063350,52318,51698,1024,620,83.383871,7,25.091235,0
221,497.738308,0.041152,307.393137,0.025415,307.393137,0.025415,46.090401,144.254770,353.483539,0.029226,144.337974,0.024361,0.083204,0.000014,0.029219,0.044754,18020,17494,512,526,33.258555,8,25.135989,0
222,673.833617,0.029387,469.974404,0.020496,469.974404,0.020496,58.700859,145.158354,528.675263,0.023056,146.013241,0.036844,0.854886,0.000216,0.023019,0.083822,26893,26868,2368,25,1074.720000,10,25.219810,0
223,975.204906,0.023893,764.887181,0.018740,764.887181,0.018740,64.494441,145.823284,829.381623,0.020321,145.909291,0.029530,0.086008,0.000017,0.020318,0.135909,45756,45647,512,109,418.779817,5,25.355719,0
224,160.254848,0.294046,13.147900,0.024125,13.147900,0.024125,0.000000,147.106949,13.147900,0.024125,147.441180,0.024960,0.334232,0.000057,0.023511,0.375000,6452,5907,512,545,10.838532,0,25.730719,0
225,158.795434,0.330824,11.455337,0.023865,11.455337,0.023865,0.000000,147.340097,11.455337,0.023865,147.504000,0.078711,0.163903,0.000087,0.023524,0.042187,2354,1874,512,480,3.904167,0,25.772906,0
226,649.212286,0.030262,431.793142,0.020127,431.793142,0.020127,70.292442,147.126702,502.085584,0.023404,147.374503,0.098184,0.247801,0.000165,0.023392,0.323465,22954,22587,512,367,61.544959,8,26.096371,0
227,303.167383,0.392704,78.754274,0.102013,78.754274,0.102013,77.041753,147.371356,155.796027,0.201808,147.506601,0.025406,0.135245,0.000023,0.201633,0.003147,6578,6574,512,4,1643.500000,5,26.099517,0
228,161.429917,0.284709,13.140206,0.023175,13.140206,0.023175,0.000000,148.289711,13.140206,0.023175,148.398045,0.068926,0.108334,0.000050,0.022984,0.101266,2720,2153,512,567,3.797178,0,26.200783,0
229,469.345327,0.044211,232.761759,0.021926,232.761759,0.021926,88.364752,148.218816,321.126511,0.030249,148.884222,0.046672,0.665406,0.000209,0.030187,0.125632,13806,13634,3184,172,79.267442,9,26.326415,0
230,162.191569,0.296511,12.416322,0.022699,12.416322,0.022699,0.000000,149.775247,12.416322,0.022699,150.056738,0.032864,0.281492,0.000062,0.022184,0.013992,5113,4566,512,547,8.347349,0,26.340407,0
231,150.896915,5.389176,0.915878,0.032710,0.915878,0.032710,0.000000,149.981037,0.915878,0.032710,150.089859,0.105846,0.108822,0.000077,0.028823,0.018902,1446,1418,512,28,50.642857,0,26.359309,0
232,157.419492,0.524732,7.449556,0.024832,7.449556,0.024832,0.000000,149.969936,7.449556,0.024832,150.237147,0.035593,0.267211,0.000063,0.023941,0.067900,4521,4221,512,300,14.070000,0,26.427209,0
233,581.490776,0.077916,323.482570,0.043345,323.482570,0.043345,108.202508,149.805698,431.685078,0.057843,150.227885,0.008491,0.422187,0.000024,0.057787,0.375000,25155,24510,13296,645,38.000000,8,26.802209,0
234,161.963592,0.310871,11.558588,0.022185,11.558588,0.022185,0.000000,150.405004,11.558588,0.022185,150.674890,0.029854,0.269886,0.000053,0.021667,0.113306,5568,5047,512,521,9.687140,0,26.915515,0
235,151.187666,8.893392,0.908247,0.053426,0.908247,0.053426,0.000000,150.279420,0.908247,0.053426,150.666367,0.023294,0.386947,0.000060,0.030665,0.337926,6485,6468,512,17,380.470588,0,27.253441,0
236,713.013484,0.044647,431.399668,0.027013,431.399668,0.027013,131.210478,150.403337,562.610147,0.035229,150.880138,0.015088,0.476801,0.000048,0.035199,0.203935,25970,25686,8064,284,90.443662,11,27.457377,0
237,161.836035,0.317326,10.931047,0.021433,10.931047,0.021433,0.000000,150.904987,10.931047,0.021433,151.424055,0.017977,0.519068,0.000062,0.020416,0.078744,8933,8423,512,510,16.515686,0,27.536120,0
238,1885.339311,0.027823,1479.861232,0.021839,1479.861232,0.021839,254.308382,151.169697,1734.169614,0.025592,151.899811,0.006555,0.730113,0.000032,0.025581,0.192002,90935,90379,10992,556,162.552158,13,27.728123,0
239,157.103981,0.981900,3.843688,0.024023,3.843688,0.024023,1.425878,151.834416,5.269566,0.032935,152.226705,0.022334,0.392289,0.000058,0.030483,0.002250,6976,6811,1200,165,41.278788,1,27.730372,0
240,157.967842,0.805958,3.993838,0.020377,3.993838,0.020377,0.000000,153.974003,3.993838,0.020377,154.422504,0.021093,0.448501,0.000061,0.018088,0.014447,7517,7321,512,196,37.352041,0,27.744819,0
241,486.578376,0.742868,134.213565,0.204906,134.213565,0.204906,198.223885,154.140926,332.437450,0.507538,154.444775,0.021836,0.303849,0.000043,0.507074,0.221075,7728,7702,6592,26,296.230769,15,27.965894,0
242,1049.980352,0.057499,561.603808,0.030754,561.603808,0.030754,332.694943,155.681601,894.298751,0.048973,156.488780,0.049805,0.807179,0.000257,0.048929,0.199206,21403,21041,512,362,58.124309,20,28.165100,0
243,164.729090,0.385782,8.092936,0.018953,8.092936,0.018953,0.000000,156.636154,8.092936,0.018953,156.743193,0.083197,0.107039,0.000057,0.018702,0.033100,2311,1884,512,427,4.412178,0,28.198200,0
244,582.269652,8.562789,175.846428,2.585977,175.846428,2.585977,249.827266,156.595958,425.673694,6.259907,156.893662,0.014323,0.297705,0.000027,6.255529,0.094583,11022,10601,5936,421,25.180523,11,28.292783,0
245,1038.969272,0.059009,468.237400,0.026594,468.237400,0.026594,413.373202,157.358670,881.610602,0.050072,158.032444,0.111763,0.673775,0.000477,0.050033,0.116431,19021,18593,512,428,43.441589,17,28.409213,0
246,1852.620291,0.028425,1251.552405,0.019203,1251.552405,0.019203,441.075149,159.992737,1692.627554,0.025970,160.141068,0.014619,0.148331,0.000014,0.025968,0.252872,76130,75674,10320,456,165.951754,11,28.662086,0
247,161.803154,2.074399,1.701644,0.021816,1.701644,0.021816,0.000000,160.101510,1.701644,0.021816,160.153182,0.114069,0.051672,0.000037,0.021153,0.115511,1482,1404,512,78,18.000000,0,28.777597,0
248,835.170645,0.205101,197.266960,0.048445,197.266960,0.048445,477.868675,160.035010,675.135634,0.165800,160.584895,0.019373,0.549885,0.000066,0.165664,0.066500,12361,11916,512,445,26.777528,13,28.844097,0
249,514.499125,0.204491,59.919553,0.023815,59.919553,0.023815,294.110101,160.469471,354.029654,0.140711,160.949280,0.026437,0.479809,0.000079,0.140521,0.058587,8604,8276,512,328,25.231707,6,28.902684,0
250,969.484698,0.079303,290.465145,0.023760,290.465145,0.023760,379.887326,299.132227,670.352471,0.054835,300.140238,0.086000,1.008010,0.000289,0.054752,0.069365,15715,15306,512,409,37.422983,9,28.972049,0
251,475.567761,8.492281,5.698850,0.101765,5.698850,0.101765,169.705979,300.162932,175.404828,3.132229,300.293948,0.179387,0.131016,0.000078,3.129890,0.131919,1730,1547,512,183,8.453552,1,29.103969,0
252,1060.903597,0.058995,368.999954,0.020519,368.999954,0.020519,391.917632,299.986011,760.917586,0.042313,300.244399,0.111615,0.258388,0.000096,0.042299,0.252638,20673,20228,512,445,45.456180,6,29.356606,0
253,476.719679,4.294772,4.504114,0.040578,4.504114,0.040578,0.000000,472.215564,4.504114,0.040578,472.323618,0.259376,0.108054,0.000059,0.039604,0.075618,1932,1821,512,111,16.405405,0,29.432225,0
254,484.062579,0.881717,11.826534,0.021542,11.826534,0.021542,0.000000,472.236045,11.826534,0.021542,472.444474,0.155819,0.208430,0.000069,0.021162,0.035601,3581,3032,512,549,5.522769,0,29.467825,0
255,482.147175,1.083477,9.790445,0.022001,9.790445,0.022001,0.000000,472.356730,9.790445,0.022001,473.488061,0.027500,1.131330,0.000066,0.019459,0.033757,17663,17218,512,445,38.692135,0,29.501582,0
256,481.703904,1.117642,8.462979,0.019636,8.462979,0.019636,0.000000,473.240925,8.462979,0.019636,473.368531,0.208624,0.127606,0.000056,0.019340,0.171310,2700,2269,512,431,5.264501,0,29.672892,0
257,474.667790,29.666737,1.563029,0.097689,1.563029,0.097689,0.000000,473.104762,1.563029,0.097689,473.856889,0.039978,0.752127,0.000063,0.050681,0.211989,11869,11853,512,16,740.812500,0,29.884881,0
258,475.344707,16.976597,1.568780,0.056028,1.568780,0.056028,0.000000,473.775928,1.568780,0.056028,473.894702,0.334199,0.118775,0.000084,0.051786,0.013905,1446,1418,512,28,50.642857,0,29.898787,0
259,479.729859,1.537596,5.895485,0.018896,5.895485,0.018896,0.000000,473.834374,5.895485,0.018896,473.991235,0.197579,0.156861,0.000065,0.018393,0.008610,2711,2399,512,312,7.689103,0,29.907396,0
260,831.206541,0.210485,125.340102,0.031740,125.340102,0.031740,232.042107,473.824332,357.382210,0.090499,474.600353,0.030993,0.776021,0.000051,0.090303,0.112809,19262,18381,512,881,20.863791,2,30.020205,0
261,479.647240,1.614974,5.134527,0.017288,5.134527,0.017288,0.000000,474.512713,5.134527,0.017288,474.740153,0.106301,0.227440,0.000051,0.016522,0.019753,4763,4466,512,297,15.037037,0,30.039959,0
262,485.774897,0.742775,11.308075,0.017291,11.308075,0.017291,0.000000,474.466822,11.308075,0.017291,474.623692,0.196613,0.156869,0.000065,0.017051,0.217632,3068,2414,512,654,3.691131,0,30.257590,0
263,1097.656231,0.054165,377.873637,0.018647,377.873637,0.018647,245.257460,474.525134,623.131097,0.030749,474.998200,0.060827,0.473066,0.000061,0.030726,0.046444,28074,27806,512,268,103.753731,7,30.304034,0
264,898.833548,0.112284,174.030061,0.021740,174.030061,0.021740,249.883443,474.920043,423.913504,0.052956,475.015344,0.192003,0.095300,0.000039,0.052944,0.019417,10479,9924,512,555,17.881081,7,30.323451,0
265,987.449118,0.074345,260.392811,0.019605,260.392811,0.019605,251.545095,475.511211,511.937907,0.038544,475.597782,0.363052,0.086571,0.000066,0.038537,0.317242,14592,12948,512,1644,7.875912,5,30.640692,0
266,489.666227,0.916978,8.680782,0.016256,8.680782,0.016256,0.000000,480.985445,8.680782,0.016256,481.307247,0.083677,0.321802,0.000056,0.015654,0.022620,6286,5752,512,534,10.771536,0,30.663312,0
267,1523.215716,0.046217,778.957424,0.023635,778.957424,0.023635,263.050085,481.208208,1042.007508,0.031616,481.861048,0.020764,0.652840,0.000028,0.031596,0.041885,56165,55521,15584,644,86.212733,7,30.705198,0
268,1108.361050,0.128924,349.149514,0.040613,349.149514,0.040613,276.345327,482.866209,625.494841,0.072757,482.960660,0.068003,0.094451,0.000013,0.072746,0.020847,15699,15686,6864,13,1206.615385,9,30.726045,0
269,1438.836010,0.062539,641.355190,0.027877,641.355190,0.027877,313.677935,483.802885,955.033125,0.041511,484.163246,0.028203,0.360361,0.000021,0.041495,0.015340,40174,39931,14352,243,164.325103,9,30.741385,0
270,767.271905,1.639470,19.094783,0.040801,19.094783,0.040801,262.833853,485.343269,281.928636,0.602412,485.430394,0.434195,0.087125,0.000078,0.602225,0.002672,1586,1415,512,171,8.274854,4,30.744057,0
271,759.941150,7.754502,10.106973,0.103132,10.106973,0.103132,257.489525,492.344652,267.596498,2.730577,492.500204,0.136200,0.155553,0.000043,2.728989,0.007124,3714,3299,512,415,7.949398,1,30.751181,0
272,768.278824,1.474623,13.913591,0.026706,13.913591,0.026706,261.942980,492.422253,275.856571,0.529475,492.998603,0.050830,0.576351,0.000059,0.528369,0.023992,10220,9689,512,531,18.246704,1,30.775173,0
273,771.408890,1.220584,15.788862,0.024982,15.788862,0.024982,0.000000,755.620027,15.788862,0.024982,758.492066,0.020744,2.872039,0.000079,0.020438,0.006857,37197,36565,512,632,57.856013,0,30.782030,0
274,777.304686,1.349487,18.998704,0.032984,18.998704,0.032984,0.030143,758.275839,19.028847,0.033036,759.247728,0.052025,0.971889,0.000067,0.031349,0.111799,15170,14395,14480,775,18.574194,1,30.893829,0
275,906.007364,0.111344,146.172289,0.017964,146.172289,0.017964,0.801787,759.033289,146.974076,0.018062,759.136110,0.477144,0.102821,0.000065,0.018050,0.142709,9728,9279,512,449,20.665924,3,31.036538,0
276,854.488389,0.166664,92.415965,0.018025,92.415965,0.018025,2.479165,759.593259,94.895130,0.018509,762.444334,0.219851,2.851075,0.000822,0.017953,0.062533,8595,8248,512,347,23.769452,1,31.099071,0
277,769.080407,2.529870,6.739095,0.022168,6.739095,0.022168,0.000000,762.341312,6.739095,0.022168,763.187694,0.053542,0.846381,0.000059,0.019384,0.047839,14558,14254,512,304,46.888158,0,31.146910,0
278,765.367428,8.142207,2.337732,0.024869,2.337732,0.024869,0.000000,763.029697,2.337732,0.024869,763.150927,0.541626,0.121230,0.000086,0.023580,0.087780,1503,1409,512,94,14.989362,0,31.234690,0
279,1719.790134,0.042091,826.610427,0.020231,826.610427,0.020231,130.339729,762.839978,956.950155,0.023421,764.056795,0.136414,1.216816,0.000217,0.023391,0.259935,46460,46436,512,24,1934.833333,13,31.494625,0
280,781.741549,1.883715,14.019772,0.033783,14.019772,0.033783,0.328777,767.393000,14.348549,0.034575,767.884214,0.094230,0.491214,0.000060,0.033391,0.238087,8564,8129,7280,435,18.687356,1,31.732712,0
281,781.392154,1.963297,12.903104,0.032420,12.903104,0.032420,0.000000,768.489050,12.903104,0.032420,768.764066,0.210390,0.275017,0.000075,0.031729,0.005556,4052,3654,512,398,9.180905,0,31.738268,0
282,1449.605701,0.068420,525.127324,0.024785,525.127324,0.024785,155.795907,768.682470,680.923231,0.032139,769.230206,0.140962,0.547736,0.000100,0.032113,0.025035,26644,24644,4480,2000,12.322000,10,31.763303,0
283,784.426681,1.758804,13.971880,0.031327,13.971880,0.031327,0.000000,770.454801,13.971880,0.031327,770.786342,0.147858,0.331541,0.000064,0.030584,0.033770,5659,5213,512,446,11.688341,0,31.797073,0
284,779.754770,3.156902,9.061308,0.036685,9.061308,0.036685,0.000000,770.693461,9.061308,0.036685,771.969692,0.039392,1.276231,0.000065,0.031519,0.035858,19844,19597,512,247,79.340081,0,31.832932,0
285,784.111129,1.875864,12.325829,0.029488,12.325829,0.029488,0.000000,771.785300,12.325829,0.029488,771.914714,0.547069,0.129414,0.000092,0.029178,0.105855,1829,1411,512,418,3.375598,0,31.938787,0
286,772.530305,38.626515,0.733756,0.036688,0.733756,0.036688,0.000000,771.796549,0.733756,0.036688,772.234133,0.108536,0.437584,0.000062,0.014809,0.067288,7135,7115,512,20,355.750000,0,32.006075,0
287,1891.837096,0.039895,945.394481,0.019936,945.394481,0.019936,174.275061,772.167554,1119.669542,0.023611,772.308299,0.184895,0.140744,0.000034,0.023608,0.006314,51598,50977,512,621,82.088567,9,32.012388,0
288,789.560448,1.173195,17.094930,0.025401,17.094930,0.025401,0.000000,772.465518,17.094930,0.025401,772.675509,0.218455,0.209991,0.000059,0.025089,0.058474,4210,3537,512,673,5.255572,0,32.070862,0
289,781.850963,2.843094,9.324047,0.033906,9.324047,0.033906,0.000000,772.526916,9.324047,0.033906,772.582782,0.541783,0.055865,0.000039,0.033702,0.092727,1701,1426,512,275,5.185455,0,32.163589,0
290,1286.477814,0.114486,318.846948,0.028375,318.846948,0.028375,195.117353,772.513514,513.964301,0.045739,772.714793,0.188743,0.201279,0.000049,0.045721,0.013402,15331,14946,512,385,38.820779,9,32.176992,0
291,789.498121,1.326888,15.827306,0.026601,15.827306,0.026601,0.000000,773.670815,15.827306,0.026601,774.843642,0.043776,1.172827,0.000066,0.024629,0.224064,18295,17700,512,595,29.747899,0,32.401056,0
292,2143.357668,0.038559,1115.773792,0.020073,1115.773792,0.020073,252.825047,774.758829,1368.598839,0.024621,777.619541,0.062195,2.860713,0.000229,0.024569,0.006670,68090,67732,9632,358,189.195531,12,32.407726,0
293,779.316278,259.772093,0.263600,0.087867,0.263600,0.087867,0.000000,779.052678,0.263600,0.087867,779.207514,0.496944,0.154836,0.000099,0.036255,0.323520,1571,1568,512,3,522.666667,0,32.731246,0
294,785.434653,2.919831,6.294966,0.023401,6.294966,0.023401,0.000000,779.139687,6.294966,0.023401,779.799835,0.072291,0.660147,0.000061,0.020947,0.013047,11056,10787,512,269,40.100372,0,32.744293,0
295,1210.680882,0.951793,144.893407,0.113910,144.893407,0.113910,286.287730,779.499745,431.181137,0.338979,779.945969,0.058292,0.446224,0.000033,0.338628,0.231897,14652,14142,512,510,27.729412,6,32.976190,0
296,1280.273986,0.270499,203.942568,0.043089,203.942568,0.043089,296.468371,779.863047,500.410939,0.105728,780.069313,0.148049,0.206265,0.000039,0.105684,0.291184,10002,9171,512,831,11.036101,8,33.267374,0
297,1419.872339,0.106294,325.845121,0.024393,325.845121,0.024393,314.195331,779.831887,640.040452,0.047914,780.437243,0.065281,0.605356,0.000051,0.047869,0.375000,25313,25007,512,306,81.722222,5,33.642374,0
298,2298.525094,0.035798,1196.698947,0.018638,1196.698947,0.018638,321.656421,780.169726,1518.355368,0.023647,780.271019,0.129699,0.101294,0.000017,0.023646,0.202452,70224,69794,512,430,162.311628,4,33.844827,0
299,795.763619,1.330708,12.175725,0.020361,12.175725,0.020361,1.397935,782.189958,13.573660,0.022698,782.431859,0.200162,0.241901,0.000062,0.022294,0.188969,4507,3890,1248,617,6.304700,1,34.033796,0
300,786.862922,5.620449,2.744101,0.019601,2.744101,0.019601,0.000000,784.118821,2.744101,0.019601,784.227098,0.525974,0.108278,0.000073,0.018827,0.128572,1631,1491,512,140,10.650000,0,34.162368,0
301,1109.881401,0.694544,43.603793,0.027286,43.603793,0.027286,282.293575,783.984033,325.897368,0.203941,784.322045,0.186832,0.338012,0.000081,0.203729,0.188697,5796,5255,512,541,9.713494,4,34.351065,0
302,1193.138026,3.418734,76.051831,0.217914,76.051831,0.217914,332.842311,784.243884,408.894142,1.171616,784.393346,0.133355,0.149462,0.000025,1.171188,0.018064,6231,6226,512,5,1245.200000,5,34.369128,0
303,1616.748502,0.063462,493.066672,0.019354,493.066672,0.019354,336.408727,787.273104,829.475399,0.032559,787.365470,0.174931,0.092366,0.000021,0.032555,0.096002,29977,29343,512,634,46.282334,5,34.465131,0
304,1255.964328,0.963163,111.184776,0.085264,111.184776,0.085264,357.435757,787.343795,468.620533,0.359372,788.079762,0.068888,0.735966,0.000064,0.358807,0.090251,12744,12362,11408,382,32.361257,6,34.555381,0
305,1279.122203,0.521878,105.737219,0.043140,105.737219,0.043140,385.618685,787.766299,491.355904,0.200472,788.152082,0.093239,0.385783,0.000046,0.200314,0.243615,10904,10869,512,35,310.542857,7,34.798996,0
306,1457.398868,0.110125,237.306892,0.017932,237.306892,0.017932,126.220477,1093.871499,363.527369,0.027469,1094.623236,0.120819,0.751737,0.000083,0.027412,0.077673,22294,21910,512,384,57.057292,8,34.876669,0
307,1309.376558,0.304790,82.513112,0.019207,82.513112,0.019207,121.993147,1104.870299,204.506259,0.047604,1105.025167,1.637074,0.154868,0.000229,0.047568,0.060785,4971,4456,512,515,8.652427,7,34.937454,0
308,1232.070252,32.422901,3.150543,0.082909,3.150543,0.082909,0.000000,1228.919709,3.150543,0.082909,1229.521080,0.135949,0.601371,0.000066,0.067083,0.127555,9082,9044,512,38,238.000000,0,35.065009,0
309,1238.495777,3.347286,9.079240,0.024538,9.079240,0.024538,0.000000,1229.416537,9.079240,0.024538,1231.367100,0.045204,1.950563,0.000072,0.019267,0.038735,27610,27240,512,370,73.621622,0,35.103743,0
310,1240.144399,3.204507,8.887168,0.022964,8.887168,0.022964,0.000000,1231.257231,8.887168,0.022964,1232.154098,0.094058,0.896867,0.000068,0.020647,0.018819,13487,13100,512,387,33.850129,0,35.122563,0
311,1234.083386,13.269714,2.082575,0.022393,2.082575,0.022393,0.000000,1232.000812,2.082575,0.022393,1232.127118,0.567017,0.126306,0.000058,0.021035,0.081232,2266,2173,512,93,23.365591,0,35.203794,0
312,1247.075408,1.640889,15.069964,0.019829,15.069964,0.019829,0.000000,1232.005444,15.069964,0.019829,1232.277850,0.306384,0.272406,0.000068,0.019470,0.067422,4782,4022,512,760,5.292105,0,35.271217,0
313,1437.203329,1.334451,198.635568,0.184434,198.635568,0.184434,6.380567,1232.187195,205.016135,0.190359,1232.744256,0.062430,0.557061,0.000028,0.189841,0.033088,20823,20699,18576,124,166.927419,4,35.304305,0
314,1240.788238,38.774632,2.249769,0.070305,2.249769,0.070305,0.000000,1238.538468,2.249769,0.070305,1239.559480,0.080013,1.021012,0.000066,0.038399,0.057262,15524,15492,512,32,484.125000,0,35.361567,0
315,1386.698363,0.162854,147.254123,0.017293,147.254123,0.017293,0.016095,1239.428145,147.270218,0.017295,1239.816985,0.199360,0.388840,0.000063,0.017250,0.057041,14734,14207,6208,527,26.958254,1,35.418607,0
316,1248.446610,2.731831,8.647849,0.018923,8.647849,0.018923,0.000000,1239.798761,8.647849,0.018923,1240.318883,0.144728,0.520123,0.000061,0.017785,0.049593,9027,8570,512,457,18.752735,0,35.468201,0
317,1328.732460,0.264793,88.396446,0.017616,88.396446,0.017616,0.141160,1240.194854,88.537606,0.017644,1240.682442,0.227106,0.487588,0.000089,0.017547,0.059646,10481,9837,5456,644,15.274845,1,35.527847,0
318,1241.739267,30.286324,1.262003,0.030781,1.262003,0.030781,0.000000,1240.477264,1.262003,0.030781,1240.591737,0.623100,0.114473,0.000057,0.027989,0.144693,2032,1991,512,41,48.560976,0,35.672540,0
319,1321.450426,0.348944,74.119201,0.019572,74.119201,0.019572,6.837504,1240.493721,80.956705,0.021378,1241.302620,0.111869,0.808899,0.000073,0.021164,0.044028,14883,14826,9264,57,260.105263,6,35.716568,0
320,1248.976181,24.979524,1.309705,0.026194,1.309705,0.026194,6.342880,1241.323596,7.652586,0.153052,1241.412768,0.784711,0.089172,0.000056,0.151268,0.371643,1632,1572,512,60,26.200000,1,36.088212,0
321,1339.829229,0.297211,84.078248,0.018651,84.078248,0.018651,8.102400,1247.648581,92.180648,0.020448,1248.009650,0.205671,0.361069,0.000060,0.020368,0.310136,10576,10047,2880,529,18.992439,4,36.398348,0
322,1832.451730,0.072223,564.172932,0.022236,564.172932,0.022236,19.694713,1248.584085,583.867644,0.023012,1248.675756,0.129383,0.091671,0.000009,0.023009,0.081960,35023,34502,512,521,66.222649,4,36.480308,0
323,1293.681900,0.747793,34.184706,0.019760,34.184706,0.019760,5.097595,1254.399599,39.282301,0.022707,1254.655988,0.303570,0.256389,0.000062,0.022558,0.049754,5863,5752,512,111,51.819820,2,36.530062,0
324,1272.922228,2.301849,12.416191,0.022452,12.416191,0.022452,0.000000,1260.506037,12.416191,0.022452,1262.220150,0.051530,1.714113,0.000070,0.019353,0.095832,25048,24495,512,553,44.294756,0,36.625894,0
325,1269.682965,3.469079,7.785062,0.021271,7.785062,0.021271,0.000000,1261.897903,7.785062,0.021271,1262.378640,0.170638,0.480737,0.000065,0.019957,0.235946,7764,7398,512,366,20.213115,0,36.861840,0
326,1265.585616,10.289314,3.400295,0.027645,3.400295,0.027645,0.000000,1262.185322,3.400295,0.027645,1262.833476,0.113625,0.648154,0.000058,0.022375,0.132155,11237,11114,512,123,90.357724,0,36.993995,0
327,3129.187952,0.030692,1803.777245,0.017692,1803.777245,0.017692,62.846840,1262.563866,1866.624085,0.018308,1263.885437,0.087388,1.321571,0.000091,0.018295,0.203955,116418,116147,1008,271,428.586716,7,37.197950,0
328,1641.134292,0.126817,292.610244,0.022611,292.610244,0.022611,83.083431,1265.440617,375.693675,0.029031,1265.947459,0.097276,0.506842,0.000039,0.028992,0.095104,25955,25341,512,614,41.271987,4,37.293054,0
329,2081.960924,0.102889,682.160132,0.033712,682.160132,0.033712,130.390352,1269.410440,812.550484,0.040156,1269.554982,0.059972,0.144542,0.000007,0.040149,0.125271,41404,41048,1648,356,115.303371,7,37.418325,0
330,1280.247812,3.249360,7.921260,0.020105,7.921260,0.020105,0.000000,1272.326552,7.921260,0.020105,1273.234589,0.089513,0.908037,0.000064,0.017800,0.042487,14618,14224,512,394,36.101523,0,37.460812,0
331,1799.249821,0.657621,291.810819,0.106656,291.810819,0.106656,234.441842,1272.997160,526.252660,0.192344,1273.316510,0.068498,0.319350,0.000017,0.192227,0.165953,21325,20663,7904,662,31.212991,12,37.626765,0
332,1278.356890,12.291893,2.253962,0.021673,2.253962,0.021673,0.000000,1276.102928,2.253962,0.021673,1276.495750,0.187307,0.392822,0.000058,0.017896,0.028269,6919,6815,512,104,65.528846,0,37.655035,0
333,1932.576877,0.204679,357.457219,0.037858,357.457219,0.037858,298.832149,1276.287509,656.289369,0.069507,1276.832521,0.197622,0.545013,0.000084,0.069450,0.148348,15903,15880,512,23,690.434783,16,37.803382,0
334,1528.073139,2.589954,99.420165,0.168509,99.420165,0.168509,150.568625,1278.084350,249.988789,0.423710,1278.340878,0.208641,0.256528,0.000042,0.423275,0.246408,6717,6589,512,128,51.476562,6,38.049790,0
335,1284.127284,6.420636,4.377624,0.021888,4.377624,0.021888,0.000000,1279.749659,4.377624,0.021888,1279.858865,0.906416,0.109206,0.000077,0.021342,0.017710,1612,1412,512,200,7.060000,0,38.067500,0
336,1286.711202,3.350810,7.023910,0.018291,7.023910,0.018291,0.000000,1279.687291,7.023910,0.018291,1279.791700,0.740620,0.104409,0.000060,0.018020,0.119113,2112,1728,512,384,4.500000,0,38.186613,0
337,2235.942774,0.083998,598.979121,0.022502,598.979121,0.022502,357.236392,1279.727261,956.215513,0.035922,1280.258657,0.442078,0.531396,0.000183,0.035902,0.012491,29515,29143,512,372,78.341398,11,38.199104,0
338,1287.293121,3.162882,6.999117,0.017197,6.999117,0.017197,0.000000,1280.294004,6.999117,0.017197,1280.396371,0.533498,0.102368,0.000043,0.016945,0.161699,2807,2400,512,407,5.896806,0,38.360803,0
339,1282.594143,14.251046,2.261565,0.025128,2.261565,0.025128,0.000000,1280.332578,2.261565,0.025128,1280.487341,0.658010,0.154763,0.000080,0.023409,0.011035,2036,1946,512,90,21.622222,0,38.371837,0
340,1280.858435,80.053652,0.766990,0.047937,0.766990,0.047937,0.000000,1280.091445,0.766990,0.047937,1280.357387,0.296379,0.265942,0.000062,0.031316,0.343492,4336,4320,512,16,270.000000,0,38.715329,0
341,1286.095834,3.685088,5.812918,0.016656,5.812918,0.016656,0.000000,1280.282916,5.812918,0.016656,1280.390111,0.910662,0.107195,0.000076,0.016349,0.018477,1755,1406,512,349,4.028653,0,38.733805,0
342,2271.754774,0.078963,610.168090,0.021208,610.168090,0.021208,381.622774,1279.963910,991.790863,0.034473,1280.342320,0.171032,0.378410,0.000051,0.034460,0.375000,36256,35638,512,618,57.666667,9,39.108805,0
343,2006.105067,0.143889,329.258501,0.023616,329.258501,0.023616,396.583341,1280.263225,725.841843,0.052062,1280.523288,0.220628,0.260063,0.000045,0.052043,0.201734,19746,19419,512,327,59.385321,11,39.310539,0
344,1806.113411,0.575562,119.355878,0.038036,119.355878,0.038036,400.476490,1286.281043,519.832368,0.165657,1286.364144,0.279280,0.083100,0.000018,0.165631,0.112577,7744,7441,512,303,24.557756,5,39.423116,0
345,1447.470018,4.857282,6.359929,0.021342,6.359929,0.021342,7.243273,1433.866816,13.603203,0.045648,1433.973976,0.979490,0.107160,0.000073,0.045289,0.190766,1762,1408,512,354,3.977401,1,39.613882,0
346,1447.220123,4.889257,5.394008,0.018223,5.394008,0.018223,8.104066,1433.722049,13.498074,0.045602,1433.801637,1.015440,0.079588,0.000056,0.045333,0.198163,1708,1407,512,301,4.674419,1,39.812046,0
347,1454.728438,13.595593,9.701282,0.090666,9.701282,0.090666,3.369626,1441.657531,13.070908,0.122158,1442.307658,0.129343,0.650127,0.000058,0.116082,0.364909,11258,10754,6832,504,21.337302,1,40.176955,0
348,1455.632569,10.397375,7.653790,0.054670,7.653790,0.054670,5.774343,1442.204436,13.428133,0.095915,1442.323661,0.740033,0.119225,0.000061,0.095064,0.036525,2089,1688,512,401,4.209476,2,40.213480,0
349,1472.155291,1.266915,22.655667,0.019497,22.655667,0.019497,7.339964,1442.159660,29.995631,0.025814,1442.316870,1.275258,0.157210,0.000139,0.025679,0.111473,2293,1924,512,369,5.214092,3,40.324953,0
350,2024.001342,0.134610,316.507690,0.021050,316.507690,0.021050,265.243016,1442.250636,581.750706,0.038691,1442.441623,0.265203,0.190987,0.000035,0.038678,0.012484,20475,19965,512,510,39.147059,5,40.337437,0
351,1456.327230,15.829644,3.781643,0.041105,3.781643,0.041105,0.186944,1452.358642,3.968588,0.043137,1453.011358,0.136561,0.652716,0.000061,0.036042,0.119693,10732,10560,10464,172,61.395349,1,40.457130,0
352,1908.080274,0.238093,193.807050,0.024184,193.807050,0.024184,261.352082,1452.921142,455.159132,0.056795,1453.072193,0.924935,0.151050,0.000096,0.056777,0.023486,9585,9360,512,225,41.600000,6,40.480616,0
353,2070.252566,0.116924,336.976308,0.019032,336.976308,0.019032,278.835921,1454.440337,615.812230,0.034780,1454.927815,0.191968,0.487478,0.000064,0.034752,0.104037,25285,25175,512,110,228.863636,6,40.584653,0
354,1857.983675,0.330191,119.954745,0.021318,119.954745,0.021318,282.873739,1455.155191,402.828484,0.071588,1455.251214,0.734975,0.096023,0.000048,0.071571,0.106205,7607,7142,512,465,15.359140,4,40.690858,0
355,1951.053336,0.305043,203.002113,0.031739,203.002113,0.031739,292.036137,1456.015086,495.038250,0.077398,1456.613704,0.202083,0.598618,0.000083,0.077305,0.078416,13604,13257,5632,347,38.204611,6,40.769274,0
356,2699.280436,0.055747,878.414520,0.018142,878.414520,0.018142,74.518145,1746.347771,952.932664,0.019681,1750.671316,0.089939,4.323544,0.000222,0.019591,0.092433,67885,67525,512,360,187.569444,5,40.861708,0
357,1833.774719,8.297623,4.633386,0.020966,4.633386,0.020966,0.000000,1829.141332,4.633386,0.020966,1829.452417,0.378926,0.311085,0.000064,0.019558,0.180450,5049,4828,512,221,21.846154,0,41.042158,0
358,1848.018979,6.844515,10.770913,0.039892,10.770913,0.039892,8.057143,1829.190923,18.828056,0.069734,1829.769633,0.202767,0.578711,0.000064,0.067590,0.200709,9294,9286,4384,8,1160.750000,3,41.242866,0
359,1850.444329,5.641599,10.509003,0.032040,10.509003,0.032040,6.254610,1833.680716,16.763613,0.051109,1833.786527,1.489672,0.105811,0.000086,0.050786,0.084697,1559,1520,512,39,38.974359,2,41.327563,0
360,1848.341749,6.922628,8.214073,0.030764,8.214073,0.030764,0.000000,1840.127676,8.214073,0.030764,1841.075089,0.125731,0.947413,0.000065,0.027216,0.114409,14910,14643,512,267,54.842697,0,41.441972,0
361,1851.858788,4.835140,11.191796,0.029221,11.191796,0.029221,0.000000,1840.666992,11.191796,0.029221,1842.441342,0.075439,1.774350,0.000073,0.024589,0.334635,24806,24423,512,383,63.767624,0,41.776607,0
362,1850.312851,6.167710,7.975792,0.026586,7.975792,0.026586,0.000000,1842.337058,7.975792,0.026586,1842.964139,0.182580,0.627081,0.000062,0.024496,0.015941,10394,10094,512,300,33.646667,0,41.792549,0
363,1848.968351,7.672068,6.085959,0.025253,6.085959,0.025253,0.000000,1842.882391,6.085959,0.025253,1843.899607,0.123851,1.017216,0.000068,0.021032,0.015568,15129,14888,512,241,61.775934,0,41.808117,0
364,2071.461465,0.164912,224.911313,0.017906,224.911313,0.017906,2.737049,1843.813103,227.648362,0.018123,1844.204517,0.282507,0.391413,0.000060,0.018092,0.011475,19089,17089,2960,2000,8.544500,2,41.819592,0
365,1863.444511,2.398255,15.945929,0.020522,15.945929,0.020522,0.016293,1847.482289,15.962222,0.020543,1847.797760,0.372240,0.315471,0.000064,0.020137,0.134068,5741,5511,4960,230,23.960870,1,41.953660,0
366,2062.314562,0.169976,214.536348,0.017682,214.536348,0.017682,0.015943,1847.762270,214.552291,0.017683,1848.658112,0.127143,0.895842,0.000062,0.017610,0.067791,26673,26670,14528,3,8890.000000,1,42.021451,0
367,1855.407592,5.908941,6.838656,0.021779,6.838656,0.021779,0.000000,1848.568936,6.838656,0.021779,1848.674826,1.010205,0.105889,0.000058,0.021442,0.186080,2144,1830,512,314,5.828025,0,42.207531,0
368,1858.204990,3.979026,9.723580,0.020821,9.723580,0.020821,0.000000,1848.481410,9.723580,0.020821,1849.202174,0.159071,0.720764,0.000062,0.019278,0.139050,12092,11625,512,467,24.892934,0,42.346582,0
369,1996.011653,0.241297,146.912726,0.017760,146.912726,0.017760,0.015684,1849.083242,146.928410,0.017762,1849.236436,0.882269,0.153194,0.000073,0.017744,0.050740,10368,10098,2080,270,37.400000,1,42.397322,0
370,1987.678228,0.255158,138.401241,0.017767,138.401241,0.017767,0.188214,1849.088773,138.589455,0.017791,1849.173009,1.218164,0.084236,0.000055,0.017780,0.285798,9308,8853,1504,455,19.457143,2,42.683120,0
371,1911.733661,0.640876,61.805644,0.020719,61.805644,0.020719,0.685453,1849.242564,62.491097,0.020949,1849.795721,0.194306,0.553157,0.000058,0.020764,0.179715,12503,12179,8368,324,37.589506,2,42.862835,0
372,1853.609479,14.828876,2.813027,0.022504,2.813027,0.022504,0.000000,1850.796452,2.813027,0.022504,1850.914937,1.224150,0.118485,0.000078,0.021556,0.039430,1637,1512,512,125,12.096000,0,42.902265,0
373,1858.830777,4.589706,8.025647,0.019816,8.025647,0.019816,0.000000,1850.805130,8.025647,0.019816,1851.134443,0.294204,0.329312,0.000052,0.019003,0.056607,6697,6292,512,405,15.535802,0,42.958873,0
374,1855.501220,7.699175,4.472629,0.018559,4.472629,0.018559,0.000000,1851.028591,4.472629,0.018559,1851.245213,0.607962,0.216622,0.000071,0.017660,0.047190,3286,3045,512,241,12.634855,0,43.006063,0
375,1954.366713,0.357223,100.261921,0.018326,100.261921,0.018326,2.935606,1851.169186,103.197527,0.018863,1851.974125,0.158546,0.804940,0.000069,0.018716,0.021439,17152,17149,10544,3,5716.333333,5,43.027502,0
376,2214.615852,0.110631,359.074042,0.017938,359.074042,0.017938,0.015348,1855.526462,359.089390,0.017938,1855.627041,1.349547,0.100580,0.000073,0.017933,0.019989,21393,20934,1360,459,45.607843,1,43.047491,0
377,1864.163427,3.684117,8.880244,0.017550,8.880244,0.017550,0.000000,1855.283183,8.880244,0.017550,1855.334931,1.300165,0.051748,0.000036,0.017448,0.343858,1933,1427,512,506,2.820158,0,43.391350,0
378,1968.770294,0.314049,112.319345,0.017917,112.319345,0.017917,1.239777,1855.211173,113.559122,0.018114,1855.622614,0.281112,0.411441,0.000062,0.018049,0.072010,12870,12457,4496,413,30.162228,2,43.463360,0
379,1878.850609,8.063737,18.063902,0.077527,18.063902,0.077527,3.643720,1857.142987,21.707622,0.093166,1857.694958,0.187779,0.551971,0.000056,0.090797,0.060426,10126,10065,5136,61,165.000000,4,43.523785,0
380,2010.209094,0.253558,141.635283,0.017865,141.635283,0.017865,10.471468,1858.102343,152.106752,0.019186,1858.470614,0.566953,0.368272,0.000112,0.019140,0.163521,11206,10811,512,395,27.369620,5,43.687307,0
381,1888.633486,2.883410,18.947803,0.028928,18.947803,0.028928,0.000000,1869.685683,18.947803,0.028928,1871.641307,0.069110,1.955624,0.000072,0.025942,0.100648,27737,27082,512,655,41.346565,0,43.787954,0
382,2380.123326,0.085178,506.767019,0.018136,506.767019,0.018136,2.149277,1871.207031,508.916296,0.018213,1878.754643,0.034549,7.547613,0.000139,0.017943,0.343883,82322,81957,50912,365,224.539726,1,44.131837,0
383,1890.611968,4.182770,11.779553,0.026061,11.779553,0.026061,0.397673,1878.434742,12.177226,0.026941,1878.842110,0.312932,0.407369,0.000068,0.026040,0.189437,6456,5984,5248,472,12.677966,1,44.321274,0
384,2317.226089,0.094813,437.929506,0.017919,437.929506,0.017919,0.594503,1878.702080,438.524009,0.017943,1878.792002,3.273157,0.089921,0.000157,0.017939,0.081589,25014,24592,512,422,58.274882,2,44.402864,0
385,1885.846125,6.414443,6.458527,0.021968,6.458527,0.021968,0.000000,1879.387598,6.458527,0.021968,1879.714593,0.343452,0.326995,0.000060,0.020856,0.059023,5767,5473,512,294,18.615646,0,44.461886,0
386,1885.778814,6.370874,6.496324,0.021947,6.496324,0.021947,0.000000,1879.282489,6.496324,0.021947,1879.495947,0.536539,0.213458,0.000061,0.021226,0.375000,3799,3503,512,296,11.834459,0,44.836886,0
387,1880.738983,75.229559,1.455153,0.058206,1.455153,0.058206,0.000000,1879.283830,1.455153,0.058206,1879.388607,1.157259,0.104776,0.000065,0.054015,0.158125,1649,1624,512,25,64.960000,0,44.995011,0
388,1881.506897,36.182825,2.544075,0.048925,2.544075,0.048925,0.000000,1878.962822,2.544075,0.048925,1879.223393,0.491300,0.260571,0.000068,0.043914,0.375000,3877,3825,512,52,73.557692,0,45.370011,0
389,1890.879514,3.789338,11.727500,0.023502,11.727500,0.023502,0.000000,1879.152014,11.727500,0.023502,1879.720478,0.199630,0.568464,0.000060,0.022363,0.015763,9915,9416,512,499,18.869739,0,45.385775,0
390,1885.800416,5.874768,6.380813,0.019878,6.380813,0.019878,0.000000,1879.419603,6.380813,0.019878,1880.059586,0.181088,0.639984,0.000062,0.017884,0.237586,10703,10382,512,321,32.342679,0,45.623360,0
391,1886.886148,5.183753,7.018069,0.019280,7.018069,0.019280,0.000000,1879.868079,7.018069,0.019280,1880.261816,0.284500,0.393737,0.000060,0.018199,0.126695,6973,6609,512,364,18.156593,0,45.750055,0
392,1892.402504,5.717228,10.395556,0.031407,10.395556,0.031407,1.820408,1880.186541,12.215963,0.036906,1880.921826,0.149114,0.735285,0.000058,0.034685,0.016252,12945,12495,8640,450,27.766667,1,45.766307,0
393,1956.150979,0.461574,71.707623,0.016920,71.707623,0.016920,3.443674,1880.999682,75.151297,0.017733,1881.183452,0.531708,0.183770,0.000052,0.017689,0.110920,7776,7650,3488,126,60.714286,3,45.877227,0
394,1893.377287,5.737507,8.169718,0.024757,8.169718,0.024757,0.508449,1884.699120,8.678167,0.026297,1884.749681,1.317086,0.050561,0.000035,0.026144,0.144834,1761,1420,512,341,4.164223,1,46.022060,0
395,3603.923030,0.029583,1718.615641,0.014107,1718.615641,0.014107,0.609816,1884.697572,1719.225457,0.014112,1884.777872,3.141296,0.080299,0.000134,0.014112,0.001547,122424,121810,512,614,198.387622,2,46.023608,0
396,1942.905760,0.563815,57.337263,0.016639,57.337263,0.016639,0.187798,1885.380699,57.525061,0.016693,1885.852188,0.224239,0.471489,0.000056,0.016556,0.075715,11856,11808,8064,48,246.000000,2,46.099323,0
397,1899.296072,2.995735,13.192111,0.020808,13.192111,0.020808,0.000000,1886.103961,13.192111,0.020808,1886.268416,0.812696,0.164455,0.000071,0.020548,0.218157,2955,2321,512,634,3.660883,0,46.317480,0
398,1896.274182,3.950571,10.102281,0.021046,10.102281,0.021046,0.000000,1886.171901,10.102281,0.021046,1887.937840,0.074054,1.765939,0.000069,0.017367,0.043758,25974,25494,512,480,53.112500,0,46.361238,0
399,1888.442042,85.838275,0.667689,0.030349,0.667689,0.030349,0.000000,1887.774354,0.667689,0.030349,1888.072608,0.455726,0.298254,0.000072,0.016792,0.076688,4165,4143,512,22,188.318182,0,46.437925,0
400,2197.485756,0.124928,309.524002,0.017597,309.524002,0.017597,0.017695,1887.944058,309.541698,0.017598,1888.036172,1.272262,0.092114,0.000062,0.017592,0.072995,19074,18715,1472,359,52.130919,1,46.510920,0
401,2143.722085,0.489770,248.871103,0.056859,248.871103,0.056859,6.526864,1888.324118,255.397967,0.058350,1888.853918,0.098774,0.529800,0.000028,0.058229,0.044929,23500,22996,15856,504,45.626984,4,46.555849,0
402,2037.002429,0.913454,119.303231,0.053499,119.303231,0.053499,28.242450,1889.456748,147.545681,0.066164,1889.927932,0.219326,0.471184,0.000055,0.065953,0.313305,10847,10383,4144,464,22.377155,8,46.869154,0
403,2174.932705,0.356138,217.325578,0.035586,217.325578,0.035586,66.325170,1891.281957,283.650748,0.046447,1891.818825,0.383192,0.536867,0.000109,0.046359,0.190003,11044,10982,512,62,177.129032,14,47.059158,0
404,1903.491338,18.846449,4.803143,0.047556,4.803143,0.047556,2.789581,1895.898613,7.592725,0.075175,1896.946935,0.114281,1.048322,0.000063,0.064796,0.014649,16700,16490,11504,210,78.523810,2,47.073807,0
405,2503.296805,0.103764,526.788251,0.021836,526.788251,0.021836,80.010304,1896.498250,606.798555,0.025152,1896.649836,0.519488,0.151586,0.000042,0.025146,0.375000,27776,25776,512,2000,12.888000,13,47.448807,0
406,1901.418198,475.354549,0.223559,0.055890,0.223559,0.055890,0.000000,1901.194638,0.223559,0.055890,1901.372352,0.745052,0.177714,0.000070,0.011461,0.264202,2556,2552,512,4,638.000000,0,47.713010,0
407,1952.053291,17.745939,19.051345,0.173194,19.051345,0.173194,31.724112,1901.277834,50.775457,0.461595,1901.358759,1.111906,0.080925,0.000047,0.460859,0.041743,1820,1426,512,394,3.619289,4,47.754753,0
408,2040.033606,9.622800,53.823960,0.253887,53.823960,0.253887,85.059863,1901.149783,138.883823,0.655112,1901.278162,0.348092,0.128380,0.000024,0.654507,0.226671,5674,5529,512,145,38.131034,11,47.981424,0
409,2319.913966,0.164358,301.849999,0.021385,301.849999,0.021385,115.391257,1902.672711,417.241256,0.029560,1903.457851,0.599892,0.785140,0.000247,0.029505,0.014065,17288,16612,512,676,24.573964,13,47.995489,0
410,2370.023547,0.139594,339.673409,0.020007,339.673409,0.020007,123.682715,1906.667423,463.356124,0.027292,1906.922014,0.783774,0.254591,0.000105,0.027277,0.375000,19411,18878,512,533,35.418386,12,48.370489,0
411,2350.066440,0.148682,309.787572,0.019599,309.787572,0.019599,86.596404,1953.682464,396.383976,0.025078,1953.871921,1.949972,0.189457,0.000189,0.025066,0.136959,16808,16472,512,336,49.023810,7,48.507448,0
412,2078.791188,2.790324,27.583896,0.037025,27.583896,0.037025,53.684039,1997.523254,81.267935,0.109084,1997.828525,0.404010,0.305271,0.000062,0.108675,0.131272,5690,5329,4256,361,14.761773,6,48.638720,0
413,2092.399424,1.366688,31.588879,0.020633,31.588879,0.020633,44.464389,2016.346156,76.053268,0.049676,2016.768746,0.356824,0.422590,0.000075,0.049400,0.011849,7183,7161,512,22,325.500000,4,48.650570,0
414,3155.682993,0.046697,1092.674277,0.016169,1092.674277,0.016169,0.826392,2062.182323,1093.500669,0.016181,2063.454513,0.109945,1.272190,0.000068,0.016162,0.284169,86346,85911,17712,435,197.496552,2,48.934739,0
415,2136.238613,6.675746,54.484390,0.170264,54.484390,0.170264,17.333479,2064.420744,71.817869,0.224431,2065.578974,0.103772,1.158230,0.000058,0.220811,0.003679,20225,19915,7328,310,64.241935,3,48.938417,0
416,2927.239173,0.062810,804.583972,0.017264,804.583972,0.017264,51.814953,2070.840248,856.398924,0.018376,2073.416949,0.088687,2.576700,0.000110,0.018320,0.034441,69984,69479,512,505,137.582178,6,48.972858,0
417,2129.611506,532.402877,0.359849,0.089962,0.359849,0.089962,0.000000,2129.251657,0.359849,0.089962,2129.449245,0.881395,0.197588,0.000082,0.040565,0.019293,2420,2416,512,4,604.000000,0,48.992151,0
418,2131.201241,78.933379,1.995628,0.073912,1.995628,0.073912,0.000000,2129.205613,1.995628,0.073912,2129.315975,1.256975,0.110362,0.000065,0.069825,0.187443,1721,1694,512,27,62.740741,0,49.179594,0
419,2556.279166,0.135174,413.933870,0.021889,413.933870,0.021889,13.111107,2129.234189,427.044977,0.022582,2131.493310,0.063045,2.259121,0.000067,0.022462,0.027613,52720,52339,30928,381,137.372703,5,49.207207,0
420,2144.211981,5.764011,8.263720,0.022214,8.263720,0.022214,0.000000,2135.948260,8.263720,0.022214,2136.646586,0.202315,0.698326,0.000066,0.020337,0.301883,10933,10561,512,372,28.389785,0,49.509089,0
421,2495.600170,0.199377,315.872319,0.025235,315.872319,0.025235,43.282898,2136.444954,359.155216,0.028693,2140.922893,0.214028,4.477939,0.000448,0.028336,0.133487,22520,22304,3120,216,103.259259,6,49.642576,0
422,2883.337273,0.079507,667.495043,0.018406,667.495043,0.018406,74.984762,2140.857468,742.479805,0.020474,2142.080712,0.460861,1.223245,0.000263,0.020440,0.004604,40913,40691,512,222,183.292793,9,49.647180,0
423,2210.732864,26.318248,4.705228,0.056015,4.705228,0.056015,61.798365,2144.229271,66.503594,0.791709,2144.598090,0.361469,0.368819,0.000062,0.787319,0.000681,6017,5795,512,222,26.103604,1,49.647861,0
424,2353.681388,0.505407,118.452755,0.025435,118.452755,0.025435,90.698483,2144.530150,209.151238,0.044911,2144.735739,0.495663,0.205589,0.000048,0.044867,0.006630,8984,8979,512,5,1795.800000,6,49.654491,0
425,2230.665893,7.854457,9.041590,0.031837,9.041590,0.031837,10.957667,2210.666635,19.999257,0.070420,2210.781225,1.398344,0.114589,0.000072,0.070016,0.116402,1865,1406,512,459,3.063181,1,49.770893,0
426,2399.973934,0.399397,155.575283,0.025890,155.575283,0.025890,33.875529,2210.523122,189.450812,0.031528,2210.726196,0.422459,0.203074,0.000039,0.031494,0.202109,11242,10671,4064,571,18.688266,4,49.973002,0
427,2661.088158,0.125957,386.636851,0.018301,386.636851,0.018301,49.597243,2224.854064,436.234094,0.020648,2225.848919,0.184733,0.994856,0.000083,0.020601,0.034067,33176,32639,512,537,60.780261,5,50.007069,0
428,2382.775032,0.468589,101.081711,0.019878,101.081711,0.019878,19.400147,2262.293173,120.481858,0.023694,2262.632298,0.447957,0.339125,0.000067,0.023627,0.236648,10136,10065,512,71,141.760563,2,50.243717,0
429,2291.444949,7.638150,8.354110,0.027847,8.354110,0.027847,0.000000,2283.090839,8.354110,0.027847,2285.151455,0.080333,2.060616,0.000072,0.020978,0.007367,28746,28446,512,300,94.820000,0,50.251084,0
430,2419.775850,0.350235,130.836255,0.018937,130.836255,0.018937,4.083876,2284.855719,134.920131,0.019528,2286.503629,0.100347,1.647910,0.000072,0.019290,0.201784,29695,29153,18336,542,53.787823,2,50.452868,0
431,2292.338186,764.112729,1.092647,0.364216,1.092647,0.364216,0.000000,2291.245539,1.092647,0.364216,2292.228714,0.157477,0.983176,0.000068,0.036490,0.328531,14559,14556,512,3,4852.000000,0,50.781399,0
432,2298.917650,6.741694,6.947565,0.020374,6.947565,0.020374,0.000000,2291.970085,6.947565,0.020374,2292.269864,0.518730,0.299779,0.000068,0.019495,0.184861,4760,4419,512,341,12.958944,0,50.966260,0
433,2476.567231,0.418976,160.424370,0.027140,160.424370,0.027140,24.081917,2292.060944,184.506287,0.031214,2293.358669,0.116231,1.297725,0.000066,0.030995,0.149716,25642,25102,18912,540,46.485185,6,51.115976,0
434,2312.241657,57.806041,1.135634,0.028391,1.135634,0.028391,0.000000,2311.106023,1.135634,0.028391,2311.185466,1.600544,0.079443,0.000055,0.026405,0.227505,1484,1444,512,40,36.100000,0,51.343481,0
435,2313.102798,26.587388,2.001898,0.023010,2.001898,0.023010,0.000000,2311.100900,2.001898,0.023010,2311.288369,1.123075,0.187469,0.000091,0.020856,0.005122,2145,2058,512,87,23.655172,0,51.348603,0
436,2499.538343,0.350321,157.781517,0.022114,157.781517,0.022114,30.552026,2311.204801,188.333543,0.026396,2311.767015,0.247063,0.562214,0.000060,0.026317,0.028172,16492,16028,512,464,34.543103,6,51.376775,0
437,2494.011385,0.362081,143.538883,0.020839,143.538883,0.020839,38.280820,2312.191682,181.819703,0.026397,2313.111937,0.938763,0.920255,0.000373,0.026263,0.016681,9352,8893,512,459,19.374728,4,51.393455,0
438,2462.828212,0.471806,110.272580,0.021125,110.272580,0.021125,39.585467,2312.970165,149.858047,0.028708,2313.059310,1.702030,0.089145,0.000066,0.028691,0.087781,6579,6262,512,317,19.753943,4,51.481237,0
439,2475.241257,0.442561,110.220938,0.019707,110.220938,0.019707,48.566933,2316.453386,158.787870,0.028390,2316.981000,0.609571,0.527614,0.000139,0.028296,0.170904,9394,8973,1968,421,21.313539,4,51.652140,0
440,2867.327610,0.096863,496.039969,0.016757,496.039969,0.016757,54.495585,2316.792056,550.535554,0.018598,2317.110375,0.752309,0.318319,0.000103,0.018587,0.124286,32682,32100,512,582,55.154639,4,51.776426,0
441,2387.294011,4.080844,14.834498,0.025358,14.834498,0.025358,0.000000,2372.459513,14.834498,0.025358,2373.469233,0.151234,1.009720,0.000064,0.023632,0.238086,16279,15694,512,585,26.827350,0,52.014512,0
442,2387.652784,4.046869,14.278798,0.024201,14.278798,0.024201,0.000000,2373.373986,14.278798,0.024201,2373.555108,1.007451,0.181121,0.000077,0.023894,0.021084,2946,2356,512,590,3.993220,0,52.035596,0
443,2387.546508,4.095277,14.211582,0.024377,14.211582,0.024377,0.000000,2373.334926,14.211582,0.024377,2373.855738,0.263148,0.520811,0.000058,0.023483,0.165825,9604,9021,512,583,15.473413,0,52.201420,0
444,2376.212896,84.864746,2.447982,0.087428,2.447982,0.087428,0.000000,2373.764914,2.447982,0.087428,2374.548812,0.188322,0.783898,0.000062,0.059432,0.026810,12637,12609,512,28,450.321429,0,52.228231,0
445,2379.893656,12.331055,5.453505,0.028257,5.453505,0.028257,0.000000,2374.440151,5.453505,0.028257,2374.902106,0.352778,0.461955,0.000069,0.025863,0.039469,6925,6732,512,193,34.880829,0,52.267700,0
446,2381.821087,8.629787,7.135498,0.025853,7.135498,0.025853,0.000000,2374.685589,7.135498,0.025853,2374.747413,1.683024,0.061823,0.000044,0.025629,0.154693,1687,1411,512,276,5.112319,0,52.422393,0
447,2379.211564,12.860603,4.900975,0.026492,4.900975,0.026492,0.000000,2374.310589,4.900975,0.026492,2374.476351,1.517237,0.165761,0.000106,0.025596,0.375000,1750,1565,512,185,8.459459,0,52.797393,0
448,2383.992567,5.544169,9.687920,0.022530,9.687920,0.022530,0.000000,2374.304646,9.687920,0.022530,2375.604941,0.121521,1.300294,0.000067,0.019506,0.118197,19979,19549,512,430,45.462791,0,52.915590,0
449,2385.515875,4.980200,9.997343,0.020871,9.997343,0.020871,0.000000,2375.518532,9.997343,0.020871,2375.704349,0.922604,0.185818,0.000072,0.020483,0.007005,3054,2575,512,479,5.375783,0,52.922595,0
450,2469.134420,0.482347,91.545133,0.017883,91.545133,0.017883,2.059206,2375.530081,93.604339,0.018286,2376.863035,0.133908,1.332954,0.000075,0.018025,0.119740,22869,22180,17744,689,32.191582,3,53.042335,0
451,2442.813010,0.672766,63.291462,0.017431,63.291462,0.017431,0.407937,2379.113611,63.699399,0.017543,2379.472710,0.365623,0.359099,0.000055,0.017444,0.005409,10139,9685,5696,454,21.332599,2,53.047744,0
452,2380.442475,132.246804,0.740897,0.041161,0.740897,0.041161,0.000000,2379.701577,0.740897,0.041161,2380.151140,0.353873,0.449562,0.000067,0.016185,0.269428,6744,6726,512,18,373.666667,0,53.317171,0
453,2397.917928,2.484889,17.967389,0.018619,17.967389,0.018619,0.014964,2379.935575,17.982353,0.018635,2380.080416,0.964376,0.144841,0.000059,0.018484,0.154553,3433,3047,2464,386,7.893782,1,53.471724,0
454,2393.074625,4.748164,12.401700,0.024607,12.401700,0.024607,0.408767,2380.264159,12.810467,0.025418,2380.477909,0.634963,0.213750,0.000057,0.024993,0.023763,4253,3587,3024,666,5.385886,1,53.495487,0
455,2438.743938,0.758552,56.007304,0.017421,56.007304,0.017421,2.327464,2380.409170,58.334768,0.018145,2380.602840,0.690430,0.193670,0.000056,0.018084,0.012025,6663,6274,512,389,16.128535,3,53.507513,0
456,2388.336741,12.570193,4.858052,0.025569,4.858052,0.025569,2.768068,2380.710621,7.626120,0.040137,2383.640477,1.680988,2.929856,0.002066,0.024717,0.025346,1608,1581,512,27,58.555556,1,53.532859,0
457,2561.250124,0.260263,178.021621,0.018090,178.021621,0.018090,0.014691,2383.213812,178.036312,0.018091,2384.078947,0.171726,0.865135,0.000062,0.018003,0.375000,23724,23192,13872,532,43.593985,1,53.907859,0
458,2487.807649,2.362590,96.949252,0.092070,96.949252,0.092070,6.404477,2384.453920,103.353729,0.098152,2384.587704,0.342810,0.133784,0.000019,0.098025,0.076691,8009,7514,3552,495,15.179798,4,53.984549,0
459,2392.876526,5.822084,7.692240,0.018716,7.692240,0.018716,0.000000,2385.184286,7.692240,0.018716,2385.759652,0.255407,0.575366,0.000062,0.017316,0.191606,9752,9341,512,411,22.727494,0,54.176156,0
460,2781.004323,0.149613,354.557245,0.019075,354.557245,0.019075,40.878297,2385.568780,395.435543,0.021274,2387.672463,0.679861,2.103683,0.000599,0.021161,0.126465,22100,21733,512,367,59.217984,10,54.302621,0
461,2420.228410,12.942398,11.802946,0.063117,11.802946,0.063117,15.781603,2392.643861,27.584549,0.147511,2393.190007,0.240473,0.546146,0.000055,0.144590,0.106200,10139,10129,512,10,1012.900000,3,54.408821,0
462,2417.763232,86.348687,6.636711,0.237025,6.636711,0.237025,15.422476,2395.704045,22.059187,0.787828,2395.822004,1.141411,0.117959,0.000056,0.783615,0.019601,2127,1746,512,381,4.582677,1,54.428422,0
463,2526.173030,0.798916,70.804846,0.022392,70.804846,0.022392,59.963829,2395.404355,130.768675,0.041356,2395.764628,0.399494,0.360272,0.000060,0.041242,0.364903,9159,8862,512,297,29.838384,6,54.793325,0
464,2498.802173,1.630008,40.213181,0.026232,40.213181,0.026232,61.980067,2396.608925,102.193248,0.066662,2396.699914,1.399124,0.090988,0.000053,0.066603,0.044824,3246,2726,512,520,5.242308,5,54.838149,0
465,2679.860593,0.215094,218.024428,0.017499,218.024428,0.017499,44.997110,2416.839054,263.021538,0.021111,2416.974641,0.953818,0.135587,0.000054,0.021100,0.107849,14993,14612,512,381,38.351706,4,54.945998,0
466,2549.764741,0.566489,86.114735,0.019132,86.114735,0.019132,46.554753,2417.095253,132.669488,0.029476,2417.181217,1.382036,0.085964,0.000049,0.029456,0.150403,6250,5798,512,452,12.827434,3,55.096401,0
467,2508.805057,1.332345,38.719936,0.020563,38.719936,0.020563,50.516744,2419.568378,89.236680,0.047391,2419.928044,0.454532,0.359667,0.000068,0.047200,0.130954,7207,6938,1184,269,25.791822,4,55.227356,0
468,2555.903695,0.564965,84.350115,0.018645,84.350115,0.018645,0.016293,2471.537287,84.366408,0.018649,2471.796066,0.562667,0.258779,0.000059,0.018591,0.352921,8917,8317,4384,600,13.861667,1,55.580276,0
469,2478.738991,7.102404,6.656146,0.019072,6.656146,0.019072,0.000000,2472.082845,6.656146,0.019072,2472.804065,0.211568,0.721220,0.000062,0.017006,0.020086,12037,11688,512,349,33.489971,0,55.600362,0
470,2482.840526,4.266049,10.194244,0.017516,10.194244,0.017516,0.000000,2472.646282,10.194244,0.017516,2472.937317,0.509149,0.291035,0.000060,0.017016,0.088749,5439,4857,512,582,8.345361,0,55.689111,0
471,3760.471238,0.036063,1281.383480,0.012289,1281.383480,0.012289,6.273572,2472.814186,1287.657052,0.012349,2473.368395,0.263742,0.554209,0.000059,0.012343,0.064697,113652,113453,8320,199,570.115578,4,55.753808,0
472,2845.258944,0.130397,359.417257,0.016472,359.417257,0.016472,6.987178,2478.854509,366.404435,0.016792,2482.965863,0.696875,4.111354,0.001154,0.016604,0.080347,25383,24573,2832,810,30.337037,4,55.834155,0
473,2879.419949,0.120685,390.496756,0.016367,390.496756,0.016367,2.796499,2486.126694,393.293255,0.016484,2486.377053,0.692970,0.250359,0.000070,0.016474,0.015868,27447,27411,512,36,761.416667,2,55.850023,0
474,3235.842255,0.075943,742.002211,0.017414,742.002211,0.017414,4.303223,2489.536820,746.305435,0.017515,2491.467707,0.068886,1.930887,0.000053,0.017470,0.017997,78777,78311,35200,466,168.049356,3,55.868020,0
475,2506.206044,4.923784,11.023885,0.021658,11.023885,0.021658,0.000000,2495.182159,11.023885,0.021658,2495.380109,1.096870,0.197951,0.000087,0.021269,0.040729,2784,2275,512,509,4.469548,0,55.908749,0
476,2507.503437,4.257221,12.223253,0.020753,12.223253,0.020753,0.000000,2495.280184,12.223253,0.020753,2495.555192,0.591364,0.275008,0.000065,0.020286,0.045427,4809,4220,512,589,7.164686,0,55.954177,0
477,2504.455714,5.744164,9.028160,0.020707,9.028160,0.020707,0.000000,2495.427554,9.028160,0.020707,2497.171543,0.099493,1.743989,0.000069,0.016707,0.069806,25535,25099,512,436,57.566514,0,56.023983,0
478,2628.782761,0.561466,118.760690,0.025365,118.760690,0.025365,13.055979,2496.966092,131.816669,0.028154,2497.421581,0.429184,0.455489,0.000078,0.028057,0.118018,10501,10025,5808,476,21.060924,4,56.142001,0
479,2816.031967,0.277496,285.990414,0.028182,285.990414,0.028182,32.669086,2497.372467,318.659500,0.031401,2497.564737,0.228192,0.192270,0.000018,0.031382,0.125855,21093,21081,512,12,1756.750000,5,56.267856,0
480,2510.580014,7.772694,5.927704,0.018352,5.927704,0.018352,0.000000,2504.652310,5.927704,0.018352,2504.762310,1.084313,0.110000,0.000048,0.018011,0.066338,2633,2310,512,323,7.151703,0,56.334194,0
481,2512.259239,5.967362,7.616058,0.018090,7.616058,0.018090,0.000000,2504.643181,7.616058,0.018090,2504.910803,0.633193,0.267622,0.000068,0.017455,0.065697,4377,3956,512,421,9.396675,0,56.399891,0
482,2511.353801,6.805837,6.530364,0.017697,6.530364,0.017697,0.000000,2504.823438,6.530364,0.017697,2505.041190,0.641825,0.217752,0.000056,0.017107,0.030678,4272,3903,512,369,10.577236,0,56.430569,0
483,2866.120273,19.365678,233.644018,1.578676,233.644018,1.578676,127.601555,2504.874700,361.245573,2.440848,2505.289959,0.123140,0.415259,0.000020,2.438043,0.110934,20493,20490,18064,3,6830.000000,14,56.541503,0
484,3050.571363,0.228353,366.198379,0.027412,366.198379,0.027412,178.847359,2505.525625,545.045738,0.040800,2505.668773,0.522232,0.143149,0.000030,0.040789,0.047665,18157,18148,512,9,2016.444444,14,56.589168,0
485,2587.941490,1.148665,49.397339,0.021925,49.397339,0.021925,31.619727,2506.924424,81.017066,0.035960,2507.111865,0.962793,0.187441,0.000072,0.035876,0.004591,4857,4389,512,468,9.378205,5,56.593759,0
486,2509.469937,20.075759,2.099030,0.016792,2.099030,0.016792,0.000000,2507.370907,2.099030,0.016792,2507.478126,1.197459,0.107219,0.000051,0.015934,0.067747,2219,2094,512,125,16.752000,0,56.661506,0
487,3095.572567,0.186897,367.137228,0.022166,367.137228,0.022166,221.090107,2507.345232,588.227335,0.035515,2507.641600,0.484662,0.296368,0.000057,0.035497,0.080338,21737,21418,512,319,67.141066,13,56.741844,0
488,2511.772051,57.085728,1.089792,0.024768,1.089792,0.024768,0.541851,2510.140407,1.631643,0.037083,2510.246390,1.439361,0.105983,0.000061,0.034674,0.031957,1788,1728,912,60,28.800000,1,56.773801,0
489,2566.651706,2.936672,21.675330,0.024800,21.675330,0.024800,34.888640,2510.087736,56.563970,0.064719,2511.008682,2.357755,0.920947,0.000865,0.063665,0.106213,1939,1597,512,342,4.669591,2,56.880014,0
490,2972.673525,0.395197,228.229720,0.030342,228.229720,0.030342,233.590895,2510.852909,461.820615,0.061396,2510.987833,0.507989,0.134924,0.000027,0.061378,0.104273,12465,11762,512,703,16.731152,7,56.984287,0
491,3076.162303,0.202619,321.189611,0.021156,321.189611,0.021156,243.562461,2511.410231,564.752072,0.037199,2511.494370,0.356696,0.084139,0.000012,0.037193,0.151334,22223,21876,512,347,63.043228,6,57.135621,0
492,2897.752273,1.593923,125.611712,0.069093,125.611712,0.069093,260.747550,2511.393012,386.359261,0.212519,2511.580493,0.280718,0.187482,0.000021,0.212416,0.130497,10765,10486,8448,279,37.584229,5,57.266118,0
493,2551.530497,55.468054,2.044230,0.044440,2.044230,0.044440,0.000000,2549.486267,2.044230,0.044440,2550.063262,0.262676,0.576995,0.000059,0.031896,0.132100,9754,9708,512,46,211.043478,0,57.398218,0
494,2551.238174,79.726193,1.286693,0.040209,1.286693,0.040209,0.000000,2549.951481,1.286693,0.040209,2550.120700,0.936511,0.169219,0.000062,0.034921,0.047514,2755,2723,512,32,85.093750,0,57.445732,0
495,2560.315318,4.785636,10.441545,0.019517,10.441545,0.019517,0.000000,2549.873773,10.441545,0.019517,2550.198737,0.443359,0.324964,0.000056,0.018909,0.193562,6287,5752,512,535,10.751402,0,57.639293,0
496,2561.732924,4.227282,11.691560,0.019293,11.691560,0.019293,0.000000,2550.041365,11.691560,0.019293,2550.367634,0.539646,0.326269,0.000069,0.018755,0.099576,5332,4726,512,606,7.798680,0,57.738869,0
497,2550.479115,2550.479115,0.239521,0.239521,0.239521,0.239521,0.000000,2550.239594,0.239521,0.239521,2550.479115,0.552770,0.239521,0.000052,0.000000,0.070576,4615,4614,512,1,4614.000000,0,57.809446,0
498,2687.735518,16.903997,44.032118,0.276932,44.032118,0.276932,93.347226,2550.356173,137.379344,0.864021,2550.596697,0.369705,0.240524,0.000035,0.862508,0.122942,7058,7039,512,19,370.473684,2,57.932387,0
499,2986.031593,0.356201,193.183861,0.023045,193.183861,0.023045,242.152128,2550.695604,435.335989,0.051931,2550.827816,1.876989,0.132212,0.000097,0.051915,0.055914,9742,9319,512,423,22.030733,5,57.988302,0
500,3052.673708,0.226779,247.175133,0.018362,247.175133,0.018362,254.648032,2550.850544,501.823165,0.037280,2553.708946,0.916622,2.858402,0.001026,0.037067,0.089869,16247,16109,512,138,116.731884,6,58.078171,0
501,2567.998331,4.323230,12.103548,0.020376,12.103548,0.020376,2.416264,2553.478519,14.519812,0.024444,2553.646544,1.029281,0.168025,0.000068,0.024161,0.166810,3075,2414,512,661,3.652042,2,58.244982,0
502,2980.876896,0.369790,166.948036,0.020711,166.948036,0.020711,260.607422,2553.321438,427.555459,0.053040,2553.455101,0.486095,0.133663,0.000025,0.053023,0.271887,13314,12899,512,415,31.081928,4,58.516869,0
503,2561.794385,10.674143,5.132750,0.021386,5.132750,0.021386,0.000000,2556.661634,5.132750,0.021386,2556.765458,1.809459,0.103824,0.000073,0.020954,0.317379,1653,1413,512,240,5.887500,0,58.834248,0
504,2565.860398,5.050906,9.234010,0.018177,9.234010,0.018177,0.000000,2556.626388,9.234010,0.018177,2556.781294,0.972530,0.154906,0.000059,0.017872,0.087555,3137,2629,512,508,5.175197,0,58.921803,0
505,2564.111825,6.507898,7.475044,0.018972,7.475044,0.018972,0.000000,2556.636781,7.475044,0.018972,2556.845196,0.805559,0.208414,0.000066,0.018443,0.091818,3568,3174,512,394,8.055838,0,59.013620,0
506,2565.788081,5.030957,9.197740,0.018035,9.197740,0.018035,0.000000,2556.590341,9.197740,0.018035,2556.932962,0.451675,0.342622,0.000061,0.017363,0.201099,6171,5661,512,510,11.100000,0,59.214719,0
507,3069.259416,0.217910,239.627042,0.017013,239.627042,0.017013,272.807613,2556.824761,512.434655,0.036382,2557.148742,0.332616,0.323980,0.000042,0.036359,0.047192,21773,21271,2144,502,42.372510,6,59.261911,0
508,2954.973395,0.517508,115.661253,0.020256,115.661253,0.020256,280.732638,2558.579504,396.393891,0.069421,2558.783372,0.734438,0.203868,0.000059,0.069385,0.227044,9194,8863,512,331,26.776435,8,59.488955,0
509,3098.152803,0.191020,251.450205,0.015503,251.450205,0.015503,286.751254,2559.951344,538.201459,0.033183,2560.151591,1.721689,0.200247,0.000135,0.033171,0.085187,17706,17222,512,484,35.582645,10,59.574143,0
510,2691.200570,5.689642,9.355970,0.019780,9.355970,0.019780,116.431335,2565.413265,125.787305,0.265935,2565.730315,0.408816,0.317049,0.000051,0.265265,0.015392,6749,6234,512,515,12.104854,2,59.589535,0
511,2692.112548,59.824723,6.498220,0.144405,6.498220,0.144405,2.433975,2683.180353,8.932195,0.198493,2684.255788,0.160044,1.075434,0.000064,0.174595,0.009348,16817,16477,13504,340,48.461765,2,59.598883,0
512,2684.086285,671.021571,0.136107,0.034027,0.136107,0.034027,0.000000,2683.950177,0.136107,0.034027,2684.041819,1.899534,0.091642,0.000065,0.011116,0.230640,1417,1413,512,4,353.250000,0,59.829523,0
