Request Id,request_e2e_time,request_e2e_time_normalized,request_execution_time,request_execution_time_normalized,request_model_execution_time,request_model_execution_time_normalized,request_preemption_time,request_scheduling_delay,request_execution_plus_preemption_time,request_execution_plus_preemption_time_normalized,prefill_e2e_time,prefill_e2e_time_normalized,prefill_time_execution_plus_preemption,prefill_time_execution_plus_preemption_normalized,decode_time_execution_plus_preemption_normalized,request_inter_arrival_delay,request_num_tokens,request_num_prefill_tokens,request_num_prefill_tokens_cached,request_num_decode_tokens,request_pd_ratio,request_num_restarts,request_arrived_at,replica
1,20.168460,0.040337,20.168460,0.040337,20.168460,0.040337,0.000000,0.000000,20.168460,0.040337,0.364484,0.000050,0.364484,0.000050,0.039608,0.185878,7770,7270,0,500,14.540000,0,0.185878,0
2,20.225373,0.041276,19.960383,0.040735,19.960383,0.040735,0.000000,0.264990,19.960383,0.040735,0.659053,0.000084,0.394063,0.000050,0.039931,0.072227,8324,7834,512,490,15.987755,0,0.258105,0
3,31.405313,0.039553,31.019784,0.039068,31.019784,0.039068,0.000000,0.385528,31.019784,0.039068,0.777760,0.000100,0.392232,0.000051,0.038574,0.244518,8542,7748,512,794,9.758186,0,0.502624,0
4,12.231772,0.038708,11.632269,0.036811,11.632269,0.036811,0.000000,0.599504,11.632269,0.036811,0.748182,0.000267,0.148679,0.000053,0.036340,0.149405,3118,2802,512,316,8.867089,0,0.652029,0
5,1.121459,0.373820,0.410744,0.136915,0.410744,0.136915,0.000000,0.710715,0.410744,0.136915,1.074833,0.000148,0.364118,0.000050,0.015542,0.012364,7275,7272,512,3,2424.000000,0,0.664393,0
6,6.421432,0.037118,5.750299,0.033239,5.750299,0.033239,0.000000,0.671133,5.750299,0.033239,0.952041,0.000178,0.280908,0.000053,0.031615,0.375000,5519,5346,512,173,30.901734,0,1.039393,0
7,20.976520,0.046306,20.231149,0.044660,20.231149,0.044660,0.000000,0.745370,20.231149,0.044660,2.235012,0.000094,1.489641,0.000063,0.041372,0.178985,24106,23653,512,453,52.214128,0,1.218377,0
8,22.860818,0.049914,20.859515,0.045545,20.859515,0.045545,0.000000,2.001303,20.859515,0.045545,3.850807,0.000141,1.849504,0.000068,0.041507,0.192760,27858,27400,512,458,59.825328,0,1.411137,0
9,21.505517,0.053496,17.716024,0.044070,17.716024,0.044070,0.000000,3.789493,17.716024,0.044070,4.429854,0.000402,0.640361,0.000058,0.042477,0.017137,11412,11010,512,402,27.388060,0,1.428274,0
10,30.345971,0.049747,26.023427,0.042661,26.023427,0.042661,0.000000,4.322544,26.023427,0.042661,5.446353,0.000303,1.123809,0.000063,0.040819,0.074817,18572,17962,512,610,29.445902,0,1.503092,0
11,8.905272,0.125426,3.554500,0.050063,3.554500,0.050063,0.000000,5.350772,3.554500,0.050063,6.200660,0.000441,0.849888,0.000060,0.038093,0.057913,14127,14056,512,71,197.971831,0,1.561004,0
12,29.744281,0.073991,23.905370,0.059466,23.905370,0.059466,0.000000,5.838911,23.905370,0.059466,15.851677,0.000181,10.012766,0.000114,0.034559,0.326760,88083,87681,512,402,218.111940,0,1.887765,0
13,34.694911,0.063312,19.062309,0.034785,19.062309,0.034785,0.000000,15.632602,19.062309,0.034785,16.060578,0.002349,0.427976,0.000063,0.034004,0.129056,7384,6836,512,548,12.474453,0,2.016820,0
14,28.335256,0.080043,12.521472,0.035371,12.521472,0.035371,0.000000,15.813784,12.521472,0.035371,15.949631,0.006319,0.135847,0.000054,0.034988,0.216282,2878,2524,512,354,7.129944,0,2.233103,0
15,16.670185,1.190728,0.821097,0.058650,0.821097,0.058650,0.000000,15.849088,0.821097,0.058650,16.303300,0.002081,0.454212,0.000058,0.026206,0.073242,7850,7836,512,14,559.714286,0,2.306345,0
16,21.628784,0.149164,5.389303,0.037168,5.389303,0.037168,0.000000,16.239480,5.389303,0.037168,16.830689,0.001695,0.591209,0.000060,0.033090,0.032223,10075,9930,512,145,68.482759,0,2.338568,0
17,29.296806,0.082526,12.600513,0.035494,12.600513,0.035494,0.000000,16.696294,12.600513,0.035494,16.755452,0.011742,0.059158,0.000041,0.035328,0.101094,1782,1427,512,355,4.019718,0,2.439661,0
18,33.706381,0.072331,16.985028,0.036449,16.985028,0.036449,0.000000,16.721353,16.985028,0.036449,17.563801,0.001315,0.842449,0.000063,0.034641,0.008243,13824,13358,512,466,28.665236,0,2.447904,0
19,50.850845,0.054737,33.542957,0.036107,33.542957,0.036107,0.000000,17.307889,33.542957,0.036107,18.734709,0.000891,1.426820,0.000068,0.034571,0.219765,21947,21018,512,929,22.624327,0,2.667669,0
20,31.777788,0.091054,13.209082,0.037848,13.209082,0.037848,0.000000,18.568706,13.209082,0.037848,19.698378,0.001151,1.129671,0.000066,0.034611,0.124845,17470,17121,512,349,49.057307,0,2.792514,0
21,34.200996,0.092435,14.718303,0.039779,14.718303,0.039779,0.000000,19.482693,14.718303,0.039779,21.437578,0.000798,1.954886,0.000073,0.034496,0.177398,27235,26865,512,370,72.608108,0,2.969912,0
22,37.744805,0.079463,16.407642,0.034542,16.407642,0.034542,0.000000,21.337163,16.407642,0.034542,21.719714,0.003305,0.382550,0.000058,0.033737,0.054721,7046,6571,512,475,13.833684,0,3.024633,0
23,36.014176,0.085748,14.700041,0.035000,14.700041,0.035000,0.000000,21.314135,14.700041,0.035000,21.679625,0.003353,0.365490,0.000057,0.034130,0.375000,6886,6466,512,420,15.395238,0,3.399633,0
24,51.403142,0.060617,30.033472,0.035417,30.033472,0.035417,0.000000,21.369670,30.033472,0.035417,22.079803,0.001863,0.710133,0.000060,0.034579,0.279507,12699,11851,512,848,13.975236,0,3.679140,0
25,26.180462,0.327256,4.324442,0.054056,4.324442,0.054056,0.000000,21.856021,4.324442,0.054056,22.891702,0.001460,1.035681,0.000066,0.041110,0.188351,15764,15684,512,80,196.050000,0,3.867491,0
26,35.222858,0.132916,12.396308,0.046779,12.396308,0.046779,0.000000,22.826551,12.396308,0.046779,26.915760,0.000580,4.089210,0.000088,0.031348,0.027058,46699,46434,512,265,175.222642,0,3.894549,0
27,27.626272,1.062549,0.850256,0.032702,0.850256,0.032702,0.000000,26.776016,0.850256,0.032702,26.891560,0.017183,0.115545,0.000074,0.028258,0.078589,1591,1565,512,26,60.192308,0,3.973138,0
28,52.130334,0.069974,25.271956,0.033922,25.271956,0.033922,0.000000,26.858378,25.271956,0.033922,27.236818,0.004378,0.378441,0.000061,0.033414,0.005599,6967,6222,512,745,8.351678,0,3.978737,0
29,27.908252,2.537114,0.724199,0.065836,0.724199,0.065836,0.000000,27.184054,0.724199,0.065836,27.632361,0.003565,0.448307,0.000058,0.025081,0.020947,7761,7750,512,11,704.545455,0,3.999684,0
30,47.843045,0.081923,20.386946,0.034909,20.386946,0.034909,0.000000,27.456099,20.386946,0.034909,28.111704,0.002587,0.655604,0.000060,0.033787,0.143626,11451,10867,512,584,18.607877,0,4.143310,0
31,48.976801,0.079637,21.069150,0.034259,21.069150,0.034259,0.000000,27.907651,21.069150,0.034259,28.017873,0.014086,0.110222,0.000055,0.034080,0.170695,2604,1989,512,615,3.234146,0,4.314005,0
32,39.732172,0.115500,12.115610,0.035220,12.115610,0.035220,0.000000,27.616561,12.115610,0.035220,28.634779,0.001803,1.018218,0.000064,0.032260,0.375000,16222,15878,512,344,46.156977,0,4.689005,0
33,38.748401,0.125399,10.201244,0.033014,10.201244,0.033014,0.000000,28.547156,10.201244,0.033014,28.777370,0.006665,0.230214,0.000053,0.032269,0.049283,4627,4318,512,309,13.974110,0,4.738289,0
34,29.246017,29.246017,0.555566,0.555566,0.555566,0.555566,0.000000,28.690451,0.555566,0.555566,29.246017,0.003150,0.555566,0.000060,0.000000,0.057846,9285,9284,512,1,9284.000000,0,4.796134,0
35,38.569490,0.162057,9.435420,0.039645,9.435420,0.039645,0.000000,29.134070,9.435420,0.039645,31.031592,0.001164,1.897523,0.000071,0.031672,0.079255,26906,26668,512,238,112.050420,0,4.875389,0
36,47.515422,0.105825,16.555414,0.036872,16.555414,0.036872,0.000000,30.960007,16.555414,0.036872,32.110112,0.001873,1.150104,0.000067,0.034310,0.026259,17596,17147,512,449,38.189310,0,4.901648,0
37,33.032571,1.065567,0.978959,0.031579,0.978959,0.031579,0.000000,32.053612,0.978959,0.031579,32.199715,0.011479,0.146103,0.000052,0.026866,0.017396,2836,2805,512,31,90.483871,0,4.919044,0
38,39.904733,0.166270,7.813403,0.032556,7.813403,0.032556,0.000000,32.091330,7.813403,0.032556,32.171151,0.019834,0.079821,0.000049,0.032223,0.080713,1862,1622,512,240,6.758333,0,4.999757,0
39,51.218360,0.092285,19.105927,0.034425,19.105927,0.034425,0.000000,32.112433,19.105927,0.034425,32.354059,0.007815,0.241626,0.000058,0.033990,0.032170,4695,4140,512,555,7.459459,0,5.031927,0
40,50.239164,0.095876,18.052327,0.034451,18.052327,0.034451,0.000000,32.186837,18.052327,0.034451,32.320899,0.012675,0.134062,0.000053,0.034195,0.138512,3074,2550,512,524,4.866412,0,5.170439,0
41,52.305787,0.089107,20.083990,0.034215,20.083990,0.034215,0.000000,32.221798,20.083990,0.034215,32.353723,0.013403,0.131925,0.000055,0.033990,0.071843,3001,2414,512,587,4.112436,0,5.242282,0
42,40.844286,0.179931,8.741015,0.038507,8.741015,0.038507,0.000000,32.103271,8.741015,0.038507,33.022976,0.002269,0.919705,0.000063,0.034455,0.223480,14780,14553,512,227,64.110132,0,5.465762,0
43,42.010563,0.175776,9.174695,0.038388,9.174695,0.038388,0.000000,32.835869,9.174695,0.038388,33.635854,0.002668,0.799986,0.000063,0.035041,0.150607,12846,12607,512,239,52.748954,0,5.616369,0
44,45.004228,0.138902,11.449474,0.035338,11.449474,0.035338,0.000000,33.554755,11.449474,0.035338,33.669848,0.021337,0.115093,0.000073,0.034983,0.046812,1902,1578,512,324,4.870370,0,5.663182,0
45,41.331941,0.203606,7.912978,0.038980,7.912978,0.038980,0.000000,33.418963,7.912978,0.038980,34.024622,0.003360,0.605659,0.000060,0.035997,0.223167,10330,10127,512,203,49.886700,0,5.886349,0
46,38.621342,0.367822,4.834877,0.046046,4.834877,0.046046,0.000000,33.786465,4.834877,0.046046,35.192700,0.001718,1.406235,0.000069,0.032654,0.204194,20593,20488,512,105,195.123810,0,6.090542,0
47,52.028346,0.108167,16.938838,0.035216,16.938838,0.035216,0.000000,35.089508,16.938838,0.035216,35.544091,0.005051,0.454583,0.000065,0.034271,0.061271,7518,7037,512,481,14.629938,0,6.151814,0
48,47.159744,0.145555,11.690822,0.036083,11.690822,0.036083,0.000000,35.468922,11.690822,0.036083,35.528826,0.025198,0.059904,0.000042,0.035898,0.042517,1734,1410,512,324,4.351852,0,6.194331,0
49,48.494642,0.134334,13.136477,0.036389,13.136477,0.036389,0.000000,35.358166,13.136477,0.036389,35.699215,0.006048,0.341049,0.000058,0.035444,0.143408,6264,5903,512,361,16.351801,0,6.337739,0
50,49.982071,0.138072,14.332507,0.039593,14.332507,0.039593,0.000000,35.649564,14.332507,0.039593,37.389086,0.001549,1.739522,0.000072,0.034787,0.018817,24505,24143,512,362,66.693370,0,6.356556,0
51,60.096872,0.102032,22.780177,0.038676,22.780177,0.038676,0.000000,37.316695,22.780177,0.038676,40.546388,0.001042,3.229693,0.000083,0.033193,0.027879,39484,38895,512,589,66.035654,0,6.384434,0
52,54.585053,0.131530,14.093351,0.033960,14.093351,0.033960,0.000000,40.491702,14.093351,0.033960,40.985219,0.005088,0.493517,0.000061,0.032771,0.000924,8470,8055,512,415,19.409639,0,6.385358,0
53,48.799111,0.222827,8.038342,0.036705,8.038342,0.036705,0.000000,40.760769,8.038342,0.036705,41.355976,0.004360,0.595207,0.000063,0.033987,0.193264,9705,9486,512,219,43.315068,0,6.578622,0
54,62.863633,0.107093,21.677103,0.036929,21.677103,0.036929,0.000000,41.186530,21.677103,0.036929,42.963324,0.001735,1.776794,0.000072,0.033902,0.136647,25345,24758,512,587,42.177172,0,6.715269,0
55,57.545212,0.137998,14.780115,0.035444,14.780115,0.035444,0.000000,42.765097,14.780115,0.035444,43.878064,0.002696,1.112967,0.000068,0.032775,0.152668,16690,16273,512,417,39.023981,0,6.867937,0
56,61.092898,0.133100,17.444042,0.038004,17.444042,0.038004,0.000000,43.648856,17.444042,0.038004,45.805431,0.001624,2.156575,0.000076,0.033306,0.189681,28672,28213,512,459,61.466231,0,7.057618,0
57,49.390637,0.503986,3.708343,0.037840,3.708343,0.037840,0.000000,45.682293,3.708343,0.037840,46.452370,0.004021,0.770077,0.000067,0.029982,0.076773,11651,11553,512,98,117.887755,0,7.134390,0
58,47.271706,1.969654,0.958845,0.039952,0.958845,0.039952,0.000000,46.312860,0.958845,0.039952,46.594882,0.008713,0.282021,0.000053,0.028201,0.105131,5372,5348,512,24,222.833333,0,7.239521,0
59,58.406735,0.164526,11.860382,0.033410,11.860382,0.033410,0.000000,46.546353,11.860382,0.033410,46.707337,0.016320,0.160984,0.000056,0.032956,0.018823,3217,2862,512,355,8.061972,0,7.258344,0
60,60.925129,0.144715,14.260358,0.033873,14.260358,0.033873,0.000000,46.664771,14.260358,0.033873,46.747576,0.032329,0.082805,0.000057,0.033676,0.015205,1867,1446,512,421,3.434679,0,7.273549,0
61,65.503078,0.125485,18.921533,0.036248,18.921533,0.036248,0.000000,46.581544,18.921533,0.036248,47.528911,0.003257,0.947366,0.000065,0.034433,0.137979,15115,14593,512,522,27.955939,0,7.411528,0
62,60.659369,0.161758,13.246712,0.035325,13.246712,0.035325,0.000000,47.412657,13.246712,0.035325,47.950830,0.005677,0.538173,0.000064,0.033889,0.079619,8822,8447,512,375,22.525333,0,7.491147,0
63,67.042354,0.125547,19.228016,0.036008,19.228016,0.036008,0.000000,47.814338,19.228016,0.036008,48.691750,0.003382,0.877412,0.000061,0.034364,0.104119,14932,14398,512,534,26.962547,0,7.595266,0
64,50.319389,0.882796,1.845389,0.032375,1.845389,0.032375,0.000000,48.474001,1.845389,0.032375,48.562340,0.034441,0.088339,0.000063,0.030825,0.181021,1467,1410,512,57,24.736842,0,7.776287,0
65,55.477221,0.311670,7.066907,0.039702,7.066907,0.039702,0.000000,48.410314,7.066907,0.039702,49.767890,0.002463,1.357576,0.000067,0.032075,0.125886,20384,20206,512,178,113.516854,0,7.902172,0
66,56.176995,0.288087,6.551028,0.033595,6.551028,0.033595,0.000000,49.625967,6.551028,0.033595,49.829019,0.013482,0.203053,0.000055,0.032554,0.100812,3891,3696,512,195,18.953846,0,8.002984,0
67,62.458045,0.170650,12.759787,0.034863,12.759787,0.034863,0.000000,49.698258,12.759787,0.034863,49.858544,0.015763,0.160286,0.000051,0.034425,0.102398,3529,3163,512,366,8.642077,0,8.105382,0
68,52.150422,2.005785,2.364868,0.090956,2.364868,0.090956,0.000000,49.785553,2.364868,0.090956,51.441901,0.002175,1.656348,0.000070,0.027251,0.045292,23681,23655,512,26,909.807692,0,8.150673,0
69,70.160768,0.129448,18.766316,0.034624,18.766316,0.034624,0.000000,51.394453,18.766316,0.034624,51.777013,0.008047,0.382560,0.000059,0.033918,0.003913,6976,6434,512,542,11.870849,0,8.154586,0
70,67.466416,0.153682,15.791892,0.035972,15.791892,0.035972,0.000000,51.674524,15.791892,0.035972,52.201933,0.005838,0.527410,0.000059,0.034771,0.071747,9380,8941,512,439,20.366743,0,8.226333,0
71,66.319682,0.171369,14.180286,0.036642,14.180286,0.036642,0.000000,52.139396,14.180286,0.036642,52.636697,0.005938,0.497301,0.000056,0.035357,0.030193,9251,8864,512,387,22.904393,0,8.256526,0
72,61.869480,0.261053,9.330884,0.039371,9.330884,0.039371,0.000000,52.538595,9.330884,0.039371,53.333337,0.004209,0.794742,0.000063,0.036017,0.065643,12908,12671,512,237,53.464135,0,8.322168,0
73,76.663579,0.127137,23.605482,0.039147,23.605482,0.039147,0.000000,53.058097,23.605482,0.039147,55.184749,0.001921,2.126653,0.000074,0.035620,0.240009,29329,28726,512,603,47.638474,0,8.562177,0
74,57.168423,19.056141,2.064212,0.688071,2.064212,0.688071,0.000000,55.104211,2.064212,0.688071,57.115958,0.002084,2.011747,0.000073,0.017488,0.033312,27406,27403,512,3,9134.333333,0,8.595489,0
75,69.026719,0.198924,11.964637,0.034480,11.964637,0.034480,0.000000,57.062082,11.964637,0.034480,57.214885,0.021631,0.152803,0.000058,0.034040,0.007509,2992,2645,512,347,7.622478,0,8.602998,0
76,68.444575,0.268410,11.298314,0.044307,11.298314,0.044307,0.000000,57.146261,11.298314,0.044307,60.059286,0.001626,2.913025,0.000079,0.032883,0.041303,37189,36934,512,255,144.839216,0,8.644301,0
77,69.522543,0.239733,9.558927,0.032962,9.558927,0.032962,0.000000,59.963617,9.558927,0.032962,60.091678,0.031039,0.128061,0.000066,0.032520,0.043446,2226,1936,512,290,6.675862,0,8.687747,0
78,74.410923,0.192276,14.480781,0.037418,14.480781,0.037418,0.000000,59.930143,14.480781,0.037418,61.125105,0.003286,1.194962,0.000064,0.034330,0.135558,18991,18604,512,387,48.072351,0,8.823305,0
79,83.074808,0.154414,22.090058,0.041060,22.090058,0.041060,0.000000,60.984750,22.090058,0.041060,63.721778,0.001788,2.737028,0.000077,0.035972,0.101782,36176,35638,512,538,66.241636,0,8.925087,0
80,65.024409,1.354675,1.545793,0.032204,1.545793,0.032204,0.000000,63.478616,1.545793,0.032204,63.580993,0.043370,0.102377,0.000070,0.030071,0.191501,1514,1466,512,48,30.541667,0,9.116588,0
81,88.153254,0.140148,24.734397,0.039323,24.734397,0.039323,0.000000,63.418858,24.734397,0.039323,64.454214,0.003939,1.035357,0.000063,0.037677,0.136447,16993,16364,512,629,26.015898,0,9.253035,0
82,89.516197,0.141640,25.164506,0.039817,25.164506,0.039817,0.000000,64.351692,25.164506,0.039817,64.919019,0.006656,0.567328,0.000058,0.038920,0.065191,10386,9754,512,632,15.433544,0,9.318226,0
83,82.471404,0.179286,17.795150,0.038685,17.795150,0.038685,0.000000,64.676254,17.795150,0.038685,65.510626,0.004875,0.834372,0.000062,0.036871,0.210265,13899,13439,512,460,29.215217,0,9.528491,0
84,79.531734,0.230527,14.079437,0.040810,14.079437,0.040810,0.000000,65.452297,14.079437,0.040810,66.617956,0.003638,1.165659,0.000064,0.037431,0.022836,18656,18311,512,345,53.075362,0,9.551327,0
85,67.103848,67.103848,0.488764,0.488764,0.488764,0.488764,0.000000,66.615084,0.488764,0.488764,67.103848,0.007852,0.488764,0.000057,0.000000,0.002872,8547,8546,512,1,8546.000000,0,9.554198,0
86,93.225685,0.156419,26.166159,0.043903,26.166159,0.043903,0.000000,67.059527,26.166159,0.043903,67.718382,0.006011,0.658855,0.000058,0.042797,0.011795,11861,11265,512,596,18.901007,0,9.565994,0
87,81.711566,0.225723,14.186972,0.039191,14.186972,0.039191,0.000000,67.524594,14.186972,0.039191,67.798258,0.013417,0.273664,0.000054,0.038435,0.160178,5415,5053,512,362,13.958564,0,9.726172,0
88,90.931237,0.195972,23.239178,0.050084,23.239178,0.050084,0.000000,67.692059,23.239178,0.050084,71.270392,0.001648,3.578333,0.000083,0.042373,0.077459,43698,43234,512,464,93.176724,0,9.803631,0
89,72.875278,2.143391,1.684418,0.049542,1.684418,0.049542,0.000000,71.190859,1.684418,0.049542,71.872252,0.006527,0.681392,0.000062,0.029501,0.021984,11046,11012,512,34,323.882353,0,9.825614,0
90,94.326898,0.191721,22.575379,0.045885,22.575379,0.045885,0.000000,71.751520,22.575379,0.045885,72.623547,0.005140,0.872027,0.000062,0.044113,0.086905,14620,14128,512,492,28.715447,0,9.912519,0
91,103.582003,0.188674,31.015321,0.056494,31.015321,0.056494,0.000000,72.566681,31.015321,0.056494,77.080140,0.001529,4.513459,0.000090,0.048273,0.020655,50963,50414,512,549,91.828780,0,9.933175,0
92,97.856129,0.222400,20.988749,0.047702,20.988749,0.047702,0.000000,76.867380,20.988749,0.047702,78.045069,0.004439,1.177689,0.000067,0.045025,0.148973,18023,17583,512,440,39.961364,0,10.082147,0
93,111.323444,0.197733,33.391671,0.059310,33.391671,0.059310,0.000000,77.931773,33.391671,0.059310,79.407435,0.003675,1.475662,0.000068,0.056689,0.073859,22169,21606,512,563,38.376554,0,10.156006,0
94,106.400487,0.237501,27.095153,0.060480,27.095153,0.060480,0.000000,79.305334,27.095153,0.060480,81.505207,0.002737,2.199873,0.000074,0.055570,0.059961,30225,29777,512,448,66.466518,0,10.215967,0
95,83.731032,2.392315,2.318791,0.066251,2.318791,0.066251,0.000000,81.412242,2.318791,0.066251,82.614800,0.004599,1.202558,0.000067,0.031892,0.044855,18000,17965,512,35,513.285714,0,10.260822,0
96,124.186405,0.181825,41.735470,0.061106,41.735470,0.061106,0.000000,82.450935,41.735470,0.061106,91.770098,0.001108,9.319163,0.000113,0.047462,0.124377,83471,82788,512,683,121.212299,0,10.385199,0
97,121.893198,0.210888,30.266044,0.052363,30.266044,0.052363,0.000000,91.627154,30.266044,0.052363,93.602886,0.003525,1.975732,0.000074,0.048945,0.056140,27135,26557,512,578,45.946367,0,10.441339,0
98,134.505926,0.231907,40.960494,0.070622,40.960494,0.070622,0.000000,93.545432,40.960494,0.070622,110.585243,0.000913,17.039811,0.000141,0.041243,0.011466,121725,121145,512,580,208.870690,0,10.452806,0
99,132.549712,0.257879,22.096361,0.042989,22.096361,0.042989,0.000000,110.453351,22.096361,0.042989,110.624630,0.060319,0.171280,0.000093,0.042656,0.015696,2348,1834,512,514,3.568093,0,10.468502,0
100,118.834336,0.448431,8.612570,0.032500,8.612570,0.032500,0.000000,110.221766,8.612570,0.032500,110.302979,0.077243,0.081213,0.000057,0.032194,0.375000,1693,1428,512,265,5.388679,0,10.843502,0
101,135.488382,0.221025,25.511445,0.041617,25.511445,0.041617,0.000000,109.976937,25.511445,0.041617,110.169243,0.032431,0.192306,0.000057,0.041304,0.299037,4010,3397,512,613,5.541599,0,11.142539,0
102,135.199822,0.227993,25.210046,0.042513,25.210046,0.042513,0.000000,109.989776,25.210046,0.042513,110.530252,0.012105,0.540477,0.000059,0.041601,0.150375,9724,9131,512,593,15.397976,0,11.292914,0
103,111.479841,3.596124,1.021482,0.032951,1.021482,0.032951,0.000000,110.458359,1.021482,0.032951,110.572426,0.049341,0.114067,0.000051,0.029271,0.038634,2272,2241,512,31,72.290323,0,11.331547,0
104,132.086663,0.260013,21.916765,0.043143,21.916765,0.043143,0.000000,110.169898,21.916765,0.043143,110.332770,0.037528,0.162872,0.000055,0.042823,0.375000,3448,2940,512,508,5.787402,0,11.706547,0
105,124.861230,0.334749,14.745218,0.039531,14.745218,0.039531,0.000000,110.116011,14.745218,0.039531,110.862861,0.009209,0.746849,0.000062,0.037529,0.188558,12412,12039,512,373,32.276139,0,11.895106,0
106,132.471727,0.262320,21.802249,0.043173,21.802249,0.043173,0.000000,110.669478,21.802249,0.043173,110.758543,0.069267,0.089065,0.000056,0.042996,0.157740,2104,1599,512,505,3.166337,0,12.052846,0
107,138.173057,0.222501,27.516183,0.044309,27.516183,0.044309,0.000000,110.656873,27.516183,0.044309,110.819732,0.038161,0.162859,0.000056,0.044047,0.074585,3525,2904,512,621,4.676329,0,12.127430,0
108,134.234623,0.253752,23.482900,0.044391,23.482900,0.044391,0.000000,110.751723,23.482900,0.044391,111.520915,0.008913,0.769191,0.000061,0.042937,0.039723,13041,12512,512,529,23.652174,0,12.167154,0
109,112.886489,6.640382,1.413834,0.083167,1.413834,0.083167,0.000000,111.472655,1.413834,0.083167,112.397582,0.007995,0.924927,0.000066,0.028759,0.012670,14075,14058,512,17,826.941176,0,12.179823,0
110,129.509789,0.361759,17.441401,0.048719,17.441401,0.048719,0.000000,112.068388,17.441401,0.048719,112.992791,0.007957,0.924403,0.000065,0.046137,0.291119,14559,14201,512,358,39.667598,0,12.470943,0
111,120.431382,0.661711,7.552695,0.041498,7.552695,0.041498,0.000000,112.878688,7.552695,0.041498,114.032313,0.006717,1.153625,0.000068,0.035160,0.076049,17158,16976,512,182,93.274725,0,12.546992,0
112,137.655797,0.297313,23.691557,0.051170,23.691557,0.051170,0.000000,113.964240,23.691557,0.051170,115.670659,0.004960,1.706419,0.000073,0.047484,0.028263,23783,23320,512,463,50.367171,0,12.575255,0
113,131.234181,0.428870,15.654085,0.051157,15.654085,0.051157,0.000000,115.580096,15.654085,0.051157,116.147120,0.012907,0.567024,0.000063,0.049304,0.045653,9305,8999,512,306,29.408497,0,12.620907,0
114,123.218583,0.770116,7.213657,0.045085,7.213657,0.045085,0.000000,116.004926,7.213657,0.045085,116.628553,0.011975,0.623628,0.000064,0.041188,0.108206,9899,9739,512,160,60.868750,0,12.729113,0
115,128.535648,0.563753,11.965956,0.052482,11.965956,0.052482,0.000000,116.569692,11.965956,0.052482,116.832254,0.028869,0.262561,0.000065,0.051331,0.024315,4275,4047,512,228,17.750000,0,12.753428,0
116,128.041016,0.574175,11.485695,0.051505,11.485695,0.051505,0.000000,116.555321,11.485695,0.051505,116.651635,0.067900,0.096314,0.000056,0.051073,0.242777,1941,1718,512,223,7.704036,0,12.996205,0
117,129.874112,0.559802,13.431551,0.057895,13.431551,0.057895,0.000000,116.442561,13.431551,0.057895,117.090929,0.012964,0.648368,0.000072,0.055100,0.177621,9264,9032,512,232,38.931034,0,13.173826,0
118,143.222597,0.249517,26.328300,0.045868,26.328300,0.045868,0.000000,116.894297,26.328300,0.045868,116.963149,0.083011,0.068852,0.000049,0.045748,0.158881,1983,1409,512,574,2.454704,0,13.332707,0
119,146.831183,0.238362,29.969860,0.048652,29.969860,0.048652,0.000000,116.861323,29.969860,0.048652,118.775610,0.004972,1.914287,0.000080,0.045545,0.070725,24507,23891,512,616,38.784091,0,13.403432,0
120,129.521130,18.503019,10.916936,1.559562,10.916936,1.559562,0.000000,118.604194,10.916936,1.559562,129.350458,0.001475,10.746264,0.000123,0.024382,0.123376,87691,87684,512,7,12526.285714,0,13.526808,0
121,149.155936,0.301935,20.006636,0.040499,20.006636,0.040499,0.000000,129.149300,20.006636,0.040499,129.526869,0.022820,0.377570,0.000067,0.039735,0.109663,6170,5676,512,494,11.489879,0,13.636471,0
122,132.817027,1.492326,3.451193,0.038777,3.451193,0.038777,0.000000,129.365834,3.451193,0.038777,129.771814,0.019767,0.405980,0.000062,0.034216,0.131173,6654,6565,512,89,73.764045,0,13.767644,0
123,144.084162,0.426285,14.355228,0.042471,14.355228,0.042471,0.000000,129.728934,14.355228,0.042471,130.719576,0.008187,0.990641,0.000062,0.039540,0.011028,16304,15966,512,338,47.236686,0,13.778672,0
124,151.657418,0.379144,21.042728,0.052607,21.042728,0.052607,0.000000,130.614689,21.042728,0.052607,137.694535,0.001963,7.079846,0.000101,0.034907,0.067191,70557,70157,512,400,175.392500,0,13.845862,0
125,158.281016,0.279648,20.668123,0.036516,20.668123,0.036516,0.000000,137.612892,20.668123,0.036516,138.479094,0.010112,0.866202,0.000063,0.034986,0.005313,14261,13695,512,566,24.196113,0,13.851176,0
126,155.007433,0.339929,16.649105,0.036511,16.649105,0.036511,0.000000,138.358328,16.649105,0.036511,138.470929,0.057528,0.112601,0.000047,0.036264,0.085150,2863,2407,512,456,5.278509,0,13.936326,0
127,152.693825,0.385590,14.299303,0.036109,14.299303,0.036109,0.000000,138.394523,14.299303,0.036109,138.471140,0.097584,0.076618,0.000054,0.035916,0.050034,1815,1419,512,396,3.583333,0,13.986359,0
128,154.455705,0.351835,16.029522,0.036514,16.029522,0.036514,0.000000,138.426183,16.029522,0.036514,138.501643,0.098368,0.075460,0.000054,0.036342,0.019512,1847,1408,512,439,3.207289,0,14.005872,0
129,148.463261,0.687330,10.000658,0.046299,10.000658,0.046299,0.000000,138.462603,10.000658,0.046299,140.420518,0.005076,1.957915,0.000071,0.037235,0.013644,27880,27664,512,216,128.074074,0,14.019515,0
130,141.437372,5.051335,1.173391,0.041907,1.173391,0.041907,0.000000,140.263981,1.173391,0.041907,140.642006,0.020568,0.378025,0.000055,0.028406,0.110734,6866,6838,512,28,244.214286,0,14.130249,0
131,161.504752,0.267392,20.916614,0.034630,20.916614,0.034630,0.000000,140.588137,20.916614,0.034630,140.747810,0.052715,0.159673,0.000060,0.034366,0.023381,3274,2670,512,604,4.420530,0,14.153629,0
132,157.295885,0.347232,16.899001,0.037305,16.899001,0.037305,0.000000,140.396884,16.899001,0.037305,141.090007,0.012002,0.693124,0.000059,0.035775,0.323984,12209,11756,512,453,25.951435,0,14.477613,0
133,160.560845,0.300676,19.614119,0.036731,19.614119,0.036731,0.000000,140.946726,19.614119,0.036731,141.968937,0.008912,1.022211,0.000064,0.034816,0.108754,16464,15930,512,534,29.831461,0,14.586367,0
134,146.821984,1.322721,4.943928,0.044540,4.943928,0.044540,0.000000,141.878057,4.943928,0.044540,142.077394,0.040180,0.199337,0.000056,0.042744,0.053247,3647,3536,512,111,31.855856,0,14.639614,0
135,152.380990,0.880815,10.443782,0.060369,10.443782,0.060369,0.000000,141.937208,10.443782,0.060369,146.438038,0.002902,4.500830,0.000089,0.034352,0.111729,50633,50460,512,173,291.676301,0,14.751344,0
136,159.286867,0.411594,12.914106,0.033370,12.914106,0.033370,0.000000,146.372761,12.914106,0.033370,146.487978,0.102726,0.115216,0.000081,0.033072,0.002883,1813,1426,512,387,3.684755,0,14.754227,0
137,151.129776,1.361530,5.043599,0.045438,5.043599,0.045438,0.000000,146.086177,5.043599,0.045438,147.557242,0.006771,1.471065,0.000068,0.032185,0.375000,21902,21791,512,111,196.315315,0,15.129227,0
138,160.131220,0.428158,12.697930,0.033952,12.697930,0.033952,0.000000,147.433290,12.697930,0.033952,147.934464,0.017727,0.501174,0.000060,0.032612,0.082296,8719,8345,512,374,22.312834,0,15.211523,0
139,148.088591,14.808859,0.376575,0.037657,0.376575,0.037657,0.000000,147.712016,0.376575,0.037657,147.850035,0.058531,0.138019,0.000055,0.023856,0.190830,2536,2526,512,10,252.600000,0,15.402353,0
140,165.467020,0.308707,17.655339,0.032939,17.655339,0.032939,0.000000,147.811681,17.655339,0.032939,147.891151,0.101504,0.079470,0.000055,0.032791,0.010794,1993,1457,512,536,2.718284,0,15.413147,0
141,162.222123,0.372069,14.440593,0.033121,14.440593,0.033121,0.000000,147.781530,14.440593,0.033121,147.969011,0.042301,0.187481,0.000054,0.032691,0.083352,3934,3498,512,436,8.022936,0,15.496498,0
142,163.676969,0.340285,15.820666,0.032891,15.820666,0.032891,0.000000,147.856303,15.820666,0.032891,147.936516,0.092750,0.080213,0.000050,0.032724,0.084341,2076,1595,512,481,3.316008,0,15.580840,0
143,162.636593,0.374739,15.073718,0.034732,15.073718,0.034732,0.000000,147.562876,15.073718,0.034732,148.427033,0.010792,0.864157,0.000063,0.032741,0.347228,14188,13754,512,434,31.691244,0,15.928068,0
144,169.872540,0.295431,21.587565,0.037544,21.587565,0.037544,0.000000,148.284975,21.587565,0.037544,151.683240,0.003649,3.398265,0.000082,0.031634,0.106000,42140,41565,512,575,72.286957,0,16.034068,0
145,164.563494,0.454595,13.015392,0.035954,13.015392,0.035954,0.000000,151.548102,13.015392,0.035954,153.325293,0.006101,1.777191,0.000071,0.031045,0.080185,25495,25133,512,362,69.428177,0,16.114253,0
146,191.490366,0.211358,38.247237,0.042215,38.247237,0.042215,0.000000,153.243128,38.247237,0.042215,153.312460,0.108732,0.069332,0.000049,0.042139,0.038822,2316,1410,512,906,1.556291,0,16.153075,0
147,155.438879,2.072518,2.202761,0.029370,2.202761,0.029370,0.000000,153.236118,2.202761,0.029370,153.338900,0.096017,0.102782,0.000064,0.028000,0.050353,1672,1597,512,75,21.293333,0,16.203428,0
148,167.230142,0.378349,14.009543,0.031696,14.009543,0.031696,0.000000,153.220599,14.009543,0.031696,153.548832,0.024903,0.328233,0.000053,0.030953,0.091921,6608,6166,512,442,13.950226,0,16.295349,0
149,154.183485,10.278899,0.736582,0.049105,0.736582,0.049105,0.000000,153.446904,0.736582,0.049105,153.805919,0.023842,0.359015,0.000056,0.025171,0.072235,6466,6451,512,15,430.066667,0,16.367584,0
150,166.948848,0.404234,13.175706,0.031902,13.175706,0.031902,0.000000,153.773142,13.175706,0.031902,154.073264,0.027454,0.300122,0.000053,0.031176,0.002731,6025,5612,512,413,13.588378,0,16.370315,0
151,154.860177,9.109422,1.034893,0.060876,1.034893,0.060876,0.000000,153.825284,1.034893,0.060876,154.408006,0.015545,0.582722,0.000059,0.026598,0.218797,9950,9933,512,17,584.294118,0,16.589113,0
152,159.851308,0.859416,5.758776,0.030961,5.758776,0.030961,0.000000,154.092533,5.758776,0.030961,154.261490,0.057155,0.168957,0.000063,0.030053,0.283114,2885,2699,512,186,14.510753,0,16.872226,0
153,165.792959,0.479170,11.578809,0.033465,11.578809,0.033465,0.000000,154.214150,11.578809,0.033465,154.882383,0.013809,0.668232,0.000060,0.031533,0.018889,11562,11216,512,346,32.416185,0,16.891116,0
154,166.053386,0.489833,11.305436,0.033349,11.305436,0.033349,0.000000,154.747951,11.305436,0.033349,155.328442,0.015736,0.580491,0.000059,0.031637,0.100940,10210,9871,512,339,29.117994,0,16.992055,0
155,162.836751,0.687075,7.554878,0.031877,7.554878,0.031877,0.000000,155.281873,7.554878,0.031877,155.364176,0.104411,0.082304,0.000055,0.031530,0.014367,1725,1488,512,237,6.278481,0,17.006422,0
156,159.671102,1.464872,4.471725,0.041025,4.471725,0.041025,0.000000,155.199377,4.471725,0.041025,156.504916,0.008138,1.305539,0.000068,0.029048,0.139434,19341,19232,512,109,176.440367,0,17.145856,0
157,166.045914,0.549821,9.622859,0.031864,9.622859,0.031864,0.000000,156.423055,9.622859,0.031864,156.571778,0.061935,0.148723,0.000059,0.031371,0.041277,2830,2528,512,302,8.370861,0,17.187134,0
158,164.853266,0.649029,8.444026,0.033244,8.444026,0.033244,0.000000,156.409240,8.444026,0.033244,156.813301,0.022193,0.404061,0.000057,0.031653,0.134639,7320,7066,512,254,27.818898,0,17.321773,0
159,157.260307,7.488586,0.641070,0.030527,0.641070,0.030527,0.000000,156.619237,0.641070,0.030527,156.703945,0.109660,0.084708,0.000059,0.026493,0.162283,1450,1429,512,21,68.047619,0,17.484056,0
160,157.856820,4.510195,1.362638,0.038933,1.362638,0.038933,0.000000,156.494182,1.362638,0.038933,156.863200,0.025325,0.369018,0.000060,0.028389,0.182977,6229,6194,512,35,176.971429,0,17.667032,0
161,189.658551,0.263415,32.840669,0.045612,32.840669,0.045612,0.000000,156.817881,32.840669,0.045612,156.957535,0.065020,0.139654,0.000058,0.045418,0.014250,3134,2414,512,720,3.352778,0,17.681282,0
162,189.460132,0.262410,32.840443,0.045485,32.840443,0.045485,0.000000,156.619689,32.840443,0.045485,156.701182,0.082692,0.081493,0.000043,0.045373,0.309635,2617,1895,512,722,2.624654,0,17.990917,0
163,174.555108,0.388764,17.913649,0.039897,17.913649,0.039897,0.000000,156.641459,17.913649,0.039897,156.720740,0.111545,0.079281,0.000056,0.039720,0.032705,1854,1405,512,449,3.129176,0,18.023622,0
164,168.593839,0.500278,11.904311,0.035324,11.904311,0.035324,0.000000,156.689529,11.904311,0.035324,157.417024,0.013234,0.727496,0.000061,0.033166,0.004766,12232,11895,512,337,35.296736,0,18.028389,0
165,170.051926,0.473682,12.771000,0.035574,12.771000,0.035574,0.000000,157.280926,12.771000,0.035574,157.477040,0.048770,0.196114,0.000061,0.035028,0.101169,3588,3229,512,359,8.994429,0,18.129557,0
166,158.279578,52.759859,0.888636,0.296212,0.888636,0.296212,0.000000,157.390941,0.888636,0.296212,158.227575,0.011842,0.836633,0.000063,0.017334,0.057938,13364,13361,512,3,4453.666667,0,18.187495,0
167,164.541141,1.021995,6.570701,0.040812,6.570701,0.040812,0.000000,157.970440,6.570701,0.040812,159.392688,0.007817,1.422248,0.000070,0.031978,0.221340,20551,20390,512,161,126.645963,0,18.408835,0
168,163.496521,1.229297,4.352057,0.032722,4.352057,0.032722,0.000000,159.144464,4.352057,0.032722,159.212809,0.113158,0.068344,0.000049,0.032208,0.206446,1540,1407,512,133,10.578947,0,18.615281,0
169,188.510935,0.327845,29.372377,0.051082,29.372377,0.051082,0.000000,159.138559,29.372377,0.051082,160.430510,0.008525,1.291951,0.000069,0.048836,0.047683,19393,18818,512,575,32.726957,0,18.662964,0
170,185.943087,0.398165,25.927919,0.055520,25.927919,0.055520,0.000000,160.015168,25.927919,0.055520,161.559046,0.007293,1.543878,0.000070,0.052214,0.375000,22620,22153,512,467,47.436831,0,19.037964,0
171,163.397446,3.404113,1.924306,0.040090,1.924306,0.040090,0.000000,161.473140,1.924306,0.040090,161.957703,0.021268,0.484563,0.000064,0.029995,0.042973,7663,7615,512,48,158.645833,0,19.080937,0
172,187.976537,0.366426,26.141776,0.050959,26.141776,0.050959,0.000000,161.834760,26.141776,0.050959,161.948485,0.079348,0.113725,0.000056,0.050737,0.090466,2554,2041,512,513,3.978558,0,19.171403,0
173,174.753352,0.707503,12.869500,0.052103,12.869500,0.052103,0.000000,161.883852,12.869500,0.052103,162.590055,0.014200,0.706203,0.000062,0.049244,0.036958,11697,11450,512,247,46.356275,0,19.208361,0
174,187.478365,0.404921,25.267090,0.054573,25.267090,0.054573,0.000000,162.211275,25.267090,0.054573,162.997895,0.013075,0.786620,0.000063,0.052874,0.343694,12929,12466,512,463,26.924406,0,19.552055,0
175,186.401314,0.436537,23.461931,0.054946,23.461931,0.054946,0.000000,162.939383,23.461931,0.054946,163.029083,0.109342,0.089700,0.000060,0.054736,0.022482,1918,1491,512,427,3.491803,0,19.574537,0
176,180.831087,0.566869,17.834906,0.055909,17.834906,0.055909,0.000000,162.996181,17.834906,0.055909,163.465161,0.020541,0.468979,0.000059,0.054439,0.005744,8277,7958,512,319,24.946708,0,19.580281,0
177,188.504987,0.391902,25.143419,0.052273,25.143419,0.052273,0.000000,163.361568,25.143419,0.052273,163.473510,0.103138,0.111942,0.000071,0.052040,0.071388,2066,1585,512,481,3.295218,0,19.651669,0
178,185.413093,0.509377,22.341956,0.061379,22.341956,0.061379,0.000000,163.071137,22.341956,0.061379,163.966754,0.011059,0.895617,0.000060,0.058919,0.375000,15191,14827,512,364,40.733516,0,20.026669,0
179,194.075401,0.483979,30.422439,0.075866,30.422439,0.075866,0.000000,163.652962,30.422439,0.075866,176.789610,0.001710,13.136648,0.000127,0.043107,0.277830,103782,103381,512,401,257.807980,0,20.304499,0
180,204.606981,0.385324,28.090878,0.052902,28.090878,0.052902,0.000000,176.516104,28.090878,0.052902,184.828942,0.002432,8.312839,0.000109,0.037247,0.172593,76544,76013,512,531,143.150659,0,20.477091,0
181,197.885414,0.659618,13.415549,0.044718,13.415549,0.044718,0.000000,184.469865,13.415549,0.044718,185.514341,0.011782,1.044476,0.000066,0.041237,0.276813,16045,15745,512,300,52.483333,0,20.753905,0
182,204.904084,0.402562,19.707581,0.038718,19.707581,0.038718,0.000000,185.196504,19.707581,0.038718,185.836345,0.017486,0.639841,0.000060,0.037461,0.279889,11137,10628,512,509,20.880157,0,21.033793,0
183,200.121604,0.566917,14.410615,0.040823,14.410615,0.040823,0.000000,185.710989,14.410615,0.040823,186.022697,0.034468,0.311708,0.000058,0.039940,0.091449,5750,5397,512,353,15.288952,0,21.125243,0
184,196.282542,0.872367,10.337434,0.045944,10.337434,0.045944,0.000000,185.945108,10.337434,0.045944,186.225666,0.036594,0.280558,0.000055,0.044697,0.047462,5314,5089,512,225,22.617778,0,21.172704,0
185,199.624651,0.597679,13.613418,0.040759,13.613418,0.040759,0.000000,186.011233,13.613418,0.040759,186.093537,0.132451,0.082304,0.000059,0.040512,0.184808,1739,1405,512,334,4.206587,0,21.357512,0
186,187.426363,37.485273,1.494948,0.298990,1.494948,0.298990,0.000000,185.931415,1.494948,0.298990,187.319400,0.008911,1.387985,0.000066,0.021393,0.135463,21026,21021,512,5,4204.200000,0,21.492976,0
187,202.121339,0.567757,14.902354,0.041861,14.902354,0.041861,0.000000,187.218986,14.902354,0.041861,187.862239,0.018007,0.643253,0.000062,0.040054,0.058482,10789,10433,512,356,29.306180,0,21.551458,0
188,193.003580,1.608363,5.187580,0.043230,5.187580,0.043230,0.000000,187.816000,5.187580,0.043230,187.902460,0.111317,0.086460,0.000051,0.042509,0.012404,1808,1688,512,120,14.066667,0,21.563862,0
189,201.012868,0.656905,13.308898,0.043493,13.308898,0.043493,0.000000,187.703970,13.308898,0.043493,188.301031,0.019248,0.597061,0.000061,0.041542,0.171692,10089,9783,512,306,31.970588,0,21.735554,0
190,210.164418,0.485368,21.935135,0.050659,21.935135,0.050659,0.000000,188.229283,21.935135,0.050659,195.838954,0.002703,7.609671,0.000105,0.033084,0.038054,72883,72450,512,433,167.321016,0,21.773608,0
191,199.599007,1.559367,4.184232,0.032689,4.184232,0.032689,0.000000,195.414775,4.184232,0.032689,195.571753,0.105543,0.156978,0.000085,0.031463,0.345207,1981,1853,512,128,14.476562,0,22.118816,0
192,213.045580,0.419381,17.534935,0.034518,17.534935,0.034518,0.000000,195.510646,17.534935,0.034518,195.644223,0.074816,0.133577,0.000051,0.034255,0.034464,3123,2615,512,508,5.147638,0,22.153280,0
193,222.633743,0.307081,27.033561,0.037288,27.033561,0.037288,0.000000,195.600182,27.033561,0.037288,196.695882,0.011526,1.095700,0.000064,0.035776,0.016372,17791,17066,512,725,23.539310,0,22.169651,0
194,230.647938,0.255142,34.213029,0.037846,34.213029,0.037846,0.000000,196.434909,34.213029,0.037846,197.580603,0.011265,1.145695,0.000065,0.036579,0.222315,18443,17539,512,904,19.401549,0,22.391967,0
195,217.269072,0.375898,19.748280,0.034167,19.748280,0.034167,0.000000,197.520792,19.748280,0.034167,197.638778,0.092484,0.117986,0.000055,0.033962,0.020799,2715,2137,512,578,3.697232,0,22.412766,0
196,209.616285,0.588810,12.029210,0.033790,12.029210,0.033790,0.000000,197.587075,12.029210,0.033790,197.695219,0.096578,0.108144,0.000053,0.033486,0.024695,2403,2047,512,356,5.750000,0,22.437461,0
197,198.626389,10.454020,1.073250,0.056487,1.073250,0.056487,0.000000,197.553140,1.073250,0.056487,198.086397,0.022103,0.533257,0.000060,0.028421,0.114344,8981,8962,512,19,471.684211,0,22.551804,0
198,213.906817,0.496304,16.112969,0.037385,16.112969,0.037385,0.000000,197.793849,16.112969,0.037385,198.945500,0.011430,1.151651,0.000066,0.034713,0.259493,17837,17406,512,431,40.385151,0,22.811297,0
199,200.689920,8.362080,1.810732,0.075447,1.810732,0.075447,0.000000,198.879188,1.810732,0.075447,199.987359,0.011679,1.108171,0.000065,0.029273,0.027337,17147,17123,512,24,713.458333,0,22.838634,0
200,216.696906,0.483698,16.794913,0.037489,16.794913,0.037489,0.000000,199.901994,16.794913,0.037489,201.298761,0.009824,1.396768,0.000068,0.034371,0.046442,20938,20490,512,448,45.736607,0,22.885076,0
201,222.448097,0.384194,21.378700,0.036923,21.378700,0.036923,0.000000,201.069397,21.378700,0.036923,201.190910,0.096310,0.121514,0.000058,0.036714,0.187800,2668,2089,512,579,3.607945,0,23.072876,0
202,228.195876,0.320050,27.407138,0.038439,27.407138,0.038439,0.000000,200.788737,27.407138,0.038439,201.377786,0.020014,0.589048,0.000059,0.037613,0.375000,10775,10062,512,713,14.112202,0,23.447876,0
203,222.577748,0.393943,21.319969,0.037734,21.319969,0.037734,0.000000,201.257779,21.319969,0.037734,201.668296,0.028691,0.410517,0.000058,0.037008,0.086829,7594,7029,512,565,12.440708,0,23.534705,0
204,220.615554,0.459616,18.997031,0.039577,18.997031,0.039577,0.000000,201.618522,18.997031,0.039577,202.489750,0.014412,0.871228,0.000062,0.037762,0.019421,14530,14050,512,480,29.270833,0,23.554125,0
205,212.921643,0.744481,10.469379,0.036606,10.469379,0.036606,0.000000,202.452264,10.469379,0.036606,202.539948,0.143645,0.087684,0.000062,0.036300,0.001754,1696,1410,512,286,4.930070,0,23.555880,0
206,217.653811,0.527007,15.172843,0.036738,15.172843,0.036738,0.000000,202.480968,15.172843,0.036738,202.846043,0.029782,0.365075,0.000054,0.035854,0.032615,7224,6811,512,413,16.491525,0,23.588494,0
207,207.792296,1.717292,4.994970,0.041281,4.994970,0.041281,0.000000,202.797326,4.994970,0.041281,203.352366,0.021908,0.555041,0.000060,0.036694,0.017670,9403,9282,512,121,76.710744,0,23.606164,0
208,217.400164,0.687975,14.221876,0.045006,14.221876,0.045006,0.000000,203.178288,14.221876,0.045006,206.323657,0.005337,3.145369,0.000081,0.035052,0.141518,38977,38661,512,316,122.344937,0,23.747682,0
209,224.428630,0.471489,18.175688,0.038184,18.175688,0.038184,0.000000,206.252942,18.175688,0.038184,206.586620,0.036844,0.333678,0.000060,0.037483,0.016240,6083,5607,512,476,11.779412,0,23.763922,0
210,224.302581,0.486557,17.834229,0.038686,17.834229,0.038686,0.000000,206.468352,17.834229,0.038686,206.935997,0.027569,0.467645,0.000062,0.037672,0.088236,7967,7506,512,461,16.281996,0,23.852158,0
211,229.912393,0.432166,23.158518,0.043531,23.158518,0.043531,0.000000,206.753876,23.158518,0.043531,209.971221,0.005469,3.217345,0.000084,0.037483,0.148129,38923,38391,512,532,72.163534,0,24.000287,0
212,228.803882,0.493112,18.996002,0.040940,18.996002,0.040940,0.000000,209.807880,18.996002,0.040940,211.004825,0.011661,1.196945,0.000066,0.038360,0.108770,18559,18095,512,464,38.997845,0,24.109057,0
213,233.392696,0.405196,22.454754,0.038984,22.454754,0.038984,0.000000,210.937942,22.454754,0.038984,212.163797,0.011599,1.225855,0.000067,0.036856,0.027858,18867,18291,512,576,31.755208,0,24.136915,0
214,231.754897,0.462585,19.834132,0.039589,19.834132,0.039589,0.000000,211.920765,19.834132,0.039589,212.894346,0.014326,0.973581,0.000066,0.037646,0.203785,15362,14861,512,501,29.662675,0,24.340699,0
215,247.770923,0.296732,35.070718,0.042001,35.070718,0.042001,0.000000,212.700205,35.070718,0.042001,213.235892,0.023302,0.535687,0.000059,0.041359,0.157087,9986,9151,512,835,10.959281,0,24.497786,0
216,230.388073,0.509708,17.352669,0.038391,17.352669,0.038391,0.000000,213.035404,17.352669,0.038391,213.125197,0.148727,0.089793,0.000063,0.038192,0.167897,1885,1433,512,452,3.170354,0,24.665683,0
217,236.887346,0.371880,23.808640,0.037376,23.808640,0.037376,0.000000,213.078706,23.808640,0.037376,213.164404,0.144323,0.085697,0.000058,0.037242,0.017560,2114,1477,512,637,2.318681,0,24.683243,0
218,226.972026,0.720546,13.852834,0.043977,13.852834,0.043977,0.000000,213.119193,13.852834,0.043977,214.087060,0.014756,0.967867,0.000067,0.040905,0.016514,14823,14508,512,315,46.057143,0,24.699756,0
219,231.232551,0.523151,17.512577,0.039621,17.512577,0.039621,0.000000,213.719974,17.512577,0.039621,214.188448,0.030334,0.468474,0.000066,0.038561,0.328129,7503,7061,512,442,15.975113,0,25.027885,0
220,245.160384,0.395420,31.068548,0.050111,31.068548,0.050111,0.000000,214.091837,31.068548,0.050111,218.992412,0.004236,4.900575,0.000095,0.042206,0.063350,52318,51698,512,620,83.383871,0,25.091235,0
221,240.648455,0.457507,21.767198,0.041383,21.767198,0.041383,0.000000,218.881257,21.767198,0.041383,220.144237,0.012584,1.262979,0.000072,0.038981,0.044754,18020,17494,512,526,33.258555,0,25.135989,0
222,222.752323,8.910093,2.730926,0.109237,2.730926,0.109237,0.000000,220.021398,2.730926,0.109237,222.007570,0.008263,1.986172,0.000074,0.029790,0.083822,26893,26868,512,25,1074.720000,0,25.219810,0
223,229.214479,2.102885,7.389039,0.067789,7.389039,0.067789,0.000000,221.825439,7.389039,0.067789,225.783214,0.004946,3.957775,0.000087,0.031479,0.135909,45756,45647,512,109,418.779817,0,25.355719,0
224,248.028997,0.455099,22.681227,0.041617,22.681227,0.041617,0.000000,225.347770,22.681227,0.041617,225.725295,0.038213,0.377525,0.000064,0.040924,0.375000,6452,5907,512,545,10.838532,0,25.730719,0
225,245.990447,0.512480,20.338455,0.042372,20.338455,0.042372,0.000000,225.651992,20.338455,0.042372,225.763440,0.120471,0.111447,0.000059,0.042140,0.042187,2354,1874,512,480,3.904167,0,25.772906,0
226,243.122629,0.662459,17.710150,0.048257,17.710150,0.048257,0.000000,225.412479,17.710150,0.048257,226.986594,0.010049,1.574114,0.000070,0.043967,0.323465,22954,22587,512,367,61.544959,0,26.096371,0
227,227.408779,56.852195,0.468392,0.117098,0.468392,0.117098,0.000000,226.940387,0.468392,0.117098,227.329081,0.034580,0.388694,0.000059,0.019925,0.003147,6578,6574,512,4,1643.500000,0,26.099517,0
228,250.792584,0.442315,23.596469,0.041616,23.596469,0.041616,0.000000,227.196115,23.596469,0.041616,227.335443,0.105590,0.139328,0.000065,0.041371,0.101266,2720,2153,512,567,3.797178,0,26.200783,0
229,233.532614,1.357748,6.350733,0.036923,6.350733,0.036923,0.000000,227.181882,6.350733,0.036923,228.024478,0.016725,0.842596,0.000062,0.032024,0.125632,13806,13634,512,172,79.267442,0,26.326415,0
230,251.400940,0.459600,23.426372,0.042827,23.426372,0.042827,0.000000,227.974568,23.426372,0.042827,228.229791,0.049985,0.255223,0.000056,0.042360,0.013992,5113,4566,512,547,8.347349,0,26.340407,0
231,229.035778,8.179849,0.854139,0.030505,0.854139,0.030505,0.000000,228.181639,0.854139,0.030505,228.261813,0.160974,0.080175,0.000057,0.027642,0.018902,1446,1418,512,28,50.642857,0,26.359309,0
232,242.178324,0.807261,14.010204,0.046701,14.010204,0.046701,0.000000,228.168121,14.010204,0.046701,228.409404,0.054113,0.241284,0.000057,0.045896,0.067900,4521,4221,512,300,14.070000,0,26.427209,0
233,258.376581,0.400584,30.371153,0.047087,30.371153,0.047087,0.000000,228.005428,30.371153,0.047087,229.715005,0.009372,1.709578,0.000070,0.044437,0.375000,25155,24510,512,645,38.000000,0,26.802209,0
234,253.429701,0.486429,23.871723,0.045819,23.871723,0.045819,0.000000,229.557978,23.871723,0.045819,229.848111,0.045542,0.290134,0.000057,0.045262,0.113306,5568,5047,512,521,9.687140,0,26.915515,0
235,230.307987,13.547529,0.827157,0.048656,0.827157,0.048656,0.000000,229.480830,0.827157,0.048656,229.846831,0.035536,0.366002,0.000057,0.027127,0.337926,6485,6468,512,17,380.470588,0,27.253441,0
236,245.262476,0.863600,15.650124,0.055106,15.650124,0.055106,0.000000,229.612352,15.650124,0.055106,231.414013,0.009009,1.801662,0.000070,0.048762,0.203935,25970,25686,512,284,90.443662,0,27.457377,0
237,256.135385,0.502226,24.844615,0.048715,24.844615,0.048715,0.000000,231.290770,24.844615,0.048715,231.795689,0.027519,0.504919,0.000060,0.047725,0.078744,8933,8423,512,510,16.515686,0,27.536120,0
238,263.329133,0.473614,31.757422,0.057118,31.757422,0.057118,0.000000,231.571712,31.757422,0.057118,242.305500,0.002681,10.733789,0.000119,0.037812,0.192002,90935,90379,512,556,162.552158,0,27.728123,0
239,247.911536,1.502494,5.700195,0.034547,5.700195,0.034547,0.000000,242.211341,5.700195,0.034547,242.670632,0.035629,0.459291,0.000067,0.031763,0.002250,6976,6811,512,165,41.278788,0,27.730372,0
240,249.996528,1.275492,7.371086,0.037608,7.371086,0.037608,0.000000,242.625442,7.371086,0.037608,243.020641,0.033195,0.395198,0.000054,0.035591,0.014447,7517,7321,512,196,37.352041,0,27.744819,0
241,244.006795,9.384877,1.238204,0.047623,1.238204,0.047623,0.000000,242.768591,1.238204,0.047623,243.233083,0.031581,0.464491,0.000060,0.029758,0.221075,7728,7702,512,26,296.230769,0,27.965894,0
242,259.266096,0.716205,16.264065,0.044928,16.264065,0.044928,0.000000,243.002032,16.264065,0.044928,244.423487,0.011617,1.421455,0.000068,0.041002,0.199206,21403,21041,512,362,58.124309,0,28.165100,0
243,261.444203,0.612282,17.095046,0.040035,17.095046,0.040035,0.000000,244.349157,17.095046,0.040035,244.468495,0.129760,0.119338,0.000063,0.039756,0.033100,2311,1884,512,427,4.412178,0,28.198200,0
244,261.740458,0.621711,17.393380,0.041314,17.393380,0.041314,0.000000,244.347077,17.393380,0.041314,244.966602,0.023108,0.619524,0.000058,0.039843,0.094583,11022,10601,512,421,25.180523,0,28.292783,0
245,263.180802,0.614908,18.363899,0.042906,18.363899,0.042906,0.000000,244.816903,18.363899,0.042906,246.033498,0.013233,1.216595,0.000065,0.040064,0.116431,19021,18593,512,428,43.441589,0,28.409213,0
246,270.239433,0.592630,24.498195,0.053724,24.498195,0.053724,0.000000,245.741238,24.498195,0.053724,253.825354,0.003354,8.084116,0.000107,0.035996,0.252872,76130,75674,512,456,165.951754,0,28.662086,0
247,256.154985,3.284038,2.527073,0.032398,2.527073,0.032398,0.000000,253.627912,2.527073,0.032398,253.762627,0.180743,0.134715,0.000096,0.030671,0.115511,1482,1404,512,78,18.000000,0,28.777597,0
248,270.473897,0.607807,16.804497,0.037763,16.804497,0.037763,0.000000,253.669400,16.804497,0.037763,254.416366,0.021351,0.746966,0.000063,0.036084,0.066500,12361,11916,512,445,26.777528,0,28.844097,0
249,265.524345,0.809525,11.202244,0.034153,11.202244,0.034153,0.000000,254.322101,11.202244,0.034153,254.801591,0.030788,0.479490,0.000058,0.032691,0.058587,8604,8276,512,328,25.231707,0,28.902684,0
250,270.654513,0.661747,15.955056,0.039010,15.955056,0.039010,0.000000,254.699456,15.955056,0.039010,255.706301,0.016706,1.006844,0.000066,0.036548,0.069365,15715,15306,512,409,37.422983,0,28.972049,0
251,261.534879,1.429152,5.998558,0.032779,5.998558,0.032779,0.000000,255.536321,5.998558,0.032779,255.627392,0.165241,0.091071,0.000059,0.032281,0.131919,1730,1547,512,183,8.453552,0,29.103969,0
252,273.295068,0.614146,17.947213,0.040331,17.947213,0.040331,0.000000,255.347856,17.947213,0.040331,256.710863,0.012691,1.363008,0.000067,0.037268,0.252638,20673,20228,512,445,45.456180,0,29.356606,0
253,260.292611,2.344978,3.698683,0.033321,3.698683,0.033321,0.000000,256.593929,3.698683,0.033321,256.714760,0.140975,0.120831,0.000066,0.032233,0.075618,1932,1821,512,111,16.405405,0,29.432225,0
254,277.274939,0.505055,20.622988,0.037565,20.622988,0.037565,0.000000,256.651951,20.622988,0.037565,256.821147,0.084704,0.169196,0.000056,0.037256,0.035601,3581,3032,512,549,5.522769,0,29.467825,0
255,274.457823,0.616759,17.700017,0.039775,17.700017,0.039775,0.000000,256.757806,17.700017,0.039775,257.902624,0.014979,1.144818,0.000066,0.037203,0.033757,17663,17218,512,445,38.692135,0,29.501582,0
256,274.007604,0.635749,16.316232,0.037857,16.316232,0.037857,0.000000,257.691372,16.316232,0.037857,257.842079,0.113637,0.150707,0.000066,0.037507,0.171310,2700,2269,512,431,5.264501,0,29.672892,0
257,258.806176,16.175386,1.204703,0.075294,1.204703,0.075294,0.000000,257.601473,1.204703,0.075294,258.356002,0.021797,0.754529,0.000064,0.028136,0.211989,11869,11853,512,16,740.812500,0,29.884881,0
258,259.221529,9.257912,0.915344,0.032691,0.915344,0.032691,0.000000,258.306185,0.915344,0.032691,258.369463,0.182207,0.063278,0.000045,0.030431,0.013905,1446,1418,512,28,50.642857,0,29.898787,0
259,270.231002,0.866125,11.897515,0.038133,11.897515,0.038133,0.000000,258.333487,11.897515,0.038133,258.468794,0.107740,0.135307,0.000056,0.037699,0.008610,2711,2399,512,312,7.689103,0,29.907396,0
260,292.936847,0.332505,34.608814,0.039284,34.608814,0.039284,0.000000,258.328033,34.608814,0.039284,259.595768,0.014123,1.267735,0.000069,0.037845,0.112809,19262,18381,512,881,20.863791,0,30.020205,0
261,271.154563,0.912978,11.618852,0.039121,11.618852,0.039121,0.000000,259.535711,11.618852,0.039121,259.802908,0.058174,0.267197,0.000060,0.038221,0.019753,4763,4466,512,297,15.037037,0,30.039959,0
262,284.332536,0.434759,24.777630,0.037886,24.777630,0.037886,0.000000,259.554906,24.777630,0.037886,259.694791,0.107579,0.139885,0.000058,0.037672,0.217632,3068,2414,512,654,3.691131,0,30.257590,0
263,272.295151,1.016027,12.675105,0.047295,12.675105,0.047295,0.000000,259.620046,12.675105,0.047295,261.692399,0.009411,2.072354,0.000075,0.039563,0.046444,28074,27806,512,268,103.753731,0,30.304034,0
264,283.515751,0.510839,21.889458,0.039440,21.889458,0.039440,0.000000,261.626293,21.889458,0.039440,262.240478,0.026425,0.614185,0.000062,0.038334,0.019417,10479,9924,512,555,17.881081,0,30.323451,0
265,326.566084,0.198641,64.676341,0.039341,64.676341,0.039341,0.000000,261.889743,64.676341,0.039341,262.701194,0.020289,0.811451,0.000063,0.038847,0.317242,14592,12948,512,1644,7.875912,0,30.640692,0
266,283.568756,0.531028,20.926041,0.039187,20.926041,0.039187,0.000000,262.642715,20.926041,0.039187,262.958235,0.045716,0.315520,0.000055,0.038596,0.022620,6286,5752,512,534,10.771536,0,30.663312,0
267,292.094753,0.453563,29.208407,0.045355,29.208407,0.045355,0.000000,262.886346,29.208407,0.045355,268.115991,0.004829,5.229645,0.000094,0.037234,0.041885,56165,55521,512,644,86.212733,0,30.705198,0
268,269.381851,20.721681,1.353929,0.104148,1.353929,0.104148,0.000000,268.027922,1.353929,0.104148,269.047096,0.017152,1.019173,0.000065,0.025750,0.020847,15699,15686,512,13,1206.615385,0,30.726045,0
269,280.516551,1.154389,11.522250,0.047417,11.522250,0.047417,0.000000,268.994302,11.522250,0.047417,272.231993,0.006818,3.237691,0.000081,0.034093,0.015340,40174,39931,512,243,164.325103,0,30.741385,0
270,278.005678,1.625764,5.831048,0.034100,5.831048,0.034100,0.000000,272.174630,5.831048,0.034100,272.280315,0.192424,0.105685,0.000075,0.033482,0.002672,1586,1415,512,171,8.274854,0,30.744057,0
271,287.128670,0.691876,14.881299,0.035859,14.881299,0.035859,0.000000,272.247371,14.881299,0.035859,272.429967,0.082580,0.182595,0.000055,0.035419,0.007124,3714,3299,512,415,7.949398,0,30.751181,0
272,292.740207,0.551300,20.361868,0.038346,20.361868,0.038346,0.000000,272.378339,20.361868,0.038346,272.937737,0.028170,0.559398,0.000058,0.037293,0.023992,10220,9689,512,531,18.246704,0,30.775173,0
273,300.897694,0.476104,27.999228,0.044303,27.999228,0.044303,0.000000,272.898466,27.999228,0.044303,275.740521,0.007541,2.842056,0.000078,0.039806,0.006857,37197,36565,512,632,57.856013,0,30.782030,0
274,306.875458,0.395968,31.299044,0.040386,31.299044,0.040386,0.000000,275.576414,31.299044,0.040386,276.503613,0.019208,0.927199,0.000064,0.039189,0.111799,15170,14395,512,775,18.574194,0,30.893829,0
275,293.616520,0.653934,17.292077,0.038512,17.292077,0.038512,0.000000,276.324443,17.292077,0.038512,276.867671,0.029838,0.543229,0.000059,0.037303,0.142709,9728,9279,512,449,20.665924,0,31.036538,0
276,290.537421,0.837284,13.765354,0.039670,13.765354,0.039670,0.000000,276.772067,13.765354,0.039670,277.275449,0.033617,0.503382,0.000061,0.038219,0.062533,8595,8248,512,347,23.769452,0,31.099071,0
277,289.566534,0.952521,12.371591,0.040696,12.371591,0.040696,0.000000,277.194944,12.371591,0.040696,278.083854,0.019509,0.888910,0.000062,0.037772,0.047839,14558,14254,512,304,46.888158,0,31.146910,0
278,282.078988,3.000840,4.119785,0.043828,4.119785,0.043828,0.000000,277.959203,4.119785,0.043828,278.048894,0.197338,0.089691,0.000064,0.042873,0.087780,1503,1409,512,94,14.989362,0,31.234690,0
279,282.455402,11.768975,4.693176,0.195549,4.693176,0.195549,0.000000,277.762226,4.693176,0.195549,281.793165,0.006068,4.030939,0.000087,0.027593,0.259935,46460,46436,512,24,1934.833333,0,31.494625,0
280,299.976240,0.689601,18.481890,0.042487,18.481890,0.042487,0.000000,281.494350,18.481890,0.042487,282.026062,0.034694,0.531713,0.000065,0.041265,0.238087,8564,8129,512,435,18.687356,0,31.732712,0
281,298.127606,0.749064,16.139611,0.040552,16.139611,0.040552,0.000000,281.987994,16.139611,0.040552,282.185812,0.077227,0.197817,0.000054,0.040055,0.005556,4052,3654,512,398,9.180905,0,31.738268,0
282,366.065015,0.183033,83.933187,0.041967,83.933187,0.041967,0.000000,282.131827,83.933187,0.041967,283.856484,0.011518,1.724656,0.000070,0.041104,0.025035,26644,24644,512,2000,12.322000,0,31.763303,0
283,302.240133,0.677668,18.461646,0.041394,18.461646,0.041394,0.000000,283.778487,18.461646,0.041394,284.103401,0.054499,0.324914,0.000062,0.040665,0.033770,5659,5213,512,446,11.688341,0,31.797073,0
284,294.844100,1.193701,10.806868,0.043753,10.806868,0.043753,0.000000,284.037232,10.806868,0.043753,285.350246,0.014561,1.313013,0.000067,0.038437,0.035858,19844,19597,512,247,79.340081,0,31.832932,0
285,302.529536,0.723755,17.325992,0.041450,17.325992,0.041450,0.000000,285.203544,17.325992,0.041450,285.296933,0.202195,0.093389,0.000066,0.041226,0.105855,1829,1411,512,418,3.375598,0,31.938787,0
286,286.190650,14.309532,0.987590,0.049380,0.987590,0.049380,0.000000,285.203060,0.987590,0.049380,285.600785,0.040141,0.397725,0.000056,0.029493,0.067288,7135,7115,512,20,355.750000,0,32.006075,0
287,316.029093,0.508904,30.465760,0.049059,30.465760,0.049059,0.000000,285.563334,30.465760,0.049059,290.249446,0.005694,4.686113,0.000092,0.041513,0.006314,51598,50977,512,621,82.088567,0,32.012388,0
288,317.849696,0.472288,27.722924,0.041193,27.722924,0.041193,0.000000,290.126772,27.722924,0.041193,290.359671,0.082092,0.232899,0.000066,0.040847,0.058474,4210,3537,512,673,5.255572,0,32.070862,0
289,301.617483,1.096791,11.380062,0.041382,11.380062,0.041382,0.000000,290.237421,11.380062,0.041382,290.320782,0.203591,0.083361,0.000058,0.041079,0.092727,1701,1426,512,275,5.185455,0,32.163589,0
290,307.629291,0.799037,17.349223,0.045063,17.349223,0.045063,0.000000,290.280067,17.349223,0.045063,291.232648,0.019486,0.952581,0.000064,0.042589,0.013402,15331,14946,512,385,38.820779,0,32.176992,0
291,317.120029,0.532975,26.148493,0.043947,26.148493,0.043947,0.000000,290.971535,26.148493,0.043947,292.119618,0.016504,1.148083,0.000065,0.042017,0.224064,18295,17700,512,595,29.747899,0,32.401056,0
292,313.787376,0.876501,21.713568,0.060652,21.713568,0.060652,0.000000,292.073808,21.713568,0.060652,299.051488,0.004415,6.977679,0.000103,0.041162,0.006670,68090,67732,512,358,189.195531,0,32.407726,0
293,298.835299,99.611766,0.183552,0.061184,0.183552,0.061184,0.000000,298.651747,0.183552,0.061184,298.782093,0.190550,0.130346,0.000083,0.017735,0.323520,1571,1568,512,3,522.666667,0,32.731246,0
294,310.942023,1.155918,12.200428,0.045355,12.200428,0.045355,0.000000,298.741594,12.200428,0.045355,299.405108,0.027756,0.663513,0.000062,0.042888,0.013047,11056,10787,512,269,40.100372,0,32.744293,0
295,319.922342,0.627299,20.783155,0.040751,20.783155,0.040751,0.000000,299.139188,20.783155,0.040751,300.041495,0.021216,0.902307,0.000064,0.038982,0.231897,14652,14142,512,510,27.729412,0,32.976190,0
296,330.990758,0.398304,31.277736,0.037639,31.277736,0.037639,0.000000,299.713022,31.277736,0.037639,300.260158,0.032740,0.547136,0.000060,0.036980,0.291184,10002,9171,512,831,11.036101,0,33.267374,0
297,314.669844,1.028333,14.817979,0.048425,14.817979,0.048425,0.000000,299.851865,14.817979,0.048425,301.641963,0.012062,1.790098,0.000072,0.042575,0.375000,25313,25007,512,306,81.722222,0,33.642374,0
298,323.111065,0.751421,21.715888,0.050502,21.715888,0.050502,0.000000,301.395176,21.715888,0.050502,308.792529,0.004424,7.397352,0.000106,0.033299,0.202452,70224,69794,512,430,162.311628,0,33.844827,0
299,329.623521,0.534236,21.098299,0.034195,21.098299,0.034195,0.000000,308.525222,21.098299,0.034195,308.771489,0.079376,0.246267,0.000063,0.033796,0.188969,4507,3890,512,617,6.304700,0,34.033796,0
300,313.450539,2.238932,4.837113,0.034551,4.837113,0.034551,0.000000,308.613426,4.837113,0.034551,308.699237,0.207042,0.085811,0.000058,0.033938,0.128572,1631,1491,512,140,10.650000,0,34.162368,0
301,327.166315,0.604744,18.684248,0.034537,18.684248,0.034537,0.000000,308.482067,18.684248,0.034537,308.806428,0.058764,0.324361,0.000062,0.033937,0.188697,5796,5255,512,541,9.713494,0,34.351065,0
302,309.227895,61.845579,0.471366,0.094273,0.471366,0.094273,0.000000,308.756529,0.471366,0.094273,309.117110,0.049649,0.360581,0.000058,0.022157,0.018064,6231,6226,512,5,1245.200000,0,34.369128,0
303,333.097682,0.525391,24.108737,0.038026,24.108737,0.038026,0.000000,308.988944,24.108737,0.038026,311.269605,0.010608,2.280661,0.000078,0.034429,0.096002,29977,29343,512,634,46.282334,0,34.465131,0
304,324.386340,0.849179,13.256459,0.034703,13.256459,0.034703,0.000000,311.129882,13.256459,0.034703,311.953598,0.025235,0.823716,0.000067,0.032546,0.090251,12744,12362,512,382,32.361257,0,34.555381,0
305,313.513223,8.957521,1.839585,0.052560,1.839585,0.052560,0.000000,311.673638,1.839585,0.052560,312.364703,0.028739,0.691065,0.000064,0.032815,0.243615,10904,10869,512,35,310.542857,0,34.798996,0
306,326.640710,0.850627,14.388941,0.037471,14.388941,0.037471,0.000000,312.251770,14.388941,0.037471,313.801403,0.014322,1.549633,0.000071,0.033436,0.077673,22294,21910,512,384,57.057292,0,34.876669,0
307,331.377163,0.643451,17.678853,0.034328,17.678853,0.034328,0.000000,313.698310,17.678853,0.034328,313.937953,0.070453,0.239643,0.000054,0.033863,0.060785,4971,4456,512,515,8.652427,0,34.937454,0
308,315.600356,8.305273,1.819973,0.047894,1.819973,0.047894,0.000000,313.780382,1.819973,0.047894,314.347482,0.034758,0.567100,0.000063,0.032970,0.127555,9082,9044,512,38,238.000000,0,35.065009,0
309,328.553573,0.887983,14.278489,0.038591,14.278489,0.038591,0.000000,314.275084,14.278489,0.038591,316.251333,0.011610,1.976249,0.000073,0.033249,0.038735,27610,27240,512,370,73.621622,0,35.103743,0
310,329.839622,0.852299,13.653127,0.035279,13.653127,0.035279,0.000000,316.186494,13.653127,0.035279,317.027840,0.024201,0.841346,0.000064,0.033105,0.018819,13487,13100,512,387,33.850129,0,35.122563,0
311,320.035200,3.441239,3.125226,0.033605,3.125226,0.033605,0.000000,316.909974,3.125226,0.033605,317.055408,0.145907,0.145435,0.000067,0.032041,0.081232,2266,2173,512,93,23.365591,0,35.203794,0
312,351.521328,0.462528,34.561573,0.045476,34.561573,0.045476,0.000000,316.959755,34.561573,0.045476,317.184914,0.078862,0.225159,0.000056,0.045179,0.067422,4782,4022,512,760,5.292105,0,35.271217,0
313,322.404724,2.600038,5.282888,0.042604,5.282888,0.042604,0.000000,317.121836,5.282888,0.042604,318.526592,0.015389,1.404756,0.000068,0.031275,0.033088,20823,20699,512,124,166.927419,0,35.304305,0
314,320.413119,10.012910,1.985611,0.062050,1.985611,0.062050,0.000000,318.427508,1.985611,0.062050,319.437603,0.020620,1.010095,0.000065,0.030485,0.057262,15524,15492,512,32,484.125000,0,35.361567,0
315,346.164179,0.656858,26.821358,0.050894,26.821358,0.050894,0.000000,319.342821,26.821358,0.050894,320.275599,0.022544,0.932778,0.000066,0.049124,0.057041,14734,14207,512,527,26.958254,0,35.418607,0
316,343.532460,0.751712,23.343693,0.051080,23.343693,0.051080,0.000000,320.188767,23.343693,0.051080,320.703034,0.037422,0.514267,0.000060,0.049955,0.049593,9027,8570,512,457,18.752735,0,35.468201,0
317,351.935260,0.546483,31.324881,0.048641,31.324881,0.048641,0.000000,320.610379,31.324881,0.048641,321.218223,0.032654,0.607844,0.000062,0.047697,0.059646,10481,9837,512,644,15.274845,0,35.527847,0
318,322.425381,7.864034,1.385750,0.033799,1.385750,0.033799,0.000000,321.039631,1.385750,0.033799,321.163740,0.161308,0.124109,0.000062,0.030772,0.144693,2032,1991,512,41,48.560976,0,35.672540,0
319,323.870177,5.681933,2.781226,0.048793,2.781226,0.048793,0.000000,321.088951,2.781226,0.048793,322.065891,0.021723,0.976940,0.000066,0.031654,0.044028,14883,14826,512,57,260.105263,0,35.716568,0
320,323.698331,5.394972,2.041008,0.034017,2.041008,0.034017,0.000000,321.657323,2.041008,0.034017,321.746271,0.204673,0.088948,0.000057,0.032534,0.371643,1632,1572,512,60,26.200000,0,36.088212,0
321,348.927436,0.659598,27.517706,0.052018,27.517706,0.052018,0.000000,321.409730,27.517706,0.052018,322.014411,0.032051,0.604681,0.000060,0.050875,0.310136,10576,10047,512,529,18.992439,0,36.398348,0
322,350.940736,0.673591,29.041516,0.055742,29.041516,0.055742,0.000000,321.899220,29.041516,0.055742,324.652845,0.009410,2.753625,0.000080,0.050457,0.081960,35023,34502,512,521,66.222649,0,36.480308,0
323,328.432122,2.958848,3.880839,0.034963,3.880839,0.034963,0.000000,324.551283,3.880839,0.034963,324.882845,0.056482,0.331561,0.000058,0.031975,0.049754,5863,5752,512,111,51.819820,0,36.530062,0
324,353.632518,0.639480,28.875453,0.052216,28.875453,0.052216,0.000000,324.757065,28.875453,0.052216,326.471521,0.013328,1.714456,0.000070,0.049116,0.095832,25048,24495,512,553,44.294756,0,36.625894,0
325,347.405255,0.949195,21.213651,0.057961,21.213651,0.057961,0.000000,326.191604,21.213651,0.057961,326.635333,0.044152,0.443729,0.000060,0.056748,0.235946,7764,7398,512,366,20.213115,0,36.861840,0
326,333.049060,2.707716,6.577184,0.053473,6.577184,0.053473,0.000000,326.471875,6.577184,0.053473,327.132659,0.029434,0.660784,0.000059,0.048101,0.132155,11237,11114,512,123,90.357724,0,36.993995,0
327,352.515258,1.300794,25.620703,0.094541,25.620703,0.094541,0.000000,326.894554,25.620703,0.094541,342.786914,0.002951,15.892360,0.000137,0.035898,0.203955,116418,116147,512,271,428.586716,0,37.197950,0
328,365.803355,0.595771,23.222887,0.037822,23.222887,0.037822,0.000000,342.580468,23.222887,0.037822,344.467179,0.013593,1.886711,0.000074,0.034749,0.095104,25955,25341,512,614,41.271987,0,37.293054,0
329,359.783546,1.010628,15.486409,0.043501,15.486409,0.043501,0.000000,344.297137,15.486409,0.043501,347.766828,0.008472,3.469691,0.000085,0.033755,0.125271,41404,41048,512,356,115.303371,0,37.418325,0
330,361.821496,0.918329,14.154072,0.035924,14.154072,0.035924,0.000000,347.667425,14.154072,0.035924,348.595114,0.024508,0.927689,0.000065,0.033569,0.042487,14618,14224,512,394,36.101523,0,37.460812,0
331,374.188436,0.565239,25.796619,0.038968,25.796619,0.038968,0.000000,348.391817,25.796619,0.038968,349.836342,0.016931,1.444525,0.000070,0.036786,0.165953,21325,20663,512,662,31.212991,0,37.626765,0
332,353.735940,3.401307,3.969930,0.038172,3.969930,0.038172,0.000000,349.766010,3.969930,0.038172,350.188853,0.051385,0.422843,0.000062,0.034107,0.028269,6919,6815,512,104,65.528846,0,37.655035,0
333,351.666627,15.289853,1.658050,0.072089,1.658050,0.072089,0.000000,350.008576,1.658050,0.072089,351.030674,0.022105,1.022097,0.000064,0.027650,0.148348,15903,15880,512,23,690.434783,0,37.803382,0
334,355.528231,2.777564,4.782644,0.037364,4.782644,0.037364,0.000000,350.745587,4.782644,0.037364,351.139665,0.053292,0.394078,0.000060,0.034286,0.246408,6717,6589,512,128,51.476562,0,38.049790,0
335,358.202831,1.791014,7.113131,0.035566,7.113131,0.035566,0.000000,351.089700,7.113131,0.035566,351.176262,0.248708,0.086562,0.000061,0.035133,0.017710,1612,1412,512,200,7.060000,0,38.067500,0
336,364.157355,0.948326,13.127691,0.034187,13.127691,0.034187,0.000000,351.029665,13.127691,0.034187,351.110704,0.203189,0.081040,0.000047,0.033976,0.119113,2112,1728,512,384,4.500000,0,38.186613,0
337,365.727833,0.983139,14.656883,0.039400,14.656883,0.039400,0.000000,351.070950,14.656883,0.039400,353.191871,0.012119,2.120921,0.000073,0.033699,0.012491,29515,29143,512,372,78.341398,0,38.199104,0
338,367.389633,0.902677,14.406668,0.035397,14.406668,0.035397,0.000000,352.982965,14.406668,0.035397,353.134060,0.147139,0.151095,0.000063,0.035026,0.161699,2807,2400,512,407,5.896806,0,38.360803,0
339,356.463927,3.960710,3.367832,0.037420,3.367832,0.037420,0.000000,353.096095,3.367832,0.037420,353.200211,0.181501,0.104116,0.000054,0.036264,0.011035,2036,1946,512,90,21.622222,0,38.371837,0
340,353.490543,22.093159,0.660250,0.041266,0.660250,0.041266,0.000000,352.830293,0.660250,0.041266,353.069276,0.081729,0.238983,0.000055,0.026329,0.343492,4336,4320,512,16,270.000000,0,38.715329,0
341,364.907725,1.045581,11.885329,0.034055,11.885329,0.034055,0.000000,353.022395,11.885329,0.034055,353.077168,0.251122,0.054772,0.000039,0.033898,0.018477,1755,1406,512,349,4.028653,0,38.733805,0
342,377.991189,0.611636,25.315390,0.040963,25.315390,0.040963,0.000000,352.675799,25.315390,0.040963,355.475287,0.009975,2.799488,0.000079,0.036433,0.375000,36256,35638,512,618,57.666667,0,39.108805,0
343,368.886950,1.128095,13.665111,0.041789,13.665111,0.041789,0.000000,355.221839,13.665111,0.041789,356.499210,0.018358,1.277372,0.000066,0.037883,0.201734,19746,19419,512,327,59.385321,0,39.310539,0
344,368.110124,1.214885,11.763798,0.038824,11.763798,0.038824,0.000000,356.346326,11.763798,0.038824,356.794567,0.047950,0.448240,0.000060,0.037345,0.112577,7744,7441,512,303,24.557756,0,39.423116,0
345,370.615980,1.046938,14.044088,0.039673,14.044088,0.039673,0.000000,356.571892,14.044088,0.039673,356.656449,0.253307,0.084557,0.000060,0.039434,0.190766,1762,1408,512,354,3.977401,0,39.613882,0
346,367.851872,1.222099,11.420233,0.037941,11.420233,0.037941,0.000000,356.431639,11.420233,0.037941,356.510954,0.253384,0.079315,0.000056,0.037677,0.198163,1708,1407,512,301,4.674419,0,39.812046,0
347,375.580346,0.745199,19.460950,0.038613,19.460950,0.038613,0.000000,356.119396,19.460950,0.038613,356.750531,0.033174,0.631134,0.000059,0.037361,0.364909,11258,10754,512,504,21.337302,0,40.176955,0
348,372.346626,0.928545,15.666998,0.039070,15.666998,0.039070,0.000000,356.679627,15.666998,0.039070,356.792679,0.211370,0.113051,0.000067,0.038788,0.036525,2089,1688,512,401,4.209476,0,40.213480,0
349,371.201632,1.005966,14.547302,0.039424,14.547302,0.039424,0.000000,356.654331,14.547302,0.039424,356.760355,0.185426,0.106024,0.000055,0.039136,0.111473,2293,1924,512,369,5.214092,0,40.324953,0
350,377.283856,0.739772,20.562959,0.040320,20.562959,0.040320,0.000000,356.720897,20.562959,0.040320,358.059541,0.017934,1.338644,0.000067,0.037695,0.012484,20475,19965,512,510,39.147059,0,40.337437,0
351,364.672617,2.120190,6.773258,0.039379,6.773258,0.039379,0.000000,357.899359,6.773258,0.039379,358.531525,0.033952,0.632166,0.000060,0.035704,0.119693,10732,10560,512,172,61.395349,0,40.457130,0
352,369.076042,1.640338,10.601365,0.047117,10.601365,0.047117,0.000000,358.474677,10.601365,0.047117,359.050707,0.038360,0.576030,0.000062,0.044557,0.023486,9585,9360,512,225,41.600000,0,40.480616,0
353,364.848504,3.316805,5.934234,0.053948,5.934234,0.053948,0.000000,358.914271,5.934234,0.053948,360.803855,0.014332,1.889584,0.000075,0.036770,0.104037,25285,25175,512,110,228.863636,0,40.584653,0
354,378.556327,0.814100,17.905012,0.038505,17.905012,0.038505,0.000000,360.651315,17.905012,0.038505,361.092463,0.050559,0.441148,0.000062,0.037557,0.106205,7607,7142,512,465,15.359140,0,40.690858,0
355,375.444902,1.081974,14.463794,0.041682,14.463794,0.041682,0.000000,360.981109,14.463794,0.041682,361.865886,0.027296,0.884777,0.000067,0.039133,0.078416,13604,13257,512,347,38.204611,0,40.769274,0
356,379.998504,1.055551,18.262764,0.050730,18.262764,0.050730,0.000000,361.735740,18.262764,0.050730,368.694950,0.005460,6.959210,0.000103,0.031399,0.092433,67885,67525,512,360,187.569444,0,40.861708,0
357,375.776419,1.700346,7.336752,0.033198,7.336752,0.033198,0.000000,368.439667,7.336752,0.033198,368.731715,0.076374,0.292048,0.000060,0.031876,0.180450,5049,4828,512,221,21.846154,0,41.042158,0
358,369.236947,46.154618,0.735136,0.091892,0.735136,0.091892,0.000000,368.501810,0.735136,0.091892,369.051585,0.039743,0.549775,0.000059,0.023170,0.200709,9294,9286,512,8,1160.750000,0,41.242866,0
359,370.169231,9.491519,1.234758,0.031660,1.234758,0.031660,0.000000,368.934473,1.234758,0.031660,369.018354,0.242775,0.083881,0.000055,0.029510,0.084697,1559,1520,512,39,38.974359,0,41.327563,0
360,378.356077,1.417064,9.478240,0.035499,9.478240,0.035499,0.000000,368.877837,9.478240,0.035499,369.775494,0.025253,0.897656,0.000061,0.032137,0.114409,14910,14643,512,267,54.842697,0,41.441972,0
361,383.033666,1.000088,13.629206,0.035585,13.629206,0.035585,0.000000,369.404460,13.629206,0.035585,371.122022,0.015196,1.717562,0.000070,0.031101,0.334635,24806,24423,512,383,63.767624,0,41.776607,0
362,381.146142,1.270487,10.083697,0.033612,10.083697,0.033612,0.000000,371.062445,10.083697,0.033612,371.672211,0.036821,0.609766,0.000060,0.031580,0.015941,10394,10094,512,300,33.646667,0,41.792549,0
363,380.064803,1.577032,8.441509,0.035027,8.441509,0.035027,0.000000,371.623295,8.441509,0.035027,372.536080,0.025023,0.912786,0.000061,0.031240,0.015568,15129,14888,512,241,61.775934,0,41.808117,0
364,461.015542,0.230508,88.527962,0.044264,88.527962,0.044264,0.000000,372.487580,88.527962,0.044264,373.624051,0.021863,1.136471,0.000067,0.043696,0.011475,19089,17089,512,2000,8.544500,0,41.819592,0
365,381.024819,1.656630,7.573749,0.032929,7.573749,0.032929,0.000000,373.451070,7.573749,0.032929,373.750497,0.067819,0.299427,0.000054,0.031627,0.134068,5741,5511,512,230,23.960870,0,41.953660,0
366,375.651911,125.217304,2.000437,0.666812,2.000437,0.666812,0.000000,373.651474,2.000437,0.666812,375.599842,0.014083,1.948368,0.000073,0.017357,0.067791,26673,26670,512,3,8890.000000,0,42.021451,0
367,385.165974,1.226643,9.797914,0.031204,9.797914,0.031204,0.000000,375.368059,9.797914,0.031204,375.465831,0.205173,0.097772,0.000053,0.030892,0.186080,2144,1830,512,314,5.828025,0,42.207531,0
368,394.410551,0.844562,19.110128,0.040921,19.110128,0.040921,0.000000,375.300423,19.110128,0.040921,375.985546,0.032343,0.685123,0.000059,0.039454,0.139050,12092,11625,512,467,24.892934,0,42.346582,0
369,384.877917,1.425474,8.977659,0.033251,8.977659,0.033251,0.000000,375.900257,8.977659,0.033251,376.488527,0.037283,0.588270,0.000058,0.031072,0.050740,10368,10098,512,270,37.400000,0,42.397322,0
370,395.005720,0.868144,18.836010,0.041398,18.836010,0.041398,0.000000,376.169709,18.836010,0.041398,376.689926,0.042549,0.520217,0.000059,0.040254,0.285798,9308,8853,512,455,19.457143,0,42.683120,0
371,389.045096,1.200756,12.566967,0.038787,12.566967,0.038787,0.000000,376.478129,12.566967,0.038787,377.200468,0.030971,0.722339,0.000059,0.036557,0.179715,12503,12179,512,324,37.589506,0,42.862835,0
372,381.023286,3.048186,3.897143,0.031177,3.897143,0.031177,0.000000,377.126143,3.897143,0.031177,377.212110,0.249479,0.085966,0.000057,0.030489,0.039430,1637,1512,512,125,12.096000,0,42.902265,0
373,394.198818,0.973330,17.069331,0.042146,17.069331,0.042146,0.000000,377.129487,17.069331,0.042146,377.492728,0.059996,0.363240,0.000058,0.041250,0.056607,6697,6292,512,405,15.535802,0,42.958873,0
374,385.389493,1.599127,7.974464,0.033089,7.974464,0.033089,0.000000,377.415030,7.974464,0.033089,377.578875,0.124000,0.163845,0.000054,0.032409,0.047190,3286,3045,512,241,12.634855,0,43.006063,0
375,378.655927,126.218642,1.126357,0.375452,1.126357,0.375452,0.000000,377.529571,1.126357,0.375452,378.605904,0.022077,1.076333,0.000063,0.016675,0.021439,17152,17149,512,3,5716.333333,0,43.027502,0
376,398.182671,0.867500,19.634812,0.042777,19.634812,0.042777,0.000000,378.547859,19.634812,0.042777,379.930988,0.018149,1.383129,0.000066,0.039764,0.019989,21393,20934,512,459,45.607843,0,43.047491,0
377,399.640379,0.789803,20.093038,0.039710,20.093038,0.039710,0.000000,379.547341,20.093038,0.039710,379.636093,0.266038,0.088752,0.000062,0.039534,0.343858,1933,1427,512,506,2.820158,0,43.391350,0
378,397.190403,0.961720,17.651125,0.042739,17.651125,0.042739,0.000000,379.539278,17.651125,0.042739,380.278367,0.030527,0.739089,0.000059,0.040949,0.072010,12870,12457,512,413,30.162228,0,43.463360,0
379,382.665012,6.273197,2.481337,0.040678,2.481337,0.040678,0.000000,380.183674,2.481337,0.040678,380.768504,0.037831,0.584830,0.000058,0.031090,0.060426,10126,10065,512,61,165.000000,0,43.523785,0
380,397.597381,1.006576,17.025121,0.043102,17.025121,0.043102,0.000000,380.572260,17.025121,0.043102,381.221442,0.035262,0.649182,0.000060,0.041458,0.163521,11206,10811,512,395,27.369620,0,43.687307,0
381,417.258080,0.637035,36.170527,0.055222,36.170527,0.055222,0.000000,381.087553,36.170527,0.055222,382.999585,0.014142,1.912032,0.000071,0.052303,0.100648,27737,27082,512,655,41.346565,0,43.787954,0
382,408.782007,1.119951,26.171574,0.071703,26.171574,0.071703,0.000000,382.610433,26.171574,0.071703,391.662655,0.004779,9.052222,0.000110,0.046902,0.343883,82322,81957,512,365,224.539726,0,44.131837,0
383,416.291389,0.881973,24.903603,0.052762,24.903603,0.052762,0.000000,391.387786,24.903603,0.052762,391.776386,0.065471,0.388600,0.000065,0.051939,0.189437,6456,5984,512,472,12.677966,0,44.321274,0
384,416.128223,0.986086,24.463282,0.057970,24.463282,0.057970,0.000000,391.664941,24.463282,0.057970,393.373243,0.015996,1.708302,0.000069,0.053922,0.081589,25014,24592,512,422,58.274882,0,44.402864,0
385,408.259542,1.388638,14.989154,0.050984,14.989154,0.050984,0.000000,393.270388,14.989154,0.050984,393.591582,0.071915,0.321194,0.000059,0.049891,0.059023,5767,5473,512,294,18.615646,0,44.461886,0
386,408.658941,1.380605,15.472283,0.052271,15.472283,0.052271,0.000000,393.186659,15.472283,0.052271,393.376823,0.112297,0.190164,0.000054,0.051629,0.375000,3799,3503,512,296,11.834459,0,44.836886,0
387,393.965480,15.758619,0.775031,0.031001,0.775031,0.031001,0.000000,393.190449,0.775031,0.031001,393.270497,0.242162,0.080048,0.000049,0.027799,0.158125,1649,1624,512,25,64.960000,0,44.995011,0
388,394.596358,7.588391,1.727134,0.033214,1.727134,0.033214,0.000000,392.869224,1.727134,0.033214,393.087809,0.102768,0.218585,0.000057,0.029011,0.375000,3877,3825,512,52,73.557692,0,45.370011,0
389,419.194977,0.840070,26.152110,0.052409,26.152110,0.052409,0.000000,393.042867,26.152110,0.052409,393.608386,0.041802,0.565518,0.000060,0.051276,0.015763,9915,9416,512,499,18.869739,0,45.385775,0
390,413.621564,1.288541,20.284433,0.063191,20.284433,0.063191,0.000000,393.337131,20.284433,0.063191,393.945403,0.037945,0.608272,0.000059,0.061296,0.237586,10703,10382,512,321,32.342679,0,45.623360,0
391,415.427957,1.141286,21.643304,0.059460,21.643304,0.059460,0.000000,393.784652,21.643304,0.059460,394.190118,0.059644,0.405466,0.000061,0.058346,0.126695,6973,6609,512,364,18.156593,0,45.750055,0
392,419.006178,0.931125,24.863388,0.055252,24.863388,0.055252,0.000000,394.142790,24.863388,0.055252,394.923294,0.031607,0.780504,0.000062,0.053518,0.016252,12945,12495,512,450,27.766667,0,45.766307,0
393,401.353165,3.185343,6.576628,0.052195,6.576628,0.052195,0.000000,394.776536,6.576628,0.052195,395.221325,0.051663,0.444789,0.000058,0.048665,0.110920,7776,7650,512,126,60.714286,0,45.877227,0
394,415.640240,1.218886,20.595751,0.060398,20.595751,0.060398,0.000000,395.044489,20.595751,0.060398,395.129184,0.278260,0.084695,0.000060,0.060150,0.144834,1761,1420,512,341,4.164223,0,46.022060,0
395,437.242836,0.712122,42.141935,0.068635,42.141935,0.068635,0.000000,395.100901,42.141935,0.068635,412.493558,0.003386,17.392657,0.000143,0.040308,0.001547,122424,121810,512,614,198.387622,0,46.023608,0
396,414.681798,8.639204,2.379737,0.049578,2.379737,0.049578,0.000000,412.302060,2.379737,0.049578,413.093928,0.034984,0.791868,0.000067,0.033081,0.075715,11856,11808,512,48,246.000000,0,46.099323,0
397,438.500978,0.691642,25.660039,0.040473,25.660039,0.040473,0.000000,412.840939,25.660039,0.040473,412.981774,0.177933,0.140835,0.000061,0.040251,0.218157,2955,2321,512,634,3.660883,0,46.317480,0
398,432.911947,0.901900,20.001470,0.041670,20.001470,0.041670,0.000000,412.910477,20.001470,0.041670,414.684797,0.016266,1.774319,0.000070,0.037973,0.043758,25974,25494,512,480,53.112500,0,46.361238,0
399,415.454534,18.884297,0.891710,0.040532,0.891710,0.040532,0.000000,414.562824,0.891710,0.040532,414.824573,0.100127,0.261749,0.000063,0.028635,0.076688,4165,4143,512,22,188.318182,0,46.437925,0
400,428.011497,1.192233,13.288686,0.037016,13.288686,0.037016,0.000000,414.722810,13.288686,0.037016,415.938579,0.022225,1.215768,0.000065,0.033629,0.072995,19074,18715,512,359,52.130919,0,46.510920,0
401,438.521203,0.870082,22.667332,0.044975,22.667332,0.044975,0.000000,415.853871,22.667332,0.044975,417.423655,0.018152,1.569784,0.000068,0.041860,0.044929,23500,22996,512,504,45.626984,0,46.555849,0
402,437.523380,0.942938,20.456043,0.044086,20.456043,0.044086,0.000000,417.067337,20.456043,0.044086,417.711597,0.040230,0.644260,0.000062,0.042698,0.313305,10847,10383,512,464,22.377155,0,46.869154,0
403,420.138149,6.776422,2.650404,0.042748,2.650404,0.042748,0.000000,417.487745,2.650404,0.042748,418.160799,0.038077,0.673055,0.000061,0.031893,0.190003,11044,10982,512,62,177.129032,0,47.059158,0
404,426.088518,2.028993,7.977106,0.037986,7.977106,0.037986,0.000000,418.111412,7.977106,0.037986,419.146598,0.025418,1.035186,0.000063,0.033057,0.014649,16700,16490,512,210,78.523810,0,47.073807,0
405,504.813379,0.252407,86.079743,0.043040,86.079743,0.043040,0.000000,418.733636,86.079743,0.043040,420.582954,0.016317,1.849318,0.000072,0.042115,0.375000,27776,25776,512,2000,12.888000,0,47.448807,0
406,420.535540,105.133885,0.262280,0.065570,0.262280,0.065570,0.000000,420.273260,0.262280,0.065570,420.456797,0.164756,0.183537,0.000072,0.019686,0.264202,2556,2552,512,4,638.000000,0,47.713010,0
407,438.070598,1.111854,17.684446,0.044884,17.684446,0.044884,0.000000,420.386152,17.684446,0.044884,420.441910,0.294840,0.055758,0.000039,0.044743,0.041743,1820,1426,512,394,3.619289,0,47.754753,0
408,425.215759,2.932522,5.027377,0.034672,5.027377,0.034672,0.000000,420.188382,5.027377,0.034672,420.498020,0.076053,0.309638,0.000056,0.032536,0.226671,5674,5529,512,145,38.131034,0,47.981424,0
409,452.821453,0.669854,32.368116,0.047882,32.368116,0.047882,0.000000,420.453337,32.368116,0.047882,421.521034,0.025374,1.067697,0.000064,0.046302,0.014065,17288,16612,512,676,24.573964,0,47.995489,0
410,448.418350,0.841310,27.311060,0.051240,27.311060,0.051240,0.000000,421.107290,27.311060,0.051240,422.433994,0.022377,1.326704,0.000070,0.048751,0.375000,19411,18878,512,533,35.418386,0,48.370489,0
411,440.205488,1.310135,17.950197,0.053423,17.950197,0.053423,0.000000,422.255291,17.950197,0.053423,423.380738,0.025703,1.125447,0.000068,0.050074,0.136959,16808,16472,512,336,49.023810,0,48.507448,0
412,442.550566,1.225902,19.340763,0.053576,19.340763,0.053576,0.000000,423.209803,19.340763,0.053576,423.544787,0.079479,0.334984,0.000063,0.052648,0.131272,5690,5329,512,361,14.761773,0,48.638720,0
413,424.582324,19.299197,1.081157,0.049143,1.081157,0.049143,0.000000,423.501167,1.081157,0.049143,423.923137,0.059199,0.421969,0.000059,0.029963,0.011849,7183,7161,512,22,325.500000,0,48.650570,0
414,452.932746,1.041225,29.326392,0.067417,29.326392,0.067417,0.000000,423.606353,29.326392,0.067417,433.785344,0.005049,10.178991,0.000118,0.044017,0.284169,86346,85911,512,435,197.496552,0,48.934739,0
415,449.348923,1.449513,15.657080,0.050507,15.657080,0.050507,0.000000,433.691843,15.657080,0.050507,435.133663,0.021850,1.441820,0.000072,0.045856,0.003679,20225,19915,512,310,64.241935,0,48.938417,0
416,461.677487,0.914213,26.618767,0.052710,26.618767,0.052710,0.000000,435.058720,26.618767,0.052710,442.216429,0.006365,7.157709,0.000103,0.038537,0.034441,69984,69479,512,505,137.582178,0,48.972858,0
417,442.386460,110.596615,0.266493,0.066623,0.266493,0.066623,0.000000,442.119967,0.266493,0.066623,442.306091,0.183074,0.186124,0.000077,0.020092,0.019293,2420,2416,512,4,604.000000,0,48.992151,0
418,442.997326,16.407308,0.906797,0.033585,0.906797,0.033585,0.000000,442.090529,0.906797,0.033585,442.172467,0.261023,0.081938,0.000048,0.030550,0.187443,1721,1694,512,27,62.740741,0,49.179594,0
419,460.902899,1.209719,18.785277,0.049305,18.785277,0.049305,0.000000,442.117622,18.785277,0.049305,446.929788,0.008539,4.812166,0.000092,0.036675,0.027613,52720,52339,512,381,137.372703,0,49.207207,0
420,461.029146,1.239326,14.466997,0.038890,14.466997,0.038890,0.000000,446.562149,14.466997,0.038890,447.251815,0.042349,0.689665,0.000065,0.037036,0.301883,10933,10561,512,372,28.389785,0,49.509089,0
421,456.680586,2.114262,9.597233,0.044432,9.597233,0.044432,0.000000,447.083353,9.597233,0.044432,448.644764,0.020115,1.561411,0.000070,0.037203,0.133487,22520,22304,512,216,103.259259,0,49.642576,0
422,459.783545,2.071097,11.186807,0.050391,11.186807,0.050391,0.000000,448.596738,11.186807,0.050391,452.048768,0.011109,3.452029,0.000085,0.034841,0.004604,40913,40691,512,222,183.292793,0,49.647180,0
423,460.197284,2.072961,8.207165,0.036969,8.207165,0.036969,0.000000,451.990119,8.207165,0.036969,452.339821,0.078057,0.349702,0.000060,0.035394,0.000681,6017,5795,512,222,26.103604,0,49.647861,0
424,452.947126,90.589425,0.644683,0.128937,0.644683,0.128937,0.000000,452.302442,0.644683,0.128937,452.839772,0.050433,0.537330,0.000060,0.021471,0.006630,8984,8979,512,5,1795.800000,0,49.654491,0
425,468.662405,1.021051,15.972160,0.034798,15.972160,0.034798,0.000000,452.690245,15.972160,0.034798,452.777362,0.322032,0.087118,0.000062,0.034608,0.116402,1865,1406,512,459,3.063181,0,49.770893,0
426,472.700540,0.827847,20.152657,0.035294,20.152657,0.035294,0.000000,452.547883,20.152657,0.035294,453.185487,0.042469,0.637604,0.000060,0.034177,0.202109,11242,10671,512,571,18.688266,0,49.973002,0
427,473.834799,0.882374,20.717462,0.038580,20.717462,0.038580,0.000000,453.117338,20.717462,0.038580,455.652148,0.013960,2.534810,0.000078,0.033860,0.034067,33176,32639,512,537,60.780261,0,50.007069,0
428,458.496934,6.457703,3.132370,0.044118,3.132370,0.044118,0.000000,455.364564,3.132370,0.044118,455.999153,0.045305,0.634589,0.000063,0.035180,0.236648,10136,10065,512,71,141.760563,0,50.243717,0
429,468.150416,1.560501,12.192893,0.040643,12.192893,0.040643,0.000000,455.957523,12.192893,0.040643,458.050282,0.016102,2.092759,0.000074,0.033667,0.007367,28746,28446,512,300,94.820000,0,50.251084,0
430,477.880876,0.881699,20.079943,0.037048,20.079943,0.037048,0.000000,457.800934,20.079943,0.037048,459.980689,0.015778,2.179756,0.000075,0.033026,0.201784,29695,29153,512,542,53.787823,0,50.452868,0
431,460.562406,153.520802,0.957550,0.319183,0.957550,0.319183,0.000000,459.604856,0.957550,0.319183,460.512212,0.031637,0.907356,0.000062,0.016731,0.328531,14559,14556,512,3,4852.000000,0,50.781399,0
432,471.740562,1.383403,11.449084,0.033575,11.449084,0.033575,0.000000,460.291479,11.449084,0.033575,460.538519,0.104218,0.247040,0.000056,0.032851,0.184861,4760,4419,512,341,12.958944,0,50.966260,0
433,480.037756,0.888959,19.677139,0.036439,19.677139,0.036439,0.000000,460.360617,19.677139,0.036439,462.094464,0.018409,1.733847,0.000069,0.033228,0.149716,25642,25102,512,540,46.485185,0,51.115976,0
434,463.069482,11.576737,1.246818,0.031170,1.246818,0.031170,0.000000,461.822663,1.246818,0.031170,461.892840,0.319870,0.070176,0.000049,0.029416,0.227505,1484,1444,512,40,36.100000,0,51.343481,0
435,464.502323,5.339107,2.640487,0.030350,2.640487,0.030350,0.000000,461.861837,2.640487,0.030350,461.965088,0.224473,0.103251,0.000050,0.029164,0.005122,2145,2058,512,87,23.655172,0,51.348603,0
436,478.458896,1.031161,16.548552,0.035665,16.548552,0.035665,0.000000,461.910344,16.548552,0.035665,462.906454,0.028881,0.996110,0.000062,0.033518,0.028172,16492,16028,512,464,34.543103,0,51.376775,0
437,478.828910,1.043200,15.976595,0.034807,15.976595,0.034807,0.000000,462.852315,15.976595,0.034807,463.378172,0.052106,0.525857,0.000059,0.033662,0.016681,9352,8893,512,459,19.374728,0,51.393455,0
438,474.210941,1.495934,10.952650,0.034551,10.952650,0.034551,0.000000,463.258291,10.952650,0.034551,463.622953,0.074038,0.364662,0.000058,0.033401,0.087781,6579,6262,512,317,19.753943,0,51.481237,0
439,478.271123,1.136036,14.849718,0.035272,14.849718,0.035272,0.000000,463.421405,14.849718,0.035272,463.922959,0.051702,0.501555,0.000056,0.034081,0.170904,9394,8973,512,421,21.313539,0,51.652140,0
440,486.121817,0.835261,22.355974,0.038412,22.355974,0.038412,0.000000,463.765844,22.355974,0.038412,466.247189,0.014525,2.481345,0.000077,0.034149,0.124286,32682,32100,512,582,55.154639,0,51.776426,0
441,487.961460,0.834122,22.002582,0.037611,22.002582,0.037611,0.000000,465.958878,22.002582,0.037611,466.969630,0.029755,1.010752,0.000064,0.035883,0.238086,16279,15694,512,585,26.827350,0,52.014512,0
442,488.576508,0.828096,21.665325,0.036721,21.665325,0.036721,0.000000,466.911184,21.665325,0.036721,467.056257,0.198241,0.145073,0.000062,0.036475,0.021084,2946,2356,512,590,3.993220,0,52.035596,0
443,489.153853,0.839029,22.291293,0.038235,22.291293,0.038235,0.000000,466.862560,22.291293,0.038235,467.395833,0.051812,0.533273,0.000059,0.037321,0.165825,9604,9021,512,583,15.473413,0,52.201420,0
444,468.902400,16.746514,1.566324,0.055940,1.566324,0.055940,0.000000,467.336075,1.566324,0.055940,468.113793,0.037125,0.777717,0.000062,0.028165,0.026810,12637,12609,512,28,450.321429,0,52.228231,0
445,475.043442,2.461365,7.004778,0.036294,7.004778,0.036294,0.000000,468.038664,7.004778,0.036294,468.445117,0.069585,0.406453,0.000060,0.034188,0.039469,6925,6732,512,193,34.880829,0,52.267700,0
446,477.735939,1.730927,9.477094,0.034337,9.477094,0.034337,0.000000,468.258846,9.477094,0.034337,468.317010,0.331904,0.058164,0.000041,0.034127,0.154693,1687,1411,512,276,5.112319,0,52.422393,0
447,474.336399,2.563981,6.420975,0.034708,6.420975,0.034708,0.000000,467.915424,6.420975,0.034708,468.028639,0.299060,0.113216,0.000072,0.034096,0.375000,1750,1565,512,185,8.459459,0,52.797393,0
448,483.807317,1.125133,15.926534,0.037038,15.926534,0.037038,0.000000,467.880784,15.926534,0.037038,469.277017,0.024005,1.396233,0.000071,0.033791,0.118197,19979,19549,512,430,45.462791,0,52.915590,0
449,486.915670,1.016525,17.688660,0.036928,17.688660,0.036928,0.000000,469.227010,17.688660,0.036928,469.386139,0.182286,0.159128,0.000062,0.036596,0.007005,3054,2575,512,479,5.375783,0,52.922595,0
450,502.063285,0.728684,32.826863,0.047644,32.826863,0.047644,0.000000,469.236422,32.826863,0.047644,470.883453,0.021230,1.647030,0.000074,0.045254,0.119740,22869,22180,512,689,32.191582,0,53.042335,0
451,489.658847,1.078544,18.822956,0.041460,18.822956,0.041460,0.000000,470.835891,18.822956,0.041460,471.488612,0.048682,0.652722,0.000067,0.040023,0.005409,10139,9685,512,454,21.332599,0,53.047744,0
452,472.077650,26.226536,0.894580,0.049699,0.894580,0.049699,0.000000,471.183070,0.894580,0.049699,471.588585,0.070114,0.405515,0.000060,0.027170,0.269428,6744,6726,512,18,373.666667,0,53.317171,0
453,485.510306,1.257799,14.109455,0.036553,14.109455,0.036553,0.000000,471.400851,14.109455,0.036553,471.577086,0.154768,0.176236,0.000058,0.036096,0.154553,3433,3047,512,386,7.893782,0,53.471724,0
454,502.473454,0.754465,30.949878,0.046471,30.949878,0.046471,0.000000,471.523576,30.949878,0.046471,471.755403,0.131518,0.231827,0.000065,0.046123,0.023763,4253,3587,512,666,5.385886,0,53.495487,0
455,486.888934,1.251643,15.176273,0.039014,15.176273,0.039014,0.000000,471.712662,15.176273,0.039014,472.074197,0.075243,0.361536,0.000058,0.038084,0.012025,6663,6274,512,389,16.128535,0,53.507513,0
456,472.951272,17.516714,0.934720,0.034619,0.934720,0.034619,0.000000,472.016552,0.934720,0.034619,472.104436,0.298611,0.087884,0.000056,0.031364,0.025346,1608,1581,512,27,58.555556,0,53.532859,0
457,499.224822,0.938393,27.523508,0.051736,27.523508,0.051736,0.000000,471.701314,27.523508,0.051736,473.449463,0.020414,1.748149,0.000075,0.048450,0.375000,23724,23192,512,532,43.593985,0,53.907859,0
458,498.340484,1.006748,25.013892,0.050533,25.013892,0.050533,0.000000,473.326592,25.013892,0.050533,473.810943,0.063057,0.484351,0.000064,0.049555,0.076691,8009,7514,512,495,15.179798,0,53.984549,0
459,495.405019,1.205365,21.819688,0.053089,21.819688,0.053089,0.000000,473.585331,21.819688,0.053089,474.192599,0.050765,0.607268,0.000065,0.051612,0.191606,9752,9341,512,411,22.727494,0,54.176156,0
460,495.171221,1.349240,21.140098,0.057602,21.140098,0.057602,0.000000,474.031123,21.140098,0.057602,475.620642,0.021885,1.589519,0.000073,0.053271,0.126465,22100,21733,512,367,59.217984,0,54.302621,0
461,476.383598,47.638360,0.913213,0.091321,0.913213,0.091321,0.000000,475.470385,0.913213,0.091321,476.123253,0.047006,0.652869,0.000064,0.026034,0.106200,10139,10129,512,10,1012.900000,0,54.408821,0
462,496.747706,1.303800,20.680005,0.054278,20.680005,0.054278,0.000000,476.067701,20.680005,0.054278,476.189431,0.272732,0.121730,0.000070,0.053959,0.019601,2127,1746,512,381,4.582677,0,54.428422,0
463,491.528943,1.654980,15.733726,0.052976,15.733726,0.052976,0.000000,475.795217,15.733726,0.052976,476.360407,0.053753,0.565190,0.000064,0.051073,0.364903,9159,8862,512,297,29.838384,0,54.793325,0
464,502.817400,0.966957,26.536621,0.051032,26.536621,0.051032,0.000000,476.280779,26.536621,0.051032,476.429838,0.174773,0.149059,0.000055,0.050745,0.044824,3246,2726,512,520,5.242308,0,54.838149,0
465,498.031188,1.307168,21.738683,0.057057,21.738683,0.057057,0.000000,476.292505,21.738683,0.057057,477.282515,0.032664,0.990010,0.000068,0.054458,0.107849,14993,14612,512,381,38.351706,0,54.945998,0
466,501.062725,1.108546,23.969120,0.053029,23.969120,0.053029,0.000000,477.093605,23.969120,0.053029,477.458567,0.082349,0.364962,0.000063,0.052222,0.150403,6250,5798,512,452,12.827434,0,55.096401,0
467,494.032684,1.836553,16.737286,0.062220,16.737286,0.062220,0.000000,477.295399,16.737286,0.062220,477.721644,0.068856,0.426245,0.000061,0.060636,0.130954,7207,6938,512,269,25.791822,0,55.227356,0
468,509.300909,0.848835,31.964929,0.053275,31.964929,0.053275,0.000000,477.335980,31.964929,0.053275,477.860332,0.057456,0.524352,0.000063,0.052401,0.352921,8917,8317,512,600,13.861667,0,55.580276,0
469,498.539059,1.428479,20.732925,0.059407,20.732925,0.059407,0.000000,477.806134,20.732925,0.059407,478.543716,0.040943,0.737581,0.000063,0.057293,0.020086,12037,11688,512,349,33.489971,0,55.600362,0
470,509.579839,0.875567,31.161077,0.053541,31.161077,0.053541,0.000000,478.418762,31.161077,0.053541,478.716082,0.098562,0.297320,0.000061,0.053031,0.088749,5439,4857,512,582,8.345361,0,55.689111,0
471,502.445205,2.524850,23.824805,0.119723,23.824805,0.119723,0.000000,478.620401,23.824805,0.119723,494.479299,0.004358,15.858899,0.000140,0.040030,0.064697,113652,113453,512,199,570.115578,0,55.753808,0
472,525.537393,0.648812,31.248140,0.038578,31.248140,0.038578,0.000000,494.289252,31.248140,0.038578,496.139101,0.020190,1.849849,0.000075,0.036294,0.080347,25383,24573,512,810,30.337037,0,55.834155,0
473,499.255597,13.868211,3.177673,0.088269,3.177673,0.088269,0.000000,496.077925,3.177673,0.088269,498.098698,0.018171,2.020774,0.000074,0.032136,0.015868,27447,27411,512,36,761.416667,0,55.850023,0
474,521.176558,1.118405,23.142232,0.049661,23.142232,0.049661,0.000000,498.034326,23.142232,0.049661,506.377242,0.006466,8.342916,0.000107,0.031758,0.017997,78777,78311,512,466,168.049356,0,55.868020,0
475,522.546672,1.026614,16.291689,0.032007,16.291689,0.032007,0.000000,506.254983,16.291689,0.032007,506.436871,0.222610,0.181887,0.000080,0.031650,0.040729,2784,2275,512,509,4.469548,0,55.908749,0
476,525.310393,0.891868,18.944958,0.032165,18.944958,0.032165,0.000000,506.365434,18.944958,0.032165,506.574499,0.120041,0.209064,0.000050,0.031810,0.045427,4809,4220,512,589,7.164686,0,55.954177,0
477,521.964390,1.197166,15.487589,0.035522,15.487589,0.035522,0.000000,506.476801,15.487589,0.035522,508.196228,0.020248,1.719427,0.000069,0.031578,0.069806,25535,25099,512,436,57.566514,0,56.023983,0
478,523.690154,1.100189,15.655623,0.032890,15.655623,0.032890,0.000000,508.034531,15.655623,0.032890,508.634674,0.050737,0.600143,0.000060,0.031629,0.118018,10501,10025,512,476,21.060924,0,56.142001,0
479,510.136669,42.511389,1.661032,0.138419,1.661032,0.138419,0.000000,508.475637,1.661032,0.138419,509.845334,0.024185,1.369697,0.000065,0.024278,0.125855,21093,21081,512,12,1756.750000,0,56.267856,0
480,519.985259,1.609861,10.247115,0.031725,10.247115,0.031725,0.000000,509.738144,10.247115,0.031725,509.883129,0.220729,0.144985,0.000063,0.031276,0.066338,2633,2310,512,323,7.151703,0,56.334194,0
481,523.274505,1.242932,13.484013,0.032029,13.484013,0.032029,0.000000,509.790492,13.484013,0.032029,510.004634,0.128919,0.214142,0.000054,0.031520,0.065697,4377,3956,512,421,9.396675,0,56.399891,0
482,521.808301,1.414115,11.862658,0.032148,11.862658,0.032148,0.000000,509.945643,11.862658,0.032148,510.132514,0.130703,0.186871,0.000048,0.031642,0.030678,4272,3903,512,369,10.577236,0,56.430569,0
483,511.401876,170.467292,1.408226,0.469409,1.408226,0.469409,0.000000,509.993650,1.408226,0.469409,511.351189,0.024956,1.357539,0.000066,0.016896,0.110934,20493,20490,512,3,6830.000000,0,56.541503,0
484,512.651103,56.961234,1.388255,0.154251,1.388255,0.154251,0.000000,511.262848,1.388255,0.154251,512.436432,0.028237,1.173584,0.000065,0.023852,0.047665,18157,18148,512,9,2016.444444,0,56.589168,0
485,526.773184,1.125584,14.380200,0.030727,14.380200,0.030727,0.000000,512.392984,14.380200,0.030727,512.646512,0.116803,0.253528,0.000058,0.030185,0.004591,4857,4389,512,468,9.378205,0,56.593759,0
486,516.655896,4.133247,4.105805,0.032846,4.105805,0.032846,0.000000,512.550090,4.105805,0.032846,512.655838,0.244821,0.105748,0.000051,0.032000,0.067747,2219,2094,512,125,16.752000,0,56.661506,0
487,523.983232,1.642581,11.434112,0.035844,11.434112,0.035844,0.000000,512.549121,11.434112,0.035844,513.972343,0.023997,1.423222,0.000066,0.031382,0.080338,21737,21418,512,319,67.141066,0,56.741844,0
488,515.841028,8.597350,1.941636,0.032361,1.941636,0.032361,0.000000,513.899392,1.941636,0.032361,513.992554,0.297449,0.093162,0.000054,0.030808,0.031957,1788,1728,512,60,28.800000,0,56.773801,0
489,524.744406,1.534340,10.884542,0.031826,10.884542,0.031826,0.000000,513.859864,10.884542,0.031826,513.937588,0.321814,0.077724,0.000049,0.031599,0.106213,1939,1597,512,342,4.669591,0,56.880014,0
490,529.208389,0.752786,15.401028,0.021908,15.401028,0.021908,0.000000,513.807361,15.401028,0.021908,514.528417,0.043745,0.721056,0.000061,0.020882,0.104273,12465,11762,512,703,16.731152,0,56.984287,0
491,526.175807,1.516357,11.833246,0.034102,11.833246,0.034102,0.000000,514.342560,11.833246,0.034102,515.843889,0.023580,1.501329,0.000069,0.029775,0.151334,22223,21876,512,347,63.043228,0,57.135621,0
492,525.011350,1.881761,9.339966,0.033477,9.339966,0.033477,0.000000,515.671384,9.339966,0.033477,516.311833,0.049238,0.640449,0.000061,0.031181,0.130497,10765,10486,512,279,37.584229,0,57.266118,0
493,518.046863,11.261888,1.900955,0.041325,1.900955,0.041325,0.000000,516.145908,1.900955,0.041325,516.710786,0.053225,0.564878,0.000058,0.029045,0.132100,9754,9708,512,46,211.043478,0,57.398218,0
494,517.715120,16.178597,1.085274,0.033915,1.085274,0.033915,0.000000,516.629845,1.085274,0.033915,516.795644,0.189789,0.165798,0.000061,0.028734,0.047514,2755,2723,512,32,85.093750,0,57.445732,0
495,527.917267,0.986761,11.342781,0.021201,11.342781,0.021201,0.000000,516.574486,11.342781,0.021201,516.905840,0.089865,0.331354,0.000058,0.020582,0.193562,6287,5752,512,535,10.751402,0,57.639293,0
496,528.520104,0.872145,11.746674,0.019384,11.746674,0.019384,0.000000,516.773431,11.746674,0.019384,517.074073,0.109411,0.300642,0.000064,0.018888,0.099576,5332,4726,512,606,7.798680,0,57.738869,0
497,517.238111,517.238111,0.266356,0.266356,0.266356,0.266356,0.000000,516.971755,0.266356,0.266356,517.238111,0.112102,0.266356,0.000058,0.000000,0.070576,4615,4614,512,1,4614.000000,0,57.809446,0
498,518.114951,27.269208,1.030938,0.054260,1.030938,0.054260,0.000000,517.084013,1.030938,0.054260,517.546885,0.073526,0.462872,0.000066,0.029898,0.122942,7058,7039,512,19,370.473684,0,57.932387,0
499,526.974714,1.245803,9.517935,0.022501,9.517935,0.022501,0.000000,517.456779,9.517935,0.022501,518.031332,0.055589,0.574553,0.000062,0.021143,0.055914,9742,9319,512,423,22.030733,0,57.988302,0
500,523.365701,3.792505,5.459170,0.039559,5.459170,0.039559,0.000000,517.906531,5.459170,0.039559,519.040393,0.032221,1.133862,0.000070,0.031343,0.089869,16247,16109,512,138,116.731884,0,58.078171,0
501,529.059340,0.800392,10.222967,0.015466,10.222967,0.015466,0.000000,518.836373,10.222967,0.015466,518.983943,0.214989,0.147570,0.000061,0.015243,0.166810,3075,2414,512,661,3.652042,0,58.244982,0
502,526.942593,1.269741,8.259016,0.019901,8.259016,0.019901,0.000000,518.683577,8.259016,0.019901,519.507628,0.040275,0.824050,0.000064,0.017916,0.271887,13314,12899,512,415,31.081928,0,58.516869,0
503,525.006777,2.187528,5.852652,0.024386,5.852652,0.024386,0.000000,519.154125,5.852652,0.024386,519.243644,0.367476,0.089519,0.000063,0.024013,0.317379,1653,1413,512,240,5.887500,0,58.834248,0
504,527.402831,1.038195,8.273810,0.016287,8.273810,0.016287,0.000000,519.129020,8.273810,0.016287,519.264746,0.197514,0.135726,0.000052,0.016020,0.087555,3137,2629,512,508,5.175197,0,58.921803,0
505,526.352817,1.335921,7.207958,0.018294,7.207958,0.018294,0.000000,519.144859,7.207958,0.018294,519.307873,0.163613,0.163013,0.000051,0.017881,0.091818,3568,3174,512,394,8.055838,0,59.013620,0
506,527.257578,1.033838,8.179034,0.016037,8.179034,0.016037,0.000000,519.078544,8.179034,0.016037,519.417210,0.091754,0.338667,0.000060,0.015373,0.201099,6171,5661,512,510,11.100000,0,59.214719,0
507,527.490327,1.050778,8.150867,0.016237,8.150867,0.016237,0.000000,519.339460,8.150867,0.016237,520.818144,0.024485,1.478684,0.000070,0.013291,0.047192,21773,21271,512,502,42.372510,0,59.261911,0
508,525.943867,1.588954,5.394929,0.016299,5.394929,0.016299,0.000000,520.548938,5.394929,0.016299,521.099791,0.058795,0.550853,0.000062,0.014635,0.227044,9194,8863,512,331,26.776435,0,59.488955,0
509,527.440235,1.089753,6.458817,0.013345,6.458817,0.013345,0.000000,520.981419,6.458817,0.013345,522.125216,0.030317,1.143797,0.000066,0.010981,0.085187,17706,17222,512,484,35.582645,0,59.574143,0
510,527.752644,1.024762,5.680456,0.011030,5.680456,0.011030,0.000000,522.072188,5.680456,0.011030,522.408371,0.083800,0.336183,0.000054,0.010377,0.015392,6749,6234,512,515,12.104854,0,59.589535,0
511,526.593793,1.548805,4.224177,0.012424,4.224177,0.012424,0.000000,522.369617,4.224177,0.012424,523.405514,0.031766,1.035897,0.000063,0.009377,0.009348,16817,16477,512,340,48.461765,0,59.598883,0
512,523.253386,130.813346,0.115902,0.028976,0.115902,0.028976,0.000000,523.137484,0.115902,0.028976,523.221490,0.370291,0.084006,0.000059,0.007974,0.230640,1417,1413,512,4,353.250000,0,59.829523,0
