time_stats.emb.min,time_stats.emb.max,time_stats.emb.mean,time_stats.emb.median,time_stats.emb.std,time_stats.input_layernorm.min,time_stats.input_layernorm.max,time_stats.input_layernorm.mean,time_stats.input_layernorm.median,time_stats.input_layernorm.std,time_stats.attn_rope.min,time_stats.attn_rope.max,time_stats.attn_rope.mean,time_stats.attn_rope.median,time_stats.attn_rope.std,time_stats.post_attention_layernorm.min,time_stats.post_attention_layernorm.max,time_stats.post_attention_layernorm.mean,time_stats.post_attention_layernorm.median,time_stats.post_attention_layernorm.std,time_stats.mlp_act.min,time_stats.mlp_act.max,time_stats.mlp_act.mean,time_stats.mlp_act.median,time_stats.mlp_act.std,time_stats.add.min,time_stats.add.max,time_stats.add.mean,time_stats.add.median,time_stats.add.std,time_stats.attn_pre_proj.min,time_stats.attn_pre_proj.max,time_stats.attn_pre_proj.mean,time_stats.attn_pre_proj.median,time_stats.attn_pre_proj.std,time_stats.mlp_down_proj.min,time_stats.mlp_down_proj.max,time_stats.mlp_down_proj.mean,time_stats.mlp_down_proj.median,time_stats.mlp_down_proj.std,time_stats.mlp_up_proj.min,time_stats.mlp_up_proj.max,time_stats.mlp_up_proj.mean,time_stats.mlp_up_proj.median,time_stats.mlp_up_proj.std,time_stats.attn_post_proj.min,time_stats.attn_post_proj.max,time_stats.attn_post_proj.mean,time_stats.attn_post_proj.median,time_stats.attn_post_proj.std,n_head,n_kv_head,n_embd,n_expanded_embd,vocab_size,use_gated_mlp,num_tokens,num_tensor_parallel_workers
0.007233,0.016896,0.01601376190476191,0.016512000000000002,0.001990330838848799,0.034432000000000004,0.03792,0.037009450000000006,0.0370395,0.000683936581489833,0.019296,0.020192,0.019633499999999998,0.019552,0.00022184194824243698,0.03776,0.03984000000000001,0.03881414999999999,0.038736,0.0005262547173185254,0.041024000000000005,0.04208,0.0415182,0.041472,0.0003069491163043147,0.013888000000000001,0.014848000000000002,0.014334350000000001,0.014304,0.00028672029488684646,,,,,,,,,,,,,,,,,,,,,32,4,2048,3072,151936,True,4096,1
0.007424000000000001,0.016832,0.01589942857142857,0.016352000000000002,0.0019222408691898303,0.034783,0.037536,0.03693420000000001,0.037072,0.0005557122996659338,0.019168,0.019712,0.01940155,0.019344,0.00015086433475145782,0.038496,0.039392,0.0388382,0.038768,0.00025300150197182623,0.041375999999999996,0.041951999999999996,0.041652499999999995,0.0416635,0.00018430206184413822,0.013856,0.014944,0.014369499999999999,0.014352,0.0002562831441979751,,,,,,,,,,,,,,,,,,,,,32,4,2048,3072,151936,True,4096,1
0.007296,0.018047999999999998,0.016789238095238097,0.017152,0.00214114097097701,0.03481600000000001,0.036991,0.036452649999999996,0.036607999999999995,0.0004962073432548121,0.018848,0.01952,0.01930075,0.0193435,0.00016599755269280318,0.037856,0.038816,0.0383694,0.0383675,0.0002183754564963751,0.040864,0.041824,0.04142219999999999,0.0414075,0.0002339439249050932,0.013792,0.014944,0.014191900000000002,0.014096000000000001,0.00030045314110523135,,,,,,,,,,,,,,,,,,,,,32,4,2048,3072,151936,True,4064,1
0.007232000000000001,0.017408000000000003,0.016086714285714288,0.016608,0.002047382164592423,0.033984,0.036927999999999996,0.0364559,0.0365595,0.0005963234776528592,0.018848,0.019456,0.01914395,0.019152000000000002,0.00017281911786605117,0.03712,0.038656,0.038033500000000005,0.038112,0.00037229390271665804,0.044095999999999996,0.045312,0.04461425,0.044608,0.000332268998704362,0.013664,0.014400000000000001,0.01392315,0.013904,0.000165919641694406,,,,,,,,,,,,,,,,,,,,,32,4,2048,3072,151936,True,4032,1
0.007168,0.016960000000000003,0.015437571428571429,0.015776000000000002,0.0019329307521266782,0.033600000000000005,0.036927999999999996,0.036371049999999995,0.03654350000000001,0.0006871335004931703,0.01888,0.019424,0.01916475,0.019184,0.00015404638100260568,0.037568,0.038496,0.0379791,0.037984000000000004,0.00022843837243335537,0.043680000000000004,0.04512,0.04442225000000001,0.044432,0.0003755820649338829,0.0136,0.014336,0.013920049999999998,0.013872,0.00019464852298437828,,,,,,,,,,,,,,,,,,,,,32,4,2048,3072,151936,True,4000,1
0.007232000000000001,0.016928000000000002,0.015998428571428573,0.016416,0.001988282019170093,0.033696,0.036511,0.03592465,0.036048,0.0005490553045914416,0.018367,0.019168,0.0188158,0.018848,0.00018207734620210144,0.037312,0.038176,0.037667099999999995,0.037696,0.00024725066228424927,0.04256,0.04339200000000001,0.042926200000000005,0.04288,0.00019207540186083274,0.01344,0.014464000000000001,0.01395845,0.014,0.0003303090181935701,,,,,,,,,,,,,,,,,,,,,32,4,2048,3072,151936,True,3968,1
0.0072640000000000005,0.01712,0.015942,0.016384,0.0019863804603683895,0.033312,0.036223,0.035657350000000004,0.035792000000000004,0.000589567322279653,0.018112,0.018911999999999998,0.0186,0.018592499999999998,0.00018599838708978076,0.036736,0.037696,0.03728954999999999,0.03728,0.00027167342067269,0.042176000000000005,0.043199,0.0425983,0.042608,0.00023750454732488716,0.013472,0.014304,0.01375845,0.013712,0.00022746790432938034,,,,,,,,,,,,,,,,,,,,,32,4,2048,3072,151936,True,3936,1
0.007008,0.016128,0.015332571428571428,0.015744,0.0018938996949209766,0.033280000000000004,0.036031999999999995,0.035604649999999995,0.035744,0.0005611239858533935,0.01808,0.018495,0.01835195,0.018352,9.349249969917385e-05,0.036544,0.03744,0.0370303,0.037040000000000003,0.00020206635048913965,0.04064,0.041408,0.041003300000000006,0.041056,0.00022540366012999905,0.013216,0.014464000000000001,0.013646349999999998,0.013503999999999999,0.00034678253632500043,,,,,,,,,,,,,,,,,,,,,32,4,2048,3072,151936,True,3904,1
0.007072,0.015616,0.01459652380952381,0.015071,0.001738853306308982,0.032864,0.03596800000000001,0.03538555,0.035568,0.0006214383698324406,0.017952000000000003,0.018561,0.0182912,0.018288,0.00013932214468633468,0.036383000000000006,0.037119,0.03672779999999999,0.036704,0.00021365430021415329,0.040544,0.041375999999999996,0.040905399999999995,0.040864,0.0002547748810224436,0.013185,0.014144,0.013643100000000002,0.013632,0.00026236194464899083,,,,,,,,,,,,,,,,,,,,,32,4,2048,3072,151936,True,3872,1
0.0069440000000000005,0.015552,0.014526476190476187,0.014912000000000002,0.001713191608527296,0.032512,0.036095999999999996,0.035220699999999994,0.0353595,0.0006871253233581193,0.017376000000000003,0.018112,0.017827000000000003,0.0178395,0.00019381021644897795,0.034496000000000006,0.03539200000000001,0.0349934,0.034960000000000005,0.0002696038575391676,0.042112000000000004,0.04304,0.04247175,0.0424795,0.00022557523689447845,0.01264,0.013599,0.013217600000000001,0.013216,0.00022148033772775378,,,,,,,,,,,,,,,,,,,,,32,4,2048,3072,151936,True,3840,1
0.0069440000000000005,0.015456,0.014105809523809526,0.014432,0.0016563141701940146,0.032448,0.035552,0.03499025,0.0351835,0.0006612463137893483,0.017248000000000003,0.017984000000000003,0.0177504,0.017792000000000002,0.0001494437686890957,0.034079,0.034976,0.03458365,0.034559999999999994,0.00025605200155437235,0.041664,0.043072000000000006,0.042399900000000004,0.042448,0.00032229689728571813,0.012608000000000001,0.013728,0.013163150000000002,0.01312,0.00027542063738943015,,,,,,,,,,,,,,,,,,,,,32,4,2048,3072,151936,True,3808,1
0.0069440000000000005,0.01536,0.01423695238095238,0.01456,0.0016667266887151245,0.03184,0.035104,0.034588799999999996,0.03476800000000001,0.0006742742468758541,0.016832,0.017408000000000003,0.01719515,0.0172,0.00013051485547630276,0.033568,0.034656,0.034233400000000004,0.034223500000000004,0.0002489558997091661,0.040832,0.042688000000000004,0.04181275,0.04184,0.0003923976140345405,0.012480000000000002,0.013536,0.012990499999999999,0.013056,0.0003145502344618418,,,,,,,,,,,,,,,,,,,,,32,4,2048,3072,151936,True,3776,1
0.006752,0.015007999999999999,0.014203428571428573,0.014624000000000002,0.0016921079716599359,0.032064,0.034976,0.03448315,0.034608,0.0005983214249047081,0.016896,0.017376000000000003,0.0171408,0.017152,0.00011769519956225934,0.033631,0.034656,0.034065349999999994,0.034128000000000006,0.0002618885784069246,0.041216,0.042432000000000004,0.041655899999999996,0.04156800000000001,0.00029548348515610835,0.012447,0.013344,0.0128463,0.012832000000000001,0.0003001286557461646,,,,,,,,,,,,,,,,,,,,,32,4,2048,3072,151936,True,3744,1
0.0069440000000000005,0.015073000000000001,0.014101380952380954,0.014496,0.0016280587761763419,0.03168,0.035295,0.03460144999999999,0.0347835,0.0007258079963048085,0.016832,0.017504000000000002,0.017043100000000005,0.01704,0.00014715464654573466,0.034752000000000005,0.035808,0.03532305,0.035280000000000006,0.0002890779263451297,0.039647,0.040544,0.04014865,0.040128000000000004,0.00026473104748026693,0.012544000000000001,0.013664,0.013062400000000002,0.013104,0.00031817077175630025,,,,,,,,,,,,,,,,,,,,,32,4,2048,3072,151936,True,3712,1
0.006816,0.014976000000000001,0.014046523809523809,0.014400000000000001,0.001652395738921078,0.031488,0.03481600000000001,0.034129299999999994,0.034319,0.0007551435691310628,0.016800000000000002,0.017248000000000003,0.016979150000000002,0.016992,0.00012933571625811674,0.03488,0.035744,0.0352352,0.035216,0.00021865625991496294,0.039616,0.040704000000000004,0.0400223,0.040032,0.0002495540222076174,0.012544000000000001,0.013728,0.013187200000000001,0.013168,0.00034478422237683645,,,,,,,,,,,,,,,,,,,,,32,4,2048,3072,151936,True,3680,1
0.00688,0.015519999999999999,0.014325285714285712,0.014624000000000002,0.0017221420809383804,0.031168,0.034176000000000005,0.03376635,0.0338875,0.0006226817224714407,0.017248000000000003,0.017983000000000002,0.0175247,0.017504000000000002,0.00016744793220580537,0.034144,0.035104,0.03464640000000001,0.034688000000000004,0.00025728571666534567,0.038303,0.038880000000000005,0.038556650000000005,0.038576,0.00017447099329114899,0.012448,0.013823,0.012926300000000002,0.0127515,0.0003979794090150893,,,,,,,,,,,,,,,,,,,,,32,4,2048,3072,151936,True,3648,1
0.006528,0.016192,0.015102476190476192,0.015519999999999999,0.0019517246004751212,0.030912,0.033600000000000005,0.032915150000000004,0.033104,0.0006542278865196746,0.01712,0.017728999999999998,0.017358400000000003,0.017344000000000002,0.0001517601396941894,0.034016,0.035039,0.0344351,0.034384,0.00025648097395323486,0.037984000000000004,0.038944000000000006,0.03838075,0.038368000000000006,0.0002321117995708105,0.011936,0.013023999999999999,0.0123585,0.0122725,0.00027740412758284617,,,,,,,,,,,,,,,,,,,,,32,4,2048,3072,151936,True,3616,1
0.00656,0.014752000000000001,0.013650190476190477,0.014016,0.0016393368757794261,0.031104,0.034048,0.03314065000000001,0.033296000000000006,0.0006630904368937921,0.017504000000000002,0.017920000000000002,0.017724700000000003,0.017728,0.00010460788689195481,0.032992,0.034144,0.03371035,0.033776,0.0002643976692408614,0.037088,0.038048000000000005,0.037598150000000004,0.037679500000000005,0.0002729513280788353,0.01088,0.01216,0.011201550000000001,0.011136,0.00032523844714301515,,,,,,,,,,,,,,,,,,,,,32,4,2048,3072,151936,True,3584,1
0.006816,0.014976000000000001,0.014114904761904764,0.014496,0.001660926904293472,0.030624,0.033504,0.03281904999999999,0.0328155,0.0005856651325629694,0.017311,0.017920000000000002,0.0176063,0.017584000000000002,0.00014343922057791626,0.033344,0.034368,0.03373259999999999,0.0337115,0.0002554584897786726,0.036864,0.037823999999999997,0.03719515,0.037168,0.0002540624480319754,0.009025,0.009792,0.009427350000000001,0.0093605,0.0002139238824909461,,,,,,,,,,,,,,,,,,,,,32,4,2048,3072,151936,True,3552,1
0.00656,0.016512000000000002,0.01496538095238095,0.015295999999999999,0.0019524870702868145,0.030528,0.033375999999999996,0.032361650000000006,0.032624,0.0007591256335416424,0.017152,0.01776,0.0174401,0.017456,0.0001369620020297599,0.032448,0.033536,0.032991900000000005,0.0329595,0.0003001760983156389,0.038912,0.040352,0.039526250000000006,0.039536,0.00028869826376339697,0.008224,0.008768000000000001,0.00840635,0.008400000000000001,0.0001438322894902255,,,,,,,,,,,,,,,,,,,,,32,4,2048,3072,151936,True,3520,1
0.006464,0.014176000000000001,0.013276857142857142,0.013568,0.0015485438101561055,0.029696000000000004,0.032479999999999995,0.031691149999999994,0.031728,0.0006662423939528307,0.017312,0.018015999999999997,0.017657550000000004,0.017632500000000002,0.00017699759179152662,0.032352,0.033248,0.032702300000000004,0.03264,0.00021093437368053646,0.039008,0.039808,0.03951509999999999,0.039584,0.00021852983777964987,0.007072,0.007488000000000001,0.007263950000000001,0.007248000000000001,9.05276062867013e-05,,,,,,,,,,,,,,,,,,,,,32,4,2048,3072,151936,True,3488,1
0.006432,0.013696,0.012764999999999997,0.01312,0.0014500422982336295,0.029920000000000002,0.031872,0.031340650000000005,0.031424,0.0004296642031866275,0.016768,0.017408000000000003,0.017151850000000003,0.017136,0.00017700657473664682,0.031232,0.032416,0.0319407,0.032,0.0003175059212046286,0.037568,0.038176,0.037895849999999995,0.037904,0.00018793011334003893,0.00704,0.007328,0.007214500000000001,0.007232000000000001,7.321919147327437e-05,,,,,,,,,,,,,,,,,,,,,32,4,2048,3072,151936,True,3456,1
0.006272000000000001,0.01392,0.013037714285714284,0.013375999999999999,0.001541500355802351,0.02976,0.031423,0.030828650000000003,0.030976,0.0004387766259727147,0.016640000000000002,0.017089,0.01687845,0.01688,0.00013103605419883507,0.031039999999999998,0.032288,0.0316703,0.031616000000000005,0.0003607177705630819,0.03712,0.037952,0.0375055,0.037456,0.0002687769521368976,0.006976,0.007424000000000001,0.0071696,0.007168,0.00011193185426856838,,,,,,,,,,,,,,,,,,,,,32,4,2048,3072,151936,True,3424,1
0.006271,0.013663,0.012812142857142857,0.01312,0.001500217834522843,0.028961,0.03056,0.0300944,0.030144,0.00034437296641867763,0.016288,0.016928000000000002,0.0166431,0.016656,0.00016536048500170804,0.030208,0.031488,0.0309869,0.031103000000000002,0.00036483405816891627,0.03552,0.03616,0.03585605000000001,0.035888,0.0001762502411345866,0.007007,0.007488000000000001,0.0071375,0.007104,0.00012857818633034147,,,,,,,,,,,,,,,,,,,,,32,4,2048,3072,151936,True,3392,1
0.0063030000000000004,0.014240000000000001,0.01325861904761905,0.013504,0.0015875909715573852,0.028768000000000002,0.029792000000000003,0.02934875,0.029360000000000004,0.0002854946365520734,0.01616,0.016704,0.01647195,0.016496000000000004,0.00014381949624442403,0.030303999999999998,0.031103000000000002,0.03075835,0.030768,0.00023694330017960062,0.035264000000000004,0.035936,0.0356095,0.035616,0.00019921307688000714,0.006817,0.0072640000000000005,0.007009650000000001,0.007008,0.0001033388963556319,,,,,,,,,,,,,,,,,,,,,32,4,2048,3072,151936,True,3360,1
0.006176,0.013184,0.012126333333333336,0.012384000000000001,0.001352552308057528,0.028416,0.030048,0.029697550000000007,0.029728,0.00034362893868241073,0.01584,0.016384,0.016031999999999998,0.016032,0.00014130817386124532,0.029920000000000002,0.030816,0.030279849999999997,0.030224,0.00020030209060316865,0.036607999999999995,0.037503999999999996,0.0371008,0.037072,0.00020846716767875052,0.006848,0.007232000000000001,0.0070352,0.00704,0.00010133192981484176,,,,,,,,,,,,,,,,,,,,,32,4,2048,3072,151936,True,3328,1
0.006176,0.013375999999999999,0.012489190476190475,0.012736,0.0014448081638700299,0.028576,0.029663000000000002,0.029348649999999997,0.029376000000000003,0.00023992191959052047,0.015616,0.015936,0.0157727,0.015776000000000002,8.582080167418654e-05,0.029216000000000002,0.03024,0.029848000000000003,0.029888,0.00023664319132398406,0.036288,0.037247999999999996,0.03677419999999999,0.036752,0.00028355486241642906,0.006816,0.0072640000000000005,0.0069488,0.0069440000000000005,9.009861264192714e-05,,,,,,,,,,,,,,,,,,,,,32,4,2048,3072,151936,True,3296,1
0.006048,0.013375999999999999,0.012493714285714285,0.012768000000000002,0.0014702850433992508,0.028064000000000002,0.029216000000000002,0.028875,0.028912,0.00023888574674936123,0.015328,0.015808,0.015630349999999998,0.015616,0.00013169254914383008,0.029216000000000002,0.029632000000000002,0.02946235000000001,0.0294715,0.00011921001426054762,0.035808,0.036927999999999996,0.036620700000000006,0.036576000000000004,0.00026121946711529727,0.006816,0.007104,0.006977550000000001,0.006976,7.736179612702908e-05,,,,,,,,,,,,,,,,,,,,,32,4,2048,3072,151936,True,3264,1
0.0060160000000000005,0.012576,0.01194042857142857,0.012224,0.0013374154026269001,0.027776000000000002,0.029024,0.028695900000000007,0.028751,0.0002805738583688792,0.015295999999999999,0.015712,0.0154304,0.015392,0.00011608548574218931,0.028735,0.029504000000000002,0.029142300000000003,0.029136000000000002,0.00021473451050075813,0.036000000000000004,0.036895000000000004,0.03629905,0.036256000000000004,0.00020252715250059698,0.00672,0.007104,0.0069231,0.0069440000000000005,8.837245045827356e-05,,,,,,,,,,,,,,,,,,,,,32,4,2048,3072,151936,True,3232,1
0.006017000000000001,0.01264,0.011811047619047619,0.012064,0.0013224162760856492,0.027904,0.029344000000000002,0.028348699999999998,0.028352000000000002,0.00028245567793903535,0.014432,0.015231999999999999,0.014815900000000002,0.014832000000000001,0.00020164942350525046,0.028384,0.028960000000000003,0.02868465,0.028687999999999998,0.00016303167636996248,0.034655000000000005,0.035648000000000006,0.03526385,0.035264000000000004,0.00022460660609162808,0.006752,0.007104,0.00692155,0.006928,9.110020581755024e-05,,,,,,,,,,,,,,,,,,,,,32,4,2048,3072,151936,True,3200,1
0.005984,0.012992000000000002,0.012115714285714285,0.012352,0.0013999493916994744,0.02736,0.028832,0.02830065,0.02832,0.0002862225139642235,0.014336,0.015136,0.014635150000000003,0.014624000000000002,0.0001714614461037817,0.028128,0.028672,0.02837115,0.028352000000000002,0.00012934847312589344,0.034656,0.035104,0.0348638,0.034847500000000003,0.00014750240676002606,0.006656,0.006974999999999999,0.0068046999999999995,0.0067995,7.711102385521792e-05,,,,,,,,,,,,,,,,,,,,,32,4,2048,3072,151936,True,3168,1
0.005951,0.012639,0.01166152380952381,0.011904,0.0013041683217046292,0.027391,0.028992,0.0277198,0.0276,0.00042439245987646877,0.014111,0.014784,0.014539050000000001,0.014528000000000001,0.0001614919425234584,0.027744,0.028287,0.028022250000000005,0.028064000000000002,0.00014621999692244548,0.032799999999999996,0.033536,0.03323665,0.033232,0.00016603411547028553,0.006496000000000001,0.006848,0.006649649999999998,0.006592,0.00010200258575153868,,,,,,,,,,,,,,,,,,,,,32,4,2048,3072,151936,True,3136,1
0.005792,0.012768000000000002,0.011838428571428571,0.012096,0.0013682196833991304,0.02656,0.0272,0.026876749999999998,0.026864,0.00017868600252957708,0.014208,0.01488,0.014475150000000003,0.014496,0.00015971138813497302,0.027424,0.027968,0.027639900000000002,0.0276155,0.00015611819240562576,0.032608,0.03344,0.03307824999999999,0.03312,0.00019687429364952612,0.006463,0.006784,0.0066479,0.00664,8.531406683542878e-05,,,,,,,,,,,,,,,,,,,,,32,4,2048,3072,151936,True,3104,1
0.005792,0.012,0.011129904761904763,0.01136,0.0012222643274544995,0.026624,0.028032,0.02759995,0.027712,0.00036025553083887603,0.013568,0.014368,0.014046299999999998,0.014064,0.0001950436105080094,0.027872,0.028510999999999998,0.028175949999999998,0.028128,0.0001880043815978764,0.031584,0.032288,0.032039899999999996,0.03208,0.00018352572026830388,0.006528,0.006752,0.006644800000000001,0.00664,6.421962316924645e-05,,,,,,,,,,,,,,,,,,,,,32,4,2048,3072,151936,True,3072,1
0.005728,0.013023999999999999,0.01195433333333333,0.012224,0.0014224000955237708,0.026303999999999998,0.027232,0.026610999999999996,0.026576,0.00023311627999777294,0.013504,0.014079000000000001,0.01389115,0.013904,0.00013827410278139575,0.02752,0.028672,0.027945500000000005,0.02792,0.0002593766566212154,0.031424,0.032064,0.03183835,0.031872,0.00016851506609202643,0.0064,0.00672,0.006590399999999999,0.006592,7.604630168522313e-05,,,,,,,,,,,,,,,,,,,,,32,4,2048,3072,151936,True,3040,1
0.005696,0.012832000000000001,0.011742476190476192,0.011936,0.0014032096750985757,0.025824000000000003,0.028,0.027284700000000002,0.027264,0.00044862858803246106,0.015072,0.015615,0.015294349999999995,0.015295999999999999,0.0001385432333244752,0.02976,0.030496,0.030108700000000006,0.030064,0.00019036493899875467,0.034272,0.03539200000000001,0.0347214,0.034703,0.000280156813231449,0.006112,0.0066879999999999995,0.0063265000000000005,0.0063045,0.00012402358646644584,,,,,,,,,,,,,,,,,,,,,32,4,2048,3072,151936,True,3008,1
0.005824,0.012096,0.011484904761904762,0.011775,0.0012779708955908678,0.026336,0.027872,0.027260649999999997,0.0272155,0.0003781662696486829,0.014911,0.015424,0.0151662,0.015184,0.00014659931787017275,0.029344000000000002,0.030112,0.029699100000000006,0.029728,0.000175353614162925,0.03376,0.034783,0.03436460000000001,0.034335000000000004,0.0002450825167163101,0.00608,0.006496000000000001,0.006214450000000001,0.006192,0.00010643330070988138,,,,,,,,,,,,,,,,,,,,,32,4,2048,3072,151936,True,2976,1
0.005664,0.012960000000000001,0.011996904761904762,0.012288,0.00147473542113773,0.025696000000000004,0.027456,0.02673105,0.026768,0.0003794981521694141,0.01472,0.015168,0.014921549999999997,0.014928,0.00011855862473898694,0.028480000000000002,0.029439,0.029035050000000007,0.029056000000000002,0.00020202882838842552,0.032223999999999996,0.033375999999999996,0.032841449999999994,0.032816,0.00027662618729975674,0.005888,0.006368,0.00608,0.006064,0.0001222718283170741,,,,,,,,,,,,,,,,,,,,,32,4,2048,3072,151936,True,2944,1
0.005568,0.011712,0.011160238095238093,0.011455,0.0012653775233676273,0.025184,0.027328,0.026747099999999996,0.026848,0.00048533214400037406,0.014496,0.015104,0.014676699999999997,0.01464,0.00015625751181943222,0.028416,0.029056000000000002,0.028779149999999993,0.028752,0.0001594808060551494,0.032223999999999996,0.033088,0.032691050000000006,0.032704000000000004,0.00019575200509828905,0.005792,0.006144,0.0059567,0.005952,0.00011627729787022057,,,,,,,,,,,,,,,,,,,,,32,4,2048,3072,151936,True,2912,1
0.0056,0.012320000000000001,0.011247285714285715,0.011457,0.0012983381004689233,0.025215,0.026688,0.026214349999999997,0.026304,0.0003527829750710758,0.014528000000000001,0.014976000000000001,0.01478075,0.014784,0.00010698358518950463,0.027712,0.028576,0.02813265,0.028048000000000003,0.0002589535238223266,0.030751999999999998,0.031424,0.031025550000000002,0.030992,0.00017178372303568276,0.006048,0.0064,0.006171150000000001,0.0061600000000000005,9.124323262576794e-05,,,,,,,,,,,,,,,,,,,,,32,4,2048,3072,151936,True,2880,1
0.005632,0.012416,0.011516904761904761,0.011744,0.0013506162228427052,0.025056000000000002,0.026272,0.025585600000000003,0.025584000000000003,0.00026609592255425466,0.014400000000000001,0.014944,0.014648000000000003,0.014672000000000001,0.00013266499161421617,0.027392,0.028447,0.027891050000000008,0.027904,0.0003059863518198155,0.030208,0.030944,0.030599899999999996,0.030623,0.00019222094058660746,0.005952,0.006368,0.0061248,0.006128,0.00010680524331698335,,,,,,,,,,,,,,,,,,,,,32,4,2048,3072,151936,True,2848,1
0.005536,0.011456,0.010729142857142857,0.010944,0.0011817179699675458,0.024960000000000003,0.027136,0.026531099999999995,0.026543999999999998,0.0004337484178645489,0.013952,0.01472,0.014291099999999998,0.014288,0.00019760994408176934,0.027232,0.028256,0.027854249999999997,0.027872,0.00025220683476067805,0.031039999999999998,0.032352,0.03179505,0.031823500000000005,0.0002716093656338085,0.00592,0.00656,0.0060736,0.006048,0.00014080000000000006,,,,,,,,,,,,,,,,,,,,,32,4,2048,3072,151936,True,2816,1
0.005472,0.011295999999999999,0.010505095238095239,0.010752000000000001,0.0011546238267963708,0.024288,0.027072,0.0262479,0.026255999999999998,0.0005401200699844429,0.01392,0.014336,0.014062349999999998,0.014064,9.51910053523966e-05,0.027104,0.027872,0.0275071,0.027535499999999997,0.0001741817728696091,0.031232,0.031968,0.031620699999999995,0.031615500000000005,0.00021056212859866337,0.0057599999999999995,0.006272000000000001,0.005953600000000001,0.005952,0.00012171088694114439,,,,,,,,,,,,,,,,,,,,,32,4,2048,3072,151936,True,2784,1
0.0054080000000000005,0.010817,0.010125761904761905,0.010336,0.0010799250813856931,0.024288,0.026432,0.025769550000000002,0.025696000000000004,0.00043609362240234546,0.013472,0.013824,0.0136352,0.013664,0.000101647233115319,0.026816,0.02736,0.027137500000000002,0.027167000000000004,0.00014036897805426966,0.031744,0.032608,0.032251199999999994,0.032272499999999996,0.00018780271563531722,0.005664,0.006144,0.005790349999999999,0.0057599999999999995,0.00012033547897440732,,,,,,,,,,,,,,,,,,,,,32,4,2048,3072,151936,True,2752,1
0.005792,0.012384000000000001,0.01132947619047619,0.011616,0.0013091622773669907,0.024256,0.026591999999999998,0.026041549999999997,0.026175999999999998,0.0005232148196486786,0.0136,0.014048,0.01386235,0.013888000000000001,0.00011910888925684772,0.026496,0.027104,0.0267711,0.026816,0.00020419620466600292,0.0312,0.032576,0.031998349999999995,0.031984,0.00035091270638151604,0.006176999999999999,0.0069440000000000005,0.00654245,0.0065125,0.00018805783020124422,,,,,,,,,,,,,,,,,,,,,32,4,2048,3072,151936,True,2720,1
0.00528,0.012032000000000001,0.011289904761904761,0.011552,0.0013722238781926535,0.023712,0.026463999999999998,0.02548315,0.025536000000000003,0.0005467874609937573,0.013375999999999999,0.01376,0.013600049999999999,0.0136165,0.00010169831611192003,0.025792000000000002,0.026624,0.026174349999999996,0.026112,0.00023746100206139032,0.029792000000000003,0.030624,0.030319950000000002,0.030399500000000003,0.00022996009979994291,0.005792,0.0069440000000000005,0.0065632,0.0065605,0.00023290740649451228,0.000416,0.001696,0.0011519,0.0011040000000000002,0.00037388352464370504,,,,,,,,,,,,,,,,32,4,2048,3072,151936,True,2688,1
0.005152,0.011552,0.010823619047619047,0.011167999999999999,0.001310043782481387,0.023488,0.026463999999999998,0.02539985,0.0254715,0.000544033204409437,0.013184,0.013536,0.013316699999999997,0.0133115,8.541961133135636e-05,0.025472,0.026272,0.025927849999999995,0.025888,0.00024551522865190933,0.02944,0.030463,0.030078150000000005,0.030111000000000002,0.0002210086593326146,0.0057599999999999995,0.006656,0.006268900000000001,0.006256000000000001,0.00021815244669725798,0.000416,0.001824,0.0011856000000000002,0.0011524999999999999,0.00038785247195293214,,,,,,,,,,,,,,,,32,4,2048,3072,151936,True,2656,1
0.005248,0.011712,0.010822095238095238,0.011104,0.0012755969622013543,0.0232,0.026047999999999998,0.02522725,0.025296000000000003,0.0006126832685001285,0.012736,0.01328,0.012924750000000002,0.0129275,0.0001271561539997176,0.024512000000000003,0.026015999999999997,0.02544155,0.02544,0.00028892239009810177,0.027872,0.028416,0.0281951,0.028224,0.00016118588647893436,0.005696,0.006176,0.0059904,0.005967999999999999,0.00013896992480389432,0.000448,0.001727,0.0011551999999999999,0.0011040000000000002,0.0004207415596301368,,,,,,,,,,,,,,,,32,4,2048,3072,151936,True,2624,1
0.00512,0.011904,0.010745904761904762,0.011007999999999999,0.0013023803081742983,0.023232,0.025856,0.024937599999999997,0.024944,0.0005772659179269123,0.012608000000000001,0.013184,0.0128863,0.012912,0.00012191312480615014,0.024576,0.0256,0.025070349999999998,0.025152,0.00027450414842038385,0.02752,0.028224,0.027883050000000003,0.027872,0.00015151385250200728,0.00544,0.005888,0.0056079500000000004,0.005584,0.0001135501981504214,0.000417,0.001632,0.0010641000000000001,0.0010880000000000002,0.0003007380754078206,,,,,,,,,,,,,,,,32,4,2048,3072,151936,True,2592,1
0.005216,0.010463,0.009539,0.009696,0.0010041408552304088,0.022624,0.024928000000000002,0.024206200000000004,0.024224,0.0004838943686384463,0.012320000000000001,0.012672000000000001,0.0125072,0.012512,0.00010285261299548981,0.023328,0.024128,0.023715149999999997,0.02368,0.00022366342459150524,0.026688,0.027104,0.026862249999999997,0.026847500000000003,0.0001221224283250212,0.005184,0.005376000000000001,0.00527195,0.005248,4.937253791329766e-05,,,,,,,,,,,,,,,,,,,,,32,4,2048,3072,151936,True,2560,1
0.005056,0.011167999999999999,0.010441190476190477,0.010624000000000001,0.0012277270372540207,0.022432,0.025152,0.02409915,0.024191999999999998,0.0005976726758853884,0.012224,0.012607,0.012343900000000001,0.012320500000000002,9.028947889981412e-05,0.023168,0.023936,0.0236591,0.023712,0.00020212889452030336,0.026528,0.026976,0.026782300000000002,0.026783500000000002,0.00010245198875570951,0.004992,0.005376000000000001,0.00517595,0.005168000000000001,0.00010993474200633774,,,,,,,,,,,,,,,,,,,,,32,4,2048,3072,151936,True,2528,1
0.004992,0.011519999999999999,0.010381714285714286,0.010625,0.0012437502100639075,0.022335999999999998,0.024512000000000003,0.023737550000000003,0.023728,0.0003906467041970283,0.012288,0.012512,0.01241605,0.012416,6.717177606703583e-05,0.023296,0.023904,0.0235984,0.023599500000000002,0.00017581137619619524,0.028800000000000003,0.029952000000000003,0.029351950000000005,0.029360000000000004,0.0003490249955232437,0.004896,0.00528,0.005086349999999999,0.0050880000000000005,8.727271910511336e-05,,,,,,,,,,,,,,,,,,,,,32,4,2048,3072,151936,True,2496,1
0.005024,0.010656,0.009854428571428573,0.010016,0.0011282839296251367,0.022335999999999998,0.024416,0.0235983,0.023632,0.00039401980914669817,0.012352,0.012672000000000001,0.012475100000000003,0.012448,8.771881212146016e-05,0.023104,0.023808,0.0234047,0.023392,0.0001706048358048505,0.028224,0.02944,0.02886875,0.028736,0.000345021575412322,0.00496,0.005312000000000001,0.0051087500000000004,0.0051035,9.508673671969209e-05,,,,,,,,,,,,,,,,,,,,,32,4,2048,3072,151936,True,2464,1
0.00496,0.009536,0.008790857142857142,0.009023999999999999,0.0008986161999596555,0.02176,0.022912,0.022414299999999998,0.022416,0.00024752294843104927,0.011583000000000001,0.012192,0.011759849999999999,0.011712,0.00015630267911971295,0.022591,0.023104,0.022790300000000003,0.022751999999999998,0.00015396236553132106,0.0264,0.02736,0.026990300000000002,0.027039999999999998,0.00025161321507424875,0.004704,0.004992,0.0048625000000000005,0.004864,7.533027279918752e-05,,,,,,,,,,,,,,,,,,,,,32,4,2048,3072,151936,True,2432,1
0.00512,0.008864,0.008231571428571428,0.008384,0.0007379564815810503,0.021697,0.023168,0.02223035,0.022224,0.0003251778398046208,0.011424,0.011936,0.011590399999999997,0.0116155,0.00011690996535796266,0.022303999999999997,0.022912,0.022601549999999995,0.022607999999999996,0.00014527782865943428,0.026208,0.027072,0.026758300000000002,0.026832,0.0002488091839140993,0.00464,0.004928,0.00477445,0.0047834999999999996,7.811880375428191e-05,,,,,,,,,,,,,,,,,,,,,32,4,2048,3072,151936,True,2400,1
0.005184,0.009536,0.008754238095238094,0.008990999999999999,0.0008725832422979649,0.021216000000000002,0.02224,0.021812700000000004,0.021792000000000002,0.0002399875205088786,0.011072,0.011552,0.01131995,0.011328,0.00012709385311650615,0.022463999999999998,0.022912,0.022683199999999997,0.022736,0.00013358802341527503,0.02512,0.025888,0.025470349999999996,0.025456,0.00024588254818103757,0.004543999999999999,0.004896,0.0047231,0.00472,0.00010150906363473165,,,,,,,,,,,,,,,,,,,,,32,4,2048,3072,151936,True,2368,1
0.0048,0.008992000000000002,0.008380857142857145,0.008608000000000001,0.000829133873142231,0.021024,0.022015999999999997,0.021512000000000003,0.021472,0.00024430800232493375,0.011231999999999999,0.011744,0.01150405,0.011519999999999999,0.0001105845717087154,0.02224,0.022944,0.02261595,0.022576,0.00018627948759860838,0.024800000000000003,0.025504000000000002,0.0251552,0.025120000000000003,0.00021374250864065396,0.0045119999999999995,0.004832,0.0046864,0.004672,8.11956895407631e-05,,,,,,,,,,,,,,,,,,,,,32,4,2048,3072,151936,True,2336,1
0.004768,0.008736,0.008112714285714287,0.008320000000000001,0.000781505028034713,0.02048,0.021055,0.020729450000000003,0.020720000000000002,0.0001487724688912568,0.01136,0.012512,0.01168955,0.011696,0.0002377259924787361,0.020864,0.021536000000000003,0.021145550000000006,0.021152,0.00016644052240965908,0.025792000000000002,0.026751999999999998,0.026359849999999997,0.026352,0.0002561142860131002,0.004384000000000001,0.004672,0.0045663,0.004575999999999999,7.588682362571236e-05,,,,,,,,,,,,,,,,,,,,,32,4,2048,3072,151936,True,2304,1
0.0045119999999999995,0.008512,0.0075550476190476175,0.007584,0.0007470086680309533,0.020352000000000002,0.020896,0.020531,0.020496,0.00015084031291402185,0.011007999999999999,0.012128,0.011375849999999998,0.011376,0.00024258962776672874,0.020608,0.021088000000000003,0.020803099999999998,0.020799500000000002,0.0001303291602059957,0.025632000000000002,0.026528,0.025988700000000003,0.025984000000000004,0.00023965393800227727,0.00432,0.004736,0.004467200000000001,0.0044480000000000006,9.823777277605573e-05,,,,,,,,,,,,,,,,,,,,,32,4,2048,3072,151936,True,2272,1
0.004543999999999999,0.008704000000000002,0.00784457142857143,0.007936,0.0007892480189231711,0.020096,0.022112,0.02143035,0.021503500000000002,0.00044349140634289674,0.010816000000000001,0.011744,0.010961650000000002,0.010944,0.00019239679701076056,0.022432,0.023328,0.02282555,0.022784,0.0002441803585467106,0.025472,0.026751999999999998,0.026363099999999993,0.026448,0.0003756488919190359,0.00432,0.004608,0.0044991499999999995,0.0045119999999999995,6.430962214163569e-05,,,,,,,,,,,,,,,,,,,,,32,4,2048,3072,151936,True,2240,1
0.0044800000000000005,0.008288,0.007609952380952382,0.007712,0.0007375367287829499,0.020031,0.021631,0.020982249999999997,0.020976,0.0003633811875978178,0.010624000000000001,0.011392,0.010764900000000003,0.01072,0.0001598001564454801,0.022015999999999997,0.023168,0.02251835,0.022496,0.0003158680539402497,0.025408000000000003,0.026528,0.026219199999999998,0.026288,0.0002792034383742425,0.00432,0.004543999999999999,0.004433500000000001,0.004416000000000001,6.512334450870865e-05,,,,,,,,,,,,,,,,,,,,,32,4,2048,3072,151936,True,2208,1
0.0044800000000000005,0.008032000000000001,0.00727004761904762,0.007424000000000001,0.0006792287977089813,0.019777000000000003,0.020768000000000002,0.020302350000000004,0.02024,0.0002693618894721372,0.010528000000000001,0.011392,0.010688000000000001,0.010656,0.00016750402980227042,0.021664000000000003,0.022144,0.021932500000000004,0.0219195,0.00012034969879480306,0.023968,0.02544,0.0247823,0.0248325,0.0003971867444918073,0.004288,0.0044480000000000006,0.00436645,0.004352000000000001,3.987163778928587e-05,,,,,,,,,,,,,,,,,,,,,32,4,2048,3072,151936,True,2176,1
0.004416000000000001,0.007488000000000001,0.006742857142857142,0.006784,0.00058433277258395,0.019584,0.020576,0.02010235,0.020111999999999998,0.0002442124638506397,0.010400000000000001,0.0112,0.010553600000000002,0.010496499999999999,0.0001633668877098415,0.021439,0.022271000000000003,0.021719850000000002,0.021648,0.00023068794398494242,0.024032,0.025023,0.0246399,0.024704,0.0002928099895836888,0.004192,0.004384000000000001,0.0043087,0.00432,5.479060138381412e-05,,,,,,,,,,,,,,,,,,,,,32,4,2048,3072,151936,True,2144,1
0.004384000000000001,0.00752,0.006811476190476189,0.006848,0.0006118208280400257,0.019232,0.019872,0.019598349999999997,0.0196,0.00017279504477848932,0.010304,0.010816000000000001,0.010473600000000001,0.010432,0.00010718554006954488,0.020768000000000002,0.021503,0.021091000000000006,0.021104,0.00019915220310104504,0.022848,0.023552,0.023182300000000003,0.0231675,0.00020508829805720262,0.004128000000000001,0.004416000000000001,0.0042303,0.004224,6.285546913356063e-05,,,,,,,,,,,,,,,,,,,,,32,4,2048,3072,151936,True,2112,1
0.0044480000000000006,0.007008,0.00604652380952381,0.006017000000000001,0.0004892827227344533,0.01856,0.019136,0.0188016,0.018816,0.00015561182474349458,0.00992,0.010432,0.010056,0.010048,0.00012045289535748004,0.020224,0.020896,0.020579000000000004,0.0205595,0.00017424809898532623,0.022432,0.023168,0.02273105,0.0227035,0.00017118775511116487,0.004064,0.00432,0.00415185,0.0041595,6.0617881025321375e-05,,,,,,,,,,,,,,,,,,,,,32,4,2048,3072,151936,True,2080,1
0.004384000000000001,0.008224,0.00755504761904762,0.007808,0.0007842661402131339,0.018816,0.01968,0.019131199999999998,0.019072,0.0002420763515918067,0.00976,0.010336,0.010016,0.010064,0.00018795744199153177,0.019648,0.020224,0.0200096,0.020032,0.00015148544484537148,0.021824000000000003,0.0224,0.022124799999999993,0.022112,0.00016670740835367738,0.004128000000000001,0.004384000000000001,0.004241600000000001,0.004256,6.672211027837763e-05,,,,,,,,,,,,,,,,,,,,,32,4,2048,3072,151936,True,2048,1
0.004288,0.007872,0.007369142857142857,0.00752,0.000740533802689094,0.018591999999999997,0.019744,0.019176,0.019119999999999998,0.0003076103054190483,0.009728,0.010336,0.00993745,0.009919500000000001,0.00014649930887208982,0.019776000000000002,0.020192,0.01999515,0.020032,0.00013770304099764856,0.021856,0.022432,0.0220623,0.022031999999999996,0.0001396811010838607,0.004192,0.004575999999999999,0.00428155,0.004256,9.465752743443052e-05,,,,,,,,,,,,,,,,,,,,,32,4,2048,3072,151936,True,2048,1
0.004288,0.008352,0.007480380952380953,0.00768,0.000790387938274947,0.018591999999999997,0.019616,0.0189997,0.018911999999999998,0.00025114499795934664,0.009792,0.01024,0.0099439,0.00992,0.00010564132714047106,0.01952,0.020064000000000002,0.019828600000000002,0.01984,0.00014294558405211465,0.0216,0.022144,0.0219167,0.021952000000000003,0.00014155285232025436,0.004096,0.0044480000000000006,0.00425125,0.004224,0.00010429135870243533,,,,,,,,,,,,,,,,,,,,,32,4,2048,3072,151936,True,2032,1
0.004191,0.007872,0.007338571428571429,0.007456000000000001,0.0007486172377840914,0.018656,0.019136,0.018838399999999998,0.018832,0.00010232858838076498,0.009568,0.010112,0.00977285,0.009792499999999999,0.00015592218411759133,0.019552,0.02,0.019751899999999996,0.019744,0.00013065408527864706,0.021536000000000003,0.022208,0.021841649999999997,0.021840500000000002,0.00017599695309862524,0.004064,0.004288,0.004161650000000001,0.0041605,5.3998402754155676e-05,,,,,,,,,,,,,,,,,,,,,32,4,2048,3072,151936,True,2016,1
0.004288,0.007647999999999999,0.006998904761904762,0.007104,0.0006501010108152721,0.018303999999999997,0.018688,0.018467099999999997,0.018463999999999998,0.00010014434582141959,0.009375999999999999,0.010048,0.009676750000000001,0.0096645,0.00016043218972512988,0.019424,0.019936,0.019631950000000002,0.019632,0.00013335684271907465,0.021472,0.022208,0.021744,0.0217115,0.00018879883474216632,0.004064,0.004256,0.004134450000000001,0.004128000000000001,5.774554095339314e-05,,,,,,,,,,,,,,,,,,,,,32,4,2048,3072,151936,True,2000,1
0.004095,0.0076159999999999995,0.007030761904761905,0.007168,0.0007068363388913478,0.018112,0.018528,0.01828645,0.018272499999999997,0.00011645105194887653,0.009311999999999999,0.010016,0.009643200000000001,0.009680000000000001,0.00017358185389031898,0.019072,0.019744,0.019505650000000006,0.01952,0.00017941830313543855,0.023488,0.024128,0.02384955,0.023888,0.0001625252211196773,0.004064,0.004352000000000001,0.004148700000000001,0.004128000000000001,6.425270422324673e-05,,,,,,,,,,,,,,,,,,,,,32,4,2048,3072,151936,True,1984,1
0.00432,0.008064,0.0074377142857142845,0.007647999999999999,0.0007462563164194446,0.018015999999999997,0.018335999999999998,0.018164849999999996,0.01816,9.832460271976735e-05,0.009216,0.00992,0.009470299999999997,0.0094715,0.0001771970936556242,0.019199,0.019616,0.01942395,0.019424,0.00011810523908785776,0.023136,0.023968,0.023672000000000006,0.023712,0.00024533426177360533,0.004,0.004256,0.004084900000000001,0.004064,7.450161072084294e-05,,,,,,,,,,,,,,,,,,,,,32,4,2048,3072,151936,True,1968,1
0.004352000000000001,0.007744,0.006848,0.006912,0.0006198200199597114,0.017952000000000003,0.018335999999999998,0.0181136,0.018096,9.300666642773469e-05,0.009311999999999999,0.009984,0.009528,0.009504,0.0001503492600580396,0.019039999999999998,0.019456,0.019254399999999998,0.019264,0.00010423358383937549,0.023008,0.023968,0.023670350000000003,0.0236955,0.00019748779076185957,0.004031,0.004224,0.0040928,0.004080500000000001,5.718268968840148e-05,,,,,,,,,,,,,,,,,,,,,32,4,2048,3072,151936,True,1952,1
0.0041600000000000005,0.0076159999999999995,0.0071466190476190475,0.007296,0.000718400370942639,0.017824000000000003,0.018175999999999998,0.017964749999999995,0.017952000000000003,0.00010776682003288301,0.009184,0.009856,0.0094144,0.009392,0.00012377010947720794,0.018976,0.019424,0.0191519,0.019119999999999998,0.00012668105620020688,0.023039999999999998,0.023776000000000002,0.02346395,0.023488,0.0001898821937412776,0.003936,0.004256,0.0040687,0.004063499999999999,6.958455288352445e-05,,,,,,,,,,,,,,,,,,,,,32,4,2048,3072,151936,True,1936,1
0.004192,0.007488000000000001,0.006680285714285714,0.0066879999999999995,0.0006207522427980228,0.017632000000000002,0.017920000000000002,0.01780165,0.0178085,7.712669771227072e-05,0.008478999999999999,0.009472,0.008779100000000001,0.008736,0.000222879765793129,0.018816,0.019168,0.018990149999999997,0.018976,8.85168204354406e-05,0.02176,0.023072,0.022424000000000003,0.0224,0.0003072355773669449,0.003904,0.004128000000000001,0.0039824000000000005,0.003968,6.963289452550426e-05,,,,,,,,,,,,,,,,,,,,,32,4,2048,3072,151936,True,1920,1
0.004064,0.0076159999999999995,0.006846619047619048,0.0069440000000000005,0.0006714043190486551,0.01728,0.017887,0.017609550000000005,0.017568,0.00014623285369574115,0.008481,0.009856,0.008793649999999998,0.008688000000000001,0.00033121069955543357,0.0184,0.019008,0.018721650000000003,0.0187205,0.00015192836305311845,0.021696000000000003,0.023008,0.02242875,0.022432,0.0002867568438590428,0.003872,0.004095,0.00395995,0.003936,5.610746385286e-05,,,,,,,,,,,,,,,,,,,,,32,4,2048,3072,151936,True,1904,1
0.004064,0.007744,0.006994238095238096,0.007136,0.0007260526613959772,0.017376000000000003,0.017856,0.017566500000000006,0.0175515,0.00013812874429314123,0.008992000000000002,0.010176000000000001,0.00924005,0.009184,0.00025253444814519874,0.018367,0.018944,0.01864795,0.018639999999999997,0.0001584400438651797,0.021536000000000003,0.022751999999999998,0.022228900000000003,0.022368,0.00034552928964126786,0.003873,0.004064,0.0039601,0.003936,4.611388077358047e-05,,,,,,,,,,,,,,,,,,,,,32,4,2048,3072,151936,True,1888,1
0.0041600000000000005,0.008,0.007189285714285716,0.0072640000000000005,0.0007517696672871693,0.016928000000000002,0.017408000000000003,0.0171502,0.017167500000000002,0.00014997653149743188,0.008608000000000001,0.009856,0.00897115,0.008928,0.0002601794140588371,0.017984000000000003,0.018463999999999998,0.018263999999999996,0.018256500000000002,0.00012099628093458007,0.021088000000000003,0.02224,0.02192795,0.021920000000000002,0.00024782120066693176,0.0038079999999999998,0.003936,0.0038832500000000004,0.0038725,3.080239438744987e-05,,,,,,,,,,,,,,,,,,,,,32,4,2048,3072,151936,True,1872,1
0.004096,0.007488000000000001,0.006893714285714286,0.006976,0.0006592909714488844,0.016736,0.01728,0.016988800000000002,0.016992,0.00013033863586826416,0.008768000000000001,0.009856,0.0091088,0.009072,0.00022680974405875918,0.017888,0.0184,0.0181008,0.018111500000000003,0.00011413439446547175,0.020224,0.021024,0.02047685,0.020416,0.00023654117506260937,0.0038079999999999998,0.004032,0.00390235,0.003904,5.5890316692607904e-05,,,,,,,,,,,,,,,,,,,,,32,4,2048,3072,151936,True,1856,1
0.0041600000000000005,0.007328,0.006639190476190476,0.00672,0.000610329623591307,0.016736,0.017056,0.0168943,0.01688,9.620192305770224e-05,0.008544000000000001,0.009599,0.008833500000000001,0.0088,0.00020210356256137574,0.017696000000000003,0.018208,0.01790885,0.017856,0.000148874871956283,0.02016,0.021023,0.02050395,0.020416000000000004,0.00027701127684626864,0.003776,0.003936,0.0038495,0.003856,4.179294198785256e-05,,,,,,,,,,,,,,,,,,,,,32,4,2048,3072,151936,True,1840,1
0.0041600000000000005,0.007296,0.006733666666666667,0.006912,0.0006217290278947768,0.016608,0.016928000000000002,0.016743950000000004,0.01672,9.648651460178287e-05,0.008128,0.00928,0.008468850000000002,0.008400000000000001,0.00023373965752520475,0.017632000000000002,0.017983000000000002,0.017774300000000003,0.01776,0.00010032153308238461,0.02,0.020768000000000002,0.020363150000000003,0.020304000000000003,0.0002101823672433066,0.0037440000000000004,0.003872,0.0038047500000000004,0.0038079999999999998,2.8493639641154997e-05,,,,,,,,,,,,,,,,,,,,,32,4,2048,3072,151936,True,1824,1
0.004032,0.007072,0.006485333333333333,0.006592,0.0006115253632035795,0.016576,0.016991,0.01673915,0.016704,0.00010450515537522544,0.008032000000000001,0.0088,0.008345500000000002,0.008352,0.00016863525728625061,0.01744,0.017920000000000002,0.017684750000000003,0.0177115,0.00013702549945174438,0.019872,0.020608,0.020267149999999998,0.02024,0.00023669162955204017,0.0037440000000000004,0.003905,0.0038095499999999997,0.0038079999999999998,4.1038366195549316e-05,,,,,,,,,,,,,,,,,,,,,32,4,2048,3072,151936,True,1808,1
0.003968,0.007456000000000001,0.00683104761904762,0.0069429999999999995,0.0006784559834963136,0.016576,0.017024,0.016806400000000003,0.016768,0.00011158826103134701,0.009473,0.010368,0.009809600000000002,0.009776,0.00016695131026739512,0.017695,0.018015999999999997,0.0178479,0.01784,9.491938685010503e-05,0.020032,0.020799,0.020401449999999995,0.020448,0.00018162722125276263,0.003904,0.004032,0.003964850000000001,0.003968,3.336656260390035e-05,,,,,,0.000352,0.002368,0.0007760000000000001,0.000576,0.0005715270772238178,,,,,,,,,,,32,4,2048,3072,151936,True,1792,1
0.004031,0.007104,0.006546142857142857,0.00672,0.000598568553237781,0.016544,0.016896,0.016742300000000005,0.016752000000000003,8.066975889390064e-05,0.009313,0.010336,0.0096896,0.009680000000000001,0.0002011982604298556,0.017472,0.018015999999999997,0.01771825,0.017696000000000003,0.00014561692037671944,0.020128,0.020863,0.020374200000000002,0.020368,0.00016264857822926088,0.003872,0.004032,0.003950399999999999,0.003936,3.850116881342695e-05,,,,,,0.00032,0.0015680000000000002,0.00059995,0.000576,0.00024368349862064934,,,,,,,,,,,32,4,2048,3072,151936,True,1776,1
0.004,0.007424000000000001,0.006697095238095239,0.00688,0.0006428362677386687,0.01632,0.016735,0.016583900000000002,0.016592000000000003,9.64577109411164e-05,0.009311999999999999,0.010048,0.009588700000000002,0.009583999999999999,0.0001485305019179563,0.01728,0.017696000000000003,0.017510350000000004,0.017504000000000002,0.00010253451857789206,0.02016,0.020640000000000002,0.020321550000000004,0.020304000000000003,0.00012940806582280746,0.003872,0.003968,0.003920000000000001,0.00392,2.944995755514777e-05,,,,,,0.00032,0.000704,0.0005472000000000001,0.000576,9.961204746414964e-05,,,,,,,,,,,32,4,2048,3072,151936,True,1760,1
0.003904,0.004608,0.00428504761904762,0.004256,0.0001428010524806074,0.01584,0.016448,0.01617115,0.016144,0.00013697491558676,0.008416,0.009696,0.0086847,0.008592,0.00026547242794685834,0.016768,0.017504000000000002,0.017091250000000002,0.0170885,0.00014730338590813183,0.019424,0.020192,0.019649450000000002,0.019616,0.0001905393594510071,0.003743,0.00384,0.0037887499999999996,0.003776,3.423284241777178e-05,,,,,,0.00032,0.000736,0.0005824000000000001,0.000608,0.00011020272228942442,,,,,,,,,,,32,4,2048,3072,151936,True,1744,1
0.003872,0.004704,0.004271190476190477,0.004224,0.0001689346503822506,0.015872,0.016417,0.01610555,0.016096,0.00017011568857692107,0.008480000000000001,0.009151999999999999,0.00874715,0.008736,0.0001374413602231872,0.01648,0.017024,0.01677745,0.016816,0.00013196532688551185,0.020416,0.021184,0.02092635,0.020928000000000002,0.00016515849206141364,0.003743,0.00384,0.0037935000000000004,0.0037914999999999997,2.773175075612791e-05,,,,,,0.000352,0.0022400000000000002,0.00062235,0.000576,0.0003889705997887244,,,,,,,,,,,32,4,2048,3072,151936,True,1728,1
0.0037440000000000004,0.004543999999999999,0.004239095238095238,0.004224,0.00014797969769432965,0.016096,0.016704,0.01630235,0.016288,0.00014997242246493205,0.008608000000000001,0.009344,0.008791950000000001,0.008752000000000001,0.00015278497144680157,0.016352000000000002,0.017087,0.016609550000000004,0.016624,0.00014734194073650573,0.020064000000000002,0.021152,0.020801550000000002,0.020848,0.00027382503081347384,0.0037440000000000004,0.00384,0.003776050000000001,0.003776,2.8622499890819956e-05,,,,,,0.000352,0.000736,0.0005567500000000002,0.0005915,0.00010533322125521466,,,,,,,,,,,32,4,2048,3072,151936,True,1712,1
0.0037120000000000005,0.004543999999999999,0.004216380952380953,0.004255,0.0001643502288785333,0.015552,0.016032,0.015751850000000005,0.0157275,0.0001484295371548401,0.008320000000000001,0.009087999999999999,0.008558300000000001,0.0084965,0.00018987287852666025,0.016384,0.017056,0.016867150000000004,0.016928000000000002,0.00017674311160551694,0.020064000000000002,0.020896,0.020519950000000002,0.020528,0.00017641101864679525,0.0036810000000000002,0.00384,0.0037489000000000003,0.0037440000000000004,3.6859055875049075e-05,,,,,,0.00032,0.0022080000000000003,0.00063365,0.000608,0.00037680940473931924,,,,,,,,,,,32,4,2048,3072,151936,True,1696,1
0.0037120000000000005,0.004608,0.004230047619047619,0.004224,0.00015795884822454966,0.0152,0.015776000000000002,0.015487950000000004,0.015487500000000001,0.00012800018554674083,0.008,0.008960000000000001,0.0083808,0.008336,0.00019009723827557317,0.015872,0.016319,0.01613425,0.01616,9.063049983311322e-05,0.019136,0.020192,0.019878399999999997,0.0199355,0.00021594985529052818,0.00368,0.0038079999999999998,0.0037409500000000007,0.0037445000000000004,3.891076329243597e-05,,,,,,0.00035099999999999997,0.000864,0.0005568500000000001,0.000576,0.0001186382210756719,,,,,,,,,,,32,4,2048,3072,151936,True,1680,1
0.00368,0.0044800000000000005,0.004143238095238096,0.004128000000000001,0.00014399831505690976,0.015104,0.015648,0.015235150000000003,0.0152155,0.00010707673650237938,0.007904,0.008480000000000001,0.00816315,0.008112000000000001,0.00017050433278952205,0.015807,0.016640000000000002,0.0160176,0.016,0.00016646182745602703,0.018784,0.01952,0.0191023,0.019136,0.00019903871482704035,0.0036160000000000003,0.0037440000000000004,0.0036847499999999997,0.00368,3.2395794480148245e-05,,,,,,0.00032,0.000608,0.0005120000000000001,0.000576,0.00010613246440180308,,,,,,,,,,,32,4,2048,3072,151936,True,1664,1
0.004096,0.0045119999999999995,0.004210333333333334,0.004192,9.845682318532322e-05,0.014976000000000001,0.015392,0.0151345,0.015104,9.835979869845175e-05,0.008064,0.008608000000000001,0.0083776,0.008368,0.00014580205759865005,0.015872,0.016544,0.01600795,0.015983999999999998,0.00013904009313863393,0.018463999999999998,0.019424,0.019072,0.019088,0.000214252421223192,0.003615,0.00368,0.00364955,0.003648,2.7728099466065036e-05,,,,,,0.000352,0.0009280000000000001,0.0005584,0.000576,0.00011776901120413642,,,,,,,,,,,32,4,2048,3072,151936,True,1648,1
0.0036160000000000003,0.0044480000000000006,0.004022904761904762,0.004,0.00016560564309510512,0.015328,0.01568,0.0154897,0.0154885,9.781824983100035e-05,0.008032000000000001,0.00864,0.008305650000000001,0.008336,0.00014718331257313106,0.015712,0.015967000000000002,0.015859150000000002,0.015872,5.286707387400989e-05,0.018656,0.019392,0.0190448,0.019008,0.00016010827586355447,0.0035830000000000002,0.00368,0.0036255499999999995,0.0036160000000000003,2.7041588340924096e-05,,,,,,0.00032,0.000608,0.0005135500000000001,0.0005595000000000001,0.00010038748677001533,,,,,,,,,,,32,4,2048,3072,151936,True,1632,1
0.0037120000000000005,0.00432,0.004123523809523811,0.004128000000000001,0.00011936922274132674,0.015231999999999999,0.015743,0.01546225,0.015487,0.00011903439628947618,0.007936,0.008832000000000001,0.0082496,0.00824,0.00020429938815375847,0.01568,0.016192,0.01585595,0.01584,0.00010399253578983487,0.018208,0.019232,0.0188256,0.018848,0.00025535062169495485,0.003552,0.003648,0.0035984000000000003,0.0036,2.3747420912596062e-05,,,,,,0.000352,0.002911,0.0007119,0.000608,0.0005292153531408551,,,,,,,,,,,32,4,2048,3072,151936,True,1616,1
0.003584,0.004224,0.003925380952380953,0.003936,0.00014226517031518034,0.014624000000000002,0.014816000000000001,0.014710500000000005,0.01472,5.7322334216254564e-05,0.008032000000000001,0.008384,0.008244800000000002,0.008256000000000001,8.23811871728006e-05,0.015488,0.016128,0.0157968,0.015776000000000002,0.0001417697428931857,0.017664000000000003,0.018496,0.018076749999999996,0.018128,0.00027195125941977026,0.00352,0.0036160000000000003,0.0035647500000000006,0.003552,2.354543480167653e-05,,,,,,0.00032,0.000736,0.0005248500000000001,0.0005755000000000001,0.00011724089516887868,,,,,,,,,,,32,4,2048,3072,151936,True,1600,1
0.003552,0.004224,0.00390852380952381,0.003936,0.0001454774140701406,0.015007999999999999,0.01536,0.015159899999999995,0.015136,9.27539217499724e-05,0.007872,0.008736,0.0083055,0.008351500000000001,0.00019478257108889385,0.015552,0.016063,0.0158399,0.0158875,0.00014120655083954163,0.0176,0.018496,0.01806715,0.018032,0.00023615191614721116,0.003456,0.0036160000000000003,0.0035375499999999995,0.003552,3.71274494141464e-05,,,,,,0.00032,0.001216,0.00056305,0.000576,0.00017683112706760653,,,,,,,,,,,32,4,2048,3072,151936,True,1584,1
0.00352,0.004224,0.003999904761904762,0.004,0.00013210165809921678,0.014848000000000002,0.01536,0.015025550000000002,0.015007999999999999,0.00010783342478100162,0.008192,0.008992000000000002,0.008383950000000003,0.008368,0.00015711412253518168,0.015552,0.016032,0.0157503,0.015759500000000003,0.00013902089770966093,0.0176,0.018303999999999997,0.0179472,0.017904000000000003,0.00019498348648026433,0.003488,0.003584,0.0035408500000000003,0.0035515,2.5310620300577335e-05,,,,,,0.00032,0.000608,0.00050715,0.000576,0.00010241400050774308,,,,,,,,,,,32,4,2048,3072,151936,True,1568,1
0.003552,0.004064,0.00383547619047619,0.00384,0.00011621106374983613,0.014398999999999999,0.014656,0.0145359,0.014543500000000001,7.227855836968546e-05,0.008032000000000001,0.008576,0.0081711,0.008143500000000001,0.00011858537009260464,0.015519999999999999,0.016288,0.015718299999999998,0.0157115,0.00015170138430482463,0.017408000000000003,0.01824,0.0178126,0.017807000000000003,0.0002738084001633248,0.003488,0.003552,0.0035232000000000006,0.00352,2.2330696361734855e-05,,,,,,0.00032,0.000576,0.0005167500000000001,0.000576,9.654836870708899e-05,,,,,,,,,,,32,4,2048,3072,151936,True,1552,1
0.003456,0.004064,0.0037790000000000007,0.003776,0.00012094941878637489,0.01456,0.01504,0.014776000000000001,0.014752000000000001,0.00011487732587416865,0.00784,0.008416,0.008131200000000002,0.008128,0.00011709551656660482,0.015744,0.016127,0.01594715,0.015952,0.00010619523294385646,0.018463999999999998,0.018976,0.0187375,0.01872,0.00011823134102259052,0.00352,0.0036160000000000003,0.0035631000000000005,0.003552,2.539665332282974e-05,,,,,,0.000352,0.000992,0.0005631000000000001,0.000576,0.0001356708885501971,,,,,,,,,,,32,4,2048,3072,151936,True,1536,1
0.003584,0.004,0.003785190476190477,0.0038079999999999998,0.0001086898685634713,0.014048,0.01472,0.014249500000000002,0.014240000000000001,0.0001307679242016177,0.007744,0.00816,0.007993649999999998,0.008032000000000001,0.000121212736541999,0.015168,0.016,0.0153615,0.01536,0.00016298573557216612,0.018368,0.018944,0.018673550000000004,0.018688,0.0001407950549557759,0.003488,0.003584,0.0035344,0.003536,2.3747420912595907e-05,,,,,,0.000352,0.0006720000000000001,0.00054065,0.000576,0.00010803762076239927,,,,,,,,,,,32,4,2048,3072,151936,True,1520,1
0.003392,0.003872,0.003724190476190476,0.0037440000000000004,0.0001023791361965155,0.013504,0.013888000000000001,0.013737599999999999,0.013744,9.658488494583412e-05,0.007775000000000001,0.008256000000000001,0.007897399999999999,0.007872,0.00010547435707317692,0.01472,0.015584,0.015060799999999996,0.01504,0.00018306545277577588,0.017472,0.018208,0.017916700000000004,0.017952000000000003,0.00015735440889914638,0.003488,0.003584,0.0035424000000000002,0.003552,2.4992798962901224e-05,,,,,,0.00038300000000000004,0.000864,0.0005457,0.000576,0.00011112789928726268,,,,,,,,,,,32,4,2048,3072,151936,True,1504,1
0.003392,0.003904,0.003756142857142857,0.003776,0.00011448488597035963,0.013984,0.014464000000000001,0.014192,0.014192,0.00011245621370115589,0.007456000000000001,0.008288,0.0078464,0.007856,0.00014754741610750074,0.01472,0.015488,0.015000000000000003,0.014992,0.000181548891486563,0.017473,0.018175999999999998,0.017835300000000002,0.017824000000000003,0.0001478614554236499,0.003488,0.0036160000000000003,0.00354405,0.003552,3.181269400726694e-05,,,,,,0.00035099999999999997,0.000832,0.0005422,0.000576,0.0001267831219050864,,,,,,,,,,,32,4,2048,3072,151936,True,1488,1
0.003424,0.004,0.0038200476190476196,0.00384,0.00012462762675857197,0.013984,0.01568,0.015160000000000002,0.015199999999999998,0.0003704657878941047,0.007200000000000001,0.007456000000000001,0.0073088,0.0073124999999999996,5.679049216198071e-05,0.016287,0.016704,0.016463900000000004,0.0164795,0.0001254371954405869,0.01744,0.017889,0.01767665,0.017664000000000003,0.00015010472177783083,0.003488,0.003776,0.0035887000000000002,0.003584,6.65523102529131e-05,0.00038300000000000004,0.00128,0.00092645,0.001184,0.000344814366725054,,,,,,,,,,,,,,,,32,4,2048,3072,151936,True,1472,1
0.00336,0.003968,0.0037881904761904767,0.003776,0.00013412986565891283,0.013888000000000001,0.015712,0.015335950000000001,0.015392,0.0003843717568968873,0.007135,0.007488000000000001,0.00732305,0.007328,7.924422691906336e-05,0.016224,0.016608,0.016435050000000003,0.016416,9.621043342590271e-05,0.017024,0.018047999999999998,0.017548900000000003,0.017552,0.00022197677806473352,0.003424,0.003776,0.0035583000000000004,0.003552,9.039695791341654e-05,0.00035299999999999996,0.00128,0.0008608500000000001,0.000848,0.00033992429671913713,,,,,,,,,,,,,,,,32,4,2048,3072,151936,True,1456,1
0.003424,0.004,0.0038704285714285724,0.003904,0.00012739386672407573,0.013247,0.015328,0.01484625,0.014911,0.0004022143551640094,0.007104,0.007392,0.0072128,0.0072005,7.107925154361165e-05,0.016192,0.016640000000000002,0.0164687,0.01648,0.0001185664792426596,0.016896,0.018144,0.017556850000000002,0.017552,0.0002354105509530106,0.003424,0.0038079999999999998,0.0036000000000000003,0.0036160000000000003,8.965712464718015e-05,0.000384,0.001248,0.0007313,0.0007199999999999999,0.0002908147348398977,,,,,,,,,,,,,,,,32,4,2048,3072,151936,True,1440,1
0.003296,0.004,0.0038110476190476193,0.00384,0.0001471087955644608,0.013375999999999999,0.015295,0.014782250000000002,0.014832000000000001,0.00036090149279270113,0.007232000000000001,0.007424000000000001,0.007335900000000001,0.007344,6.465980204114454e-05,0.016288,0.016512000000000002,0.01638395,0.016368,7.369157007419535e-05,0.017152,0.01776,0.01739035,0.01736,0.00015486422278886778,0.00352,0.0037770000000000004,0.0036048000000000005,0.003584,7.190730143733678e-05,0.000384,0.001248,0.00084635,0.000848,0.00036385783968467686,,,,,,,,,,,,,,,,32,4,2048,3072,151936,True,1424,1
0.0031360000000000003,0.003872,0.0036753809523809525,0.0037120000000000005,0.00015177943777872644,0.013151999999999999,0.015007999999999999,0.014422300000000002,0.014464000000000001,0.00036945637090189713,0.00704,0.007391,0.0072431,0.0072640000000000005,8.531465290323819e-05,0.015808,0.016800000000000002,0.01622085,0.016239999999999997,0.000305830880553289,0.016544,0.017248000000000003,0.0167728,0.016768,0.00015976783155566762,0.003296,0.003648,0.0034224500000000005,0.003408,7.26253915652095e-05,0.000352,0.00128,0.0008545,0.0008799999999999999,0.00035674003139541267,,,,,,,,,,,,,,,,32,4,2048,3072,151936,True,1408,1
0.003265,0.003936,0.0036603333333333336,0.00368,0.0001287849197521028,0.01312,0.014592,0.014302399999999998,0.014368,0.0003046687381402958,0.0069440000000000005,0.007424000000000001,0.0071712,0.007168,0.00012758471695308967,0.01568,0.016704,0.01626565,0.016416,0.0003042994043701044,0.016544,0.016928000000000002,0.016699199999999997,0.0167035,8.846897761362473e-05,0.003328,0.00352,0.0034063,0.003392,5.760998177399467e-05,0.000352,0.0013759999999999998,0.0008144000000000001,0.0007199999999999999,0.0003424859705155818,,,,,,,,,,,,,,,,32,4,2048,3072,151936,True,1392,1
0.003296,0.003904,0.0036463809523809517,0.003648,0.00010654999997339781,0.013056,0.014655,0.01424955,0.014288,0.00030352866009653864,0.007039,0.007488000000000001,0.007175899999999999,0.007168,0.0001080226365166118,0.015712,0.016512000000000002,0.01618075,0.0162075,0.00023908134076083864,0.016384,0.016832,0.016628850000000004,0.016624,0.00011768698951031052,0.003263,0.003552,0.00335515,0.003328,6.0177466713048074e-05,0.00035099999999999997,0.0012490000000000001,0.0007664,0.0007045,0.0003493548911923232,,,,,,,,,,,,,,,,32,4,2048,3072,151936,True,1376,1
0.003296,0.003776,0.0036053333333333332,0.003584,0.00010697099443678024,0.013023999999999999,0.014656,0.01425595,0.0143035,0.0003426322335974831,0.006912,0.007424000000000001,0.00717285,0.007200000000000001,0.00012028851773964147,0.015584,0.016384,0.01606395,0.016096,0.0002447072689970611,0.016256,0.017024,0.01652,0.016496000000000004,0.00016439008485915469,0.003264,0.003456,0.0033312499999999996,0.0033285,4.738763024250107e-05,0.00038300000000000004,0.001248,0.00078555,0.000736,0.0003515440904068791,,,,,,,,,,,,,,,,32,4,2048,3072,151936,True,1360,1
0.0031680000000000002,0.003776,0.0035519523809523813,0.003584,0.00011679590509393733,0.012960000000000001,0.014016,0.0135808,0.0136,0.0002350545894042488,0.006912,0.007488000000000001,0.0071456,0.00712,0.00014098170094022861,0.015264,0.016288,0.01584945,0.01592,0.0003102934860740717,0.015776000000000002,0.016255,0.015988850000000002,0.0159685,0.00014835877965257028,0.003104,0.0033610000000000003,0.0032368,0.003232,5.932503687314486e-05,0.000352,0.001312,0.0007823,0.0006720000000000001,0.00038419631700473134,,,,,,,,,,,,,,,,32,4,2048,3072,151936,True,1344,1
0.0031360000000000003,0.003648,0.003504857142857144,0.003489,0.00010387963992927935,0.01264,0.01376,0.013366349999999999,0.01336,0.00024265804643571978,0.006848,0.007456000000000001,0.0070512000000000005,0.006976,0.00019313663557181496,0.015264,0.015968,0.01566075,0.0156485,0.00019358715737362376,0.015648,0.016096,0.01583345,0.015776000000000002,0.0001266003455761474,0.003104,0.003328,0.0032208000000000002,0.0032005000000000002,5.187157217590373e-05,0.000352,0.001312,0.0007952,0.0008320000000000001,0.00033197975841909395,,,,,,,,,,,,,,,,32,4,2048,3072,151936,True,1328,1
0.003104,0.00368,0.0035260952380952375,0.003552,0.00013049718287851678,0.01264,0.013728,0.013276800000000002,0.013152,0.00030651502410159305,0.00672,0.007296,0.007024,0.006976,0.00016488541475824975,0.014561000000000001,0.015423000000000001,0.015092750000000002,0.015071999999999999,0.00018964806220997857,0.01488,0.0152,0.015027100000000002,0.015024,7.807746153660455e-05,0.0031360000000000003,0.003456,0.0032304,0.003232,6.89857956393922e-05,0.000352,0.001216,0.00074085,0.0006720000000000001,0.0003627303785182598,,,,,,,,,,,,,,,,32,4,2048,3072,151936,True,1312,1
0.003007,0.00352,0.0034407142857142857,0.003456,0.00010729360823155752,0.012032000000000001,0.013632,0.0129872,0.012928,0.0003367268329076252,0.0066879999999999995,0.00736,0.0069745,0.0069770000000000006,0.00017320840048912187,0.01456,0.015167,0.014902199999999999,0.0149435,0.00017521689416263454,0.014784,0.015712,0.014969550000000002,0.014944,0.0001829011960048373,0.0031669999999999997,0.00336,0.0031968000000000005,0.0031845,4.5142662748225185e-05,0.000352,0.0012170000000000002,0.0007216500000000001,0.0006720000000000001,0.00034730811608714245,,,,,,,,,,,,,,,,32,4,2048,3072,151936,True,1296,1
0.0031680000000000002,0.003585,0.003442380952380952,0.003456,0.00010719162911101748,0.012032000000000001,0.014144,0.0135936,0.013632,0.00045117883372339175,0.007104,0.007552,0.007252800000000001,0.007216500000000001,0.00011808920357086,0.014528000000000001,0.015168,0.014887950000000002,0.014896000000000001,0.00016615428823837147,0.0128,0.01488,0.0135936,0.013680000000000001,0.00048240464342707174,0.00304,0.003296,0.0031920500000000005,0.0032,6.784134064123433e-05,0.000448,0.000865,0.00060325,0.000576,0.00014890496130082437,,,,,,,,,,,,,,,,32,4,2048,3072,151936,True,1280,1
0.003072,0.003584,0.003420952380952381,0.003424,0.00011969424388056675,0.011936,0.014016,0.013529649999999999,0.013632,0.0004394229483083467,0.007136,0.007489,0.007366450000000001,0.007376000000000001,8.26955107608631e-05,0.014528000000000001,0.015072,0.0147745,0.0148,0.00017436355697220647,0.012608000000000001,0.014816000000000001,0.013313550000000002,0.013392,0.0005165432677908017,0.0030080000000000003,0.003264,0.00312315,0.003104,7.45427897250968e-05,0.000416,0.000992,0.0006736000000000001,0.0006720000000000001,0.00016549755285199838,,,,,,,,,,,,,,,,32,4,2048,3072,151936,True,1264,1
0.002912,0.003552,0.0033523333333333335,0.00336,0.0001301575358055926,0.011808,0.01392,0.013310349999999999,0.013375999999999999,0.0004644934095334397,0.006976,0.007392,0.007243100000000001,0.007248000000000001,9.769385855825326e-05,0.014176000000000001,0.014976000000000001,0.014688050000000003,0.0147515,0.00019229182899957047,0.012544000000000001,0.014432,0.013014299999999998,0.012848000000000002,0.0004569976039324493,0.0030080000000000003,0.003296,0.0030703,0.00304,6.5972797424393e-05,0.000416,0.000896,0.0006079999999999999,0.0006720000000000001,0.0001380086953782261,,,,,,,,,,,,,,,,32,4,2048,3072,151936,True,1248,1
0.0031360000000000003,0.003552,0.0033630952380952384,0.003392,0.00010943835175324555,0.01184,0.013888000000000001,0.01318235,0.013216,0.0004190280748350879,0.0069440000000000005,0.007392,0.00721445,0.007232000000000001,0.00011112176879441757,0.014048,0.014816000000000001,0.014535850000000003,0.0145915,0.00021380955895375703,0.012416,0.014784,0.012910300000000003,0.012672000000000001,0.0005679609229515706,0.0029430000000000003,0.0031680000000000002,0.00307515,0.003072,6.402286700859315e-05,0.000447,0.000896,0.00053275,0.00048,0.00013012566042099462,,,,,,,,,,,,,,,,32,4,2048,3072,151936,True,1232,1
0.002848,0.003424,0.003248857142857143,0.003233,0.00011285105468810509,0.01168,0.013728,0.013056000000000002,0.01312,0.0004403925521622725,0.006879,0.007456000000000001,0.00709275,0.007104,0.0001492323272618907,0.013504,0.014656,0.014110349999999999,0.014144,0.00029142516620909737,0.013408,0.015231999999999999,0.014561550000000001,0.014656,0.0003804429622164143,0.002912,0.0031360000000000003,0.0029985000000000003,0.002992,6.162669875954748e-05,0.000416,0.000864,0.0005568500000000001,0.000448,0.0001635644444859579,,,,,,,,,,,,,,,,32,4,2048,3072,151936,True,1216,1
0.002944,0.00368,0.003332523809523809,0.003328,0.00016474211276665376,0.011648,0.013792,0.0131183,0.013135999999999998,0.00044177868893825094,0.00688,0.007392,0.007166550000000001,0.0071525,0.000123358208077128,0.013632,0.014528000000000001,0.01413275,0.014208,0.0002548000932103442,0.014336,0.015168,0.0145296,0.014496,0.00017393544779601404,0.0028799999999999997,0.0031680000000000002,0.0030048999999999996,0.002976,7.429730816119795e-05,0.000416,0.001024,0.0005727500000000001,0.000448,0.00019059246443655633,,,,,,,,,,,,,,,,32,4,2048,3072,151936,True,1200,1
0.002944,0.003456,0.0032107619047619055,0.003232,0.0001338089984738035,0.011648,0.013760999999999999,0.012940800000000002,0.012960000000000001,0.00041307754719906983,0.006912,0.00736,0.007128050000000001,0.007104,0.00011878403722723023,0.013536,0.014624000000000002,0.013959950000000004,0.013872,0.0003087381536188883,0.013792,0.015105,0.014475300000000002,0.014464000000000001,0.0002577386466946703,0.0028799999999999997,0.003073,0.0029281000000000003,0.002912,5.327748117169215e-05,0.000416,0.000864,0.0005809000000000001,0.000576,0.00015919324734422626,,,,,,,,,,,,,,,,32,4,2048,3072,151936,True,1184,1
0.002912,0.003456,0.003250238095238095,0.003264,0.00010667480836274803,0.011487,0.013568,0.01282865,0.012816000000000001,0.0004415773176919302,0.006752,0.007136,0.007003199999999999,0.007024000000000001,0.00011041494464065991,0.013215,0.014304,0.0136799,0.013568,0.0003482529109713231,0.01392,0.014944,0.0143153,0.014304,0.00020322305479447954,0.002848,0.0031680000000000002,0.0029392000000000003,0.002928,7.722862163731794e-05,0.000384,0.0009280000000000001,0.00060955,0.0006720000000000001,0.00017466123639777663,,,,,,,,,,,,,,,,32,4,2048,3072,151936,True,1168,1
0.002816,0.003264,0.003087238095238096,0.003104,0.00010244715467563648,0.011424,0.013407,0.012627150000000004,0.01264,0.0004599737247930581,0.006527000000000001,0.006976,0.00675365,0.006768,0.00013827735714859468,0.012064,0.01456,0.0125503,0.012335500000000001,0.0006557015403367601,0.01264,0.014624000000000002,0.01383675,0.013872,0.0005185617489749898,0.002848,0.0031360000000000003,0.0029455499999999995,0.002912,8.495203058197029e-05,,,,,,,,,,,,,,,,,,,,,32,4,2048,3072,151936,True,1152,1
0.002815,0.0032,0.0030475714285714286,0.00304,9.111717805142145e-05,0.011231999999999999,0.01312,0.0126063,0.01264,0.00043670082436377434,0.006624,0.0072640000000000005,0.0067983,0.006816,0.00015927997363133898,0.011872,0.014240000000000001,0.01242705,0.012128,0.0006827283848647278,0.013056,0.014592,0.0139039,0.01392,0.0003289598607733171,0.002848,0.003072,0.0029328,0.002881,7.307776679674893e-05,,,,,,,,,,,,,,,,,,,,,32,4,2048,3072,151936,True,1136,1
0.002528,0.002816,0.0027596190476190476,0.002784,6.6176154668521e-05,0.01056,0.01312,0.0122864,0.012240000000000001,0.0005484500341872539,0.006048,0.006592,0.006327950000000001,0.0063360000000000005,0.00011887155883557678,0.011264,0.013375999999999999,0.011756800000000001,0.011439999999999999,0.0006916133746537874,0.012575,0.01344,0.012865500000000002,0.012800000000000002,0.0002098329097162785,0.002816,0.0030080000000000003,0.0028815999999999994,0.002864,5.5862688800307605e-05,,,,,,,,,,,,,,,,,,,,,32,4,2048,3072,151936,True,1120,1
0.002624,0.002848,0.002758095238095238,0.0027519999999999997,5.271568372560098e-05,0.010528000000000001,0.012896000000000001,0.0122143,0.012256000000000001,0.0004977506504264961,0.006207,0.006496000000000001,0.0063374999999999985,0.0063360000000000005,8.000656223085705e-05,0.011104,0.013249,0.0114481,0.01136,0.0004242509752493212,0.012384000000000001,0.012959,0.012732750000000001,0.012752000000000001,0.00012870737158375984,0.002784,0.002944,0.0028414499999999997,0.002847,3.725114092212476e-05,,,,,,,,,,,,,,,,,,,,,32,4,2048,3072,151936,True,1104,1
0.002528,0.0028799999999999997,0.002736714285714285,0.0027519999999999997,8.059489695362835e-05,0.010528000000000001,0.012768000000000002,0.0120768,0.012176,0.00043576433998205965,0.005888,0.006464,0.00619675,0.0061755,0.00011595122897149486,0.01072,0.013664,0.01159195,0.011312,0.0007262865464126403,0.012288,0.013056,0.0125968,0.012544,0.00021233030871733788,0.00272,0.0030080000000000003,0.0028385,0.002816,7.448657597178172e-05,,,,,,,,,,,,,,,,,,,,,32,4,2048,3072,151936,True,1088,1
0.002496,0.002784,0.002704714285714286,0.0027519999999999997,8.538715352085785e-05,0.010432,0.012896000000000001,0.011947299999999998,0.012016,0.0004948022938507867,0.005728,0.006496000000000001,0.0061776,0.006176,0.00016642307532310557,0.010944,0.012960000000000001,0.0117104,0.011312,0.0007078784076379224,0.01216,0.012992000000000002,0.012523200000000002,0.012528000000000001,0.0002334428409696903,0.002719,0.003072,0.0028272,0.002816,8.960055803397661e-05,,,,,,,,,,,,,,,,,,,,,32,4,2048,3072,151936,True,1072,1
0.002496,0.0027519999999999997,0.0026787619047619047,0.00272,7.912010445964546e-05,0.010336,0.012320000000000001,0.0117969,0.011904000000000001,0.0004279608510132677,0.005952,0.0064,0.006128000000000001,0.006112,0.00010685317028520968,0.011007,0.013344,0.0115199,0.011167999999999999,0.0007100040070309468,0.011936,0.0128,0.012385650000000002,0.012368500000000001,0.00027405789078222166,0.0026880000000000003,0.002912,0.0028191000000000006,0.0028634999999999997,8.267581266609951e-05,,,,,,,,,,,,,,,,,,,,,32,4,2048,3072,151936,True,1056,1
0.002432,0.002784,0.0026590000000000008,0.0026880000000000003,9.308367971116863e-05,0.010336,0.012128,0.011667150000000001,0.011968,0.0005839244193386676,0.005696,0.006528,0.0061696500000000005,0.006176,0.00019663094237682956,0.010976000000000001,0.013375999999999999,0.011883050000000003,0.011408,0.0008548326429775597,0.012096,0.0128,0.012526399999999998,0.012592,0.00022762236269751733,0.0026560000000000004,0.00304,0.0028304,0.002848,0.00010967880378632865,,,,,,,,,,,,,,,,,,,,,32,4,2048,3072,151936,True,1040,1
0.002368,0.0026880000000000003,0.0025326190476190474,0.002528,6.928304691314585e-05,0.010272,0.01168,0.010940749999999999,0.01088,0.0002788877686453815,0.0056,0.006528,0.00590075,0.005776,0.0002843502901352486,0.010208,0.013025,0.0115919,0.011151999999999999,0.0009481308928623728,0.012416,0.012736,0.012614400000000001,0.012608000000000001,6.604725580976101e-05,0.002559,0.002657,0.00260635,0.0025925,2.9650084316912158e-05,,,,,,,,,,,,,,,,,,,,,32,4,2048,3072,151936,True,1024,1
0.0024,0.0027519999999999997,0.0025492857142857144,0.002496,0.00010652392660231554,0.010304,0.010944,0.010776,0.010784,0.00012590829996469657,0.005632,0.0064,0.005872100000000001,0.005808000000000001,0.00021959278221289532,0.010400000000000001,0.012768000000000002,0.011632,0.011344,0.0007952820883183525,0.012480000000000002,0.0128,0.01260785,0.0126075,8.633091856339757e-05,0.002496,0.002624,0.00258555,0.002592,4.000059374559332e-05,,,,,,,,,,,,,,,,,,,,,32,4,2048,3072,151936,True,1016,1
0.002368,0.002784,0.002526428571428571,0.002496,9.073224419165675e-05,0.010208,0.011072,0.010788700000000002,0.010816000000000001,0.00015580632207968977,0.0056,0.0064,0.005852899999999999,0.005824,0.0001818749295532511,0.010656,0.012864,0.0117503,0.0115035,0.0007828412418875237,0.012352,0.012704000000000002,0.012540899999999999,0.012528000000000001,8.400053571257752e-05,0.002528,0.0026560000000000004,0.00259035,0.002592,3.270057338946827e-05,,,,,,,,,,,,,,,,,,,,,32,4,2048,3072,151936,True,1008,1
0.002336,0.00272,0.0025111904761904763,0.002496,0.00010300375353660856,0.010144,0.010976000000000001,0.010724700000000004,0.010736,0.00015290392408306614,0.0056,0.006272000000000001,0.00579515,0.0057599999999999995,0.00015273450003191834,0.010336,0.0128,0.011145549999999999,0.010848,0.0007224480932911374,0.012384000000000001,0.012735,0.01250235,0.012480000000000002,7.631335073235859e-05,0.002496,0.0026560000000000004,0.0025679500000000003,0.00256,3.4837443936087014e-05,,,,,,,,,,,,,,,,,,,,,32,4,2048,3072,151936,True,1000,1
0.002336,0.0026560000000000004,0.002524904761904762,0.002528,7.125267230537816e-05,0.010112,0.011007999999999999,0.010716700000000001,0.010736,0.00016411371057897635,0.005536,0.006304000000000001,0.005804800000000001,0.005776,0.00017971354985086703,0.01072,0.01264,0.011623950000000001,0.011824,0.0006771924744856519,0.012287000000000001,0.01264,0.0124702,0.012480000000000002,8.168329082499066e-05,0.002528,0.002592,0.00256005,0.00256,2.2557648370342236e-05,,,,,,,,,,,,,,,,,,,,,32,4,2048,3072,151936,True,992,1
0.0024,0.00272,0.0025279047619047616,0.002528,7.390141745009901e-05,0.01008,0.010944,0.01067205,0.010672500000000001,0.00016977646332751788,0.005568,0.006464,0.005771200000000001,0.005712,0.00020396705616348946,0.010400000000000001,0.012607,0.011355050000000002,0.011104,0.0008230760277762923,0.012288,0.012544000000000001,0.0124287,0.0124475,7.1052163936083e-05,0.0024950000000000003,0.002624,0.00255995,0.00256,3.3657799987521505e-05,,,,,,,,,,,,,,,,,,,,,32,4,2048,3072,151936,True,984,1
0.002368,0.002719,0.002518761904761905,0.002496,9.824406186436915e-05,0.01008,0.010912000000000002,0.010598350000000001,0.010608,0.00014611169528822815,0.005568,0.006304000000000001,0.005838399999999999,0.005824,0.00019626293587939639,0.010848000000000002,0.012608000000000001,0.011748749999999999,0.011872,0.0006825715988085058,0.012288,0.012608000000000001,0.012430350000000001,0.012416,9.239333038699297e-05,0.002464,0.002625,0.00254575,0.0025440000000000003,3.998359038405637e-05,,,,,,,,,,,,,,,,,,,,,32,4,2048,3072,151936,True,976,1
0.002368,0.0026880000000000003,0.002479190476190476,0.002464,7.16669672513868e-05,0.009888000000000001,0.010688000000000001,0.010464000000000001,0.010528000000000001,0.00019636725796323587,0.005503999999999999,0.0064,0.0057504999999999995,0.005664,0.00024367078199899152,0.01024,0.01264,0.011143950000000001,0.010928,0.0007760520907129881,0.011807,0.012480000000000002,0.0122384,0.012320000000000001,0.00015806055801495866,0.002496,0.002624,0.00255045,0.00256,3.5214308171537393e-05,,,,,,,,,,,,,,,,,,,,,32,4,2048,3072,151936,True,968,1
0.0022730000000000003,0.002624,0.0024626190476190477,0.002433,8.10487661493441e-05,0.00992,0.010816000000000001,0.010443249999999998,0.010432,0.00016228828515946572,0.005376000000000001,0.006304000000000001,0.00570075,0.005568,0.0002478709089425381,0.010048,0.012608000000000001,0.011659150000000002,0.011856,0.0007810068677674993,0.011231999999999999,0.012448,0.012094300000000002,0.012224,0.0003560095644782597,0.002464,0.002592,0.0025344500000000006,0.0025285,3.996057432019721e-05,,,,,,,,,,,,,,,,,,,,,32,4,2048,3072,151936,True,960,1
0.002304,0.002592,0.0024686190476190476,0.002464,6.78825850382403e-05,0.009824,0.01072,0.0104015,0.010400000000000001,0.00020378285011256488,0.00496,0.006272000000000001,0.005647999999999999,0.0056159999999999995,0.00041606153391055044,0.01088,0.012512,0.011888000000000001,0.011984000000000002,0.0004365977553767316,0.011264,0.012416,0.011939050000000001,0.012096,0.0004119150974412086,0.002528,0.002624,0.002576,0.002576,2.1393924371185397e-05,,,,,,,,,,,,,,,,,,,,,32,4,2048,3072,151936,True,952,1
0.002304,0.002464,0.0023710000000000003,0.002368,4.9255408211639454e-05,0.009696,0.01072,0.01032155,0.01032,0.00021812851143305413,0.005344000000000001,0.006240000000000001,0.005649550000000001,0.005552,0.0002681599289603127,0.010528000000000001,0.012320000000000001,0.011643150000000001,0.011744000000000001,0.0004250239140330812,0.011167999999999999,0.012320000000000001,0.011966399999999999,0.01208,0.0003096900708773213,0.002464,0.002624,0.00254395,0.0025434999999999998,3.8512952366703925e-05,,,,,,,,,,,,,,,,,,,,,32,4,2048,3072,151936,True,944,1
0.002304,0.002496,0.0023619047619047617,0.002336,6.144521738287713e-05,0.009311,0.010528000000000001,0.00993105,0.009823499999999999,0.00032006944168414464,0.004992,0.005888,0.0053072,0.0052,0.0002514268482083804,0.010784,0.011519999999999999,0.01116475,0.0111675,0.00020170272060634174,0.010912000000000002,0.0112,0.0110479,0.01104,6.931731385447628e-05,0.002464,0.002592,0.0025248999999999996,0.002528,3.0200827803224265e-05,,,,,,,,,,,,,,,,,,,,,32,4,2048,3072,151936,True,936,1
0.0022400000000000002,0.002496,0.0023299047619047613,0.002336,5.810491722647658e-05,0.009087999999999999,0.010528000000000001,0.0097792,0.009680000000000001,0.0003663126533441075,0.0048,0.005632,0.005129600000000001,0.005039999999999999,0.0002567565773256841,0.009279,0.01136,0.010489449999999999,0.010848000000000002,0.0007898184902241781,0.010784,0.011105,0.010972900000000002,0.010976000000000001,7.776946701630359e-05,0.002431,0.00256,0.00249435,0.002496,3.7230733272392067e-05,,,,,,,,,,,,,,,,,,,,,32,4,2048,3072,151936,True,928,1
0.0022719999999999997,0.002433,0.002326952380952381,0.002304,4.333422291080629e-05,0.00912,0.010432,0.0097632,0.009680000000000001,0.00031460381434432764,0.00496,0.005696,0.005219200000000001,0.00512,0.00022517451010272018,0.009248,0.011424,0.010822300000000003,0.01088,0.0004992782891334252,0.010784,0.011007999999999999,0.0108847,0.010864000000000002,6.580281149008734e-05,0.002432,0.002592,0.0025184,0.002528,4.060467953327548e-05,,,,,,,,,,,,,,,,,,,,,32,4,2048,3072,151936,True,920,1
0.0022400000000000002,0.002464,0.00230852380952381,0.002303,5.780312979466559e-05,0.009023999999999999,0.010336,0.00968795,0.009632,0.0002667720890573076,0.004896,0.005664,0.005144000000000001,0.005024,0.00022865891629236768,0.01024,0.011392,0.010960000000000001,0.010960000000000001,0.0002442294003595794,0.010784,0.01104,0.0108959,0.010896000000000001,6.526323620538605e-05,0.002399,0.002528,0.00246235,0.002464,3.72320762246748e-05,,,,,,,,,,,,,,,,,,,,,32,4,2048,3072,151936,True,912,1
0.0022080000000000003,0.002432,0.002313142857142857,0.002304,5.9422046345079184e-05,0.009057,0.010208,0.0097248,0.009632,0.00027307354320768606,0.004832,0.005632,0.00511365,0.005024,0.00022297943290805993,0.00992,0.01136,0.010712000000000001,0.010784,0.0004479857140579372,0.010656,0.01104,0.010884900000000001,0.01088,8.663538538033947e-05,0.002399,0.002528,0.0024688,0.002464,3.407433051433289e-05,,,,,,,,,,,,,,,,,,,,,32,4,2048,3072,151936,True,904,1
0.0022400000000000002,0.002528,0.0024457619047619046,0.002464,7.093115694067945e-05,0.009023999999999999,0.010816000000000001,0.01012625,0.0102235,0.0003602336568117979,0.005216,0.0057599999999999995,0.005481650000000001,0.005472,0.00010858972096842297,0.00992,0.011136,0.0106144,0.010752000000000001,0.00034446587639416505,0.01056,0.010912000000000002,0.010718500000000002,0.01072,9.46290124644658e-05,0.00256,0.002816,0.0026704500000000004,0.0026720000000000003,6.66164206483656e-05,,,,,,0.00035099999999999997,0.0006720000000000001,0.00037285,0.000352,6.958611571283459e-05,,,,,,,,,,,32,4,2048,3072,151936,True,896,1
0.0022080000000000003,0.002528,0.0024335714285714286,0.002433,6.436101410057501e-05,0.008992000000000002,0.010624000000000001,0.010017600000000002,0.010064,0.00046031721671038994,0.005184,0.0056630000000000005,0.005399900000000001,0.005376000000000001,0.00012291822484888058,0.00976,0.010976000000000001,0.010323149999999998,0.010208,0.00039682909104550313,0.01056,0.010752000000000001,0.010651049999999999,0.010656,4.45201920481035e-05,0.00256,0.002848,0.0026688,0.00264,7.92928748375287e-05,,,,,,0.000352,0.000704,0.0003744,0.000352,7.713261307644128e-05,,,,,,,,,,,32,4,2048,3072,151936,True,888,1
0.0021760000000000004,0.002496,0.0024274285714285713,0.002432,8.040171250756818e-05,0.008896000000000001,0.010656,0.009980699999999999,0.010096,0.0004574700099460074,0.00512,0.005632,0.00543685,0.0054080000000000005,0.00011757477408015703,0.009856,0.010912000000000002,0.010558300000000001,0.0106395,0.000293345547094208,0.010431,0.010688000000000001,0.010561500000000001,0.01056,6.977284572095392e-05,0.002496,0.002848,0.0026623999999999997,0.0026560000000000004,9.084844522610167e-05,,,,,,0.000352,0.000704,0.00038725,0.000352,0.00010063343132379023,,,,,,,,,,,32,4,2048,3072,151936,True,880,1
0.0022080000000000003,0.002496,0.002422904761904762,0.002432,6.635826626075901e-05,0.008928,0.01072,0.01009915,0.010128000000000002,0.00037464186565305287,0.005248,0.005632,0.0054575000000000005,0.00544,9.021446668910687e-05,0.009824,0.010945,0.01048635,0.010592,0.00032240072503020225,0.010464000000000001,0.010688000000000001,0.010544000000000001,0.010528000000000001,6.113673200294576e-05,0.00256,0.002912,0.00272005,0.0027195,8.996081091230768e-05,,,,,,0.000352,0.0006720000000000001,0.0003696,0.000352,6.970179337721522e-05,,,,,,,,,,,32,4,2048,3072,151936,True,872,1
0.002144,0.002464,0.002404619047619048,0.002432,7.140659979533455e-05,0.008832000000000001,0.010592,0.009904099999999999,0.0099685,0.00040272284514290975,0.00512,0.005632,0.0054288,0.00544,0.00010578166192681963,0.009824,0.010944,0.010359950000000003,0.010352,0.0003453034136813596,0.010208,0.010688000000000001,0.01053605,0.0105445,0.00010756647944410953,0.00256,0.002848,0.0027007999999999997,0.0027040000000000002,8.12272121890194e-05,,,,,,0.00035099999999999997,0.0006720000000000001,0.00038559999999999994,0.000352,9.572011282901836e-05,,,,,,,,,,,32,4,2048,3072,151936,True,864,1
0.0021760000000000004,0.002496,0.002407619047619048,0.002432,6.690894750506711e-05,0.008897,0.010528000000000001,0.00996955,0.010032,0.00039123515626794057,0.005056,0.0056,0.0054192500000000005,0.0054080000000000005,0.00014182202755566567,0.009215,0.010752000000000001,0.01043515,0.010576,0.0003668281988887991,0.010304,0.010624000000000001,0.010472100000000002,0.010496,7.966988138562785e-05,0.002624,0.002912,0.0027072500000000005,0.0026880000000000003,6.437924743269365e-05,,,,,,0.00035099999999999997,0.00035299999999999996,0.000352,0.000352,3.1622776601683707e-07,,,,,,,,,,,32,4,2048,3072,151936,True,856,1
0.002144,0.00272,0.002413571428571428,0.0024,0.000100522241759898,0.008736,0.010528000000000001,0.00976475,0.009888000000000001,0.0004723658407421096,0.005152,0.0056,0.005379150000000001,0.005376000000000001,0.00010456685660380147,0.0096,0.01072,0.010228800000000001,0.010352,0.00040845007038804666,0.009632,0.010528000000000001,0.010376,0.010464000000000001,0.0002248699624227303,0.002528,0.00272,0.0026288500000000003,0.0026245,5.923957714231264e-05,,,,,,0.000352,0.000384,0.00035519999999999996,0.000352,9.600000000000005e-06,,,,,,,,,,,32,4,2048,3072,151936,True,848,1
0.0021760000000000004,0.002464,0.002381666666666667,0.0024,6.051865775533967e-05,0.008896000000000001,0.01056,0.009870349999999998,0.009952,0.0003373150270889218,0.00496,0.005568,0.005380750000000002,0.0054080000000000005,0.00012566577696413613,0.009248,0.010816000000000001,0.01028955,0.010416000000000002,0.0003763350202944183,0.010144,0.01056,0.01039045,0.010384000000000001,0.00011621380081556591,0.002496,0.00272,0.0025886999999999998,0.00256,6.473646576698496e-05,,,,,,0.00035099999999999997,0.000736,0.00037434999999999996,0.000352,8.352082075746143e-05,,,,,,,,,,,32,4,2048,3072,151936,True,840,1
0.002112,0.002464,0.0023923333333333336,0.0024,7.383400515656941e-05,0.008768000000000001,0.010464000000000001,0.009668749999999999,0.009856,0.00048361626058270616,0.005056,0.005503999999999999,0.0053504,0.0053445,0.0001224971020065372,0.009632,0.010624000000000001,0.010241549999999999,0.010336000000000001,0.000332160424343419,0.010208,0.01056,0.01036325,0.010368,8.174097809544498e-05,0.002528,0.00272,0.0026096499999999994,0.002592,5.940225164082595e-05,,,,,,0.000352,0.0006720000000000001,0.00040315,0.000352,0.00011319950309078218,,,,,,,,,,,32,4,2048,3072,151936,True,832,1
0.002112,0.002464,0.0023848095238095243,0.0024,7.433874785807585e-05,0.008801,0.010624000000000001,0.009814350000000001,0.009904,0.00042705295631806643,0.004736,0.005536,0.005153500000000001,0.005264,0.0002400421837927663,0.009023999999999999,0.01056,0.00969595,0.009663999999999999,0.00045440075649144825,0.009984,0.010528000000000001,0.010254399999999999,0.01024,0.00011734666590917704,0.002528,0.0026880000000000003,0.0025904000000000005,0.002592,4.578908166801351e-05,,,,,,0.000352,0.0006730000000000001,0.00038405,0.000352,9.615013000511234e-05,,,,,,,,,,,32,4,2048,3072,151936,True,824,1
0.002112,0.002464,0.0023725714285714287,0.0024,8.627175856866837e-05,0.008704000000000002,0.010432,0.009712050000000002,0.009904,0.0005380067355526321,0.004672,0.005472,0.0052847499999999995,0.005376000000000001,0.0002087294600673323,0.008960000000000001,0.01056,0.010246250000000002,0.010400000000000001,0.0003797845277259199,0.010016,0.010624000000000001,0.010254449999999998,0.010256000000000001,0.0001317666403153698,0.002496,0.00272,0.0025904500000000002,0.002608,7.253721458672105e-05,,,,,,0.000352,0.000768,0.00039045,0.000352,0.0001111109693054651,,,,,,,,,,,32,4,2048,3072,151936,True,816,1
0.002112,0.002433,0.002372619047619048,0.0024,6.864225839224846e-05,0.008704000000000002,0.009984999999999999,0.0097073,0.009808,0.00036611748114505485,0.00496,0.0057599999999999995,0.0053424,0.005344000000000001,0.00018451406450457916,0.009184,0.010400000000000001,0.009996650000000003,0.010224,0.0004007475857693967,0.00992,0.010400000000000001,0.0101088,0.010096,0.00013981473455970255,0.002528,0.0027519999999999997,0.0026495499999999996,0.0026560000000000004,6.273872408648427e-05,,,,,,0.000352,0.000736,0.0003872,0.000352,0.00010608374050720497,,,,,,,,,,,32,4,2048,3072,151936,True,808,1
0.0020800000000000003,0.002464,0.0023725238095238096,0.0024,8.042424358933122e-05,0.008576,0.010432,0.0098239,0.009936,0.00043071300189337233,0.00512,0.00544,0.0053263500000000005,0.005344000000000001,8.249440890145229e-05,0.009535,0.010592,0.010179149999999998,0.010256000000000001,0.0003229509676406004,0.009824,0.010272,0.010118350000000002,0.01016,0.0001064693735306075,0.002496,0.00272,0.0026208000000000004,0.002624,6.471676753361538e-05,,,,,,0.00035099999999999997,0.00035299999999999996,0.00035194999999999996,0.000352,3.8405728739343237e-07,,,,,,,,,,,32,4,2048,3072,151936,True,800,1
0.0020800000000000003,0.002528,0.0023786666666666665,0.0024,8.398941732279261e-05,0.008608000000000001,0.01008,0.009638349999999999,0.009728,0.0003626586928504541,0.005056,0.005503999999999999,0.00532,0.00536,0.00012714755208025047,0.00944,0.010497,0.00994565,0.010016,0.00032209521495980045,0.0096,0.010464000000000001,0.0101359,0.010144,0.00016311495946111162,0.002432,0.00272,0.0025823499999999997,0.002592,7.566126816277937e-05,,,,,,0.000352,0.000736,0.00038879999999999996,0.000352,0.00011051588121170642,,,,,,,,,,,32,4,2048,3072,151936,True,792,1
0.0020800000000000003,0.00256,0.0023847619047619047,0.0024,8.761545023670996e-05,0.008512,0.009888000000000001,0.009327950000000002,0.009455999999999999,0.0004393104227081346,0.00496,0.005568,0.005316800000000001,0.00536,0.00014708691308202792,0.009472,0.010464000000000001,0.010068750000000001,0.010176000000000001,0.0002935164177690921,0.00976,0.010464000000000001,0.010196850000000002,0.010192,0.00014886412428788897,0.002496,0.002784,0.00261125,0.0025925,7.393434587524259e-05,,,,,,0.000352,0.0006720000000000001,0.00038409999999999996,0.000352,9.596712978931903e-05,,,,,,,,,,,32,4,2048,3072,151936,True,784,1
0.0020800000000000003,0.002432,0.0023528095238095244,0.002368,7.153994491765319e-05,0.008448,0.00992,0.009310500000000001,0.009312,0.0004176135175015288,0.004992,0.005472,0.00526395,0.00528,0.00011013467891631599,0.009375999999999999,0.010336,0.00983525,0.009888000000000001,0.00036889224375147837,0.009696,0.010433,0.010192049999999998,0.01024,0.00016874639996159927,0.002496,0.00272,0.0025792500000000004,0.002592,5.5806697626718675e-05,,,,,,0.000352,0.0008,0.0004097,0.000352,0.00013058181343510283,,,,,,,,,,,32,4,2048,3072,151936,True,776,1
0.002016,0.0024,0.002335952380952381,0.002368,7.96381556018495e-05,0.008416,0.009344,0.0088367,0.008960000000000001,0.0002821978206861276,0.004928,0.005344000000000001,0.00518245,0.005216,0.00010534964404306264,0.008768000000000001,0.010112,0.00921275,0.009151999999999999,0.00031722655547731165,0.008992000000000002,0.009281000000000001,0.009182349999999999,0.009184,7.19599020288381e-05,0.002432,0.002593,0.0025280500000000004,0.002528,4.5291803894303e-05,,,,,,0.00038300000000000004,0.0008,0.0006144000000000002,0.0006720000000000001,0.000137488690443978,,,,,,,,,,,32,4,2048,3072,151936,True,768,1
0.002048,0.002401,0.002339047619047619,0.002368,8.702516121678406e-05,0.008287000000000001,0.009151999999999999,0.00874725,0.008768000000000001,0.0003218918879064828,0.0048,0.005312000000000001,0.005177650000000001,0.0052,0.000136755722000946,0.008865,0.009888000000000001,0.009112100000000001,0.00904,0.00024512872128740855,0.008928,0.009344,0.009121599999999999,0.009104,9.41012220962087e-05,0.002432,0.0026560000000000004,0.0025567,0.00256,5.3536062612037534e-05,,,,,,0.000352,0.000768,0.0006224000000000001,0.0006720000000000001,0.00012938253359708182,,,,,,,,,,,32,4,2048,3072,151936,True,760,1
0.001984,0.0024,0.002310047619047619,0.002336,8.966470675348355e-05,0.007744,0.008480000000000001,0.008102300000000002,0.008095999999999999,0.00023696499741523029,0.0044480000000000006,0.004992,0.00481445,0.004880000000000001,0.0001519764702182546,0.00816,0.009087999999999999,0.008529599999999998,0.008320000000000001,0.0003463510358003856,0.007968,0.008832000000000001,0.008519950000000002,0.008576,0.00022826135787732473,0.002336,0.00256,0.0024462999999999998,0.0024635000000000004,5.110391374444824e-05,,,,,,0.000352,0.0008,0.0006480000000000001,0.0006720000000000001,0.0001267438361420389,,,,,,,,,,,32,4,2048,3072,151936,True,752,1
0.001984,0.0024,0.0023085714285714285,0.002336,9.538122577998515e-05,0.00768,0.008416,0.008099199999999999,0.00816,0.00025011229477976503,0.004543999999999999,0.005152,0.004876750000000001,0.0049115,0.00013514099119068217,0.00784,0.009023999999999999,0.0085184,0.008624,0.00035770929537824443,0.007936,0.008736,0.00845275,0.008512,0.0002180272632034811,0.002368,0.00256,0.0024400000000000003,0.002432,4.3963621324909144e-05,,,,,,0.000352,0.000704,0.0005712000000000001,0.0006720000000000001,0.000148127512636917,,,,,,,,,,,32,4,2048,3072,151936,True,744,1
0.001952,0.002368,0.0022857142857142855,0.002304,9.450076485311176e-05,0.007584,0.008448,0.0080928,0.008128,0.00026923773881088836,0.004543999999999999,0.005344000000000001,0.00484625,0.0048795,0.0001757051151788133,0.00784,0.009056,0.008448,0.008320000000000001,0.0003670772398283501,0.008159000000000001,0.00864,0.008497550000000001,0.008528,0.0001273960262331599,0.002336,0.00256,0.0024384,0.002432,4.800770771449111e-05,,,,,,0.000352,0.000736,0.0005905500000000001,0.0006720000000000001,0.00014036398220341288,,,,,,,,,,,32,4,2048,3072,151936,True,736,1
0.001984,0.002336,0.0022612857142857135,0.0022719999999999997,7.343227709752629e-05,0.00768,0.008480000000000001,0.00808315,0.008048,0.00025393803870235766,0.0045119999999999995,0.00496,0.004854450000000001,0.004896,0.00010987286971768793,0.007936,0.009087999999999999,0.008241599999999998,0.008096,0.00029476064866260543,0.007808,0.008576,0.0083503,0.008432,0.0002286595941569041,0.002304,0.002432,0.0023679,0.002368,3.91521391497323e-05,,,,,,0.000352,0.000704,0.0006304000000000001,0.0006720000000000001,0.00010856445090359921,,,,,,,,,,,32,4,2048,3072,151936,True,728,1
0.001984,0.002368,0.002278095238095238,0.002304,8.587582661245175e-05,0.0076159999999999995,0.008416,0.00795685,0.007872,0.0002591936100678411,0.004543999999999999,0.005024,0.004856,0.004880000000000001,0.00012633922589599806,0.00816,0.009023999999999999,0.008430400000000001,0.008304,0.00027180735825212674,0.008,0.008576,0.0083601,0.008464000000000001,0.0001986073764994646,0.002336,0.002496,0.0024176,0.0024159999999999997,4.349528710101826e-05,,,,,,0.000384,0.0008,0.0006544500000000002,0.0006720000000000001,0.0001199835301197627,,,,,,,,,,,32,4,2048,3072,151936,True,720,1
0.001984,0.002304,0.0022339047619047616,0.0022719999999999997,8.92177137877604e-05,0.007552,0.008416,0.007896,0.007872,0.0002511286522880257,0.004543999999999999,0.004928,0.0048096,0.004864,0.00011977579054216276,0.008128,0.008928,0.008415900000000004,0.008304,0.00026953012818607127,0.008096,0.008672000000000001,0.00843995,0.008448,0.0001422647092570748,0.002304,0.002496,0.00239355,0.0024,4.118309726089091e-05,,,,,,0.000352,0.000832,0.0006272,0.0006720000000000001,0.00015259672342484944,,,,,,,,,,,32,4,2048,3072,151936,True,712,1
0.00192,0.0022400000000000002,0.002102809523809524,0.002112,6.707679965646991e-05,0.007521,0.0088,0.00824965,0.0085115,0.000502300136870378,0.005024,0.00528,0.00515995,0.005168000000000001,7.824607018885997e-05,0.008864,0.009375999999999999,0.00923515,0.00928,0.00012448183602437743,0.008736,0.009952,0.009467149999999997,0.009696,0.0004226836021186531,0.0022080000000000003,0.002304,0.0022496499999999997,0.0022400000000000002,3.209559938683169e-05,0.000352,0.00038500000000000003,0.00036324999999999997,0.000352,1.5332563386466085e-05,,,,,,,,,,,,,,,,32,4,2048,3072,151936,True,704,1
0.00192,0.002304,0.002102809523809524,0.0021110000000000005,6.488276537440728e-05,0.007488000000000001,0.008928,0.00842885,0.008752000000000001,0.0005587197217747021,0.004992,0.005248,0.00514715,0.005184,8.965170104353861e-05,0.008928,0.00944,0.009159949999999998,0.009135999999999998,0.00013448920960433975,0.008704000000000002,0.009888000000000001,0.009432000000000001,0.0096165,0.0003887087598704198,0.002144,0.002336,0.0022144,0.0022080000000000003,3.993043951673952e-05,0.000352,0.000384,0.0003679,0.0003675,1.590251552428107e-05,,,,,,,,,,,,,,,,32,4,2048,3072,151936,True,696,1
0.001888,0.0022080000000000003,0.0020800476190476194,0.0020800000000000003,6.622362992918572e-05,0.007488000000000001,0.008832000000000001,0.0081935,0.008416,0.0004751465563381475,0.00496,0.005312000000000001,0.005123150000000001,0.00512,7.153060533785535e-05,0.007808,0.009375999999999999,0.00909585,0.009151999999999999,0.00032243964939194424,0.008704000000000002,0.00992,0.0093839,0.009648,0.0004272798731510762,0.0021760000000000004,0.0022719999999999997,0.0022289,0.0022400000000000002,2.520694348785656e-05,0.000352,0.000384,0.00035834999999999996,0.000352,1.27014762921481e-05,,,,,,,,,,,,,,,,32,4,2048,3072,151936,True,688,1
0.00192,0.002336,0.002119714285714286,0.002112,9.207044035082355e-05,0.007392,0.008736,0.008220750000000002,0.008336,0.0004626868136223468,0.004896,0.005248,0.00509595,0.0051035,8.33363516120067e-05,0.0088,0.009375999999999999,0.00914075,0.009151999999999999,0.00012849236358632353,0.008704000000000002,0.009792,0.009375900000000001,0.0095835,0.0003962666905002232,0.0022400000000000002,0.002336,0.0022799,0.0022719999999999997,2.842692385749816e-05,0.00035099999999999997,0.000384,0.00036474999999999995,0.000352,1.5719017144847204e-05,,,,,,,,,,,,,,,,32,4,2048,3072,151936,True,680,1
0.001888,0.0022719999999999997,0.0020753809523809527,0.0020800000000000003,7.476214740633964e-05,0.007424000000000001,0.008735,0.00822075,0.008400000000000001,0.0004627732571141077,0.00496,0.005216,0.005087949999999999,0.0050880000000000005,7.297155267636849e-05,0.008767,0.009344,0.00909595,0.009135999999999998,0.00017620229141529286,0.008704000000000002,0.009824,0.0092016,0.008928,0.0004094843586756391,0.002144,0.002336,0.0022191,0.0022235,5.1893063120228255e-05,0.00035099999999999997,0.000384,0.00035994999999999994,0.000352,1.3886954309710975e-05,,,,,,,,,,,,,,,,32,4,2048,3072,151936,True,672,1
0.0018560000000000002,0.002144,0.002064857142857143,0.0020800000000000003,6.218427738376876e-05,0.00736,0.00864,0.008041650000000001,0.008064,0.00043764063739556926,0.004672,0.0050880000000000005,0.00487675,0.004880000000000001,9.242016825347169e-05,0.008608000000000001,0.009311999999999999,0.009036849999999999,0.009008,0.0001467560135054092,0.008704000000000002,0.009824,0.0094192,0.009648,0.0003979177804521931,0.0021760000000000004,0.002304,0.00221615,0.0022080000000000003,2.83571419575386e-05,0.000352,0.00038500000000000003,0.00036645,0.000352,1.5976467068785904e-05,,,,,,,,,,,,,,,,32,4,2048,3072,151936,True,664,1
0.001855,0.0022080000000000003,0.0020631904761904763,0.0020800000000000003,8.07262387553315e-05,0.007328,0.008607,0.007719900000000002,0.007632,0.00038402719955753147,0.004736,0.00512,0.004927999999999999,0.004928,0.00011001136304945969,0.00752,0.009311999999999999,0.008705550000000001,0.008896000000000001,0.0005102102973284645,0.008768000000000001,0.00976,0.0093455,0.00944,0.0003390685034030731,0.002144,0.0022080000000000003,0.0021776,0.0021760000000000004,2.3612284938141895e-05,0.00035099999999999997,0.000384,0.00035674999999999997,0.000352,1.144934495942891e-05,,,,,,,,,,,,,,,,32,4,2048,3072,151936,True,656,1
0.001888,0.002304,0.0021073809523809526,0.0020800000000000003,0.00010363327108261827,0.00736,0.008256000000000001,0.007651150000000001,0.007584,0.00025781820630048623,0.004768,0.005056,0.004891150000000001,0.0048795,7.920939022615939e-05,0.008256000000000001,0.009151999999999999,0.008934400000000002,0.0089755,0.0001826056954204875,0.008768000000000001,0.009856,0.0094207,0.009551500000000001,0.0003606067248402333,0.002112,0.0021760000000000004,0.0021472000000000006,0.002144,2.4579666393179655e-05,0.00035099999999999997,0.000384,0.0003598999999999999,0.000352,1.3801811475310056e-05,,,,,,,,,,,,,,,,32,4,2048,3072,151936,True,648,1
0.001824,0.002112,0.0019961428571428574,0.001984,5.628861486362324e-05,0.0072640000000000005,0.00752,0.007404700000000002,0.0074075,6.443997206703309e-05,0.004736,0.0050880000000000005,0.004908750000000001,0.004896,9.408447002561056e-05,0.00864,0.008992000000000002,0.008791950000000003,0.008799500000000002,9.79272561649717e-05,0.008543,0.009567,0.00882695,0.008704000000000002,0.000322356863584444,0.002016,0.002081,0.0020464,0.002048,2.1483482026896907e-05,0.000352,0.000384,0.00035994999999999994,0.000352,1.3771256297084893e-05,,,,,,,,,,,,,,,,32,4,2048,3072,151936,True,640,1
0.001887,0.0020800000000000003,0.0019717619047619045,0.001952,4.477659333466089e-05,0.0072640000000000005,0.008192,0.007428700000000001,0.007392,0.00018612793986932737,0.0045119999999999995,0.005056,0.0048479,0.004864,0.00012488750938344486,0.008512,0.009184,0.008835200000000001,0.008848000000000002,0.00013190056861135942,0.008544000000000001,0.009504,0.0087279,0.00864,0.000250570728537872,0.002016,0.0020800000000000003,0.0020447499999999997,0.002048,1.3938705104851044e-05,0.00035099999999999997,0.000384,0.00035994999999999994,0.000352,1.3886954309710975e-05,,,,,,,,,,,,,,,,32,4,2048,3072,151936,True,632,1
0.0018560000000000002,0.0020800000000000003,0.0019932380952380952,0.001984,5.140400647893281e-05,0.007232000000000001,0.007424000000000001,0.0073455000000000005,0.0073435,5.101617390592907e-05,0.004768,0.005056,0.004915200000000001,0.004928,9.185728060420686e-05,0.008544000000000001,0.009087,0.00883355,0.008832000000000001,0.00012652014661705056,0.008480000000000001,0.009472,0.008839999999999999,0.008704000000000002,0.0003295671403523108,0.002016,0.002081,0.0020560499999999994,0.002048,2.2328177265509255e-05,0.000352,0.000384,0.0003616,0.000352,1.46642422238587e-05,,,,,,,,,,,,,,,,32,4,2048,3072,151936,True,624,1
0.0018560000000000002,0.002048,0.001982428571428571,0.001984,4.237538754262613e-05,0.007232000000000001,0.007456000000000001,0.007345699999999999,0.00736,4.571662717217886e-05,0.0048,0.005056,0.004939149999999999,0.004928,6.660200822798055e-05,0.008416,0.008832000000000001,0.008688000000000001,0.008672000000000001,0.0001124566583177716,0.008478999999999999,0.009472,0.0089055,0.008704000000000002,0.00038129391550351235,0.002016,0.0020800000000000003,0.00204165,0.002048,2.171928866238493e-05,0.000352,0.000384,0.0003585,0.000352,1.2753430910935308e-05,,,,,,,,,,,,,,,,32,4,2048,3072,151936,True,616,1
0.001824,0.0020800000000000003,0.002018952380952381,0.002016,5.1230084344553974e-05,0.007169,0.007424000000000001,0.007280050000000001,0.0072805000000000005,6.813110523101756e-05,0.004672,0.00496,0.004833550000000001,0.0048155,8.133478653073368e-05,0.008448,0.008832000000000001,0.0087057,0.0087045,0.00010291943451068897,0.008544000000000001,0.009472,0.009000000000000001,0.009167999999999999,0.0003688858902153883,0.001984,0.002049,0.002024,0.0020165,2.459674775249761e-05,0.00035099999999999997,0.000384,0.00035669999999999994,0.000352,1.1336225121265026e-05,,,,,,,,,,,,,,,,32,4,2048,3072,151936,True,608,1
0.001824,0.002048,0.0019641904761904766,0.001952,4.781772837967407e-05,0.007168,0.007328,0.00723515,0.007232000000000001,3.906568187040893e-05,0.004704,0.004992,0.00486235,0.004864,7.255706374985148e-05,0.008320000000000001,0.008704000000000002,0.00858075,0.008576,8.954935789831224e-05,0.008384,0.009377000000000002,0.0087088,0.008512,0.0003534507886538093,0.001984,0.0020800000000000003,0.0020256,0.002016,2.041421073664129e-05,0.000352,0.00038500000000000003,0.00036654999999999994,0.00035249999999999995,1.5988980580387244e-05,,,,,,,,,,,,,,,,32,4,2048,3072,151936,True,600,1
0.00176,0.0020800000000000003,0.002000809523809524,0.002016,6.811308457447392e-05,0.007008,0.007232000000000001,0.0071183999999999996,0.007104,6.437887852393836e-05,0.004672,0.004896,0.00479515,0.0047995,6.883405770401757e-05,0.008351,0.008832000000000001,0.0086303,0.00864,9.784278205366025e-05,0.008480000000000001,0.009344,0.008852750000000001,0.008656,0.00033027744019233237,0.001984,0.002049,0.0020225,0.002016,2.4055144979816637e-05,0.000352,0.000384,0.00035679999999999994,0.000352,1.1426285485668566e-05,,,,,,,,,,,,,,,,32,4,2048,3072,151936,True,592,1
0.0018560000000000002,0.0020800000000000003,0.002011428571428571,0.002016,4.8604890434499054e-05,0.0069440000000000005,0.007296,0.007075199999999999,0.007072,7.49783968887038e-05,0.004736,0.004928,0.004830499999999999,0.0048165000000000005,5.5751681588989054e-05,0.008384,0.008704000000000002,0.008580750000000002,0.008592,8.417058571733949e-05,0.008383,0.00944,0.0087359,0.008544000000000001,0.0003395433551109485,0.001984,0.002048,0.002020749999999999,0.002016,2.0858751161083403e-05,0.000352,0.000384,0.00036004999999999994,0.000352,1.3829226297953195e-05,,,,,,,,,,,,,,,,32,4,2048,3072,151936,True,584,1
0.001759,0.002048,0.0019381904761904766,0.001952,6.680719881913145e-05,0.00688,0.00704,0.006972750000000002,0.006976,4.3845039628217955e-05,0.004192,0.0045119999999999995,0.0043040000000000005,0.004288,8.55856296348867e-05,0.007904,0.008384,0.00825755,0.008288,0.00011723884808373053,0.008288,0.008448,0.00835035,0.008352,4.689272331609674e-05,0.001984,0.002049,0.0020079499999999992,0.002016,1.9983680842127127e-05,,,,,,,,,,,,,,,,,,,,,32,4,2048,3072,151936,True,576,1
0.001792,0.002016,0.0019261428571428574,0.00192,5.18939263482417e-05,0.00672,0.006912,0.006835100000000001,0.0068319999999999995,5.846101264945706e-05,0.004032,0.004543999999999999,0.0042608,0.004240000000000001,0.00010958540048747363,0.007200000000000001,0.008352,0.00805265,0.008128,0.00027002097603704784,0.008064,0.008416,0.0082607,0.008256000000000001,6.812055490085209e-05,0.001952,0.002048,0.0019999999999999996,0.001984,2.3731835158706078e-05,,,,,,,,,,,,,,,,,,,,,32,4,2048,3072,151936,True,568,1
0.001728,0.00192,0.0018454285714285716,0.0018560000000000002,4.5669174170196636e-05,0.006144,0.006592,0.0062640000000000005,0.006256000000000001,8.697585871953205e-05,0.003392,0.00368,0.0035488500000000005,0.003584,9.903397144414641e-05,0.006879,0.007488000000000001,0.007329500000000001,0.0073755,0.00013906347471568536,0.006816,0.007776,0.007041549999999999,0.007008,0.0001859315667120567,0.001952,0.002016,0.0019760000000000003,0.001984,1.7158088471621817e-05,,,,,,,,,,,,,,,,,,,,,32,4,2048,3072,151936,True,560,1
0.00176,0.001888,0.001837666666666667,0.0018560000000000002,3.361311157630712e-05,0.006144,0.006304000000000001,0.006240050000000001,0.006240000000000001,4.047774079664055e-05,0.003424,0.00368,0.0035521499999999996,0.003553,5.97605848364957e-05,0.006816,0.007424000000000001,0.007297700000000002,0.007328,0.00014076508800125133,0.0069440000000000005,0.00768,0.007123249999999999,0.007008,0.00023719883536813585,0.001951,0.0020150000000000003,0.0019679000000000003,0.001952,1.884913791132112e-05,,,,,,,,,,,,,,,,,,,,,32,4,2048,3072,151936,True,552,1
0.001728,0.0018560000000000002,0.001805714285714286,0.001824,3.0552285951639566e-05,0.006144,0.006304000000000001,0.0062128,0.006208,3.955072692125916e-05,0.003328,0.003648,0.0034528499999999995,0.00344,9.643094679614016e-05,0.0069440000000000005,0.007296,0.00716965,0.007168,8.117467277420965e-05,0.006879,0.007744,0.0070015500000000005,0.0069440000000000005,0.00017808775224590823,0.001888,0.001984,0.00193915,0.001952,2.119734653205443e-05,,,,,,,,,,,,,,,,,,,,,32,4,2048,3072,151936,True,544,1
0.001729,0.0018560000000000002,0.00179352380952381,0.001792,3.030105930510252e-05,0.006112,0.006272000000000001,0.006201750000000001,0.006208,3.73455151256481e-05,0.003296,0.0036160000000000003,0.0034671,0.003488,7.867966700488765e-05,0.007008,0.007328,0.0071727,0.0071995,8.785675841960036e-05,0.006848,0.007584,0.007022350000000001,0.0069595,0.00021715737956606493,0.001888,0.001953,0.00193295,0.001952,2.3436029953897893e-05,,,,,,,,,,,,,,,,,,,,,32,4,2048,3072,151936,True,536,1
0.001696,0.0018560000000000002,0.0017828095238095238,0.001792,3.295251857939883e-05,0.006048,0.006656,0.006214300000000001,0.0061595,0.00016138032717775725,0.0030710000000000004,0.003584,0.0033376000000000005,0.003424,0.00018339231172543734,0.0063360000000000005,0.0072640000000000005,0.006998300000000001,0.007072,0.0002449596089154292,0.00688,0.00768,0.007083150000000001,0.006976,0.00025457204775858664,0.001888,0.001952,0.00192465,0.00192,2.3277188404100698e-05,,,,,,,,,,,,,,,,,,,,,32,4,2048,3072,151936,True,528,1
0.001696,0.0018560000000000002,0.0017934761904761906,0.001792,3.885334948804174e-05,0.0060160000000000005,0.006175,0.0060880000000000005,0.00608,3.622292092032325e-05,0.003392,0.003648,0.0035216000000000006,0.00352,8.906986022218747e-05,0.006624,0.007328,0.007147200000000001,0.007168,0.00015322454111531888,0.006816,0.007647999999999999,0.007182249999999999,0.0069755,0.00032531382924800466,0.0018560000000000002,0.001952,0.0019008,0.001888,2.1153250341259626e-05,,,,,,,,,,,,,,,,,,,,,32,4,2048,3072,151936,True,520,1
0.001664,0.001792,0.0017477619047619043,0.00176,2.703772454835718e-05,0.0060160000000000005,0.006112,0.0060608,0.006048,2.9328484447717294e-05,0.003232,0.00352,0.00339525,0.0033929999999999997,6.850976207811558e-05,0.0063360000000000005,0.007136,0.00698405,0.00704,0.00019775350186532713,0.007072,0.0072640000000000005,0.00717275,0.007200000000000001,7.242021471937256e-05,0.001824,0.00192,0.0018752500000000006,0.001888,2.3543311152002297e-05,,,,,,,,,,,,,,,,,,,,,32,4,2048,3072,151936,True,512,1
0.001696,0.001824,0.0017751428571428575,0.001791,2.7201690623729906e-05,0.005952,0.0060490000000000006,0.006011199999999999,0.0060160000000000005,2.9166076184499263e-05,0.003328,0.003552,0.0034224499999999996,0.003424,4.903108707748582e-05,0.00688,0.007168,0.007024,0.00704,7.119550547611832e-05,0.007008,0.007232000000000001,0.0071136,0.00712,5.2649216518387e-05,0.0018560000000000002,0.001888,0.0018672499999999998,0.0018560000000000002,1.512572312320956e-05,,,,,,,,,,,,,,,,,,,,,32,4,2048,3072,151936,True,504,1
0.001664,0.001824,0.0017798095238095242,0.001792,3.4840615389594153e-05,0.00592,0.006017000000000001,0.00598095,0.005984,2.8573545457293396e-05,0.003296,0.00352,0.0033999999999999994,0.003408,6.778790452580759e-05,0.006656,0.007168,0.006996750000000001,0.007008,0.00010275401452011504,0.006976,0.007232000000000001,0.00714245,0.007136,6.676561615083034e-05,0.001824,0.001888,0.0018496000000000005,0.0018560000000000002,1.6316862443496926e-05,,,,,,,,,,,,,,,,,,,,,32,4,2048,3072,151936,True,496,1
0.001696,0.001761,0.001734142857142857,0.001728,1.8853535008398986e-05,0.00592,0.0060160000000000005,0.005980849999999999,0.005984,2.6589988717560826e-05,0.003264,0.00352,0.0033872,0.003376,6.579483262384671e-05,0.006528,0.007072,0.00694395,0.0069765,0.00013117373022065066,0.006976,0.007232000000000001,0.007087950000000001,0.007072,7.25434180336162e-05,0.001824,0.001888,0.0018544000000000004,0.0018560000000000002,1.8863721796082514e-05,,,,,,,,,,,,,,,,,,,,,32,4,2048,3072,151936,True,488,1
0.001632,0.001761,0.001746285714285714,0.00176,2.891389986567323e-05,0.00592,0.0060160000000000005,0.0059584,0.005952,2.170345594600091e-05,0.0031360000000000003,0.00352,0.0033824,0.003392,9.665164251061645e-05,0.0066879999999999995,0.007072,0.0069359,0.0069440000000000005,9.275392174997252e-05,0.0069440000000000005,0.007232000000000001,0.007072,0.0070565,6.560564000145103e-05,0.001824,0.0018560000000000002,0.0018320000000000003,0.001824,1.3856406460551071e-05,,,,,,,,,,,,,,,,,,,,,32,4,2048,3072,151936,True,480,1
0.001632,0.001761,0.0017173333333333335,0.001728,2.851621649473509e-05,0.005888,0.0060160000000000005,0.005935999999999999,0.00592,3.11897419033887e-05,0.003232,0.003456,0.0033824,0.003392,6.487403178468251e-05,0.00672,0.007008,0.0068912,0.006895999999999999,7.724868930926931e-05,0.0069440000000000005,0.007136,0.0070576,0.007056,5.4938511082845913e-05,0.001792,0.001857,0.0018321000000000001,0.001824,2.0042205467462948e-05,,,,,,,,,,,,,,,,,,,,,32,4,2048,3072,151936,True,472,1
0.001664,0.001824,0.0017478095238095234,0.001759,3.48392485945146e-05,0.005856,0.005952,0.0059055999999999996,0.0059039999999999995,2.7666586345264855e-05,0.0032,0.003488,0.0033599,0.00336,7.224534587085867e-05,0.006784,0.00704,0.0069007,0.006912,6.0189783186185415e-05,0.006912,0.007135,0.0070367,0.00704,4.7248386215827486e-05,0.001792,0.001857,0.0018321000000000004,0.001824,1.7300000000000024e-05,,,,,,,,,,,,,,,,,,,,,32,4,2048,3072,151936,True,464,1
0.001664,0.00176,0.0017036190476190478,0.001696,2.3935381641642266e-05,0.005824,0.005952,0.0059025,0.0059039999999999995,2.952033197645304e-05,0.003072,0.003392,0.00328485,0.003312,8.365959299446775e-05,0.00656,0.006912,0.0067839,0.0067995,7.706743800075361e-05,0.00688,0.007136,0.007009650000000001,0.007024000000000001,6.826219671238251e-05,0.001792,0.001824,0.00181755,0.001824,1.277683450624611e-05,,,,,,,,,,,,,,,,,,,,,32,4,2048,3072,151936,True,456,1
0.0016,0.001696,0.0016624761904761903,0.001664,2.5131310479955263e-05,0.005792,0.005888,0.00583035,0.005824,2.3896181703360013e-05,0.003231,0.003424,0.0033120500000000004,0.003312,5.880346503395869e-05,0.005792,0.006752,0.006593550000000001,0.0066715,0.00023501669621539642,0.007647999999999999,0.007905,0.007731199999999999,0.0077280000000000005,6.832466611700368e-05,0.00176,0.001824,0.0017951999999999998,0.001792,1.3948476619330187e-05,,,,,,0.000352,0.000416,0.00039039999999999995,0.000384,1.63168624434969e-05,,,,,,,,,,,32,4,2048,3072,151936,True,448,1
0.001632,0.001728,0.0016685714285714283,0.001664,2.6600342691260913e-05,0.0057599999999999995,0.005887,0.00582715,0.005824,3.486871807222061e-05,0.0031680000000000002,0.003392,0.00328485,0.003296,5.286045308167524e-05,0.005857,0.0066879999999999995,0.006463899999999999,0.006576,0.0002558190571478206,0.007521,0.007776,0.007632100000000001,0.007632,7.671368847865432e-05,0.00176,0.001825,0.0018000499999999999,0.001792,1.7232164692806336e-05,,,,,,0.000352,0.000416,0.00038229999999999997,0.000384,1.5912573644762808e-05,,,,,,,,,,,32,4,2048,3072,151936,True,440,1
0.001632,0.001728,0.0016624761904761903,0.001664,2.3109715639014243e-05,0.005728,0.005856,0.0058016,0.005808000000000001,3.371409200912898e-05,0.0031680000000000002,0.0033610000000000003,0.00327845,0.0032645,6.203988636353225e-05,0.005856,0.006656,0.006310400000000001,0.006288,0.00022091591160439296,0.007455,0.007776,0.00760145,0.007568,8.680868332142822e-05,0.00176,0.001824,0.00178075,0.001792,1.8283530840622637e-05,,,,,,0.000352,0.000416,0.00038409999999999996,0.000384,1.431397918120604e-05,,,,,,,,,,,32,4,2048,3072,151936,True,432,1
0.001632,0.001696,0.0016518571428571428,0.001664,2.0849313599037732e-05,0.005696,0.005824,0.00576635,0.0057599999999999995,3.141540227340745e-05,0.0031680000000000002,0.00336,0.0032784,0.00328,4.349528710101811e-05,0.005792,0.006656,0.0063872,0.006432,0.0002041398050356665,0.007552,0.007744,0.007617550000000001,0.0076159999999999995,4.682784961964417e-05,0.001728,0.001792,0.0017759499999999997,0.001792,1.897491765463026e-05,,,,,,0.000352,0.000417,0.00038734999999999996,0.000384,2.2381409696442263e-05,,,,,,,,,,,32,4,2048,3072,151936,True,424,1
0.0016,0.001696,0.001644190476190476,0.001632,2.310971563901423e-05,0.005632,0.005792,0.005686499999999999,0.005679999999999999,4.650430087637054e-05,0.0031680000000000002,0.003424,0.0033169999999999996,0.003296,6.184496745896144e-05,0.00592,0.006624,0.006451250000000001,0.006496000000000001,0.00016720044108793492,0.007488000000000001,0.00768,0.007595199999999999,0.007584,5.284846260772389e-05,0.001728,0.001824,0.0017728999999999998,0.00176,2.1243587267690914e-05,,,,,,0.000352,0.000416,0.00038399999999999996,0.000384,2.023857702507762e-05,,,,,,,,,,,32,4,2048,3072,151936,True,416,1
0.001632,0.001696,0.001654904761904762,0.001664,2.2347695656013085e-05,0.005536,0.005696,0.005628699999999999,0.005632,4.276926466517741e-05,0.0031360000000000003,0.003392,0.00329125,0.003312,6.181171005561964e-05,0.005664,0.006624,0.0063472,0.006464,0.00024854649464436224,0.007488000000000001,0.007808,0.007586999999999999,0.007584,7.632037735755747e-05,0.001727,0.001824,0.0017519499999999997,0.00176,2.4514230561043554e-05,,,,,,0.000352,0.000416,0.0003903499999999999,0.000384,1.6337916023777318e-05,,,,,,,,,,,32,4,2048,3072,151936,True,408,1
0.001632,0.001696,0.0016640000000000001,0.001664,2.4189726272590555e-05,0.005503999999999999,0.005664,0.005596749999999999,0.0056,3.629721063663161e-05,0.0031360000000000003,0.00336,0.0032719999999999997,0.003296,5.975951807034578e-05,0.005696,0.006496000000000001,0.006203200000000001,0.006288,0.00024522838334907357,0.00736,0.007647999999999999,0.00752795,0.007520499999999999,6.767752581174913e-05,0.001727,0.001792,0.0017599,0.00176,1.771411866280679e-05,,,,,,0.00038300000000000004,0.000416,0.0003934999999999999,0.000384,1.4623611045155692e-05,,,,,,,,,,,32,4,2048,3072,151936,True,400,1
0.0016,0.001664,0.0016411428571428569,0.001632,2.2395334791160423e-05,0.00544,0.005599000000000001,0.00551675,0.0055045,3.680336261810874e-05,0.002976,0.003392,0.0031775000000000006,0.0031680000000000002,0.0001264130135705972,0.005536,0.006432,0.006014449999999999,0.005984,0.00024914101930432906,0.00736,0.007552,0.0074336,0.007424000000000001,4.9774893269599295e-05,0.001696,0.001761,0.0017296000000000002,0.001728,1.602310831268391e-05,,,,,,0.000352,0.000704,0.00038564999999999997,0.000368,7.536927424355366e-05,,,,,,,,,,,32,4,2048,3072,151936,True,392,1
0.001536,0.001632,0.0015862857142857143,0.0016,2.1188817484573237e-05,0.0054080000000000005,0.005536,0.00547025,0.005472,3.7011991300117576e-05,0.00304,0.003328,0.0031583499999999994,0.0031675,6.24542032212404e-05,0.00544,0.005792,0.00562565,0.005632,8.19251335061468e-05,0.0069440000000000005,0.007103,0.00701585,0.007008,5.027253226166336e-05,0.001727,0.00176,0.0017390999999999997,0.001728,1.5339165557487204e-05,,,,,,0.000352,0.000384,0.00037129999999999997,0.000384,1.555667059495702e-05,,,,,,,,,,,32,4,2048,3072,151936,True,384,1
0.001535,0.0016,0.0015679047619047621,0.0015680000000000002,1.0037571143813663e-05,0.00464,0.004736,0.00467685,0.004672,2.9156945999195384e-05,0.00256,0.00272,0.00265125,0.0026560000000000004,3.69200148970718e-05,0.004736,0.005215,0.004996500000000001,0.005056,0.00014713004451844642,0.005376000000000001,0.005951,0.00551835,0.005503999999999999,0.00011451038162542276,0.001664,0.00176,0.0017232999999999999,0.001728,2.0947792246439734e-05,,,,,,0.000352,0.000416,0.00038395,0.000384,1.0121635243378411e-05,,,,,,,,,,,32,4,2048,3072,151936,True,376,1
0.001537,0.001632,0.0015893809523809521,0.0016,2.0511265639657366e-05,0.004608,0.004704,0.00465605,0.004672,2.369910335856605e-05,0.002496,0.00272,0.002608,0.0026084999999999997,5.190953669606381e-05,0.004768,0.005152,0.00494245,0.0049445,0.00010137922617578015,0.005376000000000001,0.005536,0.0054608,0.005456000000000001,5.1870608247831235e-05,0.001664,0.001728,0.0016991000000000003,0.001696,1.397461985171688e-05,,,,,,0.000352,0.00038500000000000003,0.00036799999999999995,0.0003675,1.600312469488382e-05,,,,,,,,,,,32,4,2048,3072,151936,True,368,1
0.0015040000000000001,0.0015680000000000002,0.0015390000000000004,0.001536,1.9444671200491887e-05,0.004575999999999999,0.004705,0.0046384500000000006,0.00464,2.587754818370555e-05,0.00256,0.00272,0.00260645,0.002592,3.9749811320306925e-05,0.004736,0.0050880000000000005,0.004971199999999999,0.004992,9.344602720287266e-05,0.005344000000000001,0.005503999999999999,0.005433600000000001,0.00544,4.5860004361098516e-05,0.001632,0.001696,0.0016799500000000001,0.0016955,1.8890407618683138e-05,,,,,,0.000352,0.000417,0.00037604999999999995,0.000384,1.727563312877419e-05,,,,,,,,,,,32,4,2048,3072,151936,True,360,1
0.001536,0.0016,0.0015770952380952381,0.0015680000000000002,2.449471228051507e-05,0.004608,0.0048,0.0046495500000000006,0.00464,4.057644020857414e-05,0.002464,0.0026560000000000004,0.0025583999999999997,0.00256,5.006236111091857e-05,0.004672,0.004993,0.0048048,0.004768,0.00010247858312837865,0.00528,0.00544,0.0053743,0.005376000000000001,3.972417400022307e-05,0.001632,0.001696,0.0016752,0.001664,1.8312837027615405e-05,,,,,,0.000352,0.000384,0.00036635,0.000352,1.5865922601601214e-05,,,,,,,,,,,32,4,2048,3072,151936,True,352,1
0.0015040000000000001,0.0015680000000000002,0.001532952380952381,0.001536,1.9514283390271542e-05,0.0044800000000000005,0.00464,0.00457925,0.004575999999999999,3.34049023348371e-05,0.002559,0.0026880000000000003,0.00259525,0.002592,3.638801313619639e-05,0.004672,0.005057000000000001,0.004861,0.0048,0.00011791861600273315,0.005312000000000001,0.006048,0.0054494999999999995,0.005424,0.00014567721167018538,0.001632,0.001664,0.0016464000000000003,0.001632,1.5919798993705875e-05,,,,,,0.000352,0.000384,0.00037765,0.000384,1.27014762921481e-05,,,,,,,,,,,32,4,2048,3072,151936,True,344,1
0.001535,0.0016,0.0015588571428571429,0.0015680000000000002,2.2399586973840417e-05,0.0045119999999999995,0.004608,0.004560049999999999,0.0045445,2.370121304912486e-05,0.002464,0.00272,0.00256485,0.00256,6.579154580947319e-05,0.00464,0.00496,0.0048161,0.0048319999999999995,0.00010090832473091615,0.00528,0.00544,0.0053743,0.005376000000000001,4.47259432544469e-05,0.001631,0.001664,0.0016367500000000004,0.001632,1.1449344959428869e-05,,,,,,0.000352,0.00038500000000000003,0.00037135,0.000384,1.5701194222096625e-05,,,,,,,,,,,32,4,2048,3072,151936,True,336,1
0.0015040000000000001,0.001601,0.0015466666666666667,0.001536,2.6858240436876723e-05,0.0045119999999999995,0.004608,0.0045552499999999985,0.004543999999999999,2.7215574585152606e-05,0.002432,0.002624,0.0025472000000000003,0.0025445,5.093780521380957e-05,0.004543999999999999,0.004896,0.0047151499999999995,0.004704,7.244741196205715e-05,0.005248,0.005409,0.00534405,0.005344000000000001,4.859678487307575e-05,0.001599,0.001696,0.0016320000000000002,0.001632,2.2700220263248524e-05,,,,,,0.000352,0.000384,0.00037275,0.000384,1.5227852770499203e-05,,,,,,,,,,,32,4,2048,3072,151936,True,328,1
0.0015040000000000001,0.001632,0.0015603333333333335,0.0015680000000000002,2.780944226993918e-05,0.0044800000000000005,0.004575999999999999,0.004531199999999999,0.004543999999999999,2.7527440854536168e-05,0.0024,0.002561,0.0024721,0.002464,5.3472329292822155e-05,0.00464,0.00512,0.00496325,0.004992,0.0001046703754650761,0.005055,0.005312000000000001,0.0051632,0.005152,7.531971853372799e-05,0.001535,0.001664,0.0015822499999999999,0.0015680000000000002,3.434366753857248e-05,,,,,,,,,,,,,,,,,,,,,32,4,2048,3072,151936,True,320,1
0.001536,0.0016,0.001561904761904762,0.0015680000000000002,1.878932007159481e-05,0.004479,0.004543999999999999,0.00450405,0.0045119999999999995,2.243540728402275e-05,0.0024,0.00256,0.0024576000000000003,0.002464,3.446505476566083e-05,0.004608,0.0050880000000000005,0.00493605,0.004992,0.0001490531700434446,0.005248,0.005503,0.005351900000000001,0.005344000000000001,5.421521926544239e-05,0.001536,0.0016,0.00155845,0.0015525,2.488669323152437e-05,,,,,,,,,,,0.00032,0.000352,0.0003408,0.000352,1.5263027222671114e-05,,,,,,32,4,2048,3072,151936,True,312,1
0.001472,0.001569,0.0015497619047619047,0.001567,2.3284789152914703e-05,0.0044480000000000006,0.004543999999999999,0.0044976,0.004496,2.367783773911754e-05,0.0024,0.002592,0.00245935,0.002464,4.990518510134999e-05,0.0045119999999999995,0.004992,0.0048352000000000004,0.004896,0.00014199492948693642,0.005248,0.00544,0.005334500000000001,0.005328000000000001,5.466488818245224e-05,0.001536,0.001601,0.0015569,0.001536,2.545761182829216e-05,,,,,,,,,,,0.00032,0.000352,0.0003424,0.000352,1.4664242223858673e-05,,,,,,32,4,2048,3072,151936,True,304,1
0.001472,0.0016,0.001552714285714286,0.001567,2.5322948104047338e-05,0.0044480000000000006,0.004513,0.00447685,0.0044800000000000005,2.2410432838300724e-05,0.0024,0.002528,0.0024544499999999995,0.002448,4.649352105401356e-05,0.004608,0.005056,0.0048559499999999995,0.004848,0.00010368822257132191,0.005248,0.005377,0.005318450000000001,0.005312000000000001,4.252114180028582e-05,0.0015040000000000001,0.0016,0.0015455000000000002,0.001536,2.7000925910049843e-05,,,,,,,,,,,0.00032,0.000352,0.00035035,0.000352,6.966168243733417e-06,,,,,,32,4,2048,3072,151936,True,296,1
0.001472,0.0015680000000000002,0.0015313333333333333,0.001536,2.2686965700560604e-05,0.004416000000000001,0.004481,0.0044417000000000015,0.0044480000000000006,2.173729513992014e-05,0.0024,0.002528,0.0024320500000000003,0.002432,3.9151596391462804e-05,0.004543999999999999,0.004992,0.004825499999999999,0.004864,0.0001351600902633616,0.005248,0.005376000000000001,0.005299200000000002,0.005296,3.5633691922112395e-05,0.0015040000000000001,0.0015680000000000002,0.0015248999999999998,0.00152,2.329141472731958e-05,,,,,,,,,,,0.00032,0.000352,0.0003408,0.000352,1.5263027222671114e-05,,,,,,32,4,2048,3072,151936,True,288,1
0.0015040000000000001,0.0016,0.0015603809523809524,0.0015680000000000002,2.5951376127336575e-05,0.004352000000000001,0.004449,0.004414400000000001,0.004416000000000001,2.951508089096136e-05,0.002304,0.002528,0.0024178000000000003,0.0024005,6.0267404125281495e-05,0.004384000000000001,0.004928,0.00467355,0.00472,0.00017797316511204705,0.00496,0.005344000000000001,0.005248000000000001,0.005264,0.00010418445181503834,0.001472,0.0016950000000000001,0.0015599500000000003,0.001536,6.298608973416271e-05,,,,,,,,,,,0.00032,0.00035299999999999996,0.00034245,0.000352,1.4701955652225301e-05,,,,,,32,4,2048,3072,151936,True,280,1
0.001472,0.0015680000000000002,0.0015329047619047618,0.001536,2.1865181632002378e-05,0.004352000000000001,0.0044800000000000005,0.004400050000000001,0.004384000000000001,2.7684788241920813e-05,0.002368,0.002496,0.00242235,0.002432,3.6569488648325486e-05,0.004384000000000001,0.004864,0.0047056500000000005,0.004736499999999999,0.00013405867185676572,0.004992,0.0054080000000000005,0.0052688,0.00528,8.049447185987388e-05,0.001472,0.0015680000000000002,0.0015088,0.0015040000000000001,2.3241342474134335e-05,,,,,,,,,,,0.00032,0.000352,0.0003392,0.000352,1.567673435381232e-05,,,,,,32,4,2048,3072,151936,True,272,1
0.0015040000000000001,0.0015680000000000002,0.0015268095238095238,0.001536,1.7483649634305373e-05,0.004319,0.0044480000000000006,0.00436625,0.004352000000000001,2.9536206594618853e-05,0.002368,0.002496,0.00241595,0.0024,2.76865942289767e-05,0.0045119999999999995,0.00496,0.00475185,0.0048,0.00012523948059617635,0.005215,0.005344000000000001,0.005265649999999999,0.0052645,3.8478922801970675e-05,0.0014399999999999999,0.0015680000000000002,0.0014927500000000004,0.001472,3.080077109424378e-05,,,,,,,,,,,0.00032,0.000352,0.00034235,0.000352,1.463309604970867e-05,,,,,,32,4,2048,3072,151936,True,264,1
0.001472,0.001536,0.001500952380952381,0.0015040000000000001,1.6831026311904423e-05,0.00432,0.004384000000000001,0.00434565,0.004352000000000001,1.9217895306198613e-05,0.002368,0.00256,0.0024591,0.002448,5.9262888893472e-05,0.004383,0.004672,0.004521449999999999,0.0045119999999999995,8.111502635147184e-05,0.004192,0.004288,0.00423685,0.004224,2.7563154754127736e-05,0.001472,0.001537,0.0014992999999999999,0.0015040000000000001,2.333259522642093e-05,,,,,,,,,,,,,,,,,,,,,32,4,2048,3072,151936,True,256,1
0.001312,0.001536,0.0014840952380952383,0.001503,4.240496911796652e-05,0.004288,0.004385,0.0043376000000000005,0.00432,3.4373536332475554e-05,0.002368,0.00256,0.0024639,0.002464,4.967182299855723e-05,0.004384000000000001,0.00464,0.00447675,0.0044480000000000006,7.433362294412911e-05,0.0041600000000000005,0.004832,0.00437605,0.004256,0.0002169922752081279,0.001472,0.001536,0.0014912000000000003,0.0015040000000000001,1.865904606350501e-05,,,,,,,,,,,,,,,,,,,,,32,4,2048,3072,151936,True,248,1
0.0013440000000000001,0.001536,0.0015040000000000001,0.0015040000000000001,4.3011626335213124e-05,0.004255,0.00432,0.0042895500000000005,0.004288,1.8871870601506383e-05,0.002304,0.002528,0.0024385,0.0024324999999999998,6.298849101224763e-05,0.004256,0.004704,0.004459200000000001,0.004432,0.00012446107825340403,0.004128000000000001,0.0045119999999999995,0.004201450000000001,0.004192,8.281332924113098e-05,0.0014399999999999999,0.0015049999999999998,0.0014783500000000002,0.001472,1.6438597872081464e-05,,,,,,,,,,,,,,,,,,,,,32,4,2048,3072,151936,True,240,1
0.0013440000000000001,0.001536,0.0014917619047619048,0.0015040000000000001,4.0033206171525694e-05,0.004224,0.00432,0.00426075,0.004256,2.911850786012215e-05,0.002368,0.002528,0.0024208499999999996,0.0024005,4.4405264327554717e-05,0.004288,0.0044800000000000005,0.00437285,0.004368500000000001,4.665326891012042e-05,0.004064,0.004543,0.004175900000000001,0.0041595,0.0001210755549233617,0.0014399999999999999,0.0015040000000000001,0.001472,0.001472,2.0238577025077708e-05,,,,,,,,,,,,,,,,,,,,,32,4,2048,3072,151936,True,232,1
0.001312,0.0015040000000000001,0.0014704761904761907,0.001472,4.008517009665804e-05,0.0041589999999999995,0.004352000000000001,0.00420795,0.004192,4.586989753640186e-05,0.002336,0.002527,0.00241275,0.0024,5.286196647874541e-05,0.004256,0.004543999999999999,0.004358249999999999,0.004352000000000001,7.939450547739421e-05,0.004032,0.004224,0.004127900000000001,0.004128000000000001,5.166130079663132e-05,0.001408,0.001472,0.0014399999999999999,0.0014399999999999999,2.478709341572748e-05,,,,,,,,,,,,,,,,,,,,,32,4,2048,3072,151936,True,224,1
0.001312,0.001536,0.001490238095238095,0.0015040000000000001,4.367401402589175e-05,0.004128000000000001,0.004224,0.0041808,0.004192,2.3241342474134253e-05,0.002336,0.002496,0.00240155,0.0023994999999999997,5.295420191070774e-05,0.004192,0.004543999999999999,0.00429595,0.004288,7.153843372621454e-05,0.003968,0.0041600000000000005,0.0040912000000000006,0.004096,4.556599609357854e-05,0.0014399999999999999,0.0015040000000000001,0.00146715,0.001472,1.8301024561482964e-05,,,,,,,,,,,,,,,,,,,,,32,4,2048,3072,151936,True,216,1
0.00128,0.0015040000000000001,0.0014734285714285717,0.001472,4.57035701726967e-05,0.004032,0.0041600000000000005,0.0041057,0.0040965,3.5128478475448e-05,0.002304,0.002496,0.00238875,0.002368,5.3858030970320484e-05,0.004096,0.0044480000000000006,0.004209600000000001,0.004208,7.53919093802512e-05,0.003968,0.0041600000000000005,0.00406715,0.004064,5.533739693914067e-05,0.001408,0.0015040000000000001,0.00144485,0.0014399999999999999,2.3232036070908678e-05,,,,,,,,,,,,,,,,,,,,,32,4,2048,3072,151936,True,208,1
0.0013440000000000001,0.0015040000000000001,0.0014750476190476189,0.001472,3.682452106238349e-05,0.003968,0.004064,0.00401925,0.004032,3.099495926759696e-05,0.002303,0.0024950000000000003,0.00239335,0.0024,4.487346097639455e-05,0.004095,0.004384000000000001,0.004151950000000001,0.004128000000000001,6.232212688925193e-05,0.003968,0.004543999999999999,0.004064,0.004032,0.00014790300875911885,0.001407,0.001472,0.001448,0.0014399999999999999,2.2345021816950648e-05,,,,,,,,,,,,,,,,,,,,,32,4,2048,3072,151936,True,200,1
0.001408,0.001472,0.0014414285714285716,0.0014399999999999999,1.8339578404489633e-05,0.00384,0.003968,0.003913649999999999,0.003935,4.047625847333227e-05,0.0022719999999999997,0.002336,0.0023024000000000005,0.002304,1.5919798993706e-05,0.00384,0.004032,0.0039472,0.003936,5.1933226358469226e-05,0.0039369999999999995,0.004575999999999999,0.004072149999999999,0.0040325,0.0001360151737858684,0.0013759999999999998,0.001472,0.0014128,0.001408,2.534876722840779e-05,,,,,,0.003424,0.003584,0.0034623500000000003,0.003456,3.997658689783314e-05,,,,,,,,,,,32,4,2048,3072,151936,True,192,1
0.001248,0.0014399999999999999,0.0014049999999999998,0.001408,4.060846733192003e-05,0.003072,0.0031360000000000003,0.0030912,0.0030880000000000005,2.115325034125965e-05,0.001984,0.002144,0.0020527999999999996,0.002048,3.3978816930552535e-05,0.0031030000000000003,0.0031680000000000002,0.0031359500000000006,0.0031360000000000003,2.0318649069266454e-05,0.002528,0.002944,0.00264795,0.002608,0.00012055599321477137,0.0013759999999999998,0.001408,0.00139355,0.001407,1.5778070224206824e-05,,,,,,0.003392,0.003488,0.0034351999999999994,0.003424,2.541377579188108e-05,,,,,,,,,,,32,4,2048,3072,151936,True,184,1
0.00128,0.0014399999999999999,0.0014111428571428571,0.001408,3.406755992811606e-05,0.00304,0.003104,0.0030656500000000005,0.003072,1.922049687182926e-05,0.002016,0.002144,0.0020512000000000004,0.002048,2.8445737817817326e-05,0.003072,0.0031360000000000003,0.0031041,0.003104,2.262940564840367e-05,0.002528,0.002912,0.0026287499999999996,0.002624,8.960350160568508e-05,0.0013440000000000001,0.001408,0.0013663500000000001,0.0013759999999999998,1.7794029897693102e-05,,,,,,0.002879,0.002944,0.0029038000000000002,0.0029115,2.2417850030723373e-05,,,,,,,,,,,32,4,2048,3072,151936,True,176,1
0.001248,0.001472,0.001407904761904762,0.001408,4.315520689425748e-05,0.0030080000000000003,0.003073,0.0030335500000000003,0.00304,1.639961889801098e-05,0.001984,0.0020800000000000003,0.0020479,0.002048,2.6655018289245337e-05,0.00304,0.003104,0.0030592,0.003072,1.8659046063504907e-05,0.002528,0.00304,0.0027039,0.0026560000000000004,0.00013175769427247881,0.001312,0.0013759999999999998,0.0013519000000000003,0.0013440000000000001,1.7114029332684823e-05,,,,,,0.002816,0.002912,0.0028673,0.0028645,2.5528611399760877e-05,,,,,,,,,,,32,4,2048,3072,151936,True,168,1
0.001407,0.001472,0.0014354285714285714,0.0014399999999999999,1.5035106310522278e-05,0.002944,0.0030080000000000003,0.0029855999999999997,0.002976,2.0489997559785247e-05,0.002112,0.002304,0.0021774999999999997,0.0021760000000000004,4.346320282721926e-05,0.0030710000000000004,0.003232,0.0031311,0.0031360000000000003,4.20866962352713e-05,0.002496,0.0030080000000000003,0.0026399499999999994,0.002592,0.00011777286402223563,0.001312,0.001377,0.00133935,0.0013440000000000001,2.334368222881725e-05,0.000352,0.000384,0.0003632,0.000352,1.526302722267114e-05,0.002816,0.002944,0.0028769,0.0028799999999999997,2.6534694269955335e-05,,,,,,,,,,,32,4,2048,3072,151936,True,160,1
0.0013440000000000001,0.001472,0.0014262857142857141,0.0014399999999999999,2.531730606511196e-05,0.002912,0.002976,0.00294875,0.002944,1.528029777196762e-05,0.002112,0.0022719999999999997,0.0021616,0.002144,3.114867573429085e-05,0.002976,0.0031360000000000003,0.0030703500000000003,0.003072,3.274946564449565e-05,0.00256,0.002944,0.00264945,0.0026235,9.994622304019289e-05,0.00128,0.0013759999999999998,0.0013376500000000001,0.0013440000000000001,2.3960957827265552e-05,0.00035099999999999997,0.000384,0.00035509999999999996,0.000352,9.637945839233593e-06,0.002784,0.0028799999999999997,0.0028303499999999997,0.0028315,2.763562013054884e-05,,,,,,,,,,,32,4,2048,3072,151936,True,152,1
0.0013759999999999998,0.001472,0.0014354761904761906,0.0014399999999999999,2.2714834774236467e-05,0.0028799999999999997,0.002976,0.0029152,0.002912,2.2402232031652603e-05,0.002112,0.0022400000000000002,0.0021536,0.002144,2.6963679274164433e-05,0.002976,0.003072,0.0030208,0.0030085,3.102676264130699e-05,0.002528,0.002848,0.002632,0.002592,9.043948252837357e-05,0.00128,0.0013440000000000001,0.0013120500000000002,0.001312,2.0239750492533262e-05,0.000352,0.00038500000000000003,0.00036649999999999996,0.00035249999999999995,1.593580873379197e-05,0.002784,0.0028490000000000004,0.0028273,0.002816,1.834148303709379e-05,,,,,,,,,,,32,4,2048,3072,151936,True,144,1
0.0013440000000000001,0.0014399999999999999,0.0014125714285714284,0.001408,2.0371715753001436e-05,0.002816,0.002912,0.00287035,0.0028799999999999997,2.0548175101453638e-05,0.002112,0.0022719999999999997,0.0021487999999999998,0.002144,3.6869499589769296e-05,0.0028799999999999997,0.00304,0.002968,0.002976,3.337214407256456e-05,0.002528,0.002783,0.0026288499999999994,0.002608,7.225944574932749e-05,0.0013109999999999999,0.001377,0.0013312500000000002,0.0013285,2.13351236227963e-05,0.00035099999999999997,0.000384,0.00035994999999999994,0.000352,1.3886954309710979e-05,0.00272,0.002848,0.0027808499999999996,0.002784,2.452197993637542e-05,,,,,,,,,,,32,4,2048,3072,151936,True,136,1
0.00128,0.0014399999999999999,0.0014049047619047617,0.001408,3.6779788396171035e-05,0.002784,0.002848,0.0028223500000000004,0.002816,2.164549606731151e-05,0.002049,0.002113,0.00209615,0.002112,1.8807644722293095e-05,0.002816,0.0028799999999999997,0.0028592,0.002848,1.83155671492858e-05,0.002368,0.002496,0.0024447500000000003,0.002432,2.935110730449535e-05,0.00128,0.0013759999999999998,0.0013296,0.001312,2.766658634526488e-05,0.00032,0.000352,0.000344,0.000352,1.3856406460551004e-05,0.002848,0.002944,0.0028977,0.0028805,2.574703866466986e-05,,,,,,,,,,,32,4,2048,3072,151936,True,128,1
0.001248,0.0014399999999999999,0.0013866666666666665,0.001408,4.111462876413574e-05,0.0027519999999999997,0.002816,0.00278085,0.002784,1.9835006932189413e-05,0.002079,0.002113,0.0020944,0.0020800000000000003,1.602310831268385e-05,0.002784,0.0028490000000000004,0.0028145,0.002816,2.3890374630800635e-05,0.0024,0.002528,0.00246875,0.002464,3.398657823317905e-05,0.001312,0.0013759999999999998,0.0013439000000000003,0.0013440000000000001,1.743817651017441e-05,0.00032,0.000352,0.0003376,0.000352,1.5919798993705898e-05,0.002816,0.002944,0.0028752499999999998,0.0028799999999999997,3.08283554540297e-05,,,,,,,,,,,32,4,2048,3072,151936,True,120,1
0.0013440000000000001,0.0014399999999999999,0.0013957619047619044,0.001407,2.3087627612053068e-05,0.002719,0.0027519999999999997,0.0027406999999999996,0.0027519999999999997,1.5297385397511335e-05,0.002048,0.002112,0.0020752500000000003,0.0020800000000000003,2.3185933235477166e-05,0.0027519999999999997,0.002816,0.00277445,0.002784,1.7758026354299733e-05,0.002368,0.002528,0.0024432000000000004,0.002432,3.545363168985657e-05,0.00128,0.0013759999999999998,0.0013280500000000003,0.0013285,2.143006066253665e-05,0.00032,0.000352,0.000344,0.000352,1.3856406460551004e-05,0.0026560000000000004,0.0028799999999999997,0.0028047999999999997,0.002816,4.775939698111768e-05,,,,,,,,,,,32,4,2048,3072,151936,True,112,1
0.001312,0.001408,0.0013806190476190474,0.0013759999999999998,2.2695659728713363e-05,0.0026880000000000003,0.00272,0.0027008500000000003,0.0026880000000000003,1.5637375099421226e-05,0.002048,0.002112,0.0020704,0.0020800000000000003,2.0489997559785247e-05,0.0026880000000000003,0.002784,0.0027231000000000004,0.00272,2.234479805234306e-05,0.002368,0.002496,0.0024208500000000004,0.002432,3.399746314065219e-05,0.00128,0.0013440000000000001,0.0013232000000000005,0.001312,2.0922714928995274e-05,0.00032,0.000352,0.00034229999999999997,0.000352,1.460171222836553e-05,0.0026560000000000004,0.002816,0.0027471999999999996,0.0027519999999999997,3.959116062961521e-05,,,,,,,,,,,32,4,2048,3072,151936,True,104,1
0.001312,0.001408,0.0013896190476190473,0.001407,2.3236826663266353e-05,0.002624,0.0026880000000000003,0.0026671500000000005,0.0026560000000000004,1.8344685879022315e-05,0.002016,0.0020800000000000003,0.0020320999999999994,0.002016,2.154274819980037e-05,0.002624,0.0026880000000000003,0.0026704000000000007,0.0026720000000000003,1.8863721796082555e-05,0.002368,0.00256,0.00242395,0.0024159999999999997,4.2811768241921624e-05,0.001216,0.001248,0.0012239500000000001,0.001216,1.3771256297084849e-05,0.00032,0.000352,0.00034389999999999996,0.000352,1.3801811475310027e-05,0.002528,0.002593,0.0025712499999999998,0.00256,1.8370832860814974e-05,,,,,,,,,,,32,4,2048,3072,151936,True,96,1
0.00128,0.001408,0.0013699523809523808,0.0013759999999999998,2.3424602838481307e-05,0.002592,0.002689,0.00264325,0.0026560000000000004,2.140998598785163e-05,0.002016,0.002048,0.0020319,0.0020315000000000003,1.590251552428104e-05,0.002592,0.0026880000000000003,0.0026368000000000003,0.002624,2.351510153071863e-05,0.002368,0.002496,0.00241115,0.0024,3.542636729894843e-05,0.001183,0.001248,0.00121915,0.001216,2.007305407754385e-05,0.00032,0.00035299999999999996,0.00034085,0.000352,1.5301225441120702e-05,0.002624,0.00272,0.002675200000000001,0.0026880000000000003,2.1228754084966895e-05,,,,,,,,,,,32,4,2048,3072,151936,True,88,1
0.001312,0.001409,0.0013775714285714283,0.0013759999999999998,2.3109617516711673e-05,0.0025910000000000004,0.002624,0.0026063499999999995,0.002592,1.5966449198240608e-05,0.0020150000000000003,0.002049,0.00203355,0.0020475,1.5979596365365383e-05,0.00256,0.0026560000000000004,0.00260315,0.0025925,2.907623600124336e-05,0.002368,0.002464,0.0024047,0.0023994999999999997,3.6883736253259455e-05,0.001152,0.001216,0.0011904,0.001184,2.170575960430782e-05,0.00032,0.000352,0.000344,0.000352,1.3856406460551004e-05,0.001888,0.0020150000000000003,0.00192795,0.00192,3.757722049327232e-05,,,,,,,,,,,32,4,2048,3072,151936,True,80,1
0.00128,0.001408,0.0013790952380952379,0.0013759999999999998,2.7707493849489522e-05,0.002528,0.002624,0.00258395,0.002592,2.4383344725447352e-05,0.001984,0.0020800000000000003,0.0020367499999999995,0.002048,2.0897069172494016e-05,0.002527,0.002592,0.0025648500000000005,0.00256,2.3302950456970094e-05,0.002368,0.002528,0.0023968,0.0024,3.906097797034787e-05,0.001216,0.00128,0.0012449,0.001248,1.7160710940983755e-05,0.00032,0.000352,0.0003376,0.000352,1.5919798993705898e-05,0.0018560000000000002,0.002016,0.0019105000000000003,0.0019045,4.3001744150673655e-05,,,,,,,,,,,32,4,2048,3072,151936,True,72,1
0.00128,0.0013759999999999998,0.0013531428571428572,0.0013440000000000001,2.4476005187366e-05,0.002496,0.00256,0.0025248000000000002,0.002528,1.9983993594874937e-05,0.001952,0.002048,0.0020080000000000002,0.002016,2.2342784070030277e-05,0.0024950000000000003,0.002528,0.0025231500000000005,0.002528,1.1546752790286905e-05,0.002335,0.0024,0.00236635,0.002368,2.3742946320960196e-05,0.001152,0.001184,0.0011695499999999999,0.0011835,1.587600390526529e-05,0.00032,0.000352,0.00033600000000000004,0.00033600000000000004,1.599999999999998e-05,0.001759,0.001952,0.0018143,0.001792,6.55965700322814e-05,,,,,,0.001888,0.002048,0.00196475,0.001984,4.4621603512200215e-05,32,4,2048,3072,151936,True,64,1
0.001312,0.001377,0.0013500952380952383,0.0013440000000000001,1.60798743240313e-05,0.002464,0.002528,0.00248965,0.002496,2.1647805893438687e-05,0.001984,0.002048,0.0020078999999999995,0.002016,1.988190131752992e-05,0.002464,0.002497,0.0024865,0.002496,1.4732616875490893e-05,0.0022719999999999997,0.0024,0.00234875,0.002336,3.1046537649148544e-05,0.0011200000000000001,0.001184,0.0011455999999999999,0.001152,1.919999999999995e-05,0.00032,0.000352,0.00032795,0.00032,1.3771256297084866e-05,0.001696,0.001984,0.0018064,0.00176,8.379462989953476e-05,,,,,,0.0018560000000000002,0.002016,0.0019215500000000004,0.00192,4.2266387354492426e-05,32,4,2048,3072,151936,True,56,1
0.001312,0.0013759999999999998,0.0013606666666666667,0.001375,1.871168041964643e-05,0.002432,0.002496,0.0024608,0.002464,1.3948476619330113e-05,0.001984,0.002048,0.0020128499999999996,0.002016,2.4587140948064635e-05,0.002464,0.002528,0.0024976499999999997,0.002496,1.591626526544461e-05,0.0022719999999999997,0.00256,0.0023728,0.002368,6.258002876317655e-05,0.001119,0.001152,0.00113115,0.0011200000000000001,1.5301225441120685e-05,0.000288,0.00032,0.0003168,0.00032,9.600000000000006e-06,0.001728,0.0018560000000000002,0.0017839499999999999,0.001776,3.4906267345564226e-05,,,,,,0.001792,0.002017,0.0019409499999999999,0.001952,6.49649713307102e-05,32,4,2048,3072,151936,True,48,1
0.001312,0.001377,0.0013609047619047622,0.0013759999999999998,1.8905541545636367e-05,0.0024,0.002464,0.0024415000000000005,0.002432,1.787316424139834e-05,0.001984,0.002048,0.00200325,0.002,2.1257645683377018e-05,0.002432,0.002496,0.0024704,0.002464,1.631686244349687e-05,0.002304,0.002431,0.00235845,0.002352,3.363550951004009e-05,0.0010880000000000002,0.001152,0.00113445,0.0011365,1.8826776144629705e-05,0.000288,0.000321,0.00030885,0.00032,1.5301225441120725e-05,0.001696,0.0018560000000000002,0.0018111000000000002,0.001824,4.3378450871371675e-05,,,,,,0.001792,0.002016,0.0019343999999999997,0.001952,5.7666628131008334e-05,32,4,2048,3072,151936,True,40,1
0.001312,0.0013440000000000001,0.001325714285714286,0.001312,1.5835893097772657e-05,0.002368,0.002432,0.0024161,0.002432,1.8849137911321176e-05,0.001952,0.002016,0.0019808,0.001984,1.9983993594874896e-05,0.0024,0.002464,0.0024256500000000005,0.002432,1.6242767621313906e-05,0.0022719999999999997,0.0024,0.00232495,0.002336,3.8278551435497154e-05,0.0011200000000000001,0.001184,0.0011456,0.001152,2.17034559460008e-05,0.000288,0.000352,0.00032315,0.00032,1.396164388601857e-05,0.0016,0.001664,0.0016336,0.001632,1.228983319658974e-05,,,,,,0.0016,0.0018560000000000002,0.0016960000000000002,0.001664,8.526664060463514e-05,32,4,2048,3072,151936,True,32,1
0.001312,0.001408,0.0013715238095238097,0.0013759999999999998,2.266026320113402e-05,0.002368,0.002432,0.0023951999999999997,0.0024,2.092510453976282e-05,0.001952,0.002048,0.0020111499999999997,0.002016,2.091237671810641e-05,0.002368,0.002432,0.0023920499999999997,0.0024,1.9943607998554367e-05,0.0022400000000000002,0.002368,0.0023023,0.002304,3.427550145512089e-05,0.001119,0.001152,0.0011408500000000001,0.001152,1.5199588810227707e-05,0.002016,0.0021760000000000004,0.0020799,0.0020800000000000003,4.5255828353925966e-05,0.0016,0.0018560000000000002,0.0016576,0.001632,5.865696889543477e-05,,,,,,0.0016,0.001696,0.0016399999999999997,0.001632,2.6532998322843172e-05,32,4,2048,3072,151936,True,24,1
0.007296,0.00752,0.007366000000000001,0.00736,4.898104589678395e-05,0.002336,0.002401,0.00238395,0.002399,1.889305427928473e-05,0.00192,0.001984,0.0019664500000000007,0.0019685,1.8826776144629797e-05,0.002335,0.002432,0.00238075,0.0023685,2.3545434801676514e-05,0.002239,0.002337,0.0022736499999999995,0.0022719999999999997,3.125103998269493e-05,0.001119,0.001184,0.0011456,0.001152,1.920260399008422e-05,,,,,,,,,,,,,,,,,,,,,32,4,2048,3072,151936,True,16,1
0.0041600000000000005,0.004256,0.004207285714285715,0.004193,2.5321067564086423e-05,0.002336,0.0024,0.0023535,0.0023515000000000003,1.8789624796679654e-05,0.001888,0.001984,0.0019310999999999998,0.00192,2.0825225088819567e-05,0.002304,0.0024,0.00234555,0.002336,2.2876789547486756e-05,0.0022080000000000003,0.002304,0.0022478999999999997,0.0022400000000000002,2.6383517582005475e-05,0.0011200000000000001,0.001153,0.00112815,0.0011200000000000001,1.3889834412259882e-05,,,,,,,,,,,,,,,,,,,,,32,4,2048,3072,151936,True,8,1
0.002592,0.0026880000000000003,0.0026483809523809524,0.0026560000000000004,2.3996976377940865e-05,0.002336,0.0023690000000000004,0.00236,0.002368,1.3860014430006905e-05,0.001888,0.001953,0.0019360000000000002,0.001952,2.1396261355666767e-05,0.002304,0.002368,0.0023408499999999994,0.002336,1.524885241583768e-05,0.002144,0.0022719999999999997,0.002224,0.002239,3.26955654485435e-05,0.0010880000000000002,0.0011200000000000001,0.0011056,0.0011200000000000001,1.5919798993705875e-05,,,,,,,,,,,,,,,,,,,,,32,4,2048,3072,151936,True,4,1
0.0019190000000000001,0.001952,0.0019351904761904762,0.00192,1.60286025521017e-05,0.0022719999999999997,0.002336,0.0023120000000000003,0.002304,1.7158088471621773e-05,0.001888,0.001952,0.0019279000000000002,0.00192,1.7207265907168378e-05,0.002304,0.002368,0.0023343999999999995,0.002336,2.140654105641538e-05,0.002112,0.0022719999999999997,0.0021904000000000003,0.0021920000000000004,4.107359248957896e-05,0.0010880000000000002,0.0011200000000000001,0.0010976999999999998,0.0010880000000000002,1.449517160988442e-05,,,,,,,,,,,,,,,,,,,,,32,4,2048,3072,151936,True,2,1
0.0015680000000000002,0.001632,0.0015983333333333331,0.0016,1.5529797267659413e-05,0.002304,0.0023690000000000004,0.00234725,0.002336,2.0973495178438876e-05,0.001888,0.002016,0.0019390999999999998,0.001936,3.108842228225807e-05,0.002304,0.002401,0.0023488,0.002336,2.3585164828764673e-05,0.0022080000000000003,0.002368,0.0022734999999999995,0.0022719999999999997,3.9732228731849296e-05,0.001087,0.0011200000000000001,0.0010975499999999999,0.0010880000000000002,1.469855435068357e-05,0.008832000000000001,0.009056000000000002,0.008934400000000002,0.008928,6.032528491437092e-05,0.009504,0.009664,0.0095712,0.009568,5.254674109780752e-05,0.012896000000000001,0.013504,0.01308005,0.013056,0.00011533970478547269,0.007232000000000001,0.007392,0.00729915,0.007296,4.031535067440181e-05,32,4,2048,3072,151936,True,1,1
