Request Id,request_e2e_time,request_e2e_time_normalized,request_execution_time,request_execution_time_normalized,request_model_execution_time,request_model_execution_time_normalized,request_preemption_time,request_scheduling_delay,request_execution_plus_preemption_time,request_execution_plus_preemption_time_normalized,prefill_e2e_time,prefill_e2e_time_normalized,prefill_time_execution_plus_preemption,prefill_time_execution_plus_preemption_normalized,decode_time_execution_plus_preemption_normalized,request_inter_arrival_delay,request_num_tokens,request_num_prefill_tokens,request_num_prefill_tokens_cached,request_num_decode_tokens,request_pd_ratio,request_num_restarts,request_arrived_at,replica
4,11.830247,0.023660,11.830247,0.023660,11.830247,0.023660,0.000000,0.000000,11.830247,0.023660,0.346788,0.000048,0.346788,0.000048,0.022967,0.185878,7770,7270,0,500,14.540000,0,0.185878,0
5,13.894790,0.028357,13.894790,0.028357,13.894790,0.028357,0.000000,0.000000,13.894790,0.028357,0.375335,0.000048,0.375335,0.000048,0.027591,0.258105,8324,7834,0,490,15.987755,0,0.258105,1
6,26.738672,0.033676,26.738672,0.033676,26.738672,0.033676,0.000000,0.000000,26.738672,0.033676,0.373557,0.000048,0.373557,0.000048,0.033205,0.502624,8542,7748,0,794,9.758186,0,0.502624,2
7,12.342502,0.039059,12.342502,0.039059,12.342502,0.039059,0.000000,0.000000,12.342502,0.039059,0.120558,0.000043,0.120558,0.000043,0.038677,0.652029,3118,2802,0,316,8.867089,0,0.652029,3
8,0.367009,0.122336,0.360024,0.120008,0.360024,0.120008,0.000000,0.006986,0.360024,0.120008,0.351474,0.000048,0.344489,0.000047,0.005178,0.478514,7275,7272,512,3,2424.000000,0,0.664393,0
9,4.038576,0.023344,4.038517,0.023344,4.038517,0.023344,0.000000,0.000059,4.038517,0.023344,0.236411,0.000044,0.236352,0.000044,0.021978,0.781287,5519,5346,512,173,30.901734,0,1.039393,1
10,16.474423,0.036367,16.472177,0.036362,16.472177,0.036362,0.000000,0.002246,16.472177,0.036362,1.486820,0.000063,1.484575,0.000063,0.033085,0.715753,24106,23653,512,453,52.214128,0,1.218377,2
11,20.614360,0.045010,20.609822,0.045000,20.609822,0.045000,0.000000,0.004538,20.609822,0.045000,1.773390,0.000065,1.768852,0.000065,0.041137,0.759108,27858,27400,512,458,59.825328,0,1.411137,3
12,10.911727,0.027144,10.910182,0.027140,10.910182,0.027140,0.000000,0.001545,10.910182,0.027140,0.564652,0.000051,0.563107,0.000051,0.025739,0.763882,11412,11010,512,402,27.388060,0,1.428274,0
13,20.427745,0.033488,20.426059,0.033485,20.426059,0.033485,0.000000,0.001687,20.426059,0.033485,1.053020,0.000059,1.051333,0.000059,0.031762,0.463699,18572,17962,512,610,29.445902,0,1.503092,1
14,3.961705,0.055799,2.858700,0.040263,2.858700,0.040263,0.000000,1.103005,2.858700,0.040263,1.897371,0.000135,0.794365,0.000057,0.029075,0.342627,14127,14056,512,71,197.971831,0,1.561004,2
15,24.402655,0.060703,23.149314,0.057585,23.149314,0.057585,0.000000,1.253341,23.149314,0.057585,10.950805,0.000125,9.697463,0.000111,0.033462,0.476627,88083,87681,512,402,218.111940,0,1.887765,3
16,15.561431,0.028397,15.561357,0.028397,15.561357,0.028397,0.000000,0.000075,15.561357,0.028397,0.322867,0.000047,0.322792,0.000047,0.027808,0.588546,7384,6836,512,548,12.474453,0,2.016820,0
17,11.707470,0.033072,11.421011,0.032263,11.421011,0.032263,0.000000,0.286458,11.421011,0.032263,0.420399,0.000167,0.133941,0.000053,0.031884,0.730011,2878,2524,512,354,7.129944,0,2.233103,1
18,1.899296,0.135664,0.781187,0.055799,0.781187,0.055799,0.000000,1.118109,0.781187,0.055799,1.551624,0.000198,0.433516,0.000055,0.024834,0.745340,7850,7836,512,14,559.714286,0,2.306345,2
19,15.453444,0.106575,5.042225,0.034774,5.042225,0.034774,0.000000,10.411219,5.042225,0.034774,11.053021,0.001113,0.641802,0.000065,0.030348,0.450803,10075,9930,512,145,68.482759,0,2.338568,3
20,9.270521,0.026114,9.268598,0.026109,9.268598,0.026109,0.000000,0.001923,9.268598,0.026109,0.042476,0.000030,0.040552,0.000028,0.025994,0.422841,1782,1427,512,355,4.019718,0,2.439661,0
21,15.888905,0.034096,15.708591,0.033709,15.708591,0.033709,0.000000,0.180314,15.708591,0.033709,0.922269,0.000069,0.741955,0.000056,0.032117,0.214801,13824,13358,512,466,28.665236,0,2.447904,1
22,36.531534,0.039324,35.371019,0.038074,35.371019,0.038074,0.000000,1.160515,35.371019,0.038074,2.467368,0.000117,1.306853,0.000062,0.036668,0.361325,21947,21018,512,929,22.624327,0,2.667669,2
23,23.426342,0.067124,12.860434,0.036849,12.860434,0.036849,0.000000,10.565908,12.860434,0.036849,11.619337,0.000679,1.053429,0.000062,0.033831,0.453947,17470,17121,512,349,49.057307,0,2.792514,3
24,12.995214,0.035122,12.994393,0.035120,12.994393,0.035120,0.000000,0.000822,12.994393,0.035120,1.742643,0.000065,1.741821,0.000065,0.030412,0.530251,27235,26865,512,370,72.608108,0,2.969912,0
25,15.958574,0.033597,15.646466,0.032940,15.646466,0.032940,0.000000,0.312108,15.646466,0.032940,0.643641,0.000098,0.331532,0.000050,0.032242,0.576729,7046,6571,512,475,13.833684,0,3.024633,1
26,16.296249,0.038801,14.600155,0.034762,14.600155,0.034762,0.000000,1.696094,14.600155,0.034762,2.050482,0.000317,0.354388,0.000055,0.033918,0.731964,6886,6466,512,420,15.395238,0,3.399633,2
27,47.350740,0.055838,36.655910,0.043226,36.655910,0.043226,0.000000,10.694831,36.655910,0.043226,11.381223,0.000960,0.686392,0.000058,0.042417,0.886626,12699,11851,512,848,13.975236,0,3.679140,3
28,3.868502,0.048356,3.067059,0.038338,3.067059,0.038338,0.000000,0.801443,3.067059,0.038338,1.735615,0.000111,0.934172,0.000060,0.026661,0.897580,15764,15684,512,80,196.050000,0,3.867491,0
29,12.015900,0.045343,12.014867,0.045339,12.014867,0.045339,0.000000,0.001033,12.014867,0.045339,3.744814,0.000081,3.743781,0.000081,0.031212,0.869916,46699,46434,512,265,175.222642,0,3.894549,1
30,2.223033,0.085501,0.774885,0.029803,0.774885,0.029803,0.000000,1.448148,0.774885,0.029803,1.525651,0.000975,0.077502,0.000050,0.026822,0.573505,1591,1565,512,26,60.192308,0,3.973138,2
31,41.193226,0.055293,30.145686,0.040464,30.145686,0.040464,0.000000,11.047541,30.145686,0.040464,11.412687,0.001834,0.365146,0.000059,0.039974,0.299597,6967,6222,512,745,8.351678,0,3.978737,3
32,2.260035,0.205458,0.691868,0.062897,0.691868,0.062897,0.000000,1.568168,0.691868,0.062897,2.008268,0.000259,0.440100,0.000057,0.022888,0.132193,7761,7750,512,11,704.545455,0,3.999684,0
33,25.631263,0.043889,22.193371,0.038002,22.193371,0.038002,0.000000,3.437892,22.193371,0.038002,4.096060,0.000377,0.658168,0.000061,0.036875,0.248761,11451,10867,512,584,18.607877,0,4.143310,1
34,23.226292,0.037766,22.066238,0.035880,22.066238,0.035880,0.000000,1.160054,22.066238,0.035880,1.257994,0.000632,0.097940,0.000049,0.035721,0.340867,2604,1989,512,615,3.234146,0,4.314005,2
35,23.611543,0.068638,12.939282,0.037614,12.939282,0.037614,0.000000,10.672261,12.939282,0.037614,11.649917,0.000734,0.977656,0.000062,0.034772,0.710268,16222,15878,512,344,46.156977,0,4.689005,3
36,10.908166,0.035302,9.668959,0.031291,9.668959,0.031291,0.000000,1.239208,9.668959,0.031291,1.448766,0.000336,0.209558,0.000049,0.030613,0.738604,4627,4318,512,309,13.974110,0,4.738289,0
37,3.921988,3.921988,0.511671,0.511671,0.511671,0.511671,0.000000,3.410317,0.511671,0.511671,3.921988,0.000422,0.511671,0.000055,0.000000,0.652824,9285,9284,512,1,9284.000000,0,4.796134,1
38,10.208528,0.042893,9.536849,0.040071,9.536849,0.040071,0.000000,0.671680,9.536849,0.040071,2.429663,0.000091,1.757984,0.000066,0.032684,0.561384,26906,26668,512,238,112.050420,0,4.875389,2
39,28.934363,0.064442,17.534375,0.039052,17.534375,0.039052,0.000000,11.399988,17.534375,0.039052,12.496678,0.000729,1.096690,0.000064,0.036610,0.212643,17596,17147,512,449,38.189310,0,4.901648,3
40,2.208062,0.071228,0.967301,0.031203,0.967301,0.031203,0.000000,1.240761,0.967301,0.031203,1.391610,0.000496,0.150849,0.000054,0.026337,0.180756,2836,2805,512,31,90.483871,0,4.919044,0
41,11.399029,0.047496,7.712151,0.032134,7.712151,0.032134,0.000000,3.686878,7.712151,0.032134,3.767864,0.002323,0.080986,0.000050,0.031797,0.203623,1862,1622,512,240,6.758333,0,4.999757,1
42,22.477395,0.040500,20.248087,0.036483,20.248087,0.036483,0.000000,2.229308,20.248087,0.036483,2.478251,0.000599,0.248943,0.000060,0.036034,0.156538,4695,4140,512,555,7.459459,0,5.031927,2
43,33.773131,0.064453,21.583622,0.041190,21.583622,0.041190,0.000000,12.189509,21.583622,0.041190,12.332257,0.004836,0.142748,0.000056,0.040918,0.268791,3074,2550,512,524,4.866412,0,5.170439,3
44,19.650909,0.033477,18.608358,0.031701,18.608358,0.031701,0.000000,1.042551,18.608358,0.031701,1.142526,0.000473,0.099975,0.000041,0.031530,0.323238,3001,2414,512,587,4.112436,0,5.242282,0
45,11.510408,0.050707,8.233617,0.036271,8.233617,0.036271,0.000000,3.276791,8.233617,0.036271,4.143032,0.000285,0.866241,0.000060,0.032455,0.466005,14780,14553,512,227,64.110132,0,5.465762,1
46,10.846946,0.045385,8.980827,0.037577,8.980827,0.037577,0.000000,1.866119,8.980827,0.037577,2.600750,0.000206,0.734630,0.000058,0.034503,0.584442,12846,12607,512,239,52.748954,0,5.616369,2
47,23.528260,0.072618,11.715783,0.036160,11.715783,0.036160,0.000000,11.812477,11.715783,0.036160,11.891327,0.007536,0.078850,0.000050,0.035916,0.492742,1902,1578,512,324,4.870370,0,5.663182,3
48,7.376635,0.036338,6.903687,0.034008,6.903687,0.034008,0.000000,0.472949,6.903687,0.034008,1.060966,0.000105,0.588018,0.000058,0.031112,0.644066,10330,10127,512,203,49.886700,0,5.886349,0
49,8.350436,0.079528,4.867642,0.046358,4.867642,0.046358,0.000000,3.482794,4.867642,0.046358,4.830864,0.000236,1.348070,0.000066,0.033520,0.624780,20593,20488,512,105,195.123810,0,6.090542,1
50,19.902076,0.041376,17.871094,0.037154,17.871094,0.037154,0.000000,2.030982,17.871094,0.037154,2.389808,0.000340,0.358826,0.000051,0.036408,0.535445,7518,7037,512,481,14.629938,0,6.151814,2
51,23.097257,0.071288,11.763375,0.036307,11.763375,0.036307,0.000000,11.333882,11.763375,0.036307,11.411218,0.008093,0.077336,0.000055,0.036068,0.531150,1734,1410,512,324,4.351852,0,6.194331,3
52,12.333744,0.034165,11.756502,0.032566,11.756502,0.032566,0.000000,0.577242,11.756502,0.032566,0.873649,0.000148,0.296407,0.000050,0.031745,0.451390,6264,5903,512,361,16.351801,0,6.337739,0
53,18.086417,0.049962,13.561892,0.037464,13.561892,0.037464,0.000000,4.524525,13.561892,0.037464,6.178714,0.000256,1.654189,0.000069,0.032894,0.266013,24505,24143,512,362,66.693370,0,6.356556,1
54,27.168767,0.046127,25.041447,0.042515,25.041447,0.042515,0.000000,2.127320,25.041447,0.042515,5.192751,0.000134,3.065430,0.000079,0.037311,0.232621,39484,38895,512,589,66.035654,0,6.384434,2
55,26.920291,0.064868,15.725951,0.037894,15.725951,0.037894,0.000000,11.194340,15.725951,0.037894,11.646873,0.001446,0.452533,0.000056,0.036803,0.191027,8470,8055,512,415,19.409639,0,6.385358,3
56,8.033999,0.036685,7.429809,0.033926,7.429809,0.033926,0.000000,0.604190,7.429809,0.033926,1.133419,0.000119,0.529229,0.000056,0.031509,0.240883,9705,9486,512,219,43.315068,0,6.578622,0
57,35.307161,0.060148,29.530286,0.050307,29.530286,0.050307,0.000000,5.776875,29.530286,0.050307,7.481438,0.000302,1.704563,0.000069,0.047403,0.358713,25345,24758,512,587,42.177172,0,6.715269,1
58,20.833858,0.049961,16.178275,0.038797,16.178275,0.038797,0.000000,4.655583,16.178275,0.038797,5.679269,0.000349,1.023686,0.000063,0.036342,0.483502,16690,16273,512,417,39.023981,0,6.867937,2
59,32.613617,0.071054,21.670606,0.047213,21.670606,0.047213,0.000000,10.943011,21.670606,0.047213,12.964350,0.000460,2.021339,0.000072,0.042809,0.672259,28672,28213,512,459,61.466231,0,7.057618,3
60,4.164754,0.042497,3.618363,0.036922,3.618363,0.036922,0.000000,0.546391,3.618363,0.036922,1.205106,0.000104,0.658715,0.000057,0.030200,0.555768,11651,11553,512,98,117.887755,0,7.134390,0
61,7.871137,0.327964,0.957763,0.039907,0.957763,0.039907,0.000000,6.913374,0.957763,0.039907,7.231027,0.001352,0.317653,0.000059,0.026671,0.524252,5372,5348,512,24,222.833333,0,7.239521,1
62,18.358864,0.051715,13.107081,0.036921,13.107081,0.036921,0.000000,5.251784,13.107081,0.036921,5.417823,0.001893,0.166040,0.000058,0.036454,0.390408,3217,2862,512,355,8.061972,0,7.258344,2
63,29.665364,0.070464,16.963310,0.040293,16.963310,0.040293,0.000000,12.702054,16.963310,0.040293,12.801697,0.008853,0.099644,0.000069,0.040056,0.215931,1867,1446,512,421,3.434679,0,7.273549,3
64,18.593966,0.035621,17.698873,0.033906,17.698873,0.033906,0.000000,0.895093,17.698873,0.033906,1.761519,0.000121,0.866426,0.000059,0.032246,0.277138,15115,14593,512,522,27.955939,0,7.411528,0
65,22.207121,0.059219,15.257290,0.040686,15.257290,0.040686,0.000000,6.949831,15.257290,0.040686,7.435249,0.000880,0.485418,0.000057,0.039392,0.251626,8822,8447,512,375,22.525333,0,7.491147,1
66,26.235334,0.049130,21.181362,0.039665,21.181362,0.039665,0.000000,5.053971,21.181362,0.039665,5.957162,0.000414,0.903190,0.000063,0.037974,0.336922,14932,14398,512,534,26.962547,0,7.595266,2
67,14.249210,0.249986,1.977213,0.034688,1.977213,0.034688,0.000000,12.271997,1.977213,0.034688,12.351595,0.008760,0.079597,0.000056,0.033292,0.502738,1467,1410,512,57,24.736842,0,7.776287,3
68,8.291117,0.046579,7.055135,0.039636,7.055135,0.039636,0.000000,1.235982,7.055135,0.039636,2.577068,0.000128,1.341086,0.000066,0.032101,0.490644,20384,20206,512,178,113.516854,0,7.902172,0
69,13.186064,0.067621,6.294284,0.032278,6.294284,0.032278,0.000000,6.891780,6.294284,0.032278,7.082191,0.001916,0.190411,0.000052,0.031302,0.511837,3891,3696,512,195,18.953846,0,8.002984,1
70,19.195110,0.052446,13.784746,0.037663,13.784746,0.037663,0.000000,5.410364,13.784746,0.037663,5.580244,0.001764,0.169879,0.000054,0.037199,0.510116,3529,3163,512,366,8.642077,0,8.105382,2
71,14.371627,0.552755,2.421067,0.093118,2.421067,0.093118,0.000000,11.950560,2.421067,0.093118,13.595227,0.000575,1.644668,0.000070,0.029862,0.374387,23681,23655,512,26,909.807692,0,8.150673,3
72,20.314625,0.037481,18.030057,0.033266,18.030057,0.033266,0.000000,2.284569,18.030057,0.033266,2.656349,0.000413,0.371780,0.000058,0.032580,0.252414,6976,6434,512,542,11.870849,0,8.154586,0
73,29.526574,0.067259,22.695496,0.051698,22.695496,0.051698,0.000000,6.831079,22.695496,0.051698,7.345705,0.000822,0.514627,0.000058,0.050526,0.223349,9380,8941,512,439,20.366743,0,8.226333,1
74,20.305243,0.052468,14.903916,0.038511,14.903916,0.038511,0.000000,5.401327,14.903916,0.038511,5.925128,0.000668,0.523801,0.000059,0.037158,0.151144,9251,8864,512,387,22.904393,0,8.256526,2
75,23.197984,0.097882,9.818286,0.041427,9.818286,0.041427,0.000000,13.379698,9.818286,0.041427,14.200132,0.001121,0.820434,0.000065,0.037966,0.171495,12908,12671,512,237,53.464135,0,8.322168,3
76,23.581217,0.039106,21.362921,0.035428,21.362921,0.035428,0.000000,2.218296,21.362921,0.035428,4.262822,0.000148,2.044526,0.000071,0.032037,0.407591,29329,28726,512,603,47.638474,0,8.562177,0
77,8.905904,2.968635,1.961285,0.653762,1.961285,0.653762,0.000000,6.944619,1.961285,0.653762,8.856084,0.000323,1.911465,0.000070,0.016606,0.369156,27406,27403,512,3,9134.333333,0,8.595489,1
78,18.759015,0.054061,13.212826,0.038077,13.212826,0.038077,0.000000,5.546190,13.212826,0.038077,5.684610,0.002149,0.138421,0.000052,0.037678,0.346472,2992,2645,512,347,7.622478,0,8.602998,2
79,26.993531,0.105857,13.151358,0.051574,13.151358,0.051574,0.000000,13.842173,13.151358,0.051574,16.811385,0.000455,2.969212,0.000080,0.039930,0.322133,37189,36934,512,255,144.839216,0,8.644301,3
80,13.190875,0.045486,9.099377,0.031377,9.099377,0.031377,0.000000,4.091498,9.099377,0.031377,4.212175,0.002176,0.120677,0.000062,0.030961,0.125570,2226,1936,512,290,6.675862,0,8.687747,0
81,31.325567,0.080945,22.742764,0.058767,22.742764,0.058767,0.000000,8.582803,22.742764,0.058767,9.772586,0.000525,1.189783,0.000064,0.055692,0.227816,18991,18604,512,387,48.072351,0,8.823305,1
82,28.256396,0.052521,22.921268,0.042605,22.921268,0.042605,0.000000,5.335128,22.921268,0.042605,8.138197,0.000228,2.803069,0.000079,0.037394,0.322089,36176,35638,512,538,66.241636,0,8.925087,2
83,17.891076,0.372731,1.605641,0.033451,1.605641,0.033451,0.000000,16.285435,1.605641,0.033451,16.392359,0.011182,0.106924,0.000073,0.031223,0.472286,1514,1466,512,48,30.541667,0,9.116588,3
84,24.869753,0.039539,21.248556,0.033781,21.248556,0.033781,0.000000,3.621197,21.248556,0.033781,4.648835,0.000284,1.027638,0.000063,0.032148,0.565288,16993,16364,512,629,26.015898,0,9.253035,0
85,39.128950,0.061913,29.889647,0.047294,29.889647,0.047294,0.000000,9.239303,29.889647,0.047294,9.821698,0.001007,0.582395,0.000060,0.046372,0.494921,10386,9754,512,632,15.433544,0,9.318226,1
86,25.923745,0.056356,18.441122,0.040089,18.441122,0.040089,0.000000,7.482623,18.441122,0.040089,8.338395,0.000620,0.855771,0.000064,0.038229,0.603404,13899,13439,512,460,29.215217,0,9.528491,2
87,32.919383,0.095419,16.988764,0.049243,16.988764,0.049243,0.000000,15.930619,16.988764,0.049243,17.150324,0.000937,1.219705,0.000067,0.045707,0.434739,18656,18311,512,345,53.075362,0,9.551327,3
88,4.811502,4.811502,0.501202,0.501202,0.501202,0.501202,0.000000,4.310300,0.501202,0.501202,4.811502,0.000563,0.501202,0.000059,0.000000,0.301164,8547,8546,512,1,8546.000000,0,9.554198,0
89,38.389461,0.064412,28.847638,0.048402,28.847638,0.048402,0.000000,9.541823,28.847638,0.048402,10.189520,0.000905,0.647698,0.000057,0.047315,0.247768,11861,11265,512,596,18.901007,0,9.565994,1
90,22.848404,0.063117,14.743186,0.040727,14.743186,0.040727,0.000000,8.105218,14.743186,0.040727,8.387252,0.001660,0.282034,0.000056,0.039948,0.197682,5415,5053,512,362,13.958564,0,9.726172,2
91,43.864927,0.094536,27.006391,0.058203,27.006391,0.058203,0.000000,16.858536,27.006391,0.058203,20.459927,0.000473,3.601391,0.000083,0.050442,0.252304,43698,43234,512,464,93.176724,0,9.803631,3
92,6.214166,0.182770,1.706419,0.050189,1.706419,0.050189,0.000000,4.507747,1.706419,0.050189,5.158519,0.000468,0.650772,0.000059,0.031048,0.271416,11046,11012,512,34,323.882353,0,9.825614,0
93,35.484199,0.072122,25.674549,0.052184,25.674549,0.052184,0.000000,9.809650,25.674549,0.052184,10.661945,0.000755,0.852295,0.000060,0.050452,0.346525,14620,14128,512,492,28.715447,0,9.912519,1
94,37.199459,0.067759,29.048571,0.052912,29.048571,0.052912,0.000000,8.150889,29.048571,0.052912,12.632636,0.000251,4.481747,0.000089,0.044748,0.207002,50963,50414,512,549,91.828780,0,9.933175,2
95,43.914801,0.099806,23.790664,0.054070,23.790664,0.054070,0.000000,20.124137,23.790664,0.054070,21.275007,0.001210,1.150870,0.000065,0.051454,0.278517,18023,17583,512,440,39.961364,0,10.082147,3
96,24.388939,0.043320,19.594071,0.034803,19.594071,0.034803,0.000000,4.794868,19.594071,0.034803,6.235671,0.000289,1.440803,0.000067,0.032244,0.330392,22169,21606,512,563,38.376554,0,10.156006,0
97,35.655650,0.079589,25.332546,0.056546,25.332546,0.056546,0.000000,10.323104,25.332546,0.056546,12.509714,0.000420,2.186610,0.000073,0.051665,0.303448,30225,29777,512,448,66.466518,0,10.215967,1
98,14.556229,0.415892,2.314145,0.066118,2.314145,0.066118,0.000000,12.242083,2.314145,0.066118,13.485406,0.000751,1.243322,0.000069,0.030595,0.327647,18000,17965,512,35,513.285714,0,10.260822,2
99,60.643948,0.088791,39.710595,0.058141,39.710595,0.058141,0.000000,20.933352,39.710595,0.058141,30.211404,0.000365,9.278052,0.000112,0.044557,0.303051,83471,82788,512,683,121.212299,0,10.385199,3
100,26.184592,0.045302,20.274723,0.035077,20.274723,0.035077,0.000000,5.909869,20.274723,0.035077,7.718881,0.000291,1.809012,0.000068,0.031948,0.285333,27135,26557,512,578,45.946367,0,10.441339,0
101,50.913110,0.087781,38.688001,0.066703,38.688001,0.066703,0.000000,12.225109,38.688001,0.066703,29.087414,0.000240,16.862305,0.000139,0.037631,0.236839,121725,121145,512,580,208.870690,0,10.452806,1
102,36.946521,0.071880,23.708511,0.046126,23.708511,0.046126,0.000000,13.238010,23.708511,0.046126,13.336268,0.007272,0.098257,0.000054,0.045934,0.207680,2348,1834,512,514,3.568093,0,10.468502,2
103,42.825056,0.161604,13.157998,0.049653,13.157998,0.049653,0.000000,29.667058,13.157998,0.049653,29.779379,0.020854,0.112321,0.000079,0.049229,0.458303,1693,1428,512,265,5.388679,0,10.843502,3
104,26.802692,0.043724,19.829248,0.032348,19.829248,0.032348,0.000000,6.973444,19.829248,0.032348,7.173040,0.002112,0.199596,0.000059,0.032022,0.701200,4010,3397,512,613,5.541599,0,11.142539,0
105,50.942337,0.085906,22.809823,0.038465,22.809823,0.038465,0.000000,28.132514,22.809823,0.038465,28.750196,0.003149,0.617683,0.000068,0.037424,0.840108,9724,9131,512,593,15.397976,0,11.292914,1
106,13.560405,0.437432,1.116830,0.036027,1.116830,0.036027,0.000000,12.443574,1.116830,0.036027,12.588706,0.005617,0.145132,0.000065,0.031345,0.863046,2272,2241,512,31,72.290323,0,11.331547,2
107,53.247132,0.104817,24.357077,0.047947,24.357077,0.047947,0.000000,28.890055,24.357077,0.047947,29.048059,0.009880,0.158003,0.000054,0.047636,0.863046,3448,2940,512,508,5.787402,0,11.706547,3
108,19.126136,0.051277,12.733070,0.034137,12.733070,0.034137,0.000000,6.393066,12.733070,0.034137,7.097891,0.000590,0.704825,0.000059,0.032247,0.752567,12412,12039,512,373,32.276139,0,11.895106,0
109,47.407042,0.093875,19.449686,0.038514,19.449686,0.038514,0.000000,27.957356,19.449686,0.038514,28.043173,0.017538,0.085817,0.000054,0.038344,0.759932,2104,1599,512,505,3.166337,0,12.052846,1
110,39.739083,0.063992,27.976039,0.045050,27.976039,0.045050,0.000000,11.763045,27.976039,0.045050,11.938518,0.004111,0.175473,0.000060,0.044767,0.795883,3525,2904,512,621,4.676329,0,12.127430,2
111,54.247167,0.102547,25.687196,0.048558,25.687196,0.048558,0.000000,28.559971,25.687196,0.048558,29.312427,0.002343,0.752457,0.000060,0.047136,0.460606,13041,12512,512,529,23.652174,0,12.167154,3
112,8.080181,0.475305,1.300815,0.076519,1.300815,0.076519,0.000000,6.779366,1.300815,0.076519,7.631326,0.000543,0.851959,0.000061,0.026403,0.284718,14075,14058,512,17,826.941176,0,12.179823,0
113,40.268663,0.112482,12.670372,0.035392,12.670372,0.035392,0.000000,27.598291,12.670372,0.035392,28.473586,0.002005,0.875295,0.000062,0.032947,0.418097,14559,14201,512,358,39.667598,0,12.470943,1
114,20.027584,0.110042,8.539017,0.046918,8.539017,0.046918,0.000000,11.488567,8.539017,0.046918,12.661490,0.000746,1.172923,0.000069,0.040473,0.419562,17158,16976,512,182,93.274725,0,12.546992,2
115,53.116228,0.114722,24.246781,0.052369,24.246781,0.052369,0.000000,28.869447,24.246781,0.052369,30.460883,0.001306,1.591435,0.000068,0.048932,0.408101,23783,23320,512,463,50.367171,0,12.575255,3
116,17.615787,0.057568,10.461018,0.034186,10.461018,0.034186,0.000000,7.154769,10.461018,0.034186,7.670701,0.000852,0.515932,0.000057,0.032500,0.441084,9305,8999,512,306,29.408497,0,12.620907,0
117,33.707653,0.210673,5.529042,0.034557,5.529042,0.034557,0.000000,28.178612,5.529042,0.034557,28.788379,0.002956,0.609767,0.000063,0.030745,0.258170,9899,9739,512,160,60.868750,0,12.729113,1
118,21.463528,0.094138,9.049283,0.039690,9.049283,0.039690,0.000000,12.414245,9.049283,0.039690,12.660454,0.003128,0.246209,0.000061,0.038610,0.206436,4275,4047,512,228,17.750000,0,12.753428,2
119,41.980545,0.188254,11.983517,0.053738,11.983517,0.053738,0.000000,29.997028,11.983517,0.053738,30.118413,0.017531,0.121384,0.000071,0.053193,0.420951,1941,1718,512,223,7.704036,0,12.996205,3
120,15.325694,0.066059,8.239516,0.035515,8.239516,0.035515,0.000000,7.086179,8.239516,0.035515,7.597749,0.000841,0.511571,0.000057,0.033310,0.552919,9264,9032,512,232,38.931034,0,13.173826,0
121,49.866631,0.086876,21.715544,0.037832,21.715544,0.037832,0.000000,28.151087,21.715544,0.037832,28.237922,0.020041,0.086835,0.000062,0.037681,0.603595,1983,1409,512,574,2.454704,0,13.332707,1
122,41.713725,0.067717,29.734325,0.048270,29.734325,0.048270,0.000000,11.979400,29.734325,0.048270,13.809273,0.000578,1.829873,0.000077,0.045299,0.650004,24507,23891,512,616,38.784091,0,13.403432,2
123,39.904672,5.700667,10.343672,1.477667,10.343672,1.477667,0.000000,29.561001,10.343672,1.477667,39.736932,0.000453,10.175931,0.000116,0.023963,0.530602,87691,87684,512,7,12526.285714,0,13.526808,3
124,23.478249,0.047527,16.374701,0.033147,16.374701,0.033147,0.000000,7.103548,16.374701,0.033147,7.409628,0.001305,0.306079,0.000054,0.032528,0.462645,6170,5676,512,494,11.489879,0,13.636471,0
125,30.762517,0.345646,2.986583,0.033557,2.986583,0.033557,0.000000,27.775935,2.986583,0.033557,28.144827,0.004287,0.368893,0.000056,0.029412,0.434937,6654,6565,512,89,73.764045,0,13.767644,1
126,29.475111,0.087204,16.088094,0.047598,16.088094,0.047598,0.000000,13.387017,16.088094,0.047598,14.462288,0.000906,1.075270,0.000067,0.044417,0.375240,16304,15966,512,338,47.236686,0,13.778672,2
127,63.094773,0.157737,23.767656,0.059419,23.767656,0.059419,0.000000,39.327116,23.767656,0.059419,46.447509,0.000662,7.120393,0.000101,0.041618,0.319055,70557,70157,512,400,175.392500,0,13.845862,3
128,26.639232,0.047066,19.473980,0.034406,19.473980,0.034406,0.000000,7.165252,19.473980,0.034406,8.027446,0.000586,0.862194,0.000063,0.032883,0.214705,14261,13695,512,566,24.196113,0,13.851176,0
129,45.998450,0.100874,18.053098,0.039590,18.053098,0.039590,0.000000,27.945352,18.053098,0.039590,28.059575,0.011657,0.114223,0.000047,0.039340,0.168682,2863,2407,512,456,5.278509,0,13.936326,1
130,34.495926,0.087111,20.280439,0.051213,20.280439,0.051213,0.000000,14.215487,20.280439,0.051213,14.281783,0.010065,0.066296,0.000047,0.051046,0.207688,1815,1419,512,396,3.583333,0,13.986359,2
131,64.310973,0.146494,18.100598,0.041231,18.100598,0.041231,0.000000,46.210375,18.100598,0.041231,46.339100,0.032911,0.128725,0.000091,0.040938,0.160009,1847,1408,512,439,3.207289,0,14.005872,3
132,16.865896,0.078083,9.042586,0.041864,9.042586,0.041864,0.000000,7.823310,9.042586,0.041864,9.810739,0.000355,1.987429,0.000072,0.032663,0.168340,27880,27664,512,216,128.074074,0,14.019515,0
133,29.015678,1.036274,1.178629,0.042094,1.178629,0.042094,0.000000,27.837049,1.178629,0.042094,28.244839,0.004131,0.407790,0.000060,0.027530,0.193923,6866,6838,512,28,244.214286,0,14.130249,1
134,41.677902,0.069003,27.590572,0.045680,27.590572,0.045680,0.000000,14.087330,27.590572,0.045680,14.259634,0.005341,0.172304,0.000065,0.045394,0.167270,3274,2670,512,604,4.420530,0,14.153629,2
135,64.984671,0.143454,19.143448,0.042259,19.143448,0.042259,0.000000,45.841224,19.143448,0.042259,46.529757,0.003958,0.688533,0.000059,0.040739,0.471742,12209,11756,512,453,25.951435,0,14.477613,3
136,27.545847,0.051584,18.348069,0.034360,18.348069,0.034360,0.000000,9.197778,18.348069,0.034360,10.229266,0.000642,1.031488,0.000065,0.032428,0.566852,16464,15930,512,534,29.831461,0,14.586367,0
137,31.336603,0.282312,3.632929,0.032729,3.632929,0.032729,0.000000,27.703673,3.632929,0.032729,27.900218,0.007890,0.196545,0.000056,0.030958,0.509365,3647,3536,512,111,31.855856,0,14.639614,1
138,23.146376,0.133794,9.522574,0.055044,9.522574,0.055044,0.000000,13.623803,9.522574,0.055044,17.368855,0.000344,3.745053,0.000074,0.033396,0.597714,50633,50460,13312,173,291.676301,0,14.751344,2
139,62.615939,0.161798,16.397577,0.042371,16.397577,0.042371,0.000000,46.218362,16.397577,0.042371,46.305036,0.032472,0.086674,0.000061,0.042147,0.276614,1813,1426,512,387,3.684755,0,14.754227,3
140,14.666450,0.132130,5.017625,0.045204,5.017625,0.045204,0.000000,9.648824,5.017625,0.045204,11.163233,0.000512,1.514408,0.000069,0.031561,0.542860,21902,21791,512,111,196.315315,0,15.129227,0
141,42.898677,0.114702,15.599341,0.041709,15.599341,0.041709,0.000000,27.299336,15.599341,0.041709,27.800589,0.003331,0.501253,0.000060,0.040369,0.571908,8719,8345,512,374,22.312834,0,15.211523,1
142,17.141442,1.714144,0.487467,0.048747,0.487467,0.048747,0.000000,16.653975,0.487467,0.048747,16.854890,0.006673,0.200915,0.000080,0.028655,0.651009,2536,2526,512,10,252.600000,0,15.402353,2
143,67.535315,0.125999,21.915479,0.040887,21.915479,0.040887,0.000000,45.619835,21.915479,0.040887,45.697513,0.031364,0.077678,0.000053,0.040742,0.658920,1993,1457,512,536,2.718284,0,15.413147,3
144,25.110506,0.057593,14.356769,0.032928,14.356769,0.032928,0.000000,10.753737,14.356769,0.032928,10.958572,0.003133,0.204834,0.000059,0.032459,0.367271,3934,3498,512,436,8.022936,0,15.496498,0
145,46.359941,0.096382,18.961464,0.039421,18.961464,0.039421,0.000000,27.398477,18.961464,0.039421,27.484199,0.017231,0.085721,0.000054,0.039243,0.369317,2076,1595,512,481,3.316008,0,15.580840,1
146,37.443239,0.086275,21.142780,0.048716,21.142780,0.048716,0.000000,16.300459,21.142780,0.048716,17.194838,0.001250,0.894378,0.000065,0.046655,0.525716,14188,13754,512,434,31.691244,0,15.928068,2
147,72.088160,0.125371,27.037596,0.047022,27.037596,0.047022,0.000000,45.050564,27.037596,0.047022,48.499988,0.001167,3.449425,0.000083,0.041023,0.620921,42140,41565,512,575,72.286957,0,16.034068,3
148,23.574673,0.065123,13.262416,0.036637,13.262416,0.036637,0.000000,10.312257,13.262416,0.036637,12.077111,0.000481,1.764854,0.000070,0.031761,0.617755,25495,25133,512,362,69.428177,0,16.114253,0
149,64.636905,0.071343,37.751779,0.041669,37.751779,0.041669,0.000000,26.885126,37.751779,0.041669,26.964220,0.019124,0.079094,0.000056,0.041581,0.572235,2316,1410,512,906,1.556291,0,16.153075,1
150,19.336561,0.257821,2.454123,0.032722,2.454123,0.032722,0.000000,16.882437,2.454123,0.032722,16.973219,0.010628,0.090781,0.000057,0.031511,0.275360,1672,1597,512,75,21.293333,0,16.203428,2
151,66.614620,0.150712,18.432951,0.041704,18.432951,0.041704,0.000000,48.181669,18.432951,0.041704,48.552258,0.007874,0.370589,0.000060,0.040865,0.261282,6608,6166,512,442,13.950226,0,16.295349,3
152,12.564050,0.837603,0.784710,0.052314,0.784710,0.052314,0.000000,11.779341,0.784710,0.052314,12.162736,0.001885,0.383395,0.000059,0.026754,0.253331,6466,6451,512,15,430.066667,0,16.367584,0
153,43.753718,0.105941,17.033256,0.041243,17.033256,0.041243,0.000000,26.720463,17.033256,0.041243,27.028887,0.004816,0.308424,0.000055,0.040496,0.217240,6025,5612,512,413,13.588378,0,16.370315,1
154,17.627844,1.036932,1.067511,0.062795,1.067511,0.062795,0.000000,16.560333,1.067511,0.062795,17.160271,0.001728,0.599938,0.000060,0.027504,0.385684,9950,9933,512,17,584.294118,0,16.589113,2
155,55.080117,0.296130,7.135562,0.038363,7.135562,0.038363,0.000000,47.944555,7.135562,0.038363,48.081453,0.017815,0.136898,0.000051,0.037627,0.576877,2885,2699,512,186,14.510753,0,16.872226,3
156,23.516727,0.067967,11.908322,0.034417,11.908322,0.034417,0.000000,11.608405,11.908322,0.034417,12.306552,0.001097,0.698147,0.000062,0.032399,0.523532,11562,11216,512,346,32.416185,0,16.891116,0
157,40.963188,0.120835,14.586122,0.043027,14.586122,0.043027,0.000000,26.377066,14.586122,0.043027,27.021129,0.002737,0.644063,0.000065,0.041127,0.621740,10210,9871,512,339,29.117994,0,16.992055,1
158,29.017140,0.122435,12.307808,0.051932,12.307808,0.051932,0.000000,16.709332,12.307808,0.051932,16.795401,0.011287,0.086069,0.000058,0.051569,0.417310,1725,1488,512,237,6.278481,0,17.006422,2
159,52.695661,0.483446,4.915266,0.045094,4.915266,0.045094,0.000000,47.780396,4.915266,0.045094,49.077504,0.002552,1.297109,0.000067,0.033194,0.273630,19341,19232,512,109,176.440367,0,17.145856,3
160,21.728849,0.071950,9.752924,0.032294,9.752924,0.032294,0.000000,11.975925,9.752924,0.032294,12.117351,0.004793,0.141426,0.000056,0.031826,0.296018,2830,2528,512,302,8.370861,0,17.187134,0
161,36.043222,0.141902,9.387635,0.036959,9.387635,0.036959,0.000000,26.655587,9.387635,0.036959,27.094799,0.003835,0.439212,0.000062,0.035230,0.329718,7320,7066,512,254,27.818898,0,17.321773,1
162,16.985990,0.808857,0.694756,0.033084,0.694756,0.033084,0.000000,16.291234,0.694756,0.033084,16.372892,0.011458,0.081658,0.000057,0.029195,0.477634,1450,1429,512,21,68.047619,0,17.484056,2
163,49.874660,1.424990,1.358715,0.038820,1.358715,0.038820,0.000000,48.515945,1.358715,0.038820,48.867297,0.007889,0.351352,0.000057,0.028782,0.521176,6229,6194,512,35,176.971429,0,17.667032,3
164,36.303738,0.050422,24.708121,0.034317,24.708121,0.034317,0.000000,11.595617,24.708121,0.034317,11.729475,0.004859,0.133858,0.000055,0.034131,0.494149,3134,2414,512,720,3.352778,0,17.681282,0
165,54.874794,0.076004,28.482853,0.039450,28.482853,0.039450,0.000000,26.391941,28.482853,0.039450,26.511447,0.013990,0.119506,0.000063,0.039284,0.669144,2617,1895,512,722,2.624654,0,17.990917,1
166,37.152868,0.082746,21.345890,0.047541,21.345890,0.047541,0.000000,15.806977,21.345890,0.047541,15.890900,0.011310,0.083923,0.000060,0.047354,0.539567,1854,1405,512,449,3.129176,0,18.023622,2
167,63.933451,0.189714,15.458193,0.045870,15.458193,0.045870,0.000000,48.475258,15.458193,0.045870,49.207609,0.004137,0.732351,0.000062,0.043697,0.361356,12232,11895,512,337,35.296736,0,18.028389,3
168,23.042832,0.064186,11.789089,0.032839,11.789089,0.032839,0.000000,11.253743,11.789089,0.032839,11.428641,0.003539,0.174898,0.000054,0.032352,0.448275,3588,3229,512,359,8.994429,0,18.129557,0
169,27.237552,9.079184,0.951929,0.317310,0.951929,0.317310,0.000000,26.285623,0.951929,0.317310,27.181232,0.002034,0.895610,0.000067,0.018773,0.196578,13364,13361,512,3,4453.666667,0,18.187495,1
170,24.922840,0.154800,9.446271,0.058672,9.446271,0.058672,0.000000,15.476570,9.446271,0.058672,16.881278,0.000828,1.404708,0.000069,0.049948,0.385213,20551,20390,512,161,126.645963,0,18.408835,2
171,54.681254,0.411137,6.095395,0.045830,6.095395,0.045830,0.000000,48.585859,6.095395,0.045830,48.675763,0.034595,0.089904,0.000064,0.045154,0.586893,1540,1407,512,133,10.578947,0,18.615281,3
172,31.665637,0.055071,20.801069,0.036176,20.801069,0.036176,0.000000,10.864567,20.801069,0.036176,12.165768,0.000646,1.301201,0.000069,0.033913,0.533407,19393,18818,512,575,32.726957,0,18.662964,0
173,46.185056,0.098897,19.892361,0.042596,19.892361,0.042596,0.000000,26.292695,19.892361,0.042596,27.881989,0.001259,1.589294,0.000072,0.039193,0.850469,22620,22153,512,467,47.436831,0,19.037964,1
174,18.227129,0.379732,2.059152,0.042899,2.059152,0.042899,0.000000,16.167977,2.059152,0.042899,16.614943,0.002182,0.446966,0.000059,0.033587,0.672102,7663,7615,512,48,158.645833,0,19.080937,2
175,69.871697,0.136202,21.780061,0.042456,21.780061,0.042456,0.000000,48.091636,21.780061,0.042456,48.202542,0.023617,0.110905,0.000054,0.042240,0.556121,2554,2041,512,513,3.978558,0,19.171403,3
176,20.143134,0.081551,8.562638,0.034667,8.562638,0.034667,0.000000,11.580496,8.562638,0.034667,12.286375,0.001073,0.705879,0.000062,0.031809,0.545397,11697,11450,512,247,46.356275,0,19.208361,0
177,46.480783,0.100390,19.155184,0.041372,19.155184,0.041372,0.000000,27.325600,19.155184,0.041372,28.100450,0.002254,0.774850,0.000062,0.039698,0.514091,12929,12466,512,463,26.924406,0,19.552055,1
178,36.580903,0.085670,20.491463,0.047989,20.491463,0.047989,0.000000,16.089440,20.491463,0.047989,16.173834,0.010848,0.084394,0.000057,0.047792,0.493600,1918,1491,512,427,3.491803,0,19.574537,2
179,62.437249,0.195728,14.672028,0.045994,14.672028,0.045994,0.000000,47.765222,14.672028,0.045994,48.243188,0.006062,0.477966,0.000060,0.044495,0.408878,8277,7958,512,319,24.946708,0,19.580281,3
180,27.924807,0.058056,16.115929,0.033505,16.115929,0.033505,0.000000,11.808877,16.115929,0.033505,11.894580,0.007504,0.085703,0.000054,0.033327,0.443307,2066,1585,512,481,3.295218,0,19.651669,0
181,43.523612,0.119570,15.932777,0.043771,15.932777,0.043771,0.000000,27.590836,15.932777,0.043771,28.566099,0.001927,0.975264,0.000066,0.041092,0.474613,15191,14827,512,364,40.733516,0,20.026669,1
182,42.469697,0.105909,27.052384,0.067462,27.052384,0.067462,0.000000,15.417314,27.052384,0.067462,28.576260,0.000276,13.158946,0.000127,0.034647,0.729961,103782,103381,512,401,257.807980,0,20.304499,2
183,74.760979,0.140793,27.447888,0.051691,27.447888,0.051691,0.000000,47.313091,27.447888,0.051691,55.599571,0.000731,8.286480,0.000109,0.036086,0.896810,76544,76013,512,531,143.150659,0,20.477091,3
184,21.491124,0.071637,10.725010,0.035750,10.725010,0.035750,0.000000,10.766114,10.725010,0.035750,11.810572,0.000750,1.044458,0.000066,0.032269,1.102236,16045,15745,512,300,52.483333,0,20.753905,0
185,48.122171,0.094543,20.600037,0.040472,20.600037,0.040472,0.000000,27.522134,20.600037,0.040472,28.155948,0.002649,0.633814,0.000060,0.039226,1.007125,11137,10628,512,509,20.880157,0,21.033793,1
186,40.405896,0.114464,12.750539,0.036121,12.750539,0.036121,0.000000,27.655357,12.750539,0.036121,28.027128,0.005193,0.371771,0.000069,0.035067,0.820744,5750,5397,512,353,15.288952,0,21.125243,2
187,63.009892,0.280044,8.188372,0.036393,8.188372,0.036393,0.000000,54.821520,8.188372,0.036393,55.154351,0.010838,0.332831,0.000065,0.034914,0.695613,5314,5089,512,225,22.617778,0,21.172704,3
188,21.984207,0.065821,10.814508,0.032379,10.814508,0.032379,0.000000,11.169699,10.814508,0.032379,11.261900,0.008016,0.092201,0.000066,0.032103,0.603608,1739,1405,512,334,4.206587,0,21.357512,0
189,29.352129,5.870426,1.688992,0.337798,1.688992,0.337798,0.000000,27.663137,1.688992,0.337798,29.234319,0.001391,1.571182,0.000075,0.023562,0.459182,21026,21021,512,5,4204.200000,0,21.492976,1
190,40.698987,0.114323,13.127420,0.036875,13.127420,0.036875,0.000000,27.571566,13.127420,0.036875,28.154378,0.002699,0.582811,0.000056,0.035238,0.426215,10789,10433,512,356,29.306180,0,21.551458,2
191,58.751756,0.489598,4.018275,0.033486,4.018275,0.033486,0.000000,54.733481,4.018275,0.033486,54.817386,0.032475,0.083905,0.000050,0.032786,0.391158,1808,1688,512,120,14.066667,0,21.563862,3
192,21.344713,0.069754,10.488653,0.034277,10.488653,0.034277,0.000000,10.856060,10.488653,0.034277,11.471419,0.001173,0.615359,0.000063,0.032266,0.378041,10089,9783,512,306,31.970588,0,21.735554,0
193,54.115455,0.124978,25.206004,0.058212,25.206004,0.058212,0.000000,28.909451,25.206004,0.058212,36.809803,0.000508,7.900353,0.000109,0.039967,0.280632,72883,72450,512,433,167.321016,0,21.773608,1
194,31.931538,0.249465,4.344518,0.033942,4.344518,0.033942,0.000000,27.587020,4.344518,0.033942,27.664186,0.014929,0.077165,0.000042,0.033339,0.567358,1981,1853,512,128,14.476562,0,22.118816,2
195,72.833565,0.143373,18.633087,0.036679,18.633087,0.036679,0.000000,54.200478,18.633087,0.036679,54.336299,0.020779,0.135820,0.000052,0.036412,0.589418,3123,2615,512,508,5.147638,0,22.153280,3
196,37.117902,0.051197,26.115204,0.036021,26.115204,0.036021,0.000000,11.002698,26.115204,0.036021,12.147886,0.000712,1.145188,0.000067,0.034441,0.434098,17791,17066,512,725,23.539310,0,22.169651,0
197,75.935952,0.084000,39.824327,0.044053,39.824327,0.044053,0.000000,36.111626,39.824327,0.044053,37.343146,0.002129,1.231520,0.000070,0.042691,0.618359,18443,17539,512,904,19.401549,0,22.391967,1
198,48.915330,0.084629,21.571484,0.037321,21.571484,0.037321,0.000000,27.343845,21.571484,0.037321,27.447569,0.012844,0.103724,0.000049,0.037141,0.293950,2715,2137,512,578,3.697232,0,22.412766,2
199,67.717719,0.190218,13.693643,0.038465,13.693643,0.038465,0.000000,54.024076,13.693643,0.038465,54.132006,0.026445,0.107930,0.000053,0.038162,0.284181,2403,2047,512,356,5.750000,0,22.437461,3
200,12.783997,0.672842,1.057988,0.055684,1.057988,0.055684,0.000000,11.726009,1.057988,0.055684,12.280623,0.001370,0.554613,0.000062,0.026493,0.382153,8981,8962,512,19,471.684211,0,22.551804,0
201,56.935332,0.132101,20.052018,0.046524,20.052018,0.046524,0.000000,36.883314,20.052018,0.046524,38.093459,0.002189,1.210145,0.000070,0.043717,0.419330,17837,17406,512,431,40.385151,0,22.811297,1
202,28.756129,1.198172,1.761003,0.073375,1.761003,0.073375,0.000000,26.995126,1.761003,0.073375,28.102888,0.001641,1.107762,0.000065,0.027218,0.425869,17147,17123,512,24,713.458333,0,22.838634,2
203,71.606169,0.159835,17.949126,0.040065,17.949126,0.040065,0.000000,53.657043,17.949126,0.040065,55.061718,0.002687,1.404675,0.000069,0.036930,0.447615,20938,20490,512,448,45.736607,0,22.885076,3
204,31.889407,0.055077,20.163606,0.034825,20.163606,0.034825,0.000000,11.725801,20.163606,0.034825,11.868961,0.005682,0.143160,0.000069,0.034578,0.521072,2668,2089,512,579,3.607945,0,23.072876,0
205,69.379039,0.097306,31.963131,0.044829,31.963131,0.044829,0.000000,37.415908,31.963131,0.044829,38.049245,0.003781,0.633337,0.000063,0.043941,0.636579,10775,10062,512,713,14.112202,0,23.447876,1
206,49.494836,0.087601,22.126439,0.039162,22.126439,0.039162,0.000000,27.368398,22.126439,0.039162,27.780852,0.003952,0.412454,0.000059,0.038432,0.696071,7594,7029,512,565,12.440708,0,23.534705,2
207,72.768460,0.151601,18.417252,0.038369,18.417252,0.038369,0.000000,54.351208,18.417252,0.038369,55.239014,0.003932,0.887806,0.000063,0.036520,0.669050,14530,14050,512,480,29.270833,0,23.554125,3
208,20.587001,0.071983,9.229350,0.032270,9.229350,0.032270,0.000000,11.357651,9.229350,0.032270,11.413271,0.008095,0.055620,0.000039,0.032076,0.483004,1696,1410,512,286,4.930070,0,23.555880,0
209,56.596140,0.137037,18.720866,0.045329,18.720866,0.045329,0.000000,37.875274,18.720866,0.045329,38.247548,0.005616,0.372274,0.000055,0.044428,0.140619,7224,6811,512,413,16.491525,0,23.588494,1
210,32.517740,0.268742,4.840131,0.040001,4.840131,0.040001,0.000000,27.677609,4.840131,0.040001,28.208928,0.003039,0.531319,0.000057,0.035610,0.071460,9403,9282,512,121,76.710744,0,23.606164,2
211,69.763504,0.220771,14.754538,0.046692,14.754538,0.046692,0.000000,55.008966,14.754538,0.046692,58.134538,0.001504,3.125572,0.000081,0.036801,0.193557,38977,38661,512,316,122.344937,0,23.747682,3
212,28.084939,0.059002,16.907024,0.035519,16.907024,0.035519,0.000000,11.177915,16.907024,0.035519,11.518704,0.002054,0.340788,0.000061,0.034803,0.208042,6083,5607,512,476,11.779412,0,23.763922,0
213,58.814237,0.127580,20.861407,0.045253,20.861407,0.045253,0.000000,37.952830,20.861407,0.045253,38.383092,0.005114,0.430262,0.000057,0.044319,0.263664,7967,7506,512,461,16.281996,0,23.852158,1
214,51.236434,0.096309,23.454192,0.044087,23.454192,0.044087,0.000000,27.782242,23.454192,0.044087,30.870727,0.000804,3.088485,0.000080,0.038281,0.394122,38923,38391,512,532,72.163534,0,24.000287,2
215,75.112170,0.161880,17.393793,0.037487,17.393793,0.037487,0.000000,57.718377,17.393793,0.037487,58.917686,0.003256,1.199309,0.000066,0.034902,0.361375,18559,18095,512,464,38.997845,0,24.109057,3
216,32.556658,0.056522,21.441760,0.037225,21.441760,0.037225,0.000000,11.114898,21.441760,0.037225,12.355216,0.000675,1.240318,0.000068,0.035072,0.372993,18867,18291,512,576,31.755208,0,24.136915,0
217,62.763097,0.125276,24.900242,0.049701,24.900242,0.049701,0.000000,37.862855,24.900242,0.049701,38.806760,0.002611,0.943905,0.000064,0.047817,0.488541,15362,14861,512,501,29.662675,0,24.340699,1
218,62.539227,0.074897,32.220144,0.038587,32.220144,0.038587,0.000000,30.319084,32.220144,0.038587,30.866014,0.003373,0.546930,0.000060,0.037932,0.497500,9986,9151,512,835,10.959281,0,24.497786,2
219,74.283169,0.164343,15.961450,0.035313,15.961450,0.035313,0.000000,58.321719,15.961450,0.035313,58.413135,0.040763,0.091415,0.000064,0.035111,0.556626,1885,1433,512,452,3.170354,0,24.665683,3
220,34.108246,0.053545,22.339408,0.035070,22.339408,0.035070,0.000000,11.768838,22.339408,0.035070,11.862499,0.008031,0.093660,0.000063,0.034923,0.546328,2114,1477,512,637,2.318681,0,24.683243,0
221,54.541414,0.173147,16.130570,0.051208,16.130570,0.051208,0.000000,38.410845,16.130570,0.051208,39.331870,0.002711,0.921025,0.000063,0.048284,0.359057,14823,14508,512,315,46.057143,0,24.699756,1
222,48.001656,0.108601,17.697886,0.040040,17.697886,0.040040,0.000000,30.303770,17.697886,0.040040,30.700210,0.004348,0.396439,0.000056,0.039144,0.530099,7503,7061,512,442,15.975113,0,25.027885,2
223,85.223830,0.137458,27.262616,0.043972,27.262616,0.043972,0.000000,57.961214,27.262616,0.043972,62.610034,0.001211,4.648819,0.000090,0.036474,0.425552,52318,51698,512,620,83.383871,0,25.091235,3
224,31.004418,0.058944,19.621860,0.037304,19.621860,0.037304,0.000000,11.382558,19.621860,0.037304,12.563925,0.000718,1.181367,0.000068,0.035058,0.452746,18020,17494,512,526,33.258555,0,25.135989,0
225,41.478136,1.659125,2.703024,0.108121,2.703024,0.108121,0.000000,38.775112,2.703024,0.108121,40.734074,0.001516,1.958962,0.000073,0.029762,0.520054,26893,26868,512,25,1074.720000,0,25.219810,1
226,37.523972,0.344257,7.182241,0.065892,7.182241,0.065892,0.000000,30.341731,7.182241,0.065892,34.223975,0.000750,3.882245,0.000085,0.030275,0.327834,45756,45647,512,109,418.779817,0,25.355719,2
227,82.351618,0.151104,20.445447,0.037515,20.445447,0.037515,0.000000,61.906171,20.445447,0.037515,62.280693,0.010544,0.374522,0.000063,0.036827,0.639484,6452,5907,512,545,10.838532,0,25.730719,3
228,28.796382,0.059992,16.908833,0.035227,16.908833,0.035227,0.000000,11.887549,16.908833,0.035227,11.980487,0.006393,0.092939,0.000050,0.035033,0.636917,2354,1874,512,480,3.904167,0,25.772906,0
229,60.327340,0.164380,20.516022,0.055902,20.516022,0.055902,0.000000,39.811318,20.516022,0.055902,41.370845,0.001832,1.559527,0.000069,0.051653,0.876560,22954,22587,512,367,61.544959,0,26.096371,1
230,33.904421,8.476105,0.483939,0.120985,0.483939,0.120985,0.000000,33.420482,0.483939,0.120985,33.825624,0.005145,0.405142,0.000062,0.019699,0.743798,6578,6574,512,4,1643.500000,0,26.099517,2
231,82.659182,0.145783,20.879037,0.036824,20.879037,0.036824,0.000000,61.780145,20.879037,0.036824,61.894520,0.028748,0.114376,0.000053,0.036622,0.470064,2720,2153,512,567,3.797178,0,26.200783,3
232,17.786016,0.103407,6.386100,0.037128,6.386100,0.037128,0.000000,11.399916,6.386100,0.037128,12.276549,0.000900,0.876633,0.000064,0.032032,0.553509,13806,13634,512,172,79.267442,0,26.326415,0
233,67.185300,0.122825,26.100367,0.047715,26.100367,0.047715,0.000000,41.084932,26.100367,0.047715,41.346485,0.009055,0.261552,0.000057,0.047237,0.244036,5113,4566,512,547,8.347349,0,26.340407,1
234,34.379381,1.227835,0.844773,0.030170,0.844773,0.030170,0.000000,33.534608,0.844773,0.030170,33.618765,0.023709,0.084157,0.000059,0.027165,0.259792,1446,1418,512,28,50.642857,0,26.359309,2
235,71.554226,0.238514,9.914686,0.033049,9.914686,0.033049,0.000000,61.639540,9.914686,0.033049,61.894035,0.014663,0.254495,0.000060,0.032201,0.226426,4521,4221,512,300,14.070000,0,26.427209,3
236,36.479062,0.056557,24.714678,0.038317,24.714678,0.038317,0.000000,11.764384,24.714678,0.038317,13.552730,0.000553,1.788346,0.000073,0.035545,0.475794,25155,24510,512,645,38.000000,0,26.802209,0
237,66.051006,0.126777,25.308930,0.048578,25.308930,0.048578,0.000000,40.742076,25.308930,0.048578,41.019045,0.008127,0.276969,0.000055,0.048046,0.575108,5568,5047,512,521,9.687140,0,26.915515,1
238,33.485249,1.969721,0.787564,0.046327,0.787564,0.046327,0.000000,32.697685,0.787564,0.046327,33.037132,0.005108,0.339447,0.000052,0.026360,0.894132,6485,6468,512,17,380.470588,0,27.253441,2
239,71.651713,0.252295,10.818079,0.038092,10.818079,0.038092,0.000000,60.833635,10.818079,0.038092,62.697803,0.002441,1.864168,0.000073,0.031528,1.030167,25970,25686,512,284,90.443662,0,27.457377,3
240,31.306873,0.061386,18.532406,0.036338,18.532406,0.036338,0.000000,12.774468,18.532406,0.036338,13.291965,0.001578,0.517497,0.000061,0.035323,0.733911,8933,8423,512,510,16.515686,0,27.536120,0
241,75.017504,0.134924,34.840724,0.062663,34.840724,0.062663,0.000000,40.176781,34.840724,0.062663,50.905810,0.000563,10.729030,0.000119,0.043366,0.812608,90935,90379,512,556,162.552158,0,27.728123,1
242,38.715911,0.234642,6.186637,0.037495,6.186637,0.037495,0.000000,32.529274,6.186637,0.037495,32.926743,0.004834,0.397469,0.000058,0.035086,0.476931,6976,6811,512,165,41.278788,0,27.730372,2
243,69.080020,0.352449,6.715675,0.034264,6.715675,0.034264,0.000000,62.364345,6.715675,0.034264,62.830679,0.008582,0.466334,0.000064,0.031884,0.287442,7517,7321,512,196,37.352041,0,27.744819,3
244,14.092503,0.542019,1.263087,0.048580,1.263087,0.048580,0.000000,12.829417,1.263087,0.048580,13.302857,0.001727,0.473441,0.000061,0.030371,0.429774,7728,7702,512,26,296.230769,0,27.965894,0
245,66.820483,0.184587,16.443114,0.045423,16.443114,0.045423,0.000000,50.377369,16.443114,0.045423,51.860888,0.002465,1.483519,0.000071,0.041325,0.436978,21403,21041,512,362,58.124309,0,28.165100,1
246,49.888970,0.116836,17.460876,0.040892,17.460876,0.040892,0.000000,32.428094,17.460876,0.040892,32.540490,0.017272,0.112396,0.000060,0.040629,0.467828,2311,1884,512,427,4.412178,0,28.198200,2
247,78.857050,0.187309,16.607518,0.039448,16.607518,0.039448,0.000000,62.249532,16.607518,0.039448,62.907893,0.005934,0.658361,0.000062,0.037884,0.547964,11022,10601,512,421,25.180523,0,28.292783,3
248,29.415408,0.068728,16.588321,0.038758,16.588321,0.038758,0.000000,12.827087,16.588321,0.038758,14.062370,0.000756,1.235282,0.000066,0.035872,0.443319,19021,18593,512,428,43.441589,0,28.409213,0
249,77.105421,0.169091,25.782617,0.056541,25.782617,0.056541,0.000000,51.322804,25.782617,0.056541,59.474956,0.000786,8.152152,0.000108,0.038663,0.496985,76130,75674,512,456,165.951754,0,28.662086,1
250,34.543161,0.442861,2.609976,0.033461,2.609976,0.033461,0.000000,31.933186,2.609976,0.033461,32.013272,0.022801,0.080086,0.000057,0.032434,0.579397,1482,1404,512,78,18.000000,0,28.777597,2
251,79.806568,0.179341,17.484961,0.039292,17.484961,0.039292,0.000000,62.321607,17.484961,0.039292,63.083904,0.005294,0.762297,0.000064,0.037579,0.551314,12361,11916,512,445,26.777528,0,28.844097,3
252,25.913735,0.079005,12.383456,0.037754,12.383456,0.037754,0.000000,13.530279,12.383456,0.037754,14.044079,0.001697,0.513800,0.000062,0.036188,0.493471,8604,8276,512,328,25.231707,0,28.902684,0
253,76.247677,0.186425,17.165030,0.041968,17.165030,0.041968,0.000000,59.082647,17.165030,0.041968,60.103160,0.003927,1.020512,0.000067,0.039473,0.309964,15715,15306,512,409,37.422983,0,28.972049,1
254,38.697849,0.211464,7.037521,0.038456,7.037521,0.038456,0.000000,31.660328,7.037521,0.038456,31.741744,0.020518,0.081415,0.000053,0.038012,0.326372,1730,1547,512,183,8.453552,0,29.103969,2
255,80.660690,0.181260,18.125233,0.040731,18.125233,0.040731,0.000000,62.535457,18.125233,0.040731,63.921627,0.003160,1.386170,0.000069,0.037616,0.512509,20673,20228,512,445,45.456180,0,29.356606,3
256,17.395072,0.156712,3.913296,0.035255,3.913296,0.035255,0.000000,13.481776,3.913296,0.035255,13.594718,0.007466,0.112942,0.000062,0.034237,0.529541,1932,1821,512,111,16.405405,0,29.432225,0
257,80.704852,0.147003,21.135210,0.038498,21.135210,0.038498,0.000000,59.569641,21.135210,0.038498,59.744055,0.019705,0.174413,0.000058,0.038180,0.495776,3581,3032,512,549,5.522769,0,29.467825,1
258,50.382905,0.113220,19.066658,0.042846,19.066658,0.042846,0.000000,31.316247,19.066658,0.042846,32.444741,0.001884,1.128494,0.000066,0.040310,0.397614,17663,17218,512,445,38.692135,0,29.501582,2
259,79.950108,0.185499,16.386584,0.038020,16.386584,0.038020,0.000000,63.563524,16.386584,0.038020,63.715088,0.028081,0.151564,0.000067,0.037668,0.316286,2700,2269,512,431,5.264501,0,29.672892,3
260,14.289091,0.893068,1.174444,0.073403,1.174444,0.073403,0.000000,13.114648,1.174444,0.073403,13.858818,0.001169,0.744170,0.000063,0.026892,0.452657,11869,11853,512,16,740.812500,0,29.884881,0
261,60.129355,2.147477,0.844774,0.030171,0.844774,0.030171,0.000000,59.284580,0.844774,0.030171,59.366617,0.041866,0.082037,0.000058,0.027241,0.430961,1446,1418,512,28,50.642857,0,29.898787,1
262,44.648058,0.143103,12.648780,0.040541,12.648780,0.040541,0.000000,31.999278,12.648780,0.040541,32.147811,0.013401,0.148533,0.000062,0.040065,0.405814,2711,2399,512,312,7.689103,0,29.907396,2
263,97.996616,0.111233,34.657245,0.039339,34.657245,0.039339,0.000000,63.339371,34.657245,0.039339,64.590309,0.003514,1.250939,0.000068,0.037919,0.347313,19262,18381,512,881,20.863791,0,30.020205,3
264,24.703734,0.083178,11.037039,0.037162,11.037039,0.037162,0.000000,13.666695,11.037039,0.037162,13.791193,0.003088,0.124498,0.000028,0.036743,0.155077,4763,4466,2560,297,15.037037,0,30.039959,0
265,84.030547,0.128487,25.049888,0.038303,25.049888,0.038303,0.000000,58.980659,25.049888,0.038303,59.088822,0.024478,0.108163,0.000045,0.038137,0.358803,3068,2414,512,654,3.691131,0,30.257590,1
266,44.617820,0.166484,12.894812,0.048115,12.894812,0.048115,0.000000,31.723008,12.894812,0.048115,33.689225,0.001212,1.966217,0.000071,0.040778,0.396637,28074,27806,512,268,103.753731,0,30.304034,2
267,85.402572,0.153879,21.155665,0.038118,21.155665,0.038118,0.000000,64.246907,21.155665,0.038118,64.861663,0.006536,0.614756,0.000062,0.037011,0.303245,10479,9924,512,555,17.881081,0,30.323451,3
268,68.053106,0.041395,54.892636,0.033390,54.892636,0.033390,0.000000,13.160469,54.892636,0.033390,13.985900,0.001080,0.825430,0.000064,0.032888,0.600734,14592,12948,512,1644,7.875912,0,30.640692,0
269,79.538939,0.148949,20.883636,0.039108,20.883636,0.039108,0.000000,58.655304,20.883636,0.039108,58.990577,0.010256,0.335273,0.000058,0.038480,0.405722,6286,5752,512,534,10.771536,0,30.663312,1
270,68.514088,0.106388,35.271192,0.054769,35.271192,0.054769,0.000000,33.242896,35.271192,0.054769,38.286598,0.000690,5.043701,0.000091,0.046937,0.401164,56165,55521,512,644,86.212733,0,30.705198,2
271,65.743878,5.057221,1.318804,0.101446,1.318804,0.101446,0.000000,64.425074,1.318804,0.101446,65.409748,0.004170,0.984674,0.000063,0.025702,0.402594,15699,15686,512,13,1206.615385,0,30.726045,3
272,25.907750,0.106616,12.057304,0.049619,12.057304,0.049619,0.000000,13.850446,12.057304,0.049619,17.158280,0.000430,3.307833,0.000083,0.036006,0.100693,40174,39931,512,243,164.325103,0,30.741385,0
273,64.647444,0.378055,5.767833,0.033730,5.767833,0.033730,0.000000,58.879611,5.767833,0.033730,58.964477,0.041671,0.084866,0.000060,0.033234,0.080745,1586,1415,512,171,8.274854,0,30.744057,1
274,53.911492,0.129907,15.736901,0.037920,15.736901,0.037920,0.000000,38.174592,15.736901,0.037920,38.398707,0.011639,0.224116,0.000068,0.037380,0.045983,3714,3299,512,415,7.949398,0,30.751181,2
275,86.222727,0.162378,20.899275,0.039358,20.899275,0.039358,0.000000,65.323451,20.899275,0.039358,65.917186,0.006803,0.593735,0.000061,0.038240,0.049128,10220,9689,512,531,18.246704,0,30.775173,3
276,41.919416,0.066328,24.856697,0.039330,24.856697,0.039330,0.000000,17.062719,24.856697,0.039330,20.008373,0.000547,2.945655,0.000081,0.034669,0.040645,37197,36565,512,632,57.856013,0,30.782030,0
277,88.563549,0.114276,29.776541,0.038421,29.776541,0.038421,0.000000,58.787008,29.776541,0.038421,59.691127,0.004147,0.904119,0.000063,0.037255,0.149772,15170,14395,512,775,18.574194,0,30.893829,1
278,55.366085,0.123310,17.280692,0.038487,17.280692,0.038487,0.000000,38.085393,17.280692,0.038487,38.603559,0.004160,0.518166,0.000056,0.037333,0.285357,9728,9279,512,449,20.665924,0,31.036538,2
279,79.768012,0.229879,14.207636,0.040944,14.207636,0.040944,0.000000,65.560376,14.207636,0.040944,66.023741,0.008005,0.463365,0.000056,0.039609,0.323898,8595,8248,512,347,23.769452,0,31.099071,3
280,31.095965,0.102289,11.505348,0.037847,11.505348,0.037847,0.000000,19.590617,11.505348,0.037847,20.524233,0.001440,0.933616,0.000065,0.034775,0.364880,14558,14254,512,304,46.888158,0,31.146910,0
281,62.572151,0.665661,3.259903,0.034680,3.259903,0.034680,0.000000,59.312248,3.259903,0.034680,59.404341,0.042161,0.092094,0.000065,0.033700,0.340861,1503,1409,512,94,14.989362,0,31.234690,1
282,42.765289,1.781887,4.651964,0.193832,4.651964,0.193832,0.000000,38.113325,4.651964,0.193832,42.118370,0.000907,4.005045,0.000086,0.026955,0.458088,46460,46436,512,24,1934.833333,0,31.494625,2
283,82.438535,0.189514,17.080517,0.039266,17.080517,0.039266,0.000000,65.358017,17.080517,0.039266,65.850788,0.008101,0.492770,0.000061,0.038133,0.633641,8564,8129,512,435,18.687356,0,31.732712,3
284,34.226825,0.085997,14.331077,0.036008,14.331077,0.036008,0.000000,19.895748,14.331077,0.036008,20.110593,0.005504,0.214845,0.000059,0.035468,0.591358,4052,3654,512,398,9.180905,0,31.738268,0
285,129.826574,0.064913,70.978218,0.035489,70.978218,0.035489,0.000000,58.848356,70.978218,0.035489,60.653635,0.002461,1.805278,0.000073,0.034586,0.528613,26644,24644,512,2000,12.322000,0,31.763303,1
286,60.560138,0.135785,18.804218,0.042162,18.804218,0.042162,0.000000,41.755919,18.804218,0.042162,42.064351,0.008069,0.308431,0.000059,0.041470,0.302448,5659,5213,512,446,11.688341,0,31.797073,2
287,77.401925,0.313368,11.683214,0.047300,11.683214,0.047300,0.000000,65.718711,11.683214,0.047300,67.011371,0.003419,1.292660,0.000066,0.042067,0.100220,19844,19597,512,247,79.340081,0,31.832932,3
288,34.702522,0.083020,14.823359,0.035463,14.823359,0.035463,0.000000,19.879163,14.823359,0.035463,19.967247,0.014151,0.088084,0.000062,0.035252,0.200519,1829,1411,512,418,3.375598,0,31.938787,0
289,61.377431,3.068872,1.011868,0.050593,1.011868,0.050593,0.000000,60.365563,1.011868,0.050593,60.794388,0.008545,0.428825,0.000060,0.029152,0.242772,7135,7115,512,20,355.750000,0,32.006075,1
290,74.860970,0.120549,33.041503,0.053207,33.041503,0.053207,0.000000,41.819467,33.041503,0.053207,46.260411,0.000907,4.440944,0.000087,0.046056,0.215315,51598,50977,512,621,82.088567,0,32.012388,2
291,93.702772,0.139231,26.969637,0.040074,26.969637,0.040074,0.000000,66.733135,26.969637,0.040074,66.933723,0.018924,0.200588,0.000057,0.039776,0.237930,4210,3537,512,673,5.255572,0,32.070862,3
292,29.186234,0.106132,9.472750,0.034446,9.472750,0.034446,0.000000,19.713485,9.472750,0.034446,19.799124,0.013884,0.085640,0.000060,0.034135,0.224802,1701,1426,512,275,5.185455,0,32.163589,0
293,77.254755,0.200662,16.663292,0.043281,16.663292,0.043281,0.000000,60.591463,16.663292,0.043281,61.575189,0.004120,0.983726,0.000066,0.040726,0.170917,15331,14946,512,385,38.820779,0,32.176992,1
294,74.715640,0.125573,28.906324,0.048582,28.906324,0.048582,0.000000,45.809316,28.906324,0.048582,46.961577,0.002653,1.152261,0.000065,0.046645,0.388667,18295,17700,512,595,29.747899,0,32.401056,2
295,86.893590,0.242720,20.325088,0.056774,20.325088,0.056774,0.000000,66.568503,20.325088,0.056774,73.491389,0.001085,6.922886,0.000102,0.037436,0.336864,68090,67732,512,358,189.195531,0,32.407726,3
296,19.342876,6.447625,0.140230,0.046743,0.140230,0.046743,0.000000,19.202646,0.140230,0.046743,19.287554,0.012301,0.084908,0.000054,0.018441,0.567657,1571,1568,512,3,522.666667,0,32.731246,0
297,73.216656,0.272181,12.247422,0.045529,12.247422,0.045529,0.000000,60.969234,12.247422,0.045529,61.677006,0.005718,0.707772,0.000066,0.042898,0.567301,11056,10787,512,269,40.100372,0,32.744293,1
298,72.247343,0.141661,25.899206,0.050783,25.899206,0.050783,0.000000,46.348137,25.899206,0.050783,47.216782,0.003339,0.868646,0.000061,0.049080,0.575134,14652,14142,512,510,27.729412,0,32.976190,2
299,105.210457,0.126607,32.654548,0.039295,32.654548,0.039295,0.000000,72.555910,32.654548,0.039295,73.167285,0.007978,0.611376,0.000067,0.038560,0.859649,10002,9171,512,831,11.036101,0,33.267374,3
300,30.892842,0.100957,12.544782,0.040996,12.544782,0.040996,0.000000,18.348059,12.544782,0.040996,20.199957,0.000808,1.851897,0.000074,0.034944,0.911129,25313,25007,512,306,81.722222,0,33.642374,0
301,82.567412,0.192017,22.027168,0.051226,22.027168,0.051226,0.000000,60.540244,22.027168,0.051226,67.885448,0.000973,7.345204,0.000105,0.034144,1.100534,70224,69794,512,430,162.311628,0,33.844827,1
302,74.921711,0.121429,28.798648,0.046675,28.798648,0.046675,0.000000,46.123063,28.798648,0.046675,46.344658,0.011914,0.221595,0.000057,0.046316,1.057606,4507,3890,512,617,6.304700,0,34.033796,2
303,76.975192,0.549823,4.736048,0.033829,4.736048,0.033829,0.000000,72.239144,4.736048,0.033829,72.325390,0.048508,0.086246,0.000058,0.033213,0.894993,1631,1491,512,140,10.650000,0,34.162368,3
304,38.689482,0.071515,19.244758,0.035573,19.244758,0.035573,0.000000,19.444724,19.244758,0.035573,19.789109,0.003766,0.344385,0.000066,0.034936,0.708690,5796,5255,512,541,9.713494,0,34.351065,0
305,67.797222,13.559444,0.514774,0.102955,0.514774,0.102955,0.000000,67.282448,0.514774,0.102955,67.681622,0.010871,0.399174,0.000064,0.023120,0.524302,6231,6226,512,5,1245.200000,0,34.369128,1
306,76.805149,0.121144,30.920066,0.048770,30.920066,0.048770,0.000000,45.885083,30.920066,0.048770,48.008335,0.001636,2.123252,0.000072,0.045421,0.431334,29977,29343,512,634,46.282334,0,34.465131,2
307,87.622973,0.229380,15.717468,0.041145,15.717468,0.041145,0.000000,71.905505,15.717468,0.041145,72.734181,0.005884,0.828677,0.000067,0.038976,0.393013,12744,12362,512,382,32.361257,0,34.555381,3
308,21.222684,0.606362,1.913449,0.054670,1.913449,0.054670,0.000000,19.309235,1.913449,0.054670,20.017423,0.001842,0.708188,0.000065,0.034436,0.447931,10904,10869,512,35,310.542857,0,34.798996,0
309,81.833015,0.213107,14.690334,0.038256,14.690334,0.038256,0.000000,67.142681,14.690334,0.038256,68.682185,0.003135,1.539503,0.000070,0.034247,0.507541,22294,21910,512,384,57.057292,0,34.876669,1
310,72.781758,0.141324,25.293405,0.049113,25.293405,0.049113,0.000000,47.488353,25.293405,0.049113,47.752742,0.010717,0.264389,0.000059,0.048600,0.472323,4971,4456,512,515,8.652427,0,34.937454,2
311,73.925269,1.945402,1.736550,0.045699,1.736550,0.045699,0.000000,72.188718,1.736550,0.045699,72.778090,0.008047,0.589372,0.000065,0.030189,0.509628,9082,9044,512,38,238.000000,0,35.065009,3
312,34.710122,0.093811,15.034036,0.040633,15.034036,0.040633,0.000000,19.676085,15.034036,0.040633,21.771216,0.000799,2.095131,0.000077,0.034970,0.304747,27610,27240,512,370,73.621622,0,35.103743,0
313,82.632803,0.213521,14.238943,0.036793,14.238943,0.036793,0.000000,68.393860,14.238943,0.036793,69.210945,0.005283,0.817085,0.000062,0.034682,0.245894,13487,13100,512,387,33.850129,0,35.122563,1
314,50.480889,0.542805,3.023404,0.032510,3.023404,0.032510,0.000000,47.457485,3.023404,0.032510,47.590700,0.021901,0.133215,0.000061,0.031077,0.266340,2266,2173,512,93,23.365591,0,35.203794,2
315,101.703618,0.133821,29.167442,0.038378,29.167442,0.038378,0.000000,72.536176,29.167442,0.038378,72.782610,0.018096,0.246434,0.000061,0.038054,0.206208,4782,4022,512,760,5.292105,0,35.271217,3
316,27.300506,0.220165,5.775876,0.046580,5.775876,0.046580,0.000000,21.524630,5.775876,0.046580,22.953811,0.001109,1.429181,0.000069,0.035054,0.200562,20823,20699,512,124,166.927419,0,35.304305,0
317,70.945767,2.217055,2.009605,0.062800,2.009605,0.062800,0.000000,68.936161,2.009605,0.062800,69.969627,0.004517,1.033466,0.000067,0.030504,0.239004,15524,15492,512,32,484.125000,0,35.361567,1
318,73.729476,0.139904,26.380692,0.050058,26.380692,0.050058,0.000000,47.348785,26.380692,0.050058,48.235314,0.003395,0.886529,0.000062,0.048376,0.214813,14734,14207,512,527,26.958254,0,35.418607,2
319,90.401285,0.197815,17.847410,0.039053,17.847410,0.039053,0.000000,72.553875,17.847410,0.039053,73.097066,0.008529,0.543191,0.000063,0.037865,0.196984,9027,8570,512,457,18.752735,0,35.468201,3
320,45.421179,0.070530,22.732464,0.035299,22.732464,0.035299,0.000000,22.688715,22.732464,0.035299,23.263642,0.002365,0.574927,0.000058,0.034406,0.223542,10481,9837,512,644,15.274845,0,35.527847,0
321,71.100048,1.734148,1.478876,0.036070,1.478876,0.036070,0.000000,69.621171,1.478876,0.036070,69.742059,0.035029,0.120888,0.000061,0.033122,0.310974,2032,1991,512,41,48.560976,0,35.672540,1
322,50.773656,0.890766,2.873181,0.050407,2.873181,0.050407,0.000000,47.900475,2.873181,0.050407,48.866160,0.003296,0.965685,0.000065,0.033465,0.297961,14883,14826,512,57,260.105263,0,35.716568,2
323,74.591836,1.243197,2.150039,0.035834,2.150039,0.035834,0.000000,72.441797,2.150039,0.035834,72.534389,0.046141,0.092592,0.000059,0.034291,0.620011,1632,1572,512,60,26.200000,0,36.088212,3
324,41.402573,0.078266,19.042470,0.035997,19.042470,0.035997,0.000000,22.360103,19.042470,0.035997,22.955329,0.002285,0.595226,0.000059,0.034872,0.870501,10576,10047,512,529,18.992439,0,36.398348,0
325,92.606826,0.177748,23.701005,0.045491,23.701005,0.045491,0.000000,68.905821,23.701005,0.045491,71.585775,0.002075,2.679954,0.000078,0.040348,0.807767,35023,34502,512,521,66.222649,0,36.480308,1
326,53.487838,0.481872,5.472625,0.049303,5.472625,0.049303,0.000000,48.015213,5.472625,0.049303,48.336422,0.008403,0.321209,0.000056,0.046409,0.813494,5863,5752,512,111,51.819820,0,36.530062,2
327,94.169685,0.170289,22.201976,0.040148,22.201976,0.040148,0.000000,71.967710,22.201976,0.040148,73.776734,0.003012,1.809024,0.000074,0.036877,0.537682,25048,24495,512,553,44.294756,0,36.625894,3
328,35.839606,0.097922,13.380998,0.036560,13.380998,0.036560,0.000000,22.458608,13.380998,0.036560,22.890586,0.003094,0.431978,0.000058,0.035380,0.463492,7764,7398,512,366,20.213115,0,36.861840,0
329,75.973890,0.617674,4.952970,0.040268,4.952970,0.040268,0.000000,71.020920,4.952970,0.040268,71.703488,0.006452,0.682568,0.000061,0.034719,0.513687,11237,11114,512,123,90.357724,0,36.993995,1
330,72.318707,0.266859,24.680629,0.091072,24.680629,0.091072,0.000000,47.638078,24.680629,0.091072,63.544710,0.000547,15.906632,0.000137,0.032376,0.667888,116418,116147,512,271,428.586716,0,37.197950,2
331,97.808714,0.159298,24.743094,0.040298,24.743094,0.040298,0.000000,73.065620,24.743094,0.040298,74.832244,0.002953,1.766624,0.000070,0.037421,0.667161,25955,25341,512,614,41.271987,0,37.293054,3
332,37.531467,0.105425,15.228593,0.042777,15.228593,0.042777,0.000000,22.302873,15.228593,0.042777,25.671316,0.000625,3.368442,0.000082,0.033315,0.556486,41404,41048,512,356,115.303371,0,37.418325,0
333,87.126888,0.221134,15.924315,0.040417,15.924315,0.040417,0.000000,71.202572,15.924315,0.040417,72.078416,0.005067,0.875843,0.000062,0.038194,0.466817,14618,14224,512,394,36.101523,0,37.460812,1
334,95.521370,0.144292,32.517530,0.049120,32.517530,0.049120,0.000000,63.003839,32.517530,0.049120,64.483881,0.003121,1.480042,0.000072,0.046884,0.428815,21325,20663,512,662,31.212991,0,37.626765,2
335,78.306066,0.752943,3.880052,0.037308,3.880052,0.037308,0.000000,74.426014,3.880052,0.037308,74.841549,0.010982,0.415535,0.000061,0.033313,0.361980,6919,6815,512,104,65.528846,0,37.655035,3
336,26.929005,1.170826,1.698345,0.073841,1.698345,0.073841,0.000000,25.230660,1.698345,0.073841,26.264320,0.001654,1.033660,0.000065,0.028899,0.385057,15903,15880,512,23,690.434783,0,37.803382,0
337,76.423628,0.597060,4.970427,0.038831,4.970427,0.038831,0.000000,71.453201,4.970427,0.038831,71.822897,0.010900,0.369696,0.000056,0.035943,0.588978,6717,6589,512,128,51.476562,0,38.049790,1
338,70.587410,0.352937,6.586306,0.032932,6.586306,0.032932,0.000000,64.001104,6.586306,0.032932,64.097360,0.045395,0.096256,0.000068,0.032450,0.440735,1612,1412,512,200,7.060000,0,38.067500,2
339,89.193627,0.232275,14.914858,0.038841,14.914858,0.038841,0.000000,74.278769,14.914858,0.038841,74.362344,0.043034,0.083574,0.000048,0.038623,0.531579,2112,1728,512,384,4.500000,0,38.186613,3
340,40.475512,0.108805,14.644065,0.039366,14.644065,0.039366,0.000000,25.831447,14.644065,0.039366,27.951776,0.000959,2.120329,0.000073,0.033666,0.395722,29515,29143,512,372,78.341398,0,38.199104,0
341,88.404618,0.217210,16.923099,0.041580,16.923099,0.041580,0.000000,71.481519,16.923099,0.041580,71.620101,0.029842,0.138582,0.000058,0.041240,0.311013,2807,2400,512,407,5.896806,0,38.360803,1
342,66.753406,0.741705,2.987824,0.033198,2.987824,0.033198,0.000000,63.765582,2.987824,0.033198,63.874158,0.032823,0.108577,0.000056,0.031992,0.304337,2036,1946,512,90,21.622222,0,38.371837,2
343,74.474980,4.654686,0.668024,0.041752,0.668024,0.041752,0.000000,73.806956,0.668024,0.041752,74.050976,0.017141,0.244021,0.000056,0.026500,0.528716,4336,4320,512,16,270.000000,0,38.715329,3
344,39.291018,0.112582,11.920860,0.034157,11.920860,0.034157,0.000000,27.370158,11.920860,0.034157,27.468149,0.019536,0.097991,0.000070,0.033876,0.534702,1755,1406,512,349,4.028653,0,38.733805,0
345,99.971636,0.161766,29.127555,0.047132,29.127555,0.047132,0.000000,70.844081,29.127555,0.047132,73.609403,0.002065,2.765321,0.000078,0.042657,0.748003,36256,35638,512,618,57.666667,0,39.108805,1
346,76.682728,0.234504,13.775015,0.042125,13.775015,0.042125,0.000000,62.907713,13.775015,0.042125,64.217815,0.003307,1.310103,0.000067,0.038119,0.938702,19746,19419,512,327,59.385321,0,39.310539,2
347,85.944222,0.283644,12.630064,0.041683,12.630064,0.041683,0.000000,73.314158,12.630064,0.041683,73.741620,0.009910,0.427462,0.000057,0.040273,0.707788,7744,7441,512,303,24.557756,0,39.423116,3
348,38.631822,0.109129,12.069618,0.034095,12.069618,0.034095,0.000000,26.562204,12.069618,0.034095,26.639085,0.018920,0.076881,0.000055,0.033878,0.880077,1762,1408,512,354,3.977401,0,39.613882,0
349,84.432086,0.280505,11.578060,0.038465,11.578060,0.038465,0.000000,72.854026,11.578060,0.038465,72.960372,0.051855,0.106346,0.000076,0.038112,0.703240,1708,1407,512,301,4.674419,0,39.812046,1
350,89.094030,0.176774,25.783527,0.051158,25.783527,0.051158,0.000000,63.310503,25.783527,0.051158,63.990256,0.005950,0.679752,0.000063,0.049809,0.866416,11258,10754,512,504,21.337302,0,40.176955,2
351,88.447501,0.220567,15.527411,0.038722,15.527411,0.038722,0.000000,72.920090,15.527411,0.038722,73.003278,0.043248,0.083188,0.000049,0.038514,0.790364,2089,1688,512,401,4.209476,0,40.213480,3
352,38.485075,0.104296,12.582956,0.034100,12.582956,0.034100,0.000000,25.902119,12.582956,0.034100,26.007061,0.013517,0.104943,0.000055,0.033816,0.711071,2293,1924,512,369,5.214092,0,40.324953,0
353,94.639527,0.185568,22.231982,0.043592,22.231982,0.043592,0.000000,72.407545,22.231982,0.043592,73.783373,0.003696,1.375828,0.000069,0.040894,0.525392,20475,19965,512,510,39.147059,0,40.337437,1
354,69.725298,0.405380,6.050915,0.035180,6.050915,0.035180,0.000000,63.674384,6.050915,0.035180,64.341484,0.006093,0.667100,0.000063,0.031301,0.280176,10732,10560,512,172,61.395349,0,40.457130,2
355,82.976911,0.368786,10.267219,0.045632,10.267219,0.045632,0.000000,72.709692,10.267219,0.045632,73.259142,0.007827,0.549450,0.000059,0.043190,0.267136,9585,9360,512,225,41.600000,0,40.480616,3
356,30.954375,0.281403,5.233955,0.047581,5.233955,0.047581,0.000000,25.720420,5.233955,0.047581,27.490921,0.001092,1.770501,0.000070,0.031486,0.259700,25285,25175,512,110,228.863636,0,40.584653,0
357,92.867053,0.199714,19.478961,0.041890,19.478961,0.041890,0.000000,73.388092,19.478961,0.041890,73.813607,0.010335,0.425516,0.000060,0.040975,0.353421,7607,7142,512,465,15.359140,0,40.690858,1
358,82.739688,0.238443,18.746098,0.054023,18.746098,0.054023,0.000000,63.993590,18.746098,0.054023,64.883667,0.004894,0.890077,0.000067,0.051458,0.312144,13604,13257,512,347,38.204611,0,40.769274,2
359,91.413514,0.253926,18.567972,0.051578,18.567972,0.051578,0.000000,72.845542,18.567972,0.051578,79.807572,0.001182,6.962030,0.000103,0.032239,0.381092,67885,67525,512,360,187.569444,0,40.861708,3
360,34.532324,0.156255,7.543432,0.034133,7.543432,0.034133,0.000000,26.988892,7.543432,0.034133,27.283210,0.005651,0.294319,0.000061,0.032801,0.457505,5049,4828,512,221,21.846154,0,41.042158,0
361,74.013800,9.251725,0.783248,0.097906,0.783248,0.097906,0.000000,73.230552,0.783248,0.097906,73.815233,0.007949,0.584681,0.000063,0.024821,0.552008,9294,9286,512,8,1160.750000,0,41.242866,1
362,65.603651,1.682145,1.316054,0.033745,1.316054,0.033745,0.000000,64.287597,1.316054,0.033745,64.381412,0.042356,0.093815,0.000062,0.031339,0.558289,1559,1520,512,39,38.974359,0,41.327563,2
363,88.780551,0.332511,9.628536,0.036062,9.628536,0.036062,0.000000,79.152015,9.628536,0.036062,80.106581,0.005471,0.954566,0.000065,0.032487,0.580265,14910,14643,512,267,54.842697,0,41.441972,3
364,41.077577,0.107252,14.558768,0.038012,14.558768,0.038012,0.000000,26.518808,14.558768,0.038012,28.254382,0.001157,1.735574,0.000071,0.033481,0.734450,24806,24423,512,383,63.767624,0,41.776607,0
365,87.415325,0.291384,14.184144,0.047280,14.184144,0.047280,0.000000,73.231181,14.184144,0.047280,73.854757,0.007317,0.623576,0.000062,0.045202,0.549682,10394,10094,512,300,33.646667,0,41.792549,1
366,74.992922,0.311174,11.120455,0.046143,11.120455,0.046143,0.000000,63.872467,11.120455,0.046143,64.870638,0.004357,0.998171,0.000067,0.042001,0.480554,15129,14888,512,241,61.775934,0,41.808117,2
367,121.897614,0.060949,42.205366,0.021103,42.205366,0.021103,0.000000,79.692248,42.205366,0.021103,80.833587,0.004730,1.141339,0.000067,0.020532,0.377619,19089,17089,512,2000,8.544500,0,41.819592,3
368,36.160161,0.157218,8.126962,0.035335,8.126962,0.035335,0.000000,28.033198,8.126962,0.035335,28.358691,0.005146,0.325493,0.000059,0.033919,0.177052,5741,5511,512,230,23.960870,0,41.953660,0
369,75.571000,25.190333,1.979829,0.659943,1.979829,0.659943,0.000000,73.591171,1.979829,0.659943,75.518764,0.002832,1.927593,0.000072,0.017412,0.228902,26673,26670,512,3,8890.000000,0,42.021451,1
370,81.301431,0.258922,16.869067,0.053723,16.869067,0.053723,0.000000,64.432364,16.869067,0.053723,64.526608,0.035260,0.094244,0.000051,0.053423,0.399414,2144,1830,512,314,5.828025,0,42.207531,2
371,98.592071,0.211118,18.324512,0.039239,18.324512,0.039239,0.000000,80.267560,18.324512,0.039239,80.980557,0.006966,0.712998,0.000061,0.037712,0.526990,12092,11625,512,467,24.892934,0,42.346582,3
372,37.483631,0.138828,9.598711,0.035551,9.598711,0.035551,0.000000,27.884920,9.598711,0.035551,28.478678,0.002820,0.593758,0.000059,0.033352,0.443662,10368,10098,512,270,37.400000,0,42.397322,0
373,96.176473,0.211377,21.364382,0.046955,21.364382,0.046955,0.000000,74.812091,21.364382,0.046955,75.345526,0.008511,0.533435,0.000060,0.045782,0.661669,9308,8853,512,455,19.457143,0,42.683120,1
374,84.024096,0.259334,20.180946,0.062287,20.180946,0.062287,0.000000,63.843150,20.180946,0.062287,64.629278,0.005307,0.786128,0.000065,0.059861,0.655304,12503,12179,512,324,37.589506,0,42.862835,2
375,84.591171,0.676729,4.201066,0.033609,4.201066,0.033609,0.000000,80.390105,4.201066,0.033609,80.477181,0.053226,0.087075,0.000058,0.032912,0.555684,1637,1512,512,125,12.096000,0,42.902265,3
376,42.158870,0.104096,14.274986,0.035247,14.274986,0.035247,0.000000,27.883884,14.274986,0.035247,28.254073,0.004490,0.370189,0.000059,0.034333,0.561551,6697,6292,512,405,15.535802,0,42.958873,0
377,86.697312,0.359740,11.706604,0.048575,11.706604,0.048575,0.000000,74.990708,11.706604,0.048575,75.152782,0.024681,0.162074,0.000053,0.047903,0.322943,3286,3045,512,241,12.634855,0,43.006063,1
378,65.627409,21.875803,1.198847,0.399616,1.198847,0.399616,0.000000,64.428561,1.198847,0.399616,65.573444,0.003824,1.144883,0.000067,0.017988,0.164667,17152,17149,512,3,5716.333333,0,43.027502,2
379,98.990482,0.215666,18.685074,0.040708,18.685074,0.040708,0.000000,80.305408,18.685074,0.040708,81.722007,0.003904,1.416599,0.000068,0.037622,0.145226,21393,20934,512,459,45.607843,0,43.047491,3
380,45.040636,0.089013,17.250012,0.034091,17.250012,0.034091,0.000000,27.790624,17.250012,0.034091,27.850516,0.019517,0.059892,0.000042,0.033973,0.432477,1933,1427,512,506,2.820158,0,43.391350,0
381,94.482809,0.228772,19.814611,0.047977,19.814611,0.047977,0.000000,74.668198,19.814611,0.047977,75.429083,0.006055,0.760884,0.000061,0.046135,0.457297,12870,12457,512,413,30.162228,0,43.463360,1
382,67.468783,1.106046,2.431379,0.039859,2.431379,0.039859,0.000000,65.037404,2.431379,0.039859,65.657931,0.006523,0.620527,0.000062,0.029686,0.496283,10126,10065,512,61,165.000000,0,43.523785,2
383,97.025520,0.245634,15.984753,0.040468,15.984753,0.040468,0.000000,81.040767,15.984753,0.040468,81.714226,0.007558,0.673459,0.000062,0.038763,0.639815,11206,10811,512,395,27.369620,0,43.687307,3
384,51.782614,0.079057,24.357623,0.037187,24.357623,0.037187,0.000000,27.424992,24.357623,0.037187,29.476660,0.001088,2.051669,0.000076,0.034055,0.396605,27737,27082,512,655,41.346565,0,43.787954,0
385,100.524122,0.275409,25.798719,0.070681,25.798719,0.070681,0.000000,74.725403,25.798719,0.070681,83.972583,0.001025,9.247179,0.000113,0.045347,0.668477,82322,81957,512,365,224.539726,0,44.131837,1
386,90.631377,0.192016,25.804568,0.054671,25.804568,0.054671,0.000000,64.826809,25.804568,0.054671,65.168359,0.010890,0.341550,0.000057,0.053947,0.797489,6456,5984,512,472,12.677966,0,44.321274,2
387,98.832904,0.234201,17.868429,0.042342,17.868429,0.042342,0.000000,80.964475,17.868429,0.042342,82.705027,0.003363,1.740552,0.000071,0.038218,0.715557,25014,24592,512,422,58.274882,0,44.402864,3
388,39.003127,0.132664,10.246115,0.034851,10.246115,0.034851,0.000000,28.757012,10.246115,0.034851,29.076852,0.005313,0.319840,0.000058,0.033763,0.673932,5767,5473,512,294,18.615646,0,44.461886,0
389,97.132992,0.328152,13.952203,0.047136,13.952203,0.047136,0.000000,83.180790,13.952203,0.047136,83.432315,0.023817,0.251526,0.000072,0.046286,0.705049,3799,3503,512,296,11.834459,0,44.836886,1
390,65.247635,2.609905,0.783268,0.031331,0.783268,0.031331,0.000000,64.464366,0.783268,0.031331,64.572650,0.039761,0.108284,0.000067,0.026999,0.673737,1649,1624,512,25,64.960000,0,44.995011,2
391,83.507417,1.605912,1.813970,0.034884,1.813970,0.034884,0.000000,81.693447,1.813970,0.034884,81.930571,0.021420,0.237124,0.000062,0.030324,0.967147,3877,3825,512,52,73.557692,0,45.370011,3
392,45.558707,0.091300,17.435339,0.034941,17.435339,0.034941,0.000000,28.123368,17.435339,0.034941,28.677470,0.003046,0.554102,0.000059,0.033830,0.923888,9915,9416,512,499,18.869739,0,45.385775,0
393,98.199596,0.305918,15.582815,0.048545,15.582815,0.048545,0.000000,82.616782,15.582815,0.048545,83.214062,0.008015,0.597280,0.000058,0.046684,0.786474,10703,10382,512,321,32.342679,0,45.623360,1
394,84.888324,0.233210,21.096749,0.057958,21.096749,0.057958,0.000000,63.791575,21.096749,0.057958,64.156429,0.009707,0.364855,0.000055,0.056956,0.755043,6973,6609,512,364,18.156593,0,45.750055,2
395,99.489866,0.221089,17.984809,0.039966,17.984809,0.039966,0.000000,81.505056,17.984809,0.039966,82.286494,0.006586,0.781438,0.000063,0.038230,0.396296,12945,12495,512,450,27.766667,0,45.766307,3
396,32.967709,0.261648,4.814435,0.038210,4.814435,0.038210,0.000000,28.153273,4.814435,0.038210,28.608764,0.003740,0.455491,0.000060,0.034595,0.491452,7776,7650,512,126,60.714286,0,45.877227,0
397,98.774933,0.289663,15.992935,0.046900,15.992935,0.046900,0.000000,82.781999,15.992935,0.046900,82.869584,0.058359,0.087586,0.000062,0.046643,0.398700,1761,1420,512,341,4.164223,0,46.022060,1
398,108.163858,0.176163,44.311547,0.072169,44.311547,0.072169,0.000000,63.852311,44.311547,0.072169,80.757081,0.000663,16.904770,0.000139,0.044636,0.273553,122424,121810,512,614,198.387622,0,46.023608,2
399,84.215750,1.754495,2.298252,0.047880,2.298252,0.047880,0.000000,81.917498,2.298252,0.047880,82.667886,0.007001,0.750387,0.000064,0.032247,0.333016,11856,11808,512,48,246.000000,0,46.099323,3
400,49.997476,0.078860,21.862329,0.034483,21.862329,0.034483,0.000000,28.135147,21.862329,0.034483,28.279846,0.012184,0.144699,0.000062,0.034255,0.440253,2955,2321,512,634,3.660883,0,46.317480,0
401,105.158556,0.219080,22.655591,0.047199,22.655591,0.047199,0.000000,82.502965,22.655591,0.047199,84.313470,0.003307,1.810505,0.000071,0.043427,0.339177,25974,25494,512,480,53.112500,0,46.361238,1
402,81.152769,3.688762,0.924931,0.042042,0.924931,0.042042,0.000000,80.227838,0.924931,0.042042,80.534504,0.019439,0.306666,0.000074,0.028103,0.414318,4165,4143,512,22,188.318182,0,46.437925,2
403,97.768339,0.272335,15.548196,0.043310,15.548196,0.043310,0.000000,82.220143,15.548196,0.043310,83.484949,0.004461,1.264806,0.000068,0.039787,0.411598,19074,18715,512,359,52.130919,0,46.510920,3
404,47.117698,0.093487,19.105010,0.037907,19.105010,0.037907,0.000000,28.012688,19.105010,0.037907,29.677917,0.001291,1.665229,0.000072,0.034603,0.238370,23500,22996,512,504,45.626984,0,46.555849,0
405,104.768729,0.225795,21.007787,0.045275,21.007787,0.045275,0.000000,83.760941,21.007787,0.045275,84.404608,0.008129,0.643667,0.000062,0.043888,0.507917,10847,10383,512,464,22.377155,0,46.869154,1
406,82.319402,1.327732,2.436338,0.039296,2.436338,0.039296,0.000000,79.883064,2.436338,0.039296,80.403256,0.007321,0.520192,0.000047,0.030906,0.621232,11044,10982,2560,62,177.129032,0,47.059158,2
407,93.205181,0.443834,10.324012,0.049162,10.324012,0.049162,0.000000,82.881169,10.324012,0.049162,83.980322,0.005093,1.099153,0.000067,0.043928,0.562887,16700,16490,512,210,78.523810,0,47.073807,3
408,62.395870,0.031198,33.655251,0.016828,33.655251,0.016828,0.000000,28.740620,33.655251,0.016828,30.665013,0.001190,1.924393,0.000075,0.015865,0.892958,27776,25776,512,2000,12.888000,0,47.448807,0
409,83.753156,20.938289,0.226520,0.056630,0.226520,0.056630,0.000000,83.526636,0.226520,0.056630,83.671708,0.032787,0.145072,0.000057,0.020362,0.843855,2556,2552,512,4,638.000000,0,47.713010,1
410,93.918911,0.238373,14.244803,0.036154,14.244803,0.036154,0.000000,79.674108,14.244803,0.036154,79.759117,0.055932,0.085010,0.000060,0.035939,0.695595,1820,1426,512,394,3.619289,0,47.754753,2
411,90.496407,0.624113,7.461739,0.051460,7.461739,0.051460,0.000000,83.034668,7.461739,0.051460,83.360301,0.015077,0.325632,0.000059,0.049215,0.907617,5674,5529,512,145,38.131034,0,47.981424,3
412,50.728824,0.075043,20.655168,0.030555,20.655168,0.030555,0.000000,30.073656,20.655168,0.030555,31.141851,0.001875,1.068195,0.000064,0.028975,0.546682,17288,16612,512,676,24.573964,0,47.995489,0
413,107.309324,0.201331,24.323757,0.045636,24.323757,0.045636,0.000000,82.985567,24.323757,0.045636,84.243177,0.004463,1.257609,0.000067,0.043276,0.657480,19411,18878,512,533,35.418386,0,48.370489,1
414,92.377006,0.274932,13.396635,0.039871,13.396635,0.039871,0.000000,78.980371,13.396635,0.039871,80.031134,0.004859,1.050762,0.000064,0.036744,0.752695,16808,16472,512,336,49.023810,0,48.507448,2
415,97.387993,0.269773,14.715967,0.040764,14.715967,0.040764,0.000000,82.672026,14.715967,0.040764,82.987847,0.015573,0.315821,0.000059,0.039890,0.657296,5690,5329,512,361,14.761773,0,48.638720,3
416,31.448146,1.429461,0.999150,0.045416,0.999150,0.045416,0.000000,30.448996,0.999150,0.045416,30.851531,0.004308,0.402535,0.000056,0.027119,0.655081,7183,7161,512,22,325.500000,0,48.650570,0
417,108.258081,0.248869,24.620406,0.056599,24.620406,0.056599,0.000000,83.637675,24.620406,0.056599,93.653904,0.001090,10.016229,0.000117,0.033573,0.564249,86346,85911,512,435,197.496552,0,48.934739,1
418,92.321532,0.297811,12.759371,0.041159,12.759371,0.041159,0.000000,79.562162,12.759371,0.041159,80.862996,0.004060,1.300834,0.000065,0.036963,0.430969,20225,19915,512,310,64.241935,0,48.938417,2
419,105.431407,0.208775,22.808353,0.045165,22.808353,0.045165,0.000000,82.623054,22.808353,0.045165,89.809687,0.001293,7.186633,0.000103,0.030934,0.334138,69984,69479,512,505,137.582178,0,48.972858,3
420,30.691568,7.672892,0.212356,0.053089,0.212356,0.053089,0.000000,30.479212,0.212356,0.053089,30.614435,0.012672,0.135223,0.000056,0.019283,0.341581,2420,2416,512,4,604.000000,0,48.992151,0
421,94.297133,3.492486,0.977569,0.036206,0.977569,0.036206,0.000000,93.319564,0.977569,0.036206,93.462605,0.055173,0.143041,0.000084,0.030908,0.244855,1721,1694,512,27,62.740741,0,49.179594,1
422,101.704001,0.266940,21.150111,0.055512,21.150111,0.055512,0.000000,80.553890,21.150111,0.055512,85.270610,0.001629,4.716720,0.000090,0.043132,0.268789,52720,52339,512,381,137.372703,0,49.207207,2
423,102.036808,0.274292,12.840140,0.034517,12.840140,0.034517,0.000000,89.196669,12.840140,0.034517,89.870076,0.008510,0.673408,0.000064,0.032706,0.536231,10933,10561,512,372,28.389785,0,49.509089,3
424,38.789410,0.179581,8.852480,0.040984,8.852480,0.040984,0.000000,29.936930,8.852480,0.040984,31.470570,0.001411,1.533640,0.000069,0.033884,0.650425,22520,22304,512,216,103.259259,0,49.642576,0
425,104.089609,0.468872,11.121659,0.050098,11.121659,0.050098,0.000000,92.967950,11.121659,0.050098,96.335162,0.002367,3.367211,0.000083,0.034930,0.467587,40913,40691,512,222,183.292793,0,49.647180,1
426,92.364291,0.416055,7.599008,0.034230,7.599008,0.034230,0.000000,84.765283,7.599008,0.034230,85.112980,0.014687,0.347697,0.000060,0.032664,0.440654,6017,5795,512,222,26.103604,0,49.647861,2
427,90.330779,18.066156,0.639655,0.127931,0.639655,0.127931,0.000000,89.691125,0.639655,0.127931,90.221411,0.010048,0.530287,0.000059,0.021874,0.145402,8984,8979,512,5,1795.800000,0,49.654491,3
428,47.144566,0.102711,15.843856,0.034518,15.843856,0.034518,0.000000,31.300710,15.843856,0.034518,31.394256,0.022329,0.093546,0.000067,0.034314,0.128316,1865,1406,512,459,3.063181,0,49.770893,0
429,110.171735,0.192945,14.218043,0.024900,14.218043,0.024900,0.000000,95.953692,14.218043,0.024900,96.609623,0.009053,0.655931,0.000061,0.023752,0.325822,11242,10671,512,571,18.688266,0,49.973002,1
430,112.642871,0.209763,27.919522,0.051992,27.919522,0.051992,0.000000,84.723349,27.919522,0.051992,87.229407,0.002673,2.506058,0.000077,0.047325,0.359208,33176,32639,512,537,60.780261,0,50.007069,2
431,92.383259,1.301173,2.783523,0.039205,2.783523,0.039205,0.000000,89.599736,2.783523,0.039205,90.197346,0.008961,0.597610,0.000059,0.030788,0.589226,10136,10065,512,71,141.760563,0,50.243717,3
432,43.340941,0.144470,12.453249,0.041511,12.453249,0.041511,0.000000,30.887692,12.453249,0.041511,32.966467,0.001159,2.078775,0.000073,0.034582,0.480191,28746,28446,512,300,94.820000,0,50.251084,0
433,109.979176,0.202914,13.883238,0.025615,13.883238,0.025615,0.000000,96.095937,13.883238,0.025615,98.213460,0.003369,2.117523,0.000073,0.021708,0.479866,29695,29153,512,542,53.787823,0,50.452868,1
434,87.378649,29.126216,0.974404,0.324801,0.974404,0.324801,0.000000,86.404245,0.974404,0.324801,87.325561,0.005999,0.921316,0.000063,0.017696,0.774330,14559,14556,512,3,4852.000000,0,50.781399,2
435,100.949785,0.296040,11.508137,0.033748,11.508137,0.033748,0.000000,89.441648,11.508137,0.033748,89.693007,0.020297,0.251360,0.000057,0.033011,0.722543,4760,4419,512,341,12.958944,0,50.966260,3
436,47.929562,0.088758,15.875070,0.029398,15.875070,0.029398,0.000000,32.054492,15.875070,0.029398,33.839902,0.001348,1.785411,0.000071,0.026092,0.864892,25642,25102,512,540,46.485185,0,51.115976,0
437,98.549257,2.463731,1.274463,0.031862,1.274463,0.031862,0.000000,97.274794,1.274463,0.031862,97.375748,0.067435,0.100954,0.000070,0.029338,0.890613,1484,1444,512,40,36.100000,0,51.343481,1
438,89.420206,1.027818,2.699115,0.031024,2.699115,0.031024,0.000000,86.721091,2.699115,0.031024,86.839119,0.042196,0.118027,0.000057,0.029668,0.567204,2145,2058,512,87,23.655172,0,51.348603,2
439,103.569124,0.223209,14.315921,0.030853,14.315921,0.030853,0.000000,89.253202,14.315921,0.030853,90.235100,0.005630,0.981898,0.000061,0.028737,0.410515,16492,16028,512,464,34.543103,0,51.376775,3
440,47.008059,0.102414,13.490057,0.029390,13.490057,0.029390,0.000000,33.518002,13.490057,0.029390,34.063712,0.003830,0.545710,0.000061,0.028201,0.277479,9352,8893,512,459,19.374728,0,51.393455,0
441,106.396834,0.335637,9.185627,0.028977,9.185627,0.028977,0.000000,97.211207,9.185627,0.028977,97.584909,0.015584,0.373702,0.000060,0.027798,0.137756,6579,6262,512,317,19.753943,0,51.481237,1
442,108.574357,0.257896,22.066450,0.052414,22.066450,0.052414,0.000000,86.507908,22.066450,0.052414,87.040353,0.009700,0.532445,0.000059,0.051150,0.303537,9394,8973,512,421,21.313539,0,51.652140,2
443,104.903333,0.180246,15.105510,0.025954,15.105510,0.025954,0.000000,89.797823,15.105510,0.025954,92.198627,0.002872,2.400804,0.000075,0.021829,0.399651,32682,32100,512,582,55.154639,0,51.776426,3
444,47.876999,0.081841,14.467540,0.024731,14.467540,0.024731,0.000000,33.409460,14.467540,0.024731,34.405670,0.002192,0.996210,0.000063,0.023028,0.621057,16279,15694,512,585,26.827350,0,52.014512,0
445,109.037574,0.184809,12.038486,0.020404,12.038486,0.020404,0.000000,96.999088,12.038486,0.020404,97.111327,0.041219,0.112238,0.000048,0.020214,0.554359,2946,2356,512,590,3.993220,0,52.035596,1
446,113.642569,0.194927,27.184518,0.046629,27.184518,0.046629,0.000000,86.458051,27.184518,0.046629,87.005503,0.009645,0.547452,0.000061,0.045690,0.549280,9604,9021,512,583,15.473413,0,52.201420,2
447,93.304180,3.332292,1.606323,0.057369,1.606323,0.057369,0.000000,91.697857,1.606323,0.057369,92.473414,0.007334,0.775557,0.000062,0.029670,0.451805,12637,12609,512,28,450.321429,0,52.228231,3
448,41.366255,0.214333,7.251595,0.037573,7.251595,0.037573,0.000000,34.114660,7.251595,0.037573,34.492691,0.005124,0.378031,0.000056,0.035614,0.253188,6925,6732,512,193,34.880829,0,52.267700,0
449,104.993940,0.380413,8.296970,0.030061,8.296970,0.030061,0.000000,96.696970,8.296970,0.030061,96.776494,0.068587,0.079524,0.000056,0.029773,0.386797,1687,1411,512,276,5.112319,0,52.422393,1
450,93.780190,0.506920,7.404202,0.040023,7.404202,0.040023,0.000000,86.375988,7.404202,0.040023,86.462744,0.055248,0.086756,0.000055,0.039554,0.595972,1750,1565,512,185,8.459459,0,52.797393,2
451,102.944492,0.239406,11.193177,0.026031,11.193177,0.026031,0.000000,91.751315,11.193177,0.026031,93.034567,0.004759,1.283253,0.000066,0.023046,0.687359,19979,19549,512,430,45.462791,0,52.915590,3
452,46.150235,0.096347,12.343703,0.025770,12.343703,0.025770,0.000000,33.806532,12.343703,0.025770,33.970418,0.013192,0.163886,0.000064,0.025428,0.654895,3054,2575,512,479,5.375783,0,52.922595,0
453,109.232138,0.158537,13.101902,0.019016,13.101902,0.019016,0.000000,96.130236,13.101902,0.019016,97.661061,0.004403,1.530826,0.000069,0.016794,0.619942,22869,22180,512,689,32.191582,0,53.042335,1
454,109.653394,0.241527,23.467938,0.051691,23.467938,0.051691,0.000000,86.185456,23.467938,0.051691,86.780729,0.008960,0.595273,0.000061,0.050380,0.250351,10139,9685,512,454,21.332599,0,53.047744,2
455,93.443385,5.191299,0.850148,0.047230,0.850148,0.047230,0.000000,92.593237,0.850148,0.047230,92.966443,0.013822,0.373205,0.000055,0.026497,0.401582,6744,6726,512,18,373.666667,0,53.317171,3
456,44.669259,0.115723,11.275619,0.029211,11.275619,0.029211,0.000000,33.393640,11.275619,0.029211,33.554823,0.011012,0.161183,0.000053,0.028794,0.549129,3433,3047,512,386,7.893782,0,53.471724,0
457,108.648196,0.163135,11.482854,0.017242,11.482854,0.017242,0.000000,97.165342,11.482854,0.017242,97.408418,0.027156,0.243076,0.000068,0.016877,0.453153,4253,3587,512,666,5.385886,0,53.495487,1
458,107.311249,0.275864,21.024177,0.054047,21.024177,0.054047,0.000000,86.287072,21.024177,0.054047,86.650093,0.013811,0.363021,0.000058,0.053114,0.459769,6663,6274,512,389,16.128535,0,53.507513,2
459,93.629274,3.467751,0.909270,0.033677,0.909270,0.033677,0.000000,92.720004,0.909270,0.033677,92.827828,0.058715,0.107824,0.000068,0.029683,0.215687,1608,1581,512,27,58.555556,0,53.532859,3
460,46.116675,0.086685,13.025840,0.024485,13.025840,0.024485,0.000000,33.090835,13.025840,0.024485,34.818357,0.001501,1.727523,0.000074,0.021237,0.436135,23724,23192,512,532,43.593985,0,53.907859,0
461,106.825366,0.215809,9.936351,0.020073,9.936351,0.020073,0.000000,96.889015,9.936351,0.020073,97.342595,0.012955,0.453580,0.000060,0.019157,0.489062,8009,7514,512,495,15.179798,0,53.984549,1
462,107.994303,0.262760,22.044994,0.053637,22.044994,0.053637,0.000000,85.949309,22.044994,0.053637,86.537704,0.009264,0.588395,0.000063,0.052206,0.668643,9752,9341,512,411,22.727494,0,54.176156,2
463,101.498380,0.276562,9.466769,0.025795,9.466769,0.025795,0.000000,92.031611,9.466769,0.025795,93.482765,0.004301,1.451154,0.000067,0.021841,0.769762,22100,21733,512,367,59.217984,0,54.302621,3
464,35.203155,3.520315,0.929300,0.092930,0.929300,0.092930,0.000000,34.273855,0.929300,0.092930,34.892307,0.003445,0.618452,0.000061,0.031085,0.500962,10139,10129,512,10,1012.900000,0,54.408821,0
465,105.204425,0.276127,8.338753,0.021886,8.338753,0.021886,0.000000,96.865672,8.338753,0.021886,96.954054,0.055529,0.088382,0.000051,0.021655,0.443872,2127,1746,512,381,4.582677,0,54.428422,1
466,104.055022,0.350354,18.168993,0.061175,18.168993,0.061175,0.000000,85.886029,18.168993,0.061175,86.412169,0.009751,0.526140,0.000059,0.059404,0.617169,9159,8862,512,297,29.838384,0,54.793325,2
467,102.353647,0.196834,9.448228,0.018170,9.448228,0.018170,0.000000,92.905419,9.448228,0.018170,93.052767,0.034135,0.147348,0.000054,0.017886,0.535528,3246,2726,512,520,5.242308,0,54.838149,3
468,43.897656,0.115217,9.584665,0.025157,9.584665,0.025157,0.000000,34.312991,9.584665,0.025157,34.549076,0.002364,0.236086,0.000016,0.024537,0.537177,14993,14612,12288,381,38.351706,0,54.945998,0
469,105.397691,0.233181,9.139605,0.020220,9.139605,0.020220,0.000000,96.258086,9.139605,0.020220,96.603318,0.016661,0.345232,0.000060,0.019457,0.667980,6250,5798,512,452,12.827434,0,55.096401,1
470,103.167413,0.383522,17.223502,0.064028,17.223502,0.064028,0.000000,85.943911,17.223502,0.064028,86.364643,0.012448,0.420732,0.000061,0.062464,0.434031,7207,6938,512,269,25.791822,0,55.227356,2
471,102.415821,0.170693,10.132458,0.016887,10.132458,0.016887,0.000000,92.283363,10.132458,0.016887,92.773813,0.011155,0.490450,0.000059,0.016070,0.742127,8917,8317,512,600,13.861667,0,55.580276,3
472,43.143994,0.123622,9.288801,0.026615,9.288801,0.026615,0.000000,33.855193,9.288801,0.026615,34.622100,0.002962,0.766907,0.000066,0.024418,0.654364,12037,11688,512,349,33.489971,0,55.600362,0
473,106.056141,0.182227,10.076656,0.017314,10.076656,0.017314,0.000000,95.979485,10.076656,0.017314,96.291789,0.019825,0.312304,0.000064,0.016777,0.592710,5439,4857,512,582,8.345361,0,55.689111,1
474,107.749159,0.541453,21.943232,0.110267,21.943232,0.110267,0.000000,85.805927,21.943232,0.110267,101.229408,0.000892,15.423481,0.000136,0.032763,0.526452,113652,113453,512,199,570.115578,0,55.753808,2
475,104.309901,0.128778,11.822440,0.014596,11.822440,0.014596,0.000000,92.487461,11.822440,0.014596,94.212491,0.003834,1.725030,0.000070,0.012466,0.253878,25383,24573,512,810,30.337037,0,55.834155,3
476,37.783932,1.049554,3.448757,0.095799,3.448757,0.095799,0.000000,34.335174,3.448757,0.095799,36.523168,0.001332,2.187994,0.000080,0.035021,0.249661,27447,27411,512,36,761.416667,0,55.850023,0
477,104.951819,0.225218,8.924191,0.019151,8.924191,0.019151,0.000000,96.027628,8.924191,0.019151,96.861951,0.001237,0.834323,0.000011,0.017360,0.178909,78777,78311,74240,466,168.049356,0,55.868020,1
478,111.969965,0.219980,11.004274,0.021619,11.004274,0.021619,0.000000,100.965691,11.004274,0.021619,101.180033,0.044475,0.214343,0.000094,0.021198,0.154942,2784,2275,512,509,4.469548,0,55.908749,2
479,102.403259,0.173860,8.355315,0.014186,8.355315,0.014186,0.000000,94.047944,8.355315,0.014186,94.282778,0.022342,0.234834,0.000056,0.013787,0.120022,4809,4220,512,589,7.164686,0,55.954177,3
480,44.467912,0.101991,8.168372,0.018735,8.168372,0.018735,0.000000,36.299540,8.168372,0.018735,38.196062,0.001522,1.896522,0.000076,0.014385,0.173960,25535,25099,512,436,57.566514,0,56.023983,0
481,104.940293,0.220463,8.437212,0.017725,8.437212,0.017725,0.000000,96.503082,8.437212,0.017725,97.181207,0.009694,0.678125,0.000068,0.016301,0.273981,10501,10025,512,476,21.060924,0,56.142001,1
482,102.518760,8.543230,1.725183,0.143765,1.725183,0.143765,0.000000,100.793577,1.725183,0.143765,102.209789,0.004848,1.416212,0.000067,0.025748,0.359106,21093,21081,512,12,1756.750000,0,56.267856,2
483,99.786421,0.308936,5.912478,0.018305,5.912478,0.018305,0.000000,93.873943,5.912478,0.018305,94.012089,0.040698,0.138146,0.000060,0.017877,0.380018,2633,2310,512,323,7.151703,0,56.334194,3
484,44.022919,0.104568,6.247012,0.014839,6.247012,0.014839,0.000000,37.775907,6.247012,0.014839,38.008987,0.009608,0.233080,0.000059,0.014285,0.375908,4377,3956,512,421,9.396675,0,56.399891,0
485,103.640856,0.280870,6.782977,0.018382,6.782977,0.018382,0.000000,96.857879,6.782977,0.018382,97.120107,0.024883,0.262228,0.000067,0.017671,0.288568,4272,3903,512,369,10.577236,0,56.430569,1
486,103.335808,34.445269,1.441258,0.480419,1.441258,0.480419,0.000000,101.894550,1.441258,0.480419,103.282997,0.005041,1.388447,0.000068,0.017604,0.273648,20493,20490,512,3,6830.000000,0,56.541503,2
487,95.147325,10.571925,1.418520,0.157613,1.418520,0.157613,0.000000,93.728806,1.418520,0.157613,94.930268,0.005231,1.201463,0.000066,0.024117,0.254974,18157,18148,512,9,2016.444444,0,56.589168,3
488,44.287471,0.094631,6.501076,0.013891,6.501076,0.013891,0.000000,37.786395,6.501076,0.013891,38.032915,0.008666,0.246520,0.000056,0.013364,0.193868,4857,4389,512,468,9.378205,0,56.593759,0
489,100.392037,0.803136,3.537022,0.028296,3.537022,0.028296,0.000000,96.855015,3.537022,0.028296,96.983357,0.046315,0.128342,0.000061,0.027269,0.230937,2219,2094,512,125,16.752000,0,56.661506,1
490,110.552889,0.346561,7.511702,0.023548,7.511702,0.023548,0.000000,103.041187,7.511702,0.023548,104.475261,0.004878,1.434074,0.000067,0.019052,0.200341,21737,21418,512,319,67.141066,0,56.741844,2
491,96.622914,1.610382,1.917189,0.031953,1.917189,0.031953,0.000000,94.705724,1.917189,0.031953,94.799309,0.054861,0.093584,0.000054,0.030393,0.184633,1788,1728,512,60,28.800000,0,56.773801,3
492,42.936241,0.125545,5.218641,0.015259,5.218641,0.015259,0.000000,37.717600,5.218641,0.015259,37.803169,0.023671,0.085569,0.000054,0.015009,0.286255,1939,1597,512,342,4.669591,0,56.880014,0
493,106.249378,0.151137,9.620721,0.013685,9.620721,0.013685,0.000000,96.628656,9.620721,0.013685,97.456291,0.008286,0.827635,0.000070,0.012508,0.322781,12465,11762,512,703,16.731152,0,56.984287,1
494,110.760165,0.319194,6.720084,0.019366,6.720084,0.019366,0.000000,104.040081,6.720084,0.019366,105.514319,0.004823,1.474237,0.000067,0.015118,0.393777,22223,21876,512,347,63.043228,0,57.135621,2
495,98.973168,0.354743,4.693388,0.016822,4.693388,0.016822,0.000000,94.279780,4.693388,0.016822,94.913485,0.009051,0.633705,0.000060,0.014551,0.492317,10765,10486,512,279,37.584229,0,57.266118,3
496,39.276813,0.853844,2.020491,0.043924,2.020491,0.043924,0.000000,37.256322,2.020491,0.043924,37.883515,0.003902,0.627193,0.000065,0.030289,0.518204,9754,9708,512,46,211.043478,0,57.398218,0
497,98.122410,3.066325,1.166446,0.036451,1.166446,0.036451,0.000000,96.955964,1.166446,0.036451,97.117063,0.035665,0.161099,0.000059,0.031417,0.461444,2755,2723,512,32,85.093750,0,57.445732,1
498,111.887386,0.209135,6.918774,0.012932,6.918774,0.012932,0.000000,104.968613,6.918774,0.012932,105.314355,0.018309,0.345742,0.000060,0.012286,0.503673,6287,5752,512,535,10.751402,0,57.639293,2
499,101.341628,0.167230,6.935135,0.011444,6.935135,0.011444,0.000000,94.406493,6.935135,0.011444,94.692590,0.020037,0.286097,0.000061,0.010972,0.472751,5332,4726,512,606,7.798680,0,57.738869,3
500,37.705932,37.705932,0.268675,0.268675,0.268675,0.268675,0.000000,37.437258,0.268675,0.268675,37.705932,0.008172,0.268675,0.000058,0.000000,0.411228,4615,4614,512,1,4614.000000,0,57.809446,0
501,97.635755,5.138724,1.036822,0.054570,1.036822,0.054570,0.000000,96.598933,1.036822,0.054570,97.045771,0.013787,0.446838,0.000063,0.031052,0.486656,7058,7039,512,19,370.473684,0,57.932387,1
502,110.777356,0.261885,5.842223,0.013811,5.842223,0.013811,0.000000,104.935133,5.842223,0.013811,105.462969,0.011317,0.527836,0.000057,0.012564,0.349008,9742,9319,512,423,22.030733,0,57.988302,2
503,97.189414,0.704271,2.866241,0.020770,2.866241,0.020770,0.000000,94.323173,2.866241,0.020770,95.357049,0.005919,1.033877,0.000064,0.013278,0.339302,16247,16109,512,138,116.731884,0,58.078171,3
504,44.490955,0.067309,7.251573,0.010971,7.251573,0.010971,0.000000,37.239382,7.251573,0.010971,37.382410,0.015486,0.143028,0.000059,0.010754,0.435536,3075,2414,512,661,3.652042,0,58.244982,0
505,102.694432,0.247456,6.268118,0.015104,6.268118,0.015104,0.000000,96.426314,6.268118,0.015104,97.357246,0.007548,0.930932,0.000072,0.012861,0.584481,13314,12899,512,415,31.081928,0,58.516869,1
506,108.398191,0.451659,3.813685,0.015890,3.813685,0.015890,0.000000,104.584506,3.813685,0.015890,104.668719,0.074076,0.084213,0.000060,0.015539,0.845946,1653,1413,512,240,5.887500,0,58.834248,2
507,99.635031,0.196132,5.160119,0.010158,5.160119,0.010158,0.000000,94.474912,5.160119,0.010158,94.620964,0.035991,0.146051,0.000056,0.009870,0.843631,3137,2629,512,508,5.175197,0,58.921803,3
508,41.568513,0.105504,4.983557,0.012649,4.983557,0.012649,0.000000,36.584957,4.983557,0.012649,36.753374,0.011580,0.168417,0.000053,0.012221,0.768639,3568,3174,512,394,8.055838,0,59.013620,0
509,102.872159,0.201710,6.252421,0.012260,6.252421,0.012260,0.000000,96.619737,6.252421,0.012260,96.976604,0.017131,0.356867,0.000063,0.011560,0.697850,6171,5661,512,510,11.100000,0,59.214719,1
510,110.494099,0.220108,6.279210,0.012508,6.279210,0.012508,0.000000,104.214889,6.279210,0.012508,105.562082,0.004963,1.347193,0.000063,0.009825,0.427663,21773,21271,512,502,42.372510,0,59.261911,2
511,97.736490,0.295276,3.710510,0.011210,3.710510,0.011210,0.000000,94.025980,3.710510,0.011210,94.556798,0.010669,0.530819,0.000060,0.009606,0.567153,9194,8863,512,331,26.776435,0,59.488955,3
512,42.030208,0.086839,5.866359,0.012121,5.866359,0.012121,0.000000,36.163849,5.866359,0.012121,37.329525,0.002168,1.165675,0.000068,0.009712,0.560522,17706,17222,512,484,35.582645,0,59.574143,0
513,102.636094,0.199293,6.068059,0.011783,6.068059,0.011783,0.000000,96.568035,6.068059,0.011783,96.964105,0.015554,0.396070,0.000064,0.011014,0.374815,6749,6234,512,515,12.104854,0,59.589535,1
514,109.102273,0.320889,3.916960,0.011520,3.916960,0.011520,0.000000,105.185313,3.916960,0.011520,106.179545,0.006444,0.994232,0.000060,0.008596,0.336972,16817,16477,512,340,48.461765,0,59.598883,2
515,94.297205,23.574301,0.113957,0.028489,0.113957,0.028489,0.000000,94.183248,0.113957,0.028489,94.256713,0.066707,0.073464,0.000052,0.010123,0.340567,1417,1413,512,4,353.250000,0,59.829523,3
