request_id,estimated_ttft,current_time,estimated_completion_time,deadline,time_until_deadline,slack,remaining_prefill_tokens,queue_position,ahead_prefill_tokens,is_violation,actual_ttft,absolute_error,relative_error,percent_error
1,0.2932379737083062,0.1858782279002065,0.4791162016085127,10000.1858782279,10000.0,9999.706762026291,7270,0,0,False,0.377528,0.0842900262916938,0.22326827756270742,22.326827756270742
2,0.2953354117595898,0.2702577944962501,0.56559320625584,10000.2581054419,9999.987847647404,9999.692512235644,7322,0,0,False,0.652896,0.3575605882404102,0.5476532070045003,54.765320700450026
3,0.5872019836651337,0.5106026271841496,1.0978046108492832,10000.50262391877,9999.992021291586,9999.404819307922,7236,1,7322,False,0.754455,0.16725301633486633,0.22168719981293297,22.168719981293297
4,0.3842345168563033,0.6552030714843102,1.0394375883406135,10000.652028647404,9999.99682557592,9999.612591059064,2290,1,7236,False,0.696275,0.3120404831436967,0.4481569539961893,44.81569539961893
5,0.656901463523174,0.7032987733706748,1.3602002368938488,10000.664392614945,9999.961093841574,9999.304192378053,6760,2,9526,False,1.029359,0.3724575364768259,0.36183443917702757,36.18344391770275
6,0.5600159596927268,1.049703438250961,1.6097193979436877,10001.039392614945,9999.989689176691,9999.429673217,4834,2,9050,False,0.844894,0.28487804030727326,0.3371760721549369,33.717607215493686
7,1.4010482829103186,1.257078873167086,2.6581271560774047,10001.218377168085,9999.961298294917,9998.560250012006,23141,2,11594,False,2.057783,0.6567347170896816,0.3191467307727207,31.91467307727207
8,2.21291815014564,1.4384769493522398,3.65139509949788,10001.411137143215,9999.972660193864,9997.759742043718,26888,2,27975,False,3.606068,1.39314984985436,0.3863348804998574,38.63348804998574
9,2.636358624422091,1.4384769493522398,4.0748355737743305,10001.42827416525,9999.989797215898,9997.353438591475,10498,3,54863,False,4.118788,1.4824293755779094,0.35991883427307,35.991883427306995
10,3.340210432016306,1.5359936840104549,4.876204116026761,10001.50309153429,9999.96709785028,9996.626887418264,17450,4,65361,False,5.030878,1.6906675679836942,0.33605815286788787,33.60581528678879
11,3.886512373681409,1.5869968967588386,5.473509270440248,10001.56100440525,9999.974007508492,9996.08749513481,13544,5,82811,False,5.692088,1.805575626318591,0.3172079606496932,31.72079606496932
12,6.274122912290691,1.927775439155315,8.201898351446006,10001.887764614994,9999.95998917584,9993.685866263548,87169,4,68380,False,14.776742,8.50261908770931,0.5754055317274477,57.540553172744765
13,6.529203647604492,2.020218158196311,8.549421805800803,10002.016820332958,9999.99660217476,9993.467398527157,6324,5,155549,False,15.004048,8.474844352395507,0.5648371927626137,56.48371927626137
14,6.610358366050312,2.277060613690153,8.887418979740465,10002.233102787315,9999.956042173626,9993.345683807576,2012,6,161873,False,14.88561,8.275251633949688,0.555922910377854,55.5922910377854
15,6.905774448504181,2.333291640887299,9.23906608939148,10002.306344529834,9999.973052888949,9993.067278440443,7324,7,163885,False,15.177036,8.271261551495819,0.5449853022352862,54.49853022352862
16,7.285652747869357,2.390911593534197,9.676564341403555,10002.33856766773,9999.947656074197,9992.662003326326,9418,8,171209,False,15.630799,8.345146252130643,0.533891213886804,53.38912138868041
17,7.322559590502521,2.449882366723266,9.772441957225787,10002.439661213852,9999.989778847128,9992.667219256626,915,9,180627,False,15.577911,8.255351409497479,0.5299395669610308,52.99395669610308
18,7.840707459863855,2.449882366723266,10.29058982658712,10002.447904286646,9999.998021919922,9992.15731446006,12846,10,181542,False,16.306912,8.466204540136147,0.5191788942097773,51.91788942097772
19,8.667824088318124,2.700361280589182,11.368185368907303,10002.667669130286,9999.967307849696,9991.29948376138,20506,11,194388,False,17.333383,8.665558911681877,0.4999346585534905,49.99346585534905
20,9.33775386896754,2.835207209073733,12.172961078041272,10002.792514229972,9999.9573070209,9990.619553151932,16609,12,214894,False,18.152491,8.81473713103246,0.48559380258238166,48.559380258238164
21,10.400711272149795,2.975925860040672,13.376637132190467,10002.969911752583,9999.993985892545,9989.593274620394,26353,13,231503,False,19.763841,9.363129727850204,0.47375050871185437,47.37505087118544
22,10.645103140471477,3.0486301076507702,13.693733248122246,10003.02463303996,9999.976002932308,9989.330899791836,6059,14,257856,False,20.040759,9.395655859528524,0.4688273462860625,46.88273462860625
23,9.80072298344126,3.415101687115853,13.215824670557112,10003.39963303996,9999.984531352842,9990.1838083694,5954,14,237027,False,19.995782,10.195059016558739,0.509860480403254,50.98604804032541
24,10.258085484662509,3.734542196875184,13.992627681537693,10003.67914042254,9999.944598225666,9989.686512741004,11339,15,242981,False,20.360432,10.10234651533749,0.4961754502722482,49.61754502722482
25,10.870053371471643,3.913839007057859,14.783892378529504,10003.86749127944,9999.95365227238,9989.08359890091,15172,16,254320,False,21.096154,10.226100628528355,0.48473767438976584,48.47376743897659
26,12.722333182837922,3.913839007057859,16.63617218989578,10003.894549315955,9999.980710308895,9987.25837712606,45922,17,269492,False,24.952537,12.230203817162078,0.49013869079372885,49.01386907937288
27,12.764806303376416,3.976742971019957,16.741549274396373,10003.97313813428,9999.996395163262,9987.231588859886,1053,18,315414,False,24.926178,12.161371696623585,0.48789556492068636,48.789556492068634
28,12.995121135546214,4.041016283629064,17.036137419175276,10003.978737149417,9999.937720865788,9986.942599730242,5710,19,316467,False,25.193334,12.198212864453787,0.4841841442841105,48.41841442841105
29,13.287068378146037,4.041016283629064,17.3280846617751,10003.999684420309,9999.95866813668,9986.671599758534,7238,20,322177,False,25.615708,12.328639621853965,0.4812921673628527,48.129216736285265
30,13.70474089778146,4.175232622499088,17.879973520280547,10004.143310413268,9999.968077790769,9986.263336892986,10355,21,329415,False,26.054229,12.349488102218539,0.4739916925662448,47.39916925662448
31,13.764316205507342,4.314035011478878,18.07835121698622,10004.314005344091,9999.999970332614,9986.235654127107,1477,22,339770,False,25.935512,12.171195794492657,0.4692868910585863,46.92868910585863
32,14.38410914966165,4.768656375266398,19.15276552492805,10004.689005344091,9999.920348968826,9985.536239819165,15366,23,341247,False,26.541944,12.15783485033835,0.45806120494935676,45.806120494935676
33,14.537625480876756,4.768656375266398,19.306281856143155,10004.738288605227,9999.96963222996,9985.432006749084,3806,24,356613,False,26.707159,12.169533519123245,0.45566559584728744,45.56655958472874
34,14.891447145989448,4.849649337038477,19.741096483027924,10004.796134282486,9999.946484945449,9985.055037799457,8772,25,360419,False,27.102656,12.211208854010552,0.4505539550813969,45.05539550813969
35,15.946458485785108,4.932114026567966,20.878572512353077,10004.875389348925,9999.943275322355,9983.996816836572,26156,26,369191,False,28.90092,12.954461514214891,0.44823699433149156,44.82369943314916
36,16.617436985460166,4.932114026567966,21.54955101202813,10004.90164792406,9999.969533897493,9983.352096912033,16635,27,395347,False,29.878874,13.261437014539833,0.4438399189520942,44.38399189520942
37,16.709925936452347,4.932114026567966,21.642039963020316,10004.919044405016,9999.986930378447,9983.277004441996,2293,28,411982,False,29.964956,13.255030063547654,0.4423510604703592,44.23510604703592
38,16.33125769750137,5.017205394569379,21.34846309207075,10004.999756984424,9999.982551589856,9983.651293892352,1110,28,403777,False,29.987037,13.65577930249863,0.45538941718378606,45.53894171837861
39,16.477594336925545,5.06369126223281,21.54128559915836,10005.031926855134,9999.968235592902,9983.490641255976,3628,29,404887,False,30.11418,13.636585663074456,0.4528293867896936,45.28293867896936
40,16.55979777439701,5.210832242784703,21.770630017181716,10005.170439246487,9999.959607003702,9983.399809229306,2038,30,408515,False,30.077935,13.518137225602992,0.44943701173644374,44.94370117364437
41,16.63651560465742,5.262771292244096,21.899286896901515,10005.242282437162,9999.979511144918,9983.34299554026,1902,31,410553,False,30.107383,13.47086739534258,0.4474273767116385,44.74273767116385
42,17.202864213851136,5.486310255893478,22.68917446974461,10005.465761981046,9999.979451725152,9982.776587511302,14041,32,412455,False,30.719578,13.516713786148863,0.44000323787484524,44.000323787484525
43,16.986868429916065,5.640056115454287,22.62692454537035,10005.616369089588,9999.976312974131,9982.989444544217,12095,32,409046,False,31.266496,14.279627570083935,0.45670699940549575,45.670699940549575
44,17.029865909967377,5.688945407198175,22.718811317165557,10005.6631815261,9999.9742361189,9982.944370208932,1066,33,421141,False,31.270273,14.240407090032623,0.455397594067459,45.5397594067459
45,17.41769027271915,5.89988013669289,23.31757040941204,10005.886348892776,9999.986468756084,9982.568778483364,9615,34,422207,False,31.610276,14.19258572728085,0.44898645387597536,44.89864538759753
46,18.223429167189177,6.135274987682768,24.358704154871944,10006.090542396136,9999.955267408452,9981.731838241263,19976,35,431822,False,32.682234,14.458804832810824,0.44240564561195,44.240564561195
47,18.48661730727813,6.1979221792636086,24.684539486541745,10006.15181377584,9999.953891596577,9981.467274289298,6525,36,451798,False,33.000259,14.513641692721869,0.43980387222784734,43.980387222784735
48,18.52283844900992,6.1979221792636086,24.720760628273524,10006.19433106258,9999.996408883317,9981.473570434307,898,37,458323,False,33.008648,14.48580955099008,0.43884892077343124,43.884892077343125
49,18.74028630544203,6.394991449470969,25.135277754913,10006.337738975086,9999.942747525614,9981.202461220171,5391,38,459221,False,33.131909,14.39162269455797,0.43437348251071106,43.43734825107111
50,19.693450893709016,6.394991449470969,26.088442343179985,10006.35655586526,9999.961564415788,9980.26811352208,23631,39,464612,False,34.712618,15.019167106290983,0.4326716903430039,43.26716903430039
51,21.24164252298631,6.394991449470969,27.63663397245728,10006.384434466632,9999.98944301716,9978.747800494177,38383,40,488243,False,37.717448,16.475805477013687,0.4368218517067668,43.68218517067668
52,21.54589204646385,6.394991449470969,27.940883495934823,10006.38535815476,9999.990366705288,9978.444474658823,7543,41,526626,False,38.098851,16.55295895353615,0.4344739675623328,43.44739675623328
53,21.361559510033736,6.5798476994289326,27.941407209462668,10006.578621672395,9999.998773972966,9978.637214462931,8974,41,520625,False,38.401484,17.039924489966268,0.44373088524303556,44.373088524303554
54,22.339530336791864,6.727817610857779,29.067347947649644,10006.715269127648,9999.98745151679,9977.647921179998,24246,42,529599,False,39.92339,17.583859663208134,0.44044004437519296,44.0440044375193
55,22.9752557430665,6.889399514131197,29.864655257197697,10006.867936713315,9999.978537199186,9977.00328145612,15761,43,553845,False,40.739963,17.7647072569335,0.4360511387046056,43.60511387046056
56,24.09258519419357,7.0639704137297965,31.15655560792337,10007.057617589908,9999.993647176178,9975.901061981984,27701,44,569606,False,42.409645,18.317059805806426,0.43190787863955066,43.190787863955066
57,24.53792776196708,7.188176894227554,31.726104656194632,10007.134390131074,9999.946213236846,9975.40828547488,11041,45,597307,False,43.007426,18.469498238032923,0.4294490499857611,42.94490499857611
58,21.216997625883728,7.253092855066452,28.47009048095018,10007.239520993033,9999.986428137969,9978.769430512084,4836,45,521179,False,43.110269,21.893271374116274,0.5078435343123531,50.78435343123531
59,21.31178569166289,7.297911532389617,28.609697224052507,10007.258344351643,9999.960432819256,9978.648647127591,2350,46,526015,False,43.240917,21.929131308337112,0.5071384427008593,50.71384427008593
60,21.34945890589172,7.297911532389617,28.64737043828133,10007.273548949714,9999.975637417325,9978.626178511431,934,47,528365,False,43.275208,21.92574909410828,0.5066584334870968,50.665843348709686
61,21.91742092897104,7.442988783652978,29.360409712624016,10007.41152829816,9999.968539514508,9978.051118585538,14081,48,529299,False,43.959513,22.04209207102896,0.501418022329523,50.1418022329523
62,22.23748190852749,7.4943042130797615,29.73178612160725,10007.49114688914,9999.99684267606,9977.759360767532,7935,49,543380,False,44.314524,22.07704209147251,0.49818976034747686,49.818976034747685
63,22.797578538914497,7.600953652359691,30.39853219127419,10007.595265910237,9999.994312257875,9977.19673371896,13886,50,551315,False,45.032595,22.235016461085504,0.4937538345521839,49.37538345521839
64,22.83379968064628,7.833550298728769,30.667349979375047,10007.776286523083,9999.942736224357,9977.10893654371,898,51,565201,False,44.901237,22.067437319353722,0.4914661330901356,49.14661330901356
65,23.62816400722281,7.958337014058983,31.586501021281794,10007.902172335209,9999.94383532115,9976.315671313929,19694,52,566099,False,46.041187,22.41302299277719,0.4868037610059269,48.680376100592696
66,23.75659175251679,8.023155983509843,31.77974773602664,10008.002984050649,9999.979828067137,9976.22323631462,3184,53,585793,False,46.094777,22.33818524748321,0.4846142383438195,48.461423834381954
67,23.863520757785118,8.157428700343143,32.02094945812826,10008.105381583917,9999.947952883576,9976.08443212579,2651,54,588977,False,46.092387,22.228866242214885,0.48226763005818907,48.22676300581891
68,24.797001696647747,8.157428700343143,32.95443039699089,10008.150673324297,9999.993244623953,9975.196242927304,23143,55,591628,False,47.609797,22.812795303352253,0.4791617847761933,47.91617847761933
69,25.03586762241124,8.157428700343143,33.19329632275438,10008.154586160736,9999.997157460395,9974.961289837984,5922,56,614771,False,47.924712,22.88884437758876,0.4776000401961468,47.760004019614684
70,25.375854263454887,8.22677532297333,33.602629586428215,10008.226332886215,9999.999557563244,9974.623703299789,8429,57,620693,False,48.289896,22.914041736545112,0.4745100659679431,47.45100659679431
71,25.71273508276875,8.297667975967961,34.01040305873671,10008.256525713956,9999.958857737987,9974.24612265522,8352,58,629122,False,48.750713,23.03797791723125,0.4725669943992665,47.25669943992665
72,26.203172568644856,8.370093875806935,34.57326644445179,10008.322168466744,9999.952074590938,9973.748902022293,12159,59,637474,False,49.377348,23.174175431355142,0.469328069854119,46.9328069854119
73,27.341194052854775,8.596045231507324,35.9372392843621,10008.562177023416,9999.966131791907,9972.624937739054,28214,60,649633,False,51.075929,23.734734947145228,0.4646951198312071,46.46951198312071
74,28.42585187279839,8.596045231507324,37.02189710430572,10008.59548878744,9999.999443555933,9971.573591683136,26891,61,677847,False,52.884042,24.45819012720161,0.4624871549569076,46.24871549569076
75,28.51188716824816,8.674390203119556,37.18627737136772,10008.602997717177,9999.928607514055,9971.41672034581,2133,62,704738,False,52.976428,24.46454083175184,0.4618004979828357,46.18004979828357
76,29.980981181783772,8.674390203119556,38.65537138490333,10008.644301215774,9999.969911012657,9969.988929830872,36422,63,706871,False,55.719153,25.738171818216227,0.4619268318421177,46.192683184211766
77,30.038418716111234,8.754228889778187,38.79264760588942,10008.687746814903,9999.933517925128,9969.895099209016,1424,64,743293,False,55.726055,25.687636283888768,0.4609627629999785,46.096276299997854
78,30.768165816569372,8.835718441569313,39.60388425813869,10008.823304616924,9999.987586175352,9969.219420358784,18092,65,744717,False,56.767142,25.998976183430628,0.45799339666299616,45.799339666299616
79,32.18498522021146,9.003413734735412,41.18839895494687,10008.9250868782,9999.921673143464,9967.736687923252,35126,66,762809,False,59.290354,27.10536877978854,0.45716321376304386,45.716321376304386
80,32.22346514138309,9.176934053671571,41.40039919505466,10009.11658759422,9999.939653540549,9967.716188399165,954,67,797935,False,59.149271,26.92580585861691,0.4552178818673338,45.52178818673338
81,32.86286106424747,9.26575918211184,42.12862024635931,10009.253034808024,9999.987275625912,9967.124414561664,15852,68,798889,False,59.985656,27.12279493575253,0.45215467737407977,45.21546773740798
82,33.23564034251599,9.356102013768872,42.59174235628487,10009.318225739731,9999.962123725963,9966.726483383449,9242,69,814741,False,60.426138,27.19049765748401,0.4499790745767007,44.997907457670074
83,33.75705537499567,9.541554763982134,43.29861013897781,10009.528490515517,9999.986935751533,9966.229880376535,12927,70,823983,False,60.97587,27.218814625004327,0.4463866546718288,44.63866546718288
84,34.474984218741774,9.636780725080689,44.11176494382247,10009.551326656543,9999.914545931462,9965.43956171272,17799,71,836910,False,62.075925,27.600940781258224,0.4446319693384871,44.46319693384871
85,34.79903839766509,9.636780725080689,44.43581912274578,10009.554198402204,9999.917417677125,9965.118379279458,8034,72,854709,False,62.517913,27.718874602334907,0.44337491883862,44.337491883862
86,35.23276438546226,9.636780725080689,44.86954511054295,10009.565993811591,9999.92921308651,9964.696448701048,10753,73,862743,False,63.141558,27.908793614537743,0.4420035630818255,44.20035630818255
87,35.415927196825315,9.733379891546711,45.149307088372026,10009.72617226528,9999.992792373734,9964.576865176909,4541,74,873496,False,63.193959,27.778031803174684,0.4395678359568307,43.95678359568307
88,37.13913389734337,9.831386906636276,46.970520803979646,10009.803630833816,9999.97224392718,9962.833110029836,42722,75,878037,False,66.599772,29.46063810265663,0.44235343782643327,44.23534378264333
89,37.562655042314105,9.831386906636276,47.39404194895038,10009.825614403451,9999.994227496816,9962.4315724545,10500,76,920759,False,67.214975,29.65231995768589,0.44115645297325323,44.11564529732532
90,38.111861128973295,9.931122528109382,48.04298365708268,10009.91251926807,9999.98139673996,9961.869535610987,13616,77,931259,False,67.9158,29.80393887102671,0.4388366016600954,43.88366016600954
91,40.124675621957046,10.03226019905835,50.1569358210154,10009.933174612645,9999.900914413583,9959.776238791626,49902,78,944875,False,72.247061,32.12238537804296,0.4446185759451579,44.46185759451579
92,40.81324033298517,10.134715102653818,50.94795543563899,10010.082147362476,9999.947432259823,9959.134191926838,17071,79,994777,False,73.169207,32.35596666701483,0.4422074256868034,44.220742568680336
93,41.664074145557805,10.238969286864906,51.90304343242271,10010.156006452216,9999.917037165347,9958.252963019791,21094,80,1011848,False,74.469402,32.8053278544422,0.4405208981595179,44.05208981595179
94,42.84448807961194,10.238969286864906,53.08345736647685,10010.215966989444,9999.976997702575,9957.132509622965,29265,81,1032942,False,76.594368,33.74987992038806,0.4406313519081202,44.06313519081202
95,43.54846089324758,10.344767405554624,53.8932282988022,10010.26082166541,9999.916054259857,9956.367593366607,17453,82,1062207,False,77.65701,34.10854910675242,0.4392204787018251,43.92204787018251
96,46.86709191454395,10.45191618924579,57.31900810378974,10010.385198706705,9999.933282517455,9953.066190602913,82276,83,1079660,False,86.648585,39.78149308545605,0.4591130147763642,45.91130147763642
97,47.91762603080706,10.45191618924579,58.36954222005285,10010.441339122315,9999.98942293307,9952.071796902264,26045,84,1161936,False,88.306158,40.38853196919294,0.4573693713318718,45.736937133187176
98,52.78339996235508,10.560841798953868,63.34424176130894,10010.452805560086,9999.891963761133,9947.108563798778,120633,85,1187981,False,97.354015,44.57061503764493,0.4578199988736461,45.78199988736461
99,52.836723291274254,10.560841798953868,63.39756509022812,10010.468501799429,9999.907660000476,9947.0709367092,1322,86,1308614,False,97.556226,44.71950270872574,0.4583972191454571,45.83972191454571
100,52.87367046925456,10.895781521343782,63.76945199059834,10010.843501799429,9999.947720278084,9947.07404980883,916,87,1309936,False,97.232472,44.35880153074544,0.45621386166902594,45.621386166902596
101,52.990037945753656,11.244083331052858,64.23412127680652,10011.142539119608,9999.898455788556,9946.908417842802,2885,88,1310852,False,97.089954,44.09991605424635,0.454217086705452,45.4217086705452
102,53.33768830275392,11.3639762685537,64.70166457130762,10011.292913752091,9999.92893748354,9946.591249180785,8619,89,1313737,False,97.428367,44.09067869724608,0.452544572539598,45.2544572539598
103,53.4074281179591,11.3639762685537,64.7714043865128,10011.331547389824,9999.96757112127,9946.560143003311,1729,90,1322356,False,97.500472,44.0930438820409,0.4522341582309561,45.22341582309561
104,53.50536234081518,11.731296118597404,65.23665845941258,10011.706547389824,9999.975251271226,9946.46988893041,2428,91,1324085,False,97.236078,43.730715659184824,0.449737551726272,44.9737551726272
105,53.970307887298766,11.983205322398778,65.95351320969755,10011.895105649926,9999.911900327528,9945.94159244023,11527,92,1326513,False,97.787659,43.81735111270124,0.44808671728915445,44.80867172891544
106,54.014152409640026,12.111305325826324,66.12545773546636,10012.05284570398,9999.941540378151,9945.927387968512,1087,93,1338040,False,97.684367,43.67021459035997,0.44705428239464323,44.705428239464325
107,54.11063455999907,12.24125362046484,66.35188818046392,10012.12743030009,9999.886176679624,9945.775542119629,2392,94,1339127,False,97.718828,43.60819344000093,0.4462619367477568,44.626193674775685
108,54.59465872567991,12.24125362046484,66.83591234614475,10012.167153562788,9999.925899942322,9945.331241216642,12000,95,1341519,False,98.174164,43.57950527432009,0.44389993760802576,44.389993760802575
109,55.14104133803929,12.24125362046484,67.38229495850413,10012.179823374336,9999.938569753873,9944.797528415833,13546,96,1353519,False,98.501892,43.36085066196071,0.44020322637011594,44.020322637011596
110,55.6931919050397,12.50655630629898,68.19974821133869,10012.470942583564,9999.964386277265,9944.271194372224,13689,97,1367065,False,99.01669,43.3234980949603,0.43753732926196887,43.75373292619689
111,56.35727306035381,12.640963412548924,68.99823647290273,10012.546991944157,9999.906028531606,9943.548755471253,16464,98,1380754,False,100.026388,43.669114939646185,0.4365759457359011,43.65759457359011
112,57.27724165792452,12.640963412548924,69.91820507047345,10012.575254710351,9999.934291297805,9942.65704963988,22808,99,1397218,False,100.193533,42.91629134207548,0.4283339458852647,42.83339458852647
113,57.61956774910229,12.640963412548924,70.26053116165122,10012.620907312754,9999.979943900204,9942.360376151104,8487,100,1420026,False,100.858283,43.23871525089771,0.4287076278196974,42.87076278196974
114,57.99174199716371,12.777255324489383,70.76899732165309,10012.7291128281,9999.951857503613,9941.960115506448,9227,101,1428513,False,101.270477,43.27873500283629,0.4273578666251991,42.73578666251991
115,58.13432744930385,12.777255324489383,70.91158277379324,10012.753428207165,9999.976172882674,9941.84184543337,3535,102,1437740,False,101.460124,43.32579655069614,0.4270229016346968,42.702290163469684
116,58.18297187795478,13.0532884728948,71.23626035084958,10012.9962053279,9999.942916855009,9941.759944977051,1206,103,1441275,False,101.269648,43.086676122045226,0.42546485519575644,42.54648551957565
117,58.52662903558817,13.19370317563023,71.7203322112184,10013.173826162656,9999.980122987026,9941.453493951438,8520,104,1442481,False,101.610949,43.08431996441183,0.42401257333411807,42.401257333411806
118,58.562809841972815,13.336019315674005,71.89882915764682,10013.332707349957,9999.996688034282,9941.433878192309,897,105,1451001,False,101.452068,42.88925815802718,0.4227539073725652,42.275390737256515
119,59.505809922760506,13.479688662067796,72.9854985848283,10013.403432059467,9999.9237433974,9940.41793347464,23379,106,1451898,False,101.978198,42.4723880772395,0.41648498316512217,41.64849831651222
120,63.021922803654654,13.62513367390616,76.64705647756081,10013.526807708651,9999.901674034743,9936.87975123109,87172,107,1475277,False,108.634517,45.61259419634535,0.41987202093737247,41.987202093737245
121,63.23021453628597,13.771646918448525,77.0018614547345,10013.636470902233,9999.864823983784,9936.634609447496,5164,108,1562449,False,108.927116,45.69690146371403,0.4195181433401214,41.95181433401214
122,63.47436439252481,13.771646918448525,77.24601131097333,10013.767643894638,9999.99599697619,9936.521632583665,6053,109,1567613,False,109.13106,45.65669560747519,0.41836573022817874,41.83657302281787
123,64.09770684722746,13.920089468854204,78.01779631608166,10013.77867190698,9999.858582438126,9935.7608755909,15454,110,1573666,False,110.056441,45.95873415277255,0.4175924074518505,41.75924074518505
124,66.9068620987976,13.920089468854204,80.8269515676518,10013.845862476946,9999.925773008092,9933.018910909292,69645,111,1589120,False,110.122149,43.21528690120239,0.39243047192261377,39.24304719226138
125,67.43860298014513,13.920089468854204,81.35869244899934,10013.851175582047,9999.931086113193,9932.492483133048,13183,112,1658765,False,110.979299,43.54069601985486,0.39233169079446845,39.233169079446846
126,67.51503846297557,14.069574117250587,81.58461258022615,10013.936325640308,9999.866751523055,9932.35171306008,1895,113,1671948,False,110.998184,43.48314553702443,0.39174645899634203,39.1746458996342
127,67.55162262283162,14.069574117250587,81.6211967400822,10013.986359445593,9999.91678532834,9932.365162705508,907,114,1673843,False,111.000556,43.44893337716839,0.39142987155098924,39.14298715509892
128,67.58776309386911,14.069574117250587,81.6573372111197,10014.005871628166,9999.936297510914,9932.348534417046,896,115,1674750,False,110.981044,43.39328090613088,0.39099723107786666,39.099723107786666
129,68.6829484394163,14.069574117250587,82.75252255666688,10014.01951522282,9999.94994110557,9931.266992666153,27152,116,1675646,False,112.918301,44.235352560583706,0.39174652973731605,39.174652973731604
130,68.93810984542436,14.220372475580684,83.15848232100505,10014.1302489244,9999.90987644882,9930.971766603396,6326,117,1702798,False,113.135205,44.197095154575635,0.3906573126780089,39.06573126780089
131,69.02515352455264,14.220372475580684,83.24552600013332,10014.15362945608,9999.9332569805,9930.908103455948,2158,118,1709124,False,113.213777,44.18862347544736,0.39031136180049325,39.03113618004932
132,69.47868416779558,14.527126563130636,84.00581073092621,10014.477613209545,9999.950486646412,9930.471802478616,11244,119,1711282,False,113.583545,44.10486083220442,0.38830326023196776,38.830326023196776
133,70.10057455000117,14.6830399212346,84.78361447123577,10014.586366995523,9999.90332707429,9929.802752524289,15418,120,1722526,False,114.393805,44.29323044999883,0.38719955551787816,38.71995555178781
134,70.22254863975274,14.6830399212346,84.90558856098734,10014.639614344158,9999.956574422924,9929.734025783171,3024,121,1737944,False,114.494275,44.27172636024726,0.3866719655655032,38.66719655655032
135,71.72092611531205,14.839771915455897,86.56069803076795,10014.751343534408,9999.911571618952,9928.19064550364,37148,122,1740968,False,117.566732,45.84580588468795,0.3899556031266391,38.99556031266391
136,71.75779262259807,14.839771915455897,86.59756453805397,10014.754227022027,9999.914455106573,9928.156662483972,914,123,1778116,False,117.905751,46.14795837740192,0.3913970097811592,39.13970097811592
137,72.61608847439162,15.15788576818314,87.77397424257475,10015.129227022027,9999.971341253844,9927.355252779453,21279,124,1779030,False,118.074688,45.45859952560838,0.38499868427014927,38.499868427014924
138,72.66356317797548,15.319307875740511,87.982871053716,10015.211522771271,9999.892214895532,9927.228651717556,1177,125,1800309,False,118.493302,45.829738822024524,0.38677071233971116,38.67707123397112
139,72.74479856711558,15.482139670713355,88.22693823782893,10015.40235258606,9999.920212915344,9927.17541434823,2014,126,1801486,False,118.40477,45.65997143288442,0.3856261148337556,38.562611483375555
140,72.78291547016295,15.482139670713355,88.2650551408763,10015.413146762508,9999.931007091796,9927.148091621631,945,127,1803500,False,118.444479,45.66156352983705,0.3855102738037883,38.55102738037883
141,72.90335681672319,15.645932888563452,88.54928970528664,10015.496498466728,9999.850565578165,9926.94720876144,2986,128,1804445,False,118.514653,45.61129618327681,0.3848578638058942,38.485786380589424
142,72.94703999767589,15.645932888563452,88.59297288623934,10015.580839939035,9999.934907050472,9926.987867052796,1083,129,1807431,False,118.484612,45.53757200232411,0.384333216218188,38.4333216218188
143,73.48116066450469,15.980442607817174,89.46160327232187,10015.928068150391,9999.947625542574,9926.466464878067,13242,130,1808514,False,118.707889,45.22672833549531,0.3809917665665448,38.099176656654485
144,75.13704767064597,16.14912542747634,91.2861730981223,10016.034067762082,9999.884942334606,9924.74789466396,41053,131,1821756,False,119.013904,43.87685632935403,0.36867000287087487,36.867000287087485
145,76.13014425258162,16.14912542747634,92.27926968005796,10016.114253239166,9999.965127811687,9923.834983559109,24621,132,1862809,False,121.163629,45.033484747418385,0.3716749417221432,37.16749417221432
146,76.1663653943134,16.319313084279884,92.48567847859329,10016.153075286147,9999.83376220187,9923.667396807556,898,133,1887430,False,121.281638,45.1152726056866,0.3719876590526144,37.19876590526144
147,76.21012924596037,16.319313084279884,92.52944233024026,10016.203428048642,9999.884114964363,9923.673985718402,1085,134,1888328,False,121.267535,45.05740575403962,0.37155373657128943,37.15537365712894
148,76.43818529869033,16.319313084279884,92.7574983829702,10016.2953494231,9999.97603633882,9923.53785104013,5654,135,1889413,False,121.620057,45.181871701309674,0.3715001687699396,37.15001687699396
149,76.6777369253552,16.490627622577982,93.16836454793318,10016.367583993242,9999.876956370665,9923.199219445309,5939,136,1895067,False,121.889676,45.21193907464479,0.3709250902811883,37.09250902811883
150,76.88344719576956,16.490627622577982,93.37407481834754,10016.3703151234,9999.87968750082,9922.996240305052,5100,137,1901006,False,122.168272,45.28482480423044,0.37067582329584264,37.06758232958426
151,77.00836576586237,16.664506380643548,93.67287214650592,10016.589112512644,9999.924606132005,9922.91624036614,9421,137,1899782,False,122.545,45.53663423413764,0.3715911235394152,37.159112353941524
152,77.0965791700577,16.91114310050859,94.00772227056628,10016.872226445024,9999.961083344517,9922.864504174457,2187,138,1909203,False,122.370859,45.2742798299423,0.36997599101549417,36.99759910154942
153,77.528328725845,16.91114310050859,94.43947182635358,10016.89111551628,9999.979972415773,9922.451643689928,10704,139,1911390,False,122.854181,45.325852274155,0.3689402501828977,36.894025018289774
154,77.82467252128309,17.02086847998692,94.84554100127,10016.992055187478,9999.971186707491,9922.146514186208,9359,139,1920082,False,123.364633,45.53996047871691,0.3691492397072742,36.91492397072742
155,77.86403982009179,17.02086847998692,94.8849083000787,10017.00642203804,9999.985553558052,9922.12151373796,976,140,1929441,False,123.403099,45.53905917990821,0.36902686844119054,36.90268684411905
156,78.32370143610002,17.166576823537667,95.49027825963768,10017.14585627924,9999.979279455703,9921.655578019603,18720,140,1923093,False,124.502387,46.178685563899975,0.3709060257929029,37.09060257929029
157,78.40501749593442,17.215397978053364,95.62041547398778,10017.18713366993,9999.971735691875,9921.566718195942,2016,141,1941813,False,124.566589,46.16157150406558,0.37057747085027415,37.057747085027415
158,78.66937536109043,17.371170888748953,96.04054624983938,10017.321772790969,9999.95060190222,9921.281226541128,6554,142,1943829,False,124.827264,46.15788863890957,0.3697740954965541,36.97740954965541
159,78.32648457505269,17.53097443180477,95.85745900685744,10017.484055760482,9999.953081328676,9921.626596753624,917,142,1940965,False,124.717723,46.39123842494732,0.37196989576972406,37.196989576972406
160,78.55567001750256,17.68391835121228,96.23958836871483,10017.667032350808,9999.983113999597,9921.427443982093,5682,143,1941882,False,124.810458,46.25478798249743,0.3706002583733603,37.06002583733603
161,78.63238784776298,17.68391835121228,96.31630619897528,10017.681282196963,9999.99736384575,9921.364975997987,1902,144,1947564,False,124.900022,46.26763415223702,0.37043735790724697,37.043735790724696
162,78.1331169208632,18.017572311911344,96.15068923277454,10017.990917134915,9999.973344823004,9921.84022790214,1383,143,1935705,False,124.694501,46.5613840791368,0.37340366821097265,37.34036682109726
163,78.16913638585929,18.06484236514796,96.23397875100724,10018.023622474042,9999.958780108896,9921.789643723036,893,144,1937088,False,124.714971,46.545834614140716,0.3732176998553022,37.32176998553022
164,78.6282736423547,18.06484236514796,96.69311600750264,10018.02838876982,9999.963546404671,9921.33527276232,11383,145,1937981,False,125.367985,46.739711357645305,0.37282015306894584,37.282015306894586
165,78.73786478053427,18.16482450035048,96.90268928088474,10018.129557460108,9999.964732959756,9921.226868179225,2717,146,1949364,False,125.426261,46.68839621946573,0.3722378060800659,37.22378060800659
166,79.25613365593702,18.217202801129336,97.47333645706637,10018.187495019463,9999.970292218331,9920.714158562396,12849,147,1952081,False,126.161557,46.90542334406298,0.3717885579365748,37.178855793657476
167,80.05791968638732,18.44099331742969,98.498913003817,10018.408835119591,9999.967841802163,9919.909922115776,19878,148,1964930,False,127.252936,47.19501631361268,0.37087565754563556,37.087565754563556
168,80.09401982207768,18.624742060130764,98.71876188220844,10018.615281434064,9999.990539373934,9919.896519551856,895,149,1984808,False,127.098804,47.00478417792232,0.3698286899530724,36.982868995307236
169,80.8323986868238,18.688606745766613,99.5210054325904,10018.6629644087,9999.974357662932,9919.141958976108,18306,150,1985703,False,128.288725,47.456326313176206,0.369918138271124,36.9918138271124
170,80.87817930582779,19.06455649596987,99.94273580179764,10019.0379644087,9999.973407912728,9919.0952286069,21641,150,1983503,False,129.413805,48.53562569417221,0.3750421038479798,37.50421038479798
171,81.1646812765637,19.121532065333568,100.28621334189728,10019.080937393075,9999.95940532774,9918.794724051178,7103,151,2005144,False,129.771498,48.60681672343631,0.37455695181569304,37.455695181569304
172,81.22635402234086,19.18000708950504,100.4063611118459,10019.171402916478,9999.991395826974,9918.765041804632,1529,152,2012247,False,129.78704,48.56068597765913,0.3741566644686491,37.41566644686491
173,81.66754204935894,19.240085339369152,100.90762738872807,10019.208361331974,9999.968275992604,9918.300733943246,10938,153,2013776,False,130.415603,48.74806095064106,0.37379009742140334,37.37900974214033
174,82.14971078907134,19.56292999138932,101.71264078046066,10019.552055483158,9999.98912549177,9917.839414702696,11954,154,2024714,False,130.269322,48.11961121092865,0.3693855964870122,36.93855964870122
175,82.18919909392146,19.632121327585786,101.82132042150724,10019.574537231263,9999.94241590368,9917.753216809757,979,155,2036668,False,130.314744,48.12554490607853,0.3693023784482785,36.93023784482785
176,82.48953608872642,19.632121327585786,102.1216574163122,10019.580281025092,9999.948159697507,9917.458623608782,7446,156,2037647,False,130.765714,48.27617791127358,0.3691807006175455,36.91807006175455
177,82.53281591620771,19.70296543911197,102.23578135531967,10019.651668693868,9999.948703254757,9917.41588733855,1073,157,2045093,False,130.747286,48.21447008379229,0.36876077170574917,36.876077170574916
178,82.4402866298684,20.04851363298235,102.48880026285076,10020.026668693868,9999.978155060886,9917.537868431018,14315,157,2029557,False,130.405927,47.965640370131595,0.3678179471867993,36.781794718679926
179,86.58954345482022,20.31077755431025,106.90032100913048,10020.304498722926,9999.993721168616,9913.404177713795,102869,158,2043872,False,130.750635,44.16109154517977,0.33775049387086936,33.77504938708694
180,89.63490249924261,20.484878415439365,110.11978091468198,10020.477091458242,9999.992213042802,9910.35731054356,75501,159,2146741,False,131.694106,42.05920350075739,0.31937043181535696,31.937043181535696
181,90.2493308422273,20.80506986986471,111.054400712092,10020.75390463989,9999.948834770026,9909.6995039278,15233,160,2222242,False,131.534921,41.2855901577727,0.31387550806962283,31.387550806962285
182,89.59440581071398,21.03993359085555,110.63433940156952,10021.03379331284,9999.993859721986,9910.399453911272,10116,160,2211122,False,131.692909,42.098503189286006,0.31967175384732377,31.96717538473238
183,89.79144398149323,21.140672231150948,110.93211621264416,10021.125242510738,9999.984570279586,9910.193126298092,4885,161,2221238,False,131.730439,41.93899501850676,0.3183698113881391,31.836981138813908
184,89.97605886535332,21.19347049818413,111.16952936353744,10021.172704215904,9999.97923371772,9910.003174852369,4577,162,2226123,False,132.127106,42.151047134646674,0.31901892360108663,31.901892360108665
185,90.01207833034941,21.360055280691984,111.3721336110414,10021.357512238195,9999.997456957504,9909.985378627154,893,163,2230700,False,131.995981,41.98390266965059,0.31806955296351475,31.806955296351475
186,90.8393159648451,21.54068931061713,112.38000527546222,10021.492975701369,9999.95228639075,9909.112970425904,20509,164,2231593,False,132.628146,41.78883003515489,0.3150826675595306,31.508266755953063
187,91.23948294382171,21.603881307454508,112.84336425127624,10021.551457988657,9999.947576681205,9908.70809373738,9921,165,2252102,False,133.219477,41.9799940561783,0.31511904266204477,31.51190426620448
188,91.28691731205843,21.603881307454508,112.89079861951296,10021.563861887633,9999.959980580175,9908.67306326812,1176,166,2262023,False,133.260375,41.973457687941576,0.3149732821023622,31.49732821023622
189,91.66086631539405,21.80239889010865,113.46326520550268,10021.735553707647,9999.933154817538,9908.272288502145,9271,167,2263199,False,133.210983,41.55011668460595,0.31191209424981087,31.191209424981086
190,94.56251051795635,21.80239889010865,116.36490940806502,10021.773608164456,9999.971209274348,9905.40869875639,71938,168,2272470,False,133.545313,38.98280248204364,0.29190693111066834,29.190693111066835
191,94.6166002184712,22.163874896834084,116.78047511530528,10022.118815549147,9999.954940652317,9905.338340433844,1341,169,2344408,False,133.336344,38.71974378152879,0.2903915213209145,29.039152132091452
192,94.70142545350676,22.163874896834084,116.86530035034085,10022.153279890928,9999.989404994094,9905.287979540588,2103,170,2345749,False,133.389863,38.68843754649323,0.2900403124823154,29.004031248231538
193,95.36913679006348,22.24063264892205,117.60976943898552,10022.169651429293,9999.92901878037,9904.559881990308,16554,171,2347852,False,134.471108,39.10197120993651,0.2907834388479681,29.07834388479681
194,96.05592674581744,22.39867425172015,118.4546009975376,10022.391966864963,9999.993292613242,9903.937365867425,17027,172,2364406,False,135.394595,39.338668254182565,0.29054829148964595,29.054829148964593
195,96.12147168492004,22.47995754115638,118.60142922607643,10022.41276565441,9999.932808113252,9903.811336428333,1625,173,2381433,False,135.480105,39.35863331507997,0.29051227348163017,29.051227348163017
196,96.18338644278006,22.47995754115638,118.66334398393644,10022.437460533092,9999.957502991936,9903.774116549155,1535,174,2383058,False,135.508135,39.32474855721995,0.2902021237117605,29.02021237117605
197,96.52422012611363,22.562927504571125,119.08714763068475,10022.551804145582,9999.988876641011,9903.464656514898,8450,175,2384593,False,135.909982,39.38576187388638,0.28979300338577324,28.979300338577325
198,96.9612536123763,22.837923366063706,119.79917697844,10022.811297144575,9999.973373778512,9903.012120166137,16894,175,2386984,False,136.144644,39.1833903876237,0.28780706487156194,28.780706487156195
199,97.63126406372,22.892532727659024,120.52379679137904,10022.838634242698,9999.94610151504,9902.314837451318,16611,176,2403878,False,136.72479,39.09352593628002,0.28592858644200525,28.592858644200525
200,98.43708362888432,22.892532727659024,121.32961635654334,10022.885075853024,9999.992543125363,9901.55545949648,19978,177,2420489,False,137.043436,38.60635237111569,0.28170887638219816,28.170887638219817
201,98.26053581445224,23.11639226817149,121.37692808262372,10023.072875924963,9999.956483656792,9901.69594784234,1577,177,2434513,False,136.991202,38.73066618554775,0.28272374882547385,28.272374882547386
202,97.83729701691148,23.4991057786783,121.33640279558978,10023.447875924963,9999.948770146286,9902.111473129376,846,177,2424751,False,137.199557,39.36225998308852,0.2868978650061423,28.68978650061423
203,98.10016247422332,23.553148589940665,121.65331106416396,10023.53470475656,9999.981556166618,9901.881393692394,6517,178,2425597,False,137.511766,39.41160352577667,0.2866053187461549,28.66053187461549
204,98.64622240380557,23.60856679025049,122.25478919405606,10023.554125402808,9999.94555861256,9901.299336208753,13538,179,2432114,False,138.294847,39.64862459619444,0.286696326408998,28.6696326408998
205,98.68244354553735,23.60856679025049,122.29101033578785,10023.5558796915,9999.947312901251,9901.264869355711,898,180,2445652,False,138.345139,39.662695454462636,0.28669381332193133,28.669381332193133
206,98.93651589717264,23.60856679025049,122.54508268742316,10023.5884944602,9999.97992766995,9901.043411772778,6299,181,2446550,False,138.43333,39.49681410282737,0.2853128946824249,28.531289468242488
207,99.29025689159108,23.60856679025049,122.89882368184156,10023.606164306086,9999.997597515836,9900.707340624243,8770,182,2452849,False,138.447713,39.15745610840891,0.2828320906132188,28.28320906132188
208,100.82901004963756,23.78381369624909,124.61282374588666,10023.747682340463,9999.963868644214,9899.134858594576,38149,183,2461619,False,139.393697,38.56468695036244,0.2766601918188772,27.66601918188772
209,101.03451864331625,23.78381369624909,124.81833233956532,10023.763922082257,9999.980108386006,9898.945589742689,5095,184,2499768,False,139.656818,38.62229935668374,0.27655147747017794,27.655147747017793
210,101.31662406121389,23.90824460945268,125.22486867066657,10023.852158065092,9999.94391345564,9898.627289394426,6994,185,2504863,False,139.762639,38.44601493878612,0.27508077418877386,27.508077418877384
211,102.23251878872344,24.039571961464645,126.27209075018808,10024.00028658732,9999.960714625857,9897.728195837131,37879,185,2496685,False,141.198503,38.96598421127655,0.275965986773079,27.5965986773079
212,102.94173519748728,24.142275715230824,127.08401091271811,10024.109056924995,9999.966781209769,9897.02504601228,17583,186,2534564,False,142.396222,39.45448680251272,0.27707537635733565,27.707537635733566
213,103.6588573342906,24.142275715230824,127.8011330495214,10024.1369148194,9999.994639104169,9896.335781769878,17779,187,2552147,False,142.507769,38.848911665709394,0.27260907905806453,27.26090790580645
214,104.23762923040344,24.36744999514809,128.60507922555152,10024.340699339316,9999.973249344166,9895.735620113765,14349,188,2569926,False,143.213966,38.97633676959656,0.2721545800190783,27.215458001907827
215,104.5860862943465,24.55247948368444,129.13856577803094,10024.497786294938,9999.945306811254,9895.359220516908,8639,189,2584275,False,143.08893,38.502843705653504,0.26908331556923026,26.908331556923027
216,104.62323514906252,24.683399622157665,129.30663477122016,10024.66568299317,9999.982283371011,9895.359048221952,921,190,2592914,False,143.003684,38.38044885093747,0.2683878329381883,26.838783293818828
217,104.66215875905267,24.683399622157665,129.34555838121034,10024.683242819849,9999.999843197693,9895.337684438638,965,191,2593835,False,143.037984,38.37582524094732,0.2682911501391639,26.82911501391639
218,105.22669227762508,24.751166633514504,129.9778589111396,10024.699756342532,9999.948589709018,9894.721897431393,13996,192,2594800,False,143.053437,37.826744722374926,0.26442387904580666,26.442387904580666
219,103.43205167732198,25.066838533991813,128.49889021131378,10025.027885325286,9999.961046791292,9896.528995113971,1429,192,2562874,False,143.643442,40.211390322678014,0.2799389221171546,27.99389221171546
220,105.49665675603356,25.12085866975917,130.61751542579273,10025.091235000826,9999.970376331066,9894.473719575031,51186,193,2564303,False,144.269505,38.77284824396645,0.2687529027285874,26.875290272858738
221,105.6033840845662,25.176459633706028,130.77984371827222,10025.135988892966,9999.95952925926,9894.356145174694,2646,194,2615489,False,144.337974,38.7345899154338,0.26836035481164366,26.836035481164366
222,106.66646249378988,25.23350505266241,131.8999675464523,10025.219810395294,9999.986305342632,9893.319842848843,26356,195,2618135,False,146.013241,39.346778506210114,0.2694740438383264,26.94740438383264
223,108.48699838695693,25.413142377590383,133.9001407645473,10025.355719082832,9999.942576705242,9891.455578318284,45135,196,2644491,False,145.909291,37.42229261304307,0.2564764200865253,25.647642008652532
224,108.7046075847776,25.742845375760336,134.44745296053793,10025.730719082832,9999.987873707072,9891.283266122296,5395,197,2689626,False,147.44118,38.7365724152224,0.26272559955924385,26.272559955924386
225,108.75954432758238,25.812761194609443,134.5723055221918,10025.772906267786,9999.960145073175,9891.200600745597,1362,198,2695021,False,147.504,38.744455672417615,0.2626671525681854,26.26671525681854
226,109.6499471156994,26.108349947419256,135.75829706311868,10026.096370786065,9999.988020838646,9890.338073722947,22075,199,2696383,False,147.374503,37.7245558843006,0.25597749350374804,25.597749350374805
227,109.89445999006251,26.108349947419256,136.00280993748177,10026.099517499437,9999.991167552016,9890.096707561954,6062,200,2718458,False,147.506601,37.612141009937474,0.2549861548903664,25.49861548903664
228,109.96065029471936,26.264609535255985,136.22525982997536,10026.200783266288,9999.936173731032,9889.975523436313,1641,201,2724520,False,148.398045,38.43739470528064,0.2590155059339268,25.90155059339268
229,110.48993071989136,26.345097113018923,136.83502783291027,10026.326415009666,9999.981317896649,9889.491387176757,13122,202,2726161,False,148.884222,38.39429128010863,0.2578801888094538,25.78801888094538
230,110.6534502171972,26.345097113018923,136.99854733021613,10026.340406853353,9999.995309740332,9889.341859523134,4054,203,2739283,False,150.056738,39.40328778280279,0.26258925995580945,26.258925995580945
231,110.6899940417061,26.427222427654087,137.1172164693602,10026.359309084355,9999.9320866567,9889.242092614995,906,204,2743337,False,150.089859,39.39986495829389,0.2625085080417984,26.250850804179844
232,110.83959784424862,26.427222427654087,137.2668202719027,10026.427209247418,9999.999986819765,9889.160388975515,3709,205,2744243,False,150.237147,39.39754915575138,0.2622357382475546,26.22357382475546
233,111.807565504916,26.859240201100537,138.66680570601656,10026.802209247418,9999.942969046318,9888.135403541402,23998,206,2747952,False,150.227885,38.42031949508399,0.25574692404864774,25.574692404864773
234,111.99048630419622,26.95009323207795,138.9405795362742,10026.915514964465,9999.965421732386,9887.97493542819,4535,207,2771950,False,150.67489,38.68440369580378,0.25674087896001635,25.674087896001634
235,112.23072363176249,27.329616998811524,139.56034063057402,10027.253441128303,9999.923824129492,9887.693100497729,5956,208,2776485,False,150.666367,38.43564336823752,0.25510433505201274,25.510433505201274
236,113.2461256606666,27.528323799801772,140.77444946046836,10027.45737659373,9999.929052793928,9886.682927133264,25174,209,2782441,False,150.880138,37.63401233933338,0.2494298642498152,24.94298642498152
237,113.56521859189168,27.629806627799223,141.19502521969093,10027.536120351431,9999.906313723632,9886.34109513174,7911,210,2807615,False,151.424055,37.85883640810833,0.2500186407510242,25.00186407510242
238,117.19003523332832,27.73276704617839,144.92280227950673,10027.728122553886,9999.995355507708,9882.80532027438,89867,211,2815526,False,151.899811,34.70977576667168,0.2285044039104939,22.85044039104939
239,117.44410758496362,27.73276704617839,145.176874631142,10027.73037227597,9999.997605229792,9882.553497644829,6299,212,2905393,False,152.226705,34.78259741503639,0.22849208629350803,22.849208629350805
240,117.71875096364036,27.8374417391395,145.55619270277987,10027.744818835608,9999.90737709647,9882.188626132827,6809,213,2911692,False,154.422504,36.70375303635964,0.23768396500266337,23.768396500266338
241,118.00876210957746,28.051165773297196,146.05992788287466,10027.965894009214,9999.914728235915,9881.90596612634,7190,214,2918501,False,154.444775,36.43601289042253,0.23591612529735975,23.591612529735976
242,118.83680645101596,28.271075942813464,147.1078823938294,10028.165100092076,9999.894024149262,9881.057217698246,20529,215,2925691,False,156.48878,37.65197354898403,0.24060494016877143,24.060494016877144
243,118.89214654729211,28.271075942813464,147.1632224901056,10028.198200116263,9999.92712417345,9881.034977626156,1372,216,2946220,False,156.743193,37.85104645270788,0.24148446722472905,24.148446722472904
244,119.29908986458828,28.383169080467297,147.6822589450556,10028.292782785404,9999.909613704936,9880.610523840349,10089,217,2947592,False,156.893662,37.594572135411724,0.2396181697601763,23.96181697601763
245,120.02839327622787,28.49702572735937,148.52541900358727,10028.409213350971,9999.912187623611,9879.883794347385,18081,218,2957681,False,158.032444,38.004050723772124,0.24048258548587734,24.048258548587732
246,123.0600786379698,28.72866342024022,151.78874205821,10028.662085561777,9999.933422141534,9876.873343503565,75162,219,2975762,False,160.141068,37.080989362030195,0.23155202987674714,23.155202987674713
247,123.05358464708024,28.847086206733977,151.90067085381423,10028.777596680831,9999.930510474098,9876.87692582702,892,219,3049871,False,160.153182,37.099597352919744,0.23165070396740384,23.165070396740383
248,123.5135689458656,28.847086206733977,152.36065515259958,10028.844096788383,9999.997010581652,9876.483441635786,11404,220,3050763,False,160.584895,37.07132605413439,0.23085188712259885,23.085188712259885
249,123.5964177488913,28.95067135552949,152.5470891044208,10028.902684157154,9999.952012801625,9876.355595052732,7764,220,3056457,False,160.94928,37.35286225110869,0.23207846752162353,23.207846752162354
250,124.19313887448148,29.003570140099587,153.19670901458107,10028.97204921707,9999.968479076972,9875.77534020249,14794,221,3064221,False,300.140238,175.94709912551855,0.5862162977478499,58.62162977478499
251,124.23488595877149,29.114056643239937,153.34894260201142,10029.103968544132,9999.989911900891,9875.75502594212,1035,222,3079015,False,300.293948,176.05906204122851,0.5862890784639739,58.6289078463974
252,124.73819042038524,29.38134182232509,154.1195322427103,10029.356606285668,9999.975264463345,9875.237074042958,19716,222,3072812,False,300.244399,175.50620857961474,0.584544488304059,58.4544488304059
253,124.7909893897916,29.43756549264788,154.22855488243948,10029.43222471822,9999.994659225573,9875.20366983578,1309,223,3092528,False,472.323618,347.5326286102084,0.7357934589038662,73.57934589038662
254,124.89263446458456,29.494867214405936,154.3875016789905,10029.46782542205,9999.972958207643,9875.08032374306,2520,224,3093837,False,472.444474,347.55183953541547,0.7356458984329562,73.56458984329562
255,125.5664767739066,29.5537224628651,155.1201992367717,10029.50158227619,9999.947859813326,9874.38138303942,16706,225,3096357,False,473.488061,347.9215842260934,0.7348054003543151,73.4805400354315
256,125.21967345919629,29.719560442899507,154.9392339020958,10029.672891930562,9999.953331487664,9874.733658028466,1757,225,3102708,False,473.368531,348.14885754080376,0.7354710648072289,73.54710648072289
257,125.6771166311118,29.88756171290938,155.5646783440212,10029.884881357346,9999.997319644435,9874.320203013323,11341,226,3104465,False,473.856889,348.1797723688882,0.7347783274896911,73.4778327489691
258,125.7136604556207,29.946425862629955,155.66008631825065,10029.898786646438,9999.952360783807,9874.238700328187,906,227,3115806,False,473.894702,348.1810415443793,0.734722376247159,73.4722376247159
259,125.789773255674,29.946425862629955,155.73619911830397,10029.907396317409,9999.960970454777,9874.171197199104,1887,228,3116712,False,473.991235,348.201461744326,0.7346158241603898,73.46158241603898
260,126.51052557371992,30.06889991651712,156.57942549023704,10030.020205170857,9999.951305254335,9873.440779680615,17869,229,3118599,False,474.600353,348.08982742628007,0.7334377760698381,73.3437776069838
261,126.67001153631176,30.06889991651712,156.73891145282886,10030.039958541833,9999.971058625317,9873.301047089004,3954,230,3136468,False,474.740153,348.0701414636883,0.733180328784383,73.3180328784383
262,126.04670941695623,30.2991391813566,156.34584859831284,10030.25759007085,9999.958450889497,9873.91174147254,1902,229,3123067,False,474.623692,348.5769825830438,0.7344281131735914,73.44281131735913
263,127.14762238179732,30.35119529035123,157.49881767214856,10030.304033675066,9999.952838384714,9872.805216002916,27294,230,3124969,False,474.9982,347.8505776182027,0.7323197806185427,73.23197806185428
264,127.52725866907964,30.35119529035123,157.87845395943089,10030.323450587945,9999.97225529759,9872.444996628512,9412,231,3152263,False,475.015344,347.4880853309204,0.7315302331179441,73.15302331179441
265,128.02886904611356,30.692288707035672,158.7211577531492,10030.64069230424,9999.948403597204,9871.91953455109,12436,232,3161675,False,475.597782,347.5689129538864,0.7308043184984543,73.08043184984543
266,128.24022626512752,30.692288707035672,158.93251497216318,10030.663312373072,9999.971023666036,9871.730797400907,5240,233,3174111,False,481.307247,353.0670207348725,0.7335584970630464,73.35584970630464
267,130.4590333759556,30.75426573935648,161.21329911531208,10030.705197538033,9999.950931798674,9869.49189842272,55009,234,3179351,False,481.861048,351.40201462404434,0.7292600555337778,72.92600555337778
268,131.07108193345903,30.75426573935648,161.8253476728155,10030.72604491854,9999.971779179185,9868.900697245725,15174,235,3234360,False,482.96066,351.889578066541,0.72860919576046,72.860919576046
269,132.66106098237344,30.75426573935648,163.4153267217299,10030.741385109992,9999.987119370637,9867.326058388262,39419,236,3249534,False,484.163246,351.5021850176266,0.7259993151517051,72.59993151517051
270,132.69748380084093,30.75426573935648,163.4517495401974,10030.744056964895,9999.989791225538,9867.292307424696,903,237,3288953,False,485.430394,352.73291019915905,0.7266395235217988,72.66395235217988
271,132.8098984133203,30.75426573935648,163.56416415267677,10030.751180572575,9999.99691483322,9867.1870164199,2787,238,3289856,False,492.500204,359.6903055866797,0.7303353433467404,73.03353433467404
272,133.18005589402472,30.81783048667126,163.99788638069597,10030.775172748372,9999.9573422617,9866.777286367676,9177,239,3292643,False,492.998603,359.8185471059753,0.7298571332989666,72.98571332989667
273,134.63426616446563,30.81783048667126,165.45209665113688,10030.78203019526,9999.96419970859,9865.329933544124,36053,240,3301820,False,758.492066,623.8577998355344,0.8224974627955229,82.2497462795523
274,135.1942417888112,30.94934168986677,166.14358347867798,10030.893829171937,9999.944487482067,9864.750245693256,13883,241,3337873,False,759.247728,624.0534862111888,0.8219365869622842,82.19365869622843
275,135.54786177718822,31.086824849008337,166.63468662619655,10031.036537881444,9999.949713032436,9864.401851255248,8767,242,3351756,False,759.13611,623.5882482228118,0.8214445868248998,82.14445868248998
276,135.8598960226638,31.15779837633318,167.01769439899698,10031.09907109039,9999.941272714055,9864.081376691393,7736,243,3360523,False,762.444334,626.5844379773362,0.8218100785012012,82.18100785012012
277,136.41418436306262,31.15779837633318,167.5719827393958,10031.146910161253,9999.989111784918,9863.574927421856,13742,244,3368259,False,763.187694,626.7735096369373,0.8212573585298629,82.1257358529863
278,136.29684883823217,31.281955397623623,167.57880423585578,10031.234690270903,9999.95273487328,9863.655886035049,897,244,3378195,False,763.150927,626.8540781617678,0.8214024984887004,82.14024984887004
279,137.79538765518004,31.49718273999209,169.2925703951721,10031.494625405943,9999.997442665954,9862.202055010774,45924,244,3370320,False,764.056795,626.2614073448199,0.819652951774115,81.9652951774115
280,138.10262199434595,31.775853463435045,169.878475457781,10031.732712001563,9999.95685853813,9861.854236543784,7617,245,3416244,False,767.884214,629.7815920056541,0.8201517631480495,82.01517631480495
281,138.22935565506003,31.775853463435045,170.0052091184951,10031.738268053856,9999.96241459042,9861.73305893536,3142,246,3423861,False,768.764066,630.5347103449399,0.8201927460341778,82.01927460341778
282,139.2027282522442,31.775853463435045,170.97858171567927,10031.763303046242,9999.987449582806,9860.78472133056,24132,247,3427003,False,769.230206,630.0274777477557,0.8190363207704765,81.90363207704765
283,139.39234471914966,31.836350747640346,171.22869546679,10031.79707341219,9999.96072266455,9860.5683779454,4701,248,3451135,False,770.786342,631.3939972808503,0.8191556633483398,81.91556633483398
284,140.1621448193179,31.836350747640346,171.99849556695824,10031.832931642202,9999.996580894562,9859.834436075244,19085,249,3455836,False,771.969692,631.8075471806821,0.8184356895460634,81.84356895460634
285,139.14339495660116,31.948418678141604,171.09181363474275,10031.938786744568,9999.990368066428,9860.846973109825,899,249,3448765,False,771.914714,632.7713190433989,0.8197425279852858,81.97425279852858
286,139.40972925376704,32.0534030209906,171.46313227475764,10032.006074714096,9999.952671693103,9860.54294243934,6603,250,3449664,False,772.234133,632.824403746233,0.819472199820819,81.9472199820819
287,141.44525254719065,32.0534030209906,173.49865556818125,10032.012388272287,9999.958985251296,9858.513732704105,50465,251,3456267,False,772.308299,630.8630464528094,0.8168539005338454,81.68539005338454
288,141.56726697228936,32.1079588187063,173.67522579099565,10032.07086186048,9999.962903041773,9858.395636069485,3025,252,3506732,False,772.675509,631.1082420277107,0.8167830281620984,81.67830281620984
289,141.60413347957538,32.16407734880509,173.76821082838046,10032.16358917849,9999.999511829685,9858.39537835011,914,253,3509757,False,772.582782,630.9786485204246,0.8167133195578058,81.67133195578057
290,142.18633388019515,32.22134416986372,174.40767805005888,10032.176991667637,9999.95564749777,9857.769313617577,14434,254,3510671,False,772.714793,630.5284591198049,0.815991184369373,81.5991184369373
291,142.87961782683868,32.402659984440454,175.28227781127913,10032.401055551927,9999.998395567489,9857.11877774065,17188,255,3525105,False,774.843642,631.9640241731613,0.8156020000912149,81.56020000912149
292,145.59095986159414,32.46616156035653,178.05712142195068,10032.407725620964,9999.941564060608,9854.350604199011,67220,256,3542293,False,777.619541,632.0285811384059,0.8127735323184296,81.27735323184297
293,145.63355398817407,32.73512533526748,178.36867932344154,10032.731245742456,9999.996120407188,9854.362566419011,1056,257,3609513,False,779.207514,633.5739600118259,0.8131004239928645,81.31004239928646
294,146.0479996800383,32.80599372236832,178.85399340240662,10032.744292692782,9999.938298970414,9853.890299290377,10275,258,3610569,False,779.799835,633.7518353199617,0.812710912307338,81.2710912307338
295,146.59777046155742,33.02809774489101,179.62586820644842,10032.97618998124,9999.94809223635,9853.350321774791,13630,259,3620844,False,779.945969,633.3481985384426,0.8120411204259235,81.20411204259234
296,146.9470342324433,33.345456235279286,180.2924904677226,10033.267374336589,9999.921918101309,9852.974883868865,8659,260,3634474,False,780.069313,633.1222787675567,0.8116231060707765,81.16231060707764
297,147.9350485606393,33.68706582926527,181.62211438990457,10033.642374336589,9999.955308507324,9852.020259946685,24495,261,3643133,False,780.437243,632.5021944393607,0.8104459392635119,81.0445939263512
298,150.1005323425482,33.88100291068849,183.9815352532367,10033.844826707247,9999.96382379656,9849.863291454012,69282,261,3652033,False,780.271019,630.1704866574519,0.8076302609125251,80.76302609125251
299,150.36069533160168,34.04878509268008,184.40948042428172,10034.03379617392,9999.98501108124,9849.624315749636,3378,262,3724387,False,782.431859,632.0711636683984,0.8078290222949605,80.78290222949605
300,150.48085433073194,34.168212132579285,184.6490664633112,10034.162367816109,9999.99415568353,9849.513301352796,979,263,3729765,False,784.227098,633.746243669268,0.8081157170996762,80.81157170996762
301,150.7993018964028,34.358659338322184,185.15796123472495,10034.351064826418,9999.992405488096,9849.193103591691,4743,264,3733896,False,784.322045,633.5227431035972,0.8077329295310031,80.77329295310031
302,151.07043609987832,34.425010631125424,185.4954467310037,10034.3691283549,9999.944117723777,9848.873681623898,5714,265,3739647,False,784.393346,633.3229099001217,0.8074047455014002,80.74047455014002
303,152.27335715763664,34.493027873522266,186.7663850311589,10034.46513052574,9999.972102652217,9847.69874549458,28831,266,3746353,False,787.36547,635.0921128423633,0.8066039686022342,80.66039686022341
304,152.79198905116365,34.56251996145419,187.35450901261785,10034.555381193351,9999.992861231898,9847.200872180734,11850,267,3776192,False,788.079762,635.2877729488363,0.8061211613106191,80.61211613106191
305,153.13855035379112,34.83110827948987,187.96965863328097,10034.798996153604,9999.967887874114,9846.829337520325,10357,267,3786277,False,788.152082,635.0135316462088,0.8056992376836846,80.56992376836845
306,153.95687387656886,34.88400026060397,188.8408741371728,10034.876669107776,9999.992668847171,9846.035794970603,21398,267,3795524,False,1094.623236,940.6663621234311,0.8593517213839148,85.93517213839148
307,153.96961984626512,34.986794180890826,188.95641402715597,10034.937453925762,9999.95065974487,9845.981039898606,3944,267,3813294,False,1105.025167,951.0555471537349,0.8606641509674637,86.06641509674637
308,154.3137610280642,35.09139411181875,189.4051551398829,10035.06500878168,9999.97361466986,9845.659853641797,8532,268,3817238,False,1229.52108,1075.2073189719358,0.8744927894785959,87.44927894785958
309,154.27705586216672,35.146106935838446,189.4231627980052,10035.103743490732,9999.957636554893,9845.680580692726,1128,268,3823732,False,1231.3671,1077.0900441378333,0.874710753712547,87.4710753712547
310,154.78479721196592,35.146106935838446,189.9309041478044,10035.122562695282,9999.976455759444,9845.191658547476,12588,269,3824860,False,1232.154098,1077.369300788034,0.8743787019308635,87.43787019308635
311,154.7660412755458,35.24837463604211,190.01441591158792,10035.203794271718,9999.955419635677,9845.189378360132,1661,269,3835322,False,1232.127118,1077.3610767244543,0.8743911735935466,87.43911735935465
312,154.86696031409025,35.29773884083194,190.16469915492215,10035.271216565265,9999.973477724432,9845.106517410342,3510,270,3835975,False,1232.27785,1077.4108896859098,0.8743246417079636,87.43246417079637
313,155.08969210099772,35.34966571413164,190.43935781512937,10035.304305056688,9999.954639342555,9844.86494724156,20187,270,3824820,False,1232.744256,1077.6545638990021,0.8741915110566146,87.41915110566147
314,155.653902936793,35.39965881400231,191.05356175079527,10035.361566773025,9999.96190795902,9844.308005022229,14980,271,3844015,False,1239.55948,1083.905577063207,0.8744280484734843,87.44280484734843
315,156.1882252803575,35.45116946021294,191.6393947405704,10035.418607463303,9999.96743800309,9843.779212722731,13695,272,3858547,False,1239.816985,1083.6287597196424,0.8740231605390069,87.40231605390069
316,156.51260214205794,35.50449275432056,192.0170948963785,10035.468200784786,9999.963708030466,9843.451105888407,8058,273,3872226,False,1240.318883,1083.806280857942,0.8738126103800857,87.38126103800857
317,156.89260144746453,35.55879147888426,192.4513929263488,10035.527847258132,9999.969055779247,9843.076454331784,9325,274,3880380,False,1240.682442,1083.7898405525355,0.8735433047681797,87.35433047681796
318,156.9522574258847,35.67276427672327,192.625021702608,10035.672540415106,9999.999776138382,9843.047518712498,1479,275,3889705,False,1240.591737,1083.6394795741153,0.8734859722623763,87.34859722623763
319,157.52961758484767,35.7315902565659,193.2612078414136,10035.71656825145,9999.984977994884,9842.455360410037,14314,276,3891184,False,1241.30262,1083.7730024151522,0.8730933013056495,87.30933013056496
320,157.45620725305272,36.115200359718,193.5714076127707,10036.088211722525,9999.973011362805,9842.516804109751,1060,277,3902618,False,1241.412768,1083.9565607469472,0.8731636959826623,87.31636959826623
321,157.14126886258308,36.44956903738407,193.59083789996717,10036.398347994556,9999.948778957172,9842.80751009459,9535,277,3886335,False,1248.00965,1090.868381137417,0.874086495354757,87.4086495354757
322,158.49548780746375,36.506592715786695,195.00208052325047,10036.480307847747,9999.973715131962,9841.478227324498,33990,278,3895454,False,1248.675756,1090.1802681925365,0.873069139810012,87.3069139810012
323,158.71007185424895,36.56546967308,195.27554152732893,10036.53006217155,9999.96459249847,9841.25452064422,5240,279,3929524,False,1254.655988,1095.945916145751,0.8735031168924298,87.35031168924297
324,159.07853525037348,36.68793714952991,195.7664723999034,10036.625893839388,9999.937956689855,9840.859421439483,9135,280,3934764,False,1262.22015,1103.1416147496266,0.8739692634043487,87.39692634043486
325,159.35975329063405,36.88286554084782,196.24261883148188,10036.861839964336,9999.97897442349,9840.619221132856,6886,280,3943985,False,1262.37864,1103.018886709366,0.8737623180231932,87.37623180231931
326,159.44151303928697,37.03420051149983,196.4757135507868,10036.9939952125,9999.959794701,9840.518281661714,10602,280,3942296,False,1262.833476,1103.391962960713,0.8737430420800097,87.37430420800098
327,164.10891773360012,37.25322044585244,201.36213817945256,10037.197950430356,9999.944729984503,9835.835812250903,115635,281,3952978,False,1263.885437,1099.7765192663999,0.8701552269459372,87.01552269459371
328,165.08394408001703,37.31156943346102,202.39551351347805,10037.293054367874,9999.981484934411,9834.897540854396,24829,282,4067957,False,1265.947459,1100.863514919983,0.8695965279551012,86.95965279551012
329,166.6499235973831,37.43326623753912,204.08318983492225,10037.418325494462,9999.985059256922,9833.33513565954,40536,283,4091074,False,1269.554982,1102.905058402617,0.8687335909352659,86.87335909352659
330,166.3972629828977,37.49662474202815,203.89388772492583,10037.4608124883,9999.96418774627,9833.566924763374,13712,283,4111634,False,1273.234589,1106.8373260171022,0.869311386589343,86.9311386589343
331,167.21006056311722,37.65043007597707,204.86049063909428,10037.626765284944,9999.976335208969,9832.76627464585,20151,284,4125346,False,1273.31651,1106.106449436883,0.8686814635246368,86.86814635246368
332,167.4642942561411,37.70434717744957,205.16864143359064,10037.655034512323,9999.950687334873,9832.486393078732,6303,285,4145497,False,1276.49575,1109.031455743859,0.868809360112526,86.8809360112526
333,168.0841678709897,37.81713453964058,205.90130241063028,10037.803382243395,9999.986247703757,9831.902079832767,15368,286,4151800,False,1276.832521,1108.7483531290104,0.8683584846825892,86.83584846825893
334,168.3292857755599,38.06049441773416,206.3897801932941,10038.049790030189,9999.989295612451,9831.660009836893,6077,287,4167168,False,1278.340878,1110.0115922244402,0.8683220659900075,86.83220659900076
335,168.36558758798594,38.12484736973922,206.4904349577252,10038.067500286124,9999.942652916385,9831.577065328398,900,288,4173245,False,1279.858865,1111.4932774120139,0.8684498797545258,86.84498797545258
336,168.41463537010827,38.19059510605393,206.6052304761622,10038.186613058317,9999.996017952262,9831.581382582151,1216,289,4174145,False,1279.7917,1111.3770646298917,0.8684046510302355,86.84046510302355
337,169.5694766940756,38.25789569969557,207.8273723937712,10038.19910382582,9999.941208126123,9830.37173143205,28631,290,4175361,False,1280.258657,1110.6891803059245,0.8675506111464821,86.75506111464821
338,169.64562982947606,38.39704542911127,208.0426752585873,10038.360802558042,9999.96375712893,9830.318127299452,1888,291,4203992,False,1280.396371,1110.750741170524,0.8675053806213294,86.75053806213295
339,169.7034707172749,38.39704542911127,208.10051614638616,10038.37183724652,9999.974791817407,9830.271321100132,1434,292,4205880,False,1280.487341,1110.783870282725,0.8674696224761234,86.74696224761233
340,169.72230732438933,38.77277633726512,208.4950836616545,10038.715328792405,9999.94255245514,9830.22024513075,3808,292,4203973,False,1280.357387,1110.6350796756108,0.8674414588866747,86.74414588866746
341,169.75836712473256,38.77277633726512,208.5311434619977,10038.733805465905,9999.96102912864,9830.202662003909,894,293,4207781,False,1280.390111,1110.6317438752674,0.8674166836604593,86.74166836604593
342,171.27900971191318,39.15207273799729,210.4310824499105,10039.108805465905,9999.956732727907,9828.677723015997,35126,293,4211249,False,1280.34232,1109.0633102880868,0.8662240503680975,86.62240503680975
343,171.82418226385835,39.35809312270999,211.18227538656836,10039.310539040136,9999.952445917426,9828.128263653569,18907,293,4240984,False,1280.523288,1108.6991057361417,0.8658172140451862,86.58172140451862
344,171.15050129592493,39.46964843053148,210.6201497264564,10039.423116438353,9999.95346800782,9828.802966711895,6929,293,4236260,False,1286.364144,1115.213642704075,0.8669501928406325,86.69501928406325
345,171.18664176696242,39.6227028775684,210.8093446445308,10039.613882336764,9999.991179459195,9828.804537692233,896,294,4243189,False,1433.973976,1262.7873342330377,0.880620816952007,88.0620816952007
346,171.2227419026528,39.84734688933055,211.07008879198327,10039.812045542634,9999.964698653304,9828.741956750651,895,295,4244085,False,1433.801637,1262.5788950973472,0.8805812899886842,88.05812899886843
347,171.63585652806137,40.22842347721864,211.86428000528,10040.1769546078,9999.948531130583,9828.312674602525,10242,296,4244980,False,1442.307658,1270.6718014719386,0.8809991366432436,88.09991366432436
348,171.6832908962981,40.22842347721864,211.91171437351676,10040.2134800349,9999.985056557682,9828.301765661385,1176,297,4255222,False,1442.323661,1270.6403701037018,0.8809675695278647,88.09675695278646
349,171.74024440645988,40.36714402212234,212.10738842858223,10040.32495294078,9999.957808918658,9828.2175645122,1412,298,4256398,False,1442.31687,1270.5766255935403,0.8809275215601826,88.09275215601826
350,172.52488791437565,40.36714402212234,212.892031936498,10040.33743727812,9999.970293255998,9827.44540534162,19453,299,4257810,False,1442.441623,1269.9167350856242,0.8803938508405232,88.03938508405233
351,172.93017748243906,40.51231401252232,213.4424914949614,10040.45713031937,9999.944816306848,9827.014638824408,10048,300,4277263,False,1453.011358,1280.0811805175608,0.8809849788645361,88.09849788645361
352,173.2870646339344,40.51231401252232,213.79937864645672,10040.480616141587,9999.968302129068,9826.681237495131,8848,301,4287311,False,1453.072193,1279.7851283660657,0.8807443529174092,88.07443529174091
353,174.28185530044993,40.58728933059885,214.8691446310488,10040.584653106276,9999.997363775678,9825.715508475228,24663,302,4296159,False,1454.927815,1280.64595969955,0.8802127133018968,88.02127133018968
354,174.5492786519886,40.74187102661752,215.29114967860613,10040.690857914218,9999.9489868876,9825.399708235613,6630,303,4320822,False,1455.251214,1280.7019353480114,0.8800555691190864,88.00555691190864
355,175.0633526512888,40.821275136038814,215.8846277873276,10040.769274368844,9999.947999232803,9824.884646581517,12745,304,4327452,False,1456.613704,1281.5503513487113,0.8798148389167642,87.98148389167642
356,177.76634526918627,40.90220494737981,218.66855021656608,10040.861707759694,9999.959502812311,9822.193157543126,67013,305,4340197,False,1750.671316,1572.9049707308136,0.8984581836438872,89.84581836438872
357,176.39224099816553,41.06917407598301,217.46141507414853,10041.042157623197,9999.972983547214,9823.580742549047,4316,305,4368827,False,1829.452417,1653.0601760018344,0.9035819465108473,90.35819465108473
358,176.7461433339725,41.28023590236581,218.0263792363383,10041.242866199167,9999.9626302968,9823.216486962829,8774,306,4373143,False,1829.769633,1653.0234896660277,0.9034052483185065,90.34052483185066
359,176.78680136388968,41.33684632202619,218.12364768591587,10041.32756313446,9999.990716812434,9823.203915448545,1008,307,4381917,False,1833.786527,1656.9997256361103,0.9035946666850554,90.35946666850553
360,177.356780154326,41.45376475110696,218.81054490543292,10041.441972490944,9999.988207739838,9822.631427585511,14131,308,4382925,False,1841.075089,1663.7183088456738,0.9036667318926903,90.36667318926904
361,178.4135259140487,41.83918136870568,220.2527072827544,10041.776607285236,9999.93742591653,9821.52390000248,23911,309,4399344,False,1842.441342,1664.0278160859514,0.9031646099949223,90.31646099949224
362,178.80001921034483,41.83918136870568,220.6392005790505,10041.792548619858,9999.953367251152,9821.153348040809,9582,310,4423255,False,1842.964139,1664.1641197896552,0.9029823665981029,90.2982366598103
363,179.37988016083048,41.83918136870568,221.21906152953616,10041.8081170416,9999.968935672896,9820.589055512066,14376,311,4432837,False,1843.899607,1664.5197268391696,0.9027171113438875,90.27171113438875
364,180.0485192103714,41.83918136870568,221.8877005790771,10041.81959157584,9999.980410207134,9819.931890996762,16577,312,4447213,False,1844.204517,1664.1559977896286,0.902370633218457,90.2370633218457
365,180.3301809394505,41.97814574229662,222.30832668174716,10041.953659684646,9999.97551394235,9819.6453330029,4999,313,4465774,False,1847.79776,1667.4675790605495,0.9024080530655852,90.24080530655853
366,181.4285124420746,42.04959897809841,223.478111420173,10042.021451005672,9999.971852027573,9818.543339585498,26158,314,4471845,False,1848.658112,1667.2295995579254,0.9018593479971301,90.18593479971301
367,181.60171242269408,42.27235616762757,223.87406859032168,10042.207531441583,9999.935175273957,9818.333462851262,1318,315,4500979,False,1848.674826,1667.0731135773058,0.9017665465723748,90.17665465723748
368,182.0899717998246,42.34968514330167,224.4396569431263,10042.346581586538,9999.996896443236,9817.906924643412,11113,316,4503289,False,1849.202174,1667.1122022001755,0.9015305225355935,90.15305225355935
369,182.51663910187227,42.4282047223763,224.94484382424855,10042.397321817774,9999.969117095396,9817.452477993524,9586,317,4515394,False,1849.236436,1666.7197968981277,0.9013016207399278,90.13016207399278
370,183.0137722553736,42.75786485444382,225.77163710981745,10042.683119635249,9999.925254780805,9816.91148252543,8341,318,4528964,False,1849.173009,1666.1592367446265,0.9010293945646848,90.10293945646848
371,183.50695254485527,42.93215180559392,226.4391043504492,10042.862835012842,9999.930683207249,9816.423730662396,11667,319,4537865,False,1849.795721,1666.2887684551447,0.900796098476403,90.0796098476403
372,183.54728789199527,42.93215180559392,226.47943969758924,10042.902265488996,9999.970113683405,9816.422825791407,1000,320,4549532,False,1850.914937,1667.3676491080048,0.9008342932336522,90.08342932336521
373,183.7804261984649,43.021457528198,226.8018837266629,10042.95887282349,9999.937415295291,9816.156989096826,5780,321,4550532,False,1851.134443,1667.354016801535,0.9007201087455187,90.07201087455186
374,183.88259563277077,43.021457528198,226.90405316096877,10043.006062726938,9999.98460519874,9816.102009565968,2533,322,4556312,False,1851.245213,1667.3626173672292,0.9006708596238403,90.06708596238403
375,184.5536548031401,43.11217777504741,227.66583257818743,10043.027501995208,9999.91532422016,9815.36166941702,16637,323,4558845,False,1851.974125,1667.42047019686,0.9003476062047358,90.03476062047358
376,185.37738326243456,43.11217777504741,228.489561037482,10043.04749131107,9999.935313536023,9814.55793027359,20422,324,4575482,False,1855.627041,1670.2496577375655,0.9000998696577873,90.00998696577874
377,185.41429010506772,43.39304632115512,228.8073364262229,10043.391349535666,9999.998303214512,9814.584013109445,915,325,4595904,False,1855.334931,1669.9206408949324,0.900064248774138,90.0064248774138
378,185.89609582665588,43.48992111500948,229.38601694166536,10043.463359872085,9999.973438757075,9814.07734293042,11945,326,4596819,False,1855.622614,1669.7265181733442,0.8998200957327545,89.98200957327545
379,186.28141939788492,43.5884869998371,229.86990639772205,10043.523785464686,9999.935298464849,9813.653879066964,9553,327,4608764,False,1857.694958,1671.413538602115,0.8997244307545325,89.97244307545324
380,186.6968331380805,43.68848551036286,230.3853186484434,10043.687306709064,9999.9988211987,9813.30198806062,10299,328,4618317,False,1858.470614,1671.7737808619195,0.8995427575062639,89.9542757506264
381,187.7685433115922,43.78983622542042,231.55837953701263,10043.787954355375,9999.998118129955,9812.229574818364,26570,329,4628616,False,1871.641307,1683.872763688408,0.8996770681383599,89.96770681383599
382,190.7494061359376,44.15233966273564,234.9017457986733,10044.131837091078,9999.97949742834,9809.230091292404,81445,329,4647643,False,1878.754643,1688.0052368640625,0.8984702942203521,89.8470294220352
383,190.97012115548807,44.367243772970006,235.33736492845807,10044.3212744785,9999.95403070553,9808.983909550045,5472,330,4729088,False,1878.84211,1687.871988844512,0.8983575468427797,89.83575468427797
384,191.94139631462096,44.42461379609858,236.36601011071957,10044.402863831632,9999.978250035534,9808.036853720912,24080,331,4734560,False,1878.792002,1686.850605685379,0.8978378681033895,89.78378681033895
385,191.77953056654783,44.48420896780895,236.2637395343568,10044.46188647612,9999.977677508312,9808.198146941764,4961,331,4749666,False,1879.714593,1687.935062433452,0.8979741226243978,89.79741226243978
386,191.9001735898438,44.85880145307232,236.7589750429161,10044.83688647612,9999.978085023047,9808.077911433204,2991,332,4754627,False,1879.495947,1687.5957734101562,0.8978980646932762,89.78980646932762
387,190.9167171558746,45.02861303649812,235.94533019237272,10044.995011268911,9999.966398232416,9809.04968107654,1112,332,4732124,False,1879.388607,1688.4718898441256,0.8984155185123592,89.84155185123592
388,190.77090487596325,45.4111081647567,236.18201304071997,10045.370011268911,9999.958903104156,9809.187998228192,3313,333,4726308,False,1879.223393,1688.4524881240368,0.8984841793761328,89.84841793761328
389,191.13005080689845,45.4111081647567,236.54115897165516,10045.385774515764,9999.974666351009,9808.844615544109,8904,334,4729621,False,1879.720478,1688.5904271931015,0.8983199613751836,89.83199613751836
390,191.36811002571915,45.66125916290269,237.02936918862184,10045.623360039564,9999.96210087666,9808.59399085094,9870,335,4734557,False,1880.059586,1688.6914759742808,0.8982116782623509,89.8211678262351
391,191.533363942952,45.79495947755999,237.328323420512,10045.750054539889,9999.955095062329,9808.421731119375,6097,336,4742427,False,1880.261816,1688.728452057048,0.8981347372407885,89.81347372407885
392,192.01670240773143,45.79495947755999,237.81166188529144,10045.766306975474,9999.971347497914,9807.954645090183,11983,337,4748524,False,1880.921826,1688.9051235922686,0.8979135125375852,89.79135125375852
393,192.22459078689135,45.93455535616396,238.15914614305532,10045.877226767889,9999.942671411723,9807.718080624833,7138,338,4758523,False,1881.183452,1688.9588612131085,0.8978172008782419,89.7817200878242
394,192.18118995336863,46.08043810772752,238.2616280610962,10046.022060422314,9999.941622314587,9807.760432361218,908,339,4763677,False,1884.749681,1692.5684910466314,0.8980335734284872,89.80335734284873
395,197.07378689076484,46.08043810772752,243.15422499849237,10046.023607796116,9999.94316968839,9802.869382797624,121298,340,4764585,False,1884.777872,1687.7040851092352,0.8954392505247086,89.54392505247087
396,197.4894023076961,46.15566822238463,243.64507053008077,10046.099322648686,9999.9436544263,9802.454252118603,11296,341,4884891,False,1885.852188,1688.362785692304,0.8952784297919238,89.52784297919239
397,197.44233095758364,46.39039477375739,243.83272573134104,10046.317479503188,9999.92708472943,9802.484753771849,1809,342,4893211,False,1886.268416,1688.8260850424163,0.895326492622785,89.5326492622785
398,198.44998859983687,46.39039477375739,244.84038337359425,10046.3612378609,9999.97084308714,9801.520854487304,24982,343,4895020,False,1887.93784,1689.4878514001632,0.8948853164573274,89.48853164573273
399,198.5783760097837,46.4715236086705,245.04989961845425,10046.437925487176,9999.966401878504,9801.38802586872,3631,344,4919554,False,1888.072608,1689.4942319902161,0.8948248202063933,89.48248202063934
400,199.3126003337744,46.5542609081334,245.86686124190777,10046.510920415532,9999.9566595074,9800.644059173625,18203,345,4923185,False,1888.036172,1688.7235716662258,0.8944339079464553,89.44339079464552
401,199.58377487259708,46.6386594286651,246.22243430126215,10046.55584943527,9999.917190006605,9800.333415134008,22484,345,4925627,False,1888.853918,1689.270143127403,0.8943360452755791,89.4336045275579
402,199.9819250842167,46.90051584759849,246.8824409318152,10046.869154382057,9999.968638534458,9799.98671345024,9871,346,4948111,False,1889.927932,1689.9460069157833,0.8941854227888004,89.41854227888004
403,200.4042361687732,47.07515645646277,247.479392625236,10047.059157766913,9999.984001310448,9799.579765141674,10470,347,4957982,False,1891.818825,1691.4145888312269,0.894067955387444,89.4067955387444
404,200.51177020424865,47.07515645646277,247.5869266607114,10047.07380716327,9999.998650706806,9799.486880502558,2666,348,4968452,False,1896.946935,1696.4351647957512,0.8942976387453618,89.42976387453618
405,201.53080241439537,47.46564242922065,248.996444843616,10047.44880716327,9999.983164734049,9798.452362319653,25264,349,4971118,False,1896.649836,1695.1190335856047,0.8937438009962766,89.37438009962766
406,200.49575707143404,47.76141249755472,248.2571695689888,10047.713009562607,9999.951597065052,9799.455839993618,2040,349,4968681,False,1901.372352,1700.876594928566,0.8945520813634751,89.45520813634751
407,200.5326235787201,47.76141249755472,248.2940360762748,10047.75475296762,9999.993340470066,9799.460716891346,914,350,4970721,False,1901.358759,1700.8261354212798,0.8945319379472666,89.45319379472666
408,200.7349860153218,47.98620714738955,248.72119316271136,10047.981424317468,9999.99521717008,9799.260231154756,5017,351,4971635,False,1901.278162,1700.5431759846783,0.8944210321102285,89.44210321102285
409,201.38438510427693,48.04622918160902,249.43061428588595,10047.99548917859,9999.94925999698,9798.564874892703,16100,352,4976652,False,1903.457851,1702.073465895723,0.8942007646775695,89.42007646775694
410,202.12518408985144,48.43841216519144,250.56359625504288,10048.37048917859,9999.932077013398,9797.806892923549,18366,353,4992752,False,1906.922014,1704.7968299101485,0.8940044833475548,89.40044833475548
411,202.76893623020692,48.509084590070565,251.2780208202775,10048.507448032004,9999.998363441937,9797.229427211729,15960,354,5011118,False,1953.871921,1751.102984769793,0.8962219918046476,89.62219918046476
412,202.96323159738068,48.65447089490031,251.61770249228096,10048.638720453955,9999.984249559056,9797.021017961675,4817,355,5027078,False,1997.828525,1794.8652934026193,0.8984080820462904,89.84080820462904
413,203.23142132051495,48.65447089490031,251.88589221541528,10048.650569842976,9999.996098948077,9796.76467762756,6649,356,5031895,False,2016.768746,1813.537324679485,0.8992291894032977,89.92291894032977
414,206.6760196309298,48.96226760487441,255.63828723580423,10048.934738668537,9999.97247106366,9793.29645143273,85399,357,5038544,False,2063.454513,1856.7784933690702,0.8998397985858921,89.98397985858921
415,207.45864637148856,48.96226760487441,256.420913976363,10048.938417205918,9999.976149601043,9792.517503229556,19403,358,5123943,False,2065.578974,1858.1203276285114,0.8995639242155219,89.9563924215522
416,210.24045425769776,49.04246075916824,259.282915016866,10048.972858079636,9999.930397320468,9789.68994306277,68967,359,5143346,False,2073.416949,1863.176494742302,0.8986019409366284,89.86019409366284
417,210.31725275865244,49.04246075916824,259.3597135178207,10048.992150940385,9999.949690181216,9789.632437422564,1904,360,5212313,False,2129.449245,1919.1319922413472,0.9012339677724263,90.12339677724263
418,210.364929138972,49.20783056396253,259.57275970293455,10049.179593868374,9999.971763304413,9789.60683416544,1182,361,5214217,False,2129.315975,1918.951045861028,0.9012053957191712,90.12053957191712
419,212.4553891752004,49.20783056396253,261.6632197391629,10049.20720653724,9999.99937597328,9787.54398679808,51827,362,5215399,False,2131.49331,1919.0379208247994,0.9003255660346405,90.03255660346406
420,212.41537651083743,49.51492510127439,261.93030161211186,10049.50908932284,9999.994164221564,9787.578787710729,10049,362,5256185,False,2136.646586,1924.2312094891624,0.900584692900243,90.0584692900243
421,213.29436439571384,49.66815515706041,262.96251955277427,10049.642576325174,9999.974421168114,9786.6800567724,21792,363,5266234,False,2140.922893,1927.6285286042862,0.9003727013742042,90.03727013742042
422,214.9149983084547,49.66815515706041,264.5831534655151,10049.647180423352,9999.979025266292,9785.064026957838,40179,364,5288026,False,2142.080712,1927.1657136915453,0.8996699811055231,89.96699811055231
423,215.1280899473957,49.66815515706041,264.7962451044561,10049.64786100201,9999.97970584495,9784.851615897554,5283,365,5328205,False,2144.59809,1929.4700000526043,0.8996883887239704,89.96883887239704
424,215.46960933163064,49.66815515706041,265.13776448869106,10049.654491001358,9999.986335844298,9784.516726512667,8467,366,5333488,False,2144.735739,1929.2661296683696,0.8995355906028334,89.95355906028334
425,215.5056691319739,49.77720975236564,265.28287888433954,10049.770892811766,9999.993683059402,9784.488013927428,894,367,5341955,False,2210.781225,1995.2755558680262,0.9025205810982161,90.2520581098216
426,215.91543592356985,50.01369919807642,265.92913512164625,10049.97300213053,9999.959302932451,9784.043867008884,10159,368,5342849,False,2210.726196,1994.8107600764301,0.9023328007266397,90.23328007266397
427,217.2112896211389,50.01369919807642,267.2249888192153,10050.00706893965,9999.993369741574,9782.782080120436,32127,369,5353008,False,2225.848919,2008.6376293788612,0.9024141810493029,90.24141810493029
428,217.4015514535986,50.29456184366856,267.6961132972672,10050.243717275063,9999.949155431395,9782.547603977797,9553,369,5380299,False,2262.632298,2045.2307465464014,0.903916534893555,90.39165348935549
429,218.52827904060928,50.29456184366856,268.82284088427787,10050.25108414837,9999.956522304705,9781.428243264094,27934,370,5389852,False,2285.151455,2066.623175959391,0.904370330219268,90.43703302192681
430,219.55106243804,50.4992610432963,270.0503234813363,10050.452867752216,9999.95360670892,9780.40254427088,28641,369,5414502,False,2286.503629,2066.95256656196,0.903979569656725,90.3979569656725
431,219.54957003019584,50.8081065543789,270.35767658457473,10050.78139924485,9999.97329269047,9780.423722660276,14044,369,5429062,False,2292.228714,2072.679143969804,0.9042200419664598,90.42200419664597
432,219.7071602314721,50.98226338034824,270.6894236118204,10050.966259894569,9999.98399651422,9780.276836282748,3907,370,5443106,False,2292.269864,2072.5627037685276,0.9041530128358952,90.41530128358953
433,220.6990064176464,51.17025577333626,271.8692621909827,10051.11597593064,9999.945720157302,9779.246713739656,24590,371,5447013,False,2293.358669,2072.659662582354,0.9037660312794072,90.37660312794073
434,220.4165379816245,51.37104091348586,271.7875788951104,10051.343480536156,9999.97243962267,9779.555901641046,932,371,5463668,False,2311.185466,2090.7689280183754,0.9046305278290355,90.46305278290355
435,220.47889642830305,51.37104091348586,271.8499373417889,10051.348602987486,9999.977562074,9779.498665645697,1546,372,5464600,False,2311.288369,2090.809472571697,0.904607793910331,90.4607793910331
436,221.1047396745284,51.41981077569528,272.5245504502236,10051.37677469681,9999.956963921117,9778.852224246586,15516,373,5466146,False,2311.767015,2090.6622753254715,0.9043568239187251,90.4356823918725
437,221.4427902189093,51.41981077569528,272.8626009946046,10051.393455218407,9999.973644442713,9778.530854223804,8381,374,5481662,False,2313.111937,2091.6691467810906,0.9042662887702224,90.42662887702224
438,221.67471846496468,51.52273536977779,273.1974538347425,10051.481236527212,9999.958501157436,9778.28378269247,5750,375,5490043,False,2313.05931,2091.3845915350353,0.904163841581319,90.4163841581319
439,222.01599583711683,51.68850960415917,273.704505441276,10051.652140247745,9999.963630643584,9777.947634806467,8461,376,5495793,False,2316.981,2094.9650041628834,0.9041787585495449,90.41787585495449
440,222.70613362668345,51.80567057485671,274.51180420154014,10051.776425783522,9999.970755208666,9777.264621581982,31588,376,5489776,False,2317.110375,2094.404241373317,0.9038862645346865,90.38862645346865
441,222.8906275045021,52.06651395843588,274.957141462938,10052.014511936586,9999.94799797815,9777.057370473647,9550,377,5516388,False,2373.469233,2150.578605495498,0.9060907871037476,90.60907871037476
442,222.9650058846284,52.06651395843588,275.03151984306425,10052.03559577977,9999.969081821331,9777.004075936704,1844,378,5525938,False,2373.555108,2150.590102115372,0.9060628484533049,90.60628484533049
443,223.18753599480016,52.240749257379846,275.42828525218,10052.20142035883,9999.96067110145,9776.773135106649,8509,379,5524790,False,2373.855738,2150.6682020052,0.9059810027955455,90.59810027955454
444,223.6754726891536,52.240749257379846,275.9162219465334,10052.22823073705,9999.98748147967,9776.312008790515,12097,380,5533299,False,2374.548812,2150.8733393108464,0.9058029586257443,90.58029586257443
445,223.88634588400183,52.30137387949112,276.18771976349296,10052.267699570892,9999.9663256914,9776.0799798074,6220,381,5544404,False,2374.902106,2151.015760115998,0.9057281791454178,90.57281791454179
446,223.84193666680065,52.42717965533791,276.26911632213853,10052.422392793382,9999.995213138043,9776.153276471245,899,382,5548624,False,2374.747413,2150.905476333199,0.905740738808081,90.5740738808081
447,222.8324639339261,52.82917006714025,275.6616340010664,10052.797392793382,9999.968222726242,9777.135758792316,1053,381,5523443,False,2374.476351,2151.6438870660736,0.9061551133831754,90.61551133831755
448,223.5203026087057,52.93792485682749,276.45822746553324,10052.915589588054,9999.977664731226,9776.45736212252,19037,382,5522512,False,2375.604941,2152.0846383912944,0.9059101541880883,90.59101541880882
449,223.6035144298557,52.93792485682749,276.5414392866832,10052.922594803558,9999.98466994673,9776.381155516876,2063,383,5541549,False,2375.704349,2152.1008345701443,0.9058790650764366,90.58790650764365
450,224.39683003740657,53.05259265276296,277.4494226901695,10053.042334510988,9999.989741858226,9775.59291182082,21668,384,5541612,False,2376.863035,2152.466204962593,0.9055911818505744,90.55911818505744
451,224.76682617672245,53.05259265276296,277.8194188294854,10053.047743697016,9999.995151044252,9775.22832486753,9173,385,5563280,False,2379.47271,2154.7058838232774,0.9055392292451538,90.55392292451539
452,224.81676133648185,53.36553325332469,278.18229458980653,10053.317171448258,9999.951638194932,9775.13487685845,6214,386,5567477,False,2380.15114,2155.3343786635182,0.9055451741873494,90.55451741873493
453,224.838986112756,53.50069211429452,278.3396782270505,10053.471724101131,9999.97103198684,9775.132045874085,2535,387,5571707,False,2380.080416,2155.2414298872436,0.9055330296399715,90.55330296399715
454,224.9630173052117,53.50069211429452,278.46370941950624,10053.495487249447,9999.994795135151,9775.03177782994,3075,388,5574242,False,2380.477909,2155.5148916947883,0.9054967002824592,90.54967002824593
455,224.9695516314484,53.57091771233632,278.5404693437847,10053.507512710104,9999.936594997767,9774.96704336632,1154,389,5576325,False,2380.60284,2155.633288368552,0.9054989148750876,90.54989148750876
456,225.01267011754115,53.57091771233632,278.58358782987744,10053.53285884312,9999.961941130785,9774.949271013242,1069,390,5577479,False,2383.640477,2158.6278068824586,0.9056012547660973,90.56012547660973
457,225.76548903656345,53.94335890957635,279.70884794613977,10053.90785884312,9999.964499933543,9774.19901089698,22680,390,5574532,False,2384.078947,2158.3134579634366,0.905302846904187,90.53028469041871
458,225.84785381542343,53.993198536983776,279.8410523524072,10053.984549369194,9999.99135083221,9774.143497016788,1882,391,5597372,False,2384.587704,2158.7398501845764,0.9052885102793335,90.52885102793336
459,225.14291295345643,54.19776811872078,279.34068107217723,10054.17615583199,9999.97838771327,9774.835474759811,8829,390,5572948,False,2385.759652,2160.616739046544,0.9056305136333758,90.56305136333758
460,226.12536100374712,54.345675321267336,280.47103632501444,10054.302621314497,9999.956945993228,9773.83158498948,21221,391,5584913,False,2387.672463,2161.547101996253,0.9052946480273802,90.52946480273802
461,226.59974502146147,54.45194809594688,281.0516931174084,10054.40882104615,9999.956872950204,9773.357127928744,9617,392,5608278,False,2393.190007,2166.590261978539,0.9053147705118838,90.53147705118838
462,226.64951883983235,54.45194809594688,281.10146693577923,10054.428421816938,9999.976473720992,9773.32695488116,1234,393,5617895,False,2395.822004,2169.1724851601675,0.9053980143510558,90.53980143510559
463,227.232848630172,54.80576818273326,282.0386168129053,10054.793324839267,9999.987556656532,9772.75470802636,8350,394,5625241,False,2395.764628,2168.5317793698277,0.9051522649702581,90.51522649702581
464,227.36539058087428,54.8698636818725,282.2352542627468,10054.838149193292,9999.96828551142,9772.602894930546,2214,395,5634663,False,2396.699914,2169.3345234191256,0.9051339764094997,90.51339764094996
465,228.0212433253718,55.00300333386527,283.02424665923706,10054.945998038484,9999.94299470462,9771.921751379248,14100,396,5639037,False,2416.974641,2188.953397674628,0.9056584047439445,90.56584047439445
466,228.31770812685133,55.1422381558719,283.45994628272325,10055.096401317449,9999.954163161576,9771.636455034724,5286,397,5655201,False,2417.181217,2188.8635088731485,0.9055438183446503,90.55438183446502
467,228.58335672311583,55.28788261154212,283.871239334658,10055.227355509473,9999.93947289793,9771.356116174811,6426,398,5660647,False,2419.928044,2191.3446872768845,0.9055412588445065,90.55412588445066
468,228.8981741075441,55.59709810606967,284.49527221361376,10055.580276377494,9999.983178271425,9771.08500416388,7805,399,5667073,False,2471.796066,2242.897891892456,0.9073960116467213,90.73960116467214
469,229.3489619471815,55.67804822840678,285.02701017558826,10055.600361893908,9999.922313665502,9770.57335171832,11176,400,5674878,False,2472.804065,2243.4551030528182,0.9072514619361152,90.72514619361152
470,229.2853531047416,55.760470330293145,285.0458234350348,10055.689111114869,9999.928640784576,9770.643287679834,4345,400,5680132,False,2472.937317,2243.651963895258,0.9072821815868365,90.72821815868365
471,233.8408675460882,55.760470330293145,289.6013378763813,10055.75380765439,9999.993337324097,9766.152469778008,112941,401,5684477,False,2473.368395,2239.5275274539117,0.9054565150833148,90.54565150833149
472,234.81137633362545,55.86040001143212,290.67177634505754,10055.834154516411,9999.97375450498,9765.162378171355,24061,402,5797418,False,2482.965863,2248.1544866663744,0.9054310895559721,90.5431089555972
473,235.89635683634611,55.86040001143212,291.75675684777826,10055.85002259039,9999.989622578958,9764.093265742613,26899,403,5821479,False,2486.377053,2250.480696163654,0.9051244635033454,90.51244635033454
474,239.03440650849643,55.91264773645601,294.9470542449524,10055.8680200436,9999.955372307144,9760.920965798648,77799,404,5848378,False,2491.467707,2252.4333004915034,0.9040587980181689,90.4058798018169
475,239.1055177255044,55.91264773645601,295.0181654619604,10055.90874939105,9999.996101654597,9760.890583929093,1763,405,5926177,False,2495.380109,2256.274591274496,0.9041807230637405,90.41807230637406
476,239.25508119269972,55.96657758810847,295.22165878080824,10055.954176702697,9999.987599114587,9760.732517921888,3708,406,5927940,False,2495.555192,2256.3001108073,0.9041275136051169,90.41275136051169
477,239.906819731789,56.0792982153369,295.9861179471259,10056.023982589575,9999.94468437424,9760.037864642452,24587,406,5923219,False,2497.171543,2257.264723268211,0.9039285785534883,90.39285785534884
478,240.29052988913247,56.1791130454892,296.4696429346217,10056.142000579966,9999.962887534475,9759.672357645344,9513,407,5947806,False,2497.421581,2257.1310511108677,0.9037845545512917,90.37845545512917
479,241.12018764445656,56.28542073472632,297.40560837918287,10056.267855870548,9999.98243513582,9758.862247491365,20569,408,5957319,False,2497.564737,2256.4445493555436,0.9034578827637986,90.34578827637986
480,241.1927105986144,56.34075042363104,297.53346102224543,10056.33419421784,9999.993443794208,9758.800733195594,1798,409,5977888,False,2504.76231,2263.569599401386,0.9037063478495833,90.37063478495833
481,241.3316255341648,56.45599676714198,297.7876223013068,10056.39989076031,9999.94389399317,9758.612268459005,3444,410,5979686,False,2504.910803,2263.5791774658355,0.9036565991710626,90.36565991710626
482,241.4684026963168,56.45599676714198,297.9243994634588,10056.43056896299,9999.974572195848,9758.506169499531,3391,411,5983130,False,2505.04119,2263.572787303683,0.9036070130661936,90.36070130661936
483,241.9373414421672,56.56465448684675,298.501995929014,10056.541503403916,9999.97684891707,9758.0395074749,19978,411,5978169,False,2505.289959,2263.352617557833,0.9034294052179342,90.34294052179342
484,242.6486956243295,56.61457620454538,299.26327182887485,10056.589168443998,9999.974592239452,9757.325896615122,17636,412,5998147,False,2505.668773,2263.0200773756706,0.9031601070983498,90.31601070983498
485,242.8050757651916,56.61457620454538,299.41965196973695,10056.59375920088,9999.979182996334,9757.174107231143,3877,413,6015783,False,2507.111865,2264.306789234808,0.9031534734629036,90.31534734629037
486,242.86888628436716,56.66633182838101,299.5352181127481,10056.661505754464,9999.995173926083,9757.126287641717,1582,414,6019660,False,2507.478126,2264.6092397156326,0.9031421715044834,90.31421715044834
487,243.71213705167744,56.77372565402588,300.4858627057033,10056.741844045971,9999.968118391947,9756.25598134027,20906,415,6021242,False,2507.6416,2263.9294629483225,0.9028122132558027,90.28122132558028
488,243.76118483379977,56.82962043694052,300.5908052707403,10056.773801237676,9999.944180800736,9756.182995966936,1216,416,6042148,False,2510.24639,2266.4852051662,0.9028935224028747,90.28935224028747
489,243.80494868544676,56.88704027227115,300.69198895771785,10056.88001406185,9999.992973789578,9756.188025104131,1085,417,6043364,False,2511.008682,2267.2037333145536,0.9029055731932963,90.29055731932964
490,243.73020728719615,57.00723876050498,300.7374460477012,10056.984287225338,9999.977048464832,9756.246841177635,11250,417,6031346,False,2510.987833,2267.257625712804,0.902934532742837,90.29345327428369
491,244.4718936504078,57.160373125719424,301.6322667761272,10057.135620864296,9999.975247738575,9755.503354088169,21364,418,6039620,False,2511.49437,2267.022476349592,0.9026587928801896,90.26587928801895
492,244.7941730740569,57.269341741205984,302.0635148152629,10057.266118083884,9999.996776342678,9755.20260326862,9974,419,6059000,False,2511.580493,2266.786319925943,0.9025338133671925,90.25338133671926
493,245.04505893326817,57.444497307245726,302.4895562405139,10057.398217832562,9999.953720525316,9754.908661592048,9196,420,6065998,False,2550.063262,2305.018203066732,0.903906282410782,90.39062824107819
494,245.09422772143196,57.50600344728584,302.60023116871776,10057.445731644792,9999.939728197509,9754.845500476074,2211,421,6074202,False,2550.1207,2305.026472278568,0.9038891658259814,90.38891658259814
495,244.0830205686304,57.69951635550676,301.7825369241372,10057.639293443057,9999.93977708755,9755.85675651892,5240,421,6046103,False,2550.198737,2306.11571643137,0.9042886277734714,90.42886277734713
496,244.21298105711568,57.748431433204175,301.96141249031984,10057.738869459528,9999.99043802632,9755.777456969206,4214,422,6050351,False,2550.367634,2306.1546529428847,0.9042440086670597,90.42440086670597
497,244.2984113223584,57.85139084434483,302.1498021667032,10057.809445719557,9999.958054875213,9755.659643552852,4102,423,6052581,False,2550.479115,2306.1807036776418,0.9042146983735021,90.42146983735022
498,244.48165480441568,57.96061127960007,302.4422660840157,10057.93238732626,9999.97177604666,9755.490121242245,6527,424,6054699,False,2550.596697,2306.1150421955845,0.9041472706790635,90.41472706790636
499,244.7968755423153,58.01746008903021,302.8143356313456,10057.9883016657,9999.97084157667,9755.173966034356,8807,425,6060234,False,2550.827816,2306.0309404576847,0.9040323796036591,90.40323796036591
500,245.3459606229331,58.13576365213978,303.48172427507285,10058.078171149096,9999.942407496956,9754.596446874022,15597,426,6067057,False,2553.708946,2308.362985377067,0.9039256368634999,90.39256368634999
501,245.28069803126047,58.26018103068188,303.54087906194235,10058.244981501255,9999.984800470576,9754.704102439317,366,427,6080670,False,2553.646544,2308.36584596874,0.9039488457760267,90.39488457760268
502,245.61963595327848,58.52499020957484,304.14462616285334,10058.516868649296,9999.99187843972,9754.372242486445,12387,428,6077052,False,2553.455101,2307.8354650467218,0.9038089074458027,90.38089074458027
503,245.5669176545664,58.88915667568496,304.45607433025134,10058.834247612438,9999.945090936752,9754.378173282186,901,429,6087231,False,2556.765458,2311.1985403454337,0.903954069433237,90.39540694332369
504,245.65617977778737,58.96621893700812,304.6223987147955,10058.921802556912,9999.955583619903,9754.299403842117,2117,430,6088228,False,2556.781294,2311.1251142222127,0.9039197524034345,90.39197524034344
505,245.76355247187425,59.04463740379688,304.80818987567113,10059.0136203688,9999.968982965003,9754.20543049313,2662,431,6090345,False,2556.845196,2311.081643528126,0.9038801594807719,90.3880159480772
506,245.9776928298409,59.28987293111236,305.26756576095323,10059.21471914081,9999.924846209697,9753.947153379857,5149,432,6093167,False,2556.932962,2310.9552691701588,0.903799709853386,90.3799709853386
507,246.8150143011216,59.28987293111236,306.1048872322339,10059.261910997337,9999.972038066224,9753.157023765105,20759,433,6098316,False,2557.148742,2310.333727698878,0.9034803841296762,90.34803841296763
508,247.0602128763861,59.54809132691758,306.60830420330365,10059.488955199222,9999.940863872303,9752.880650995918,8351,434,6116803,False,2558.783372,2311.7231591236136,0.9034462176126778,90.34462176126779
509,246.6450411482733,59.63810587470718,306.28314702298053,10059.57414252206,9999.936036647354,9753.29099549908,16710,434,6098151,False,2560.151591,2313.5065498517265,0.9036599855979882,90.36599855979883
510,246.8758400046088,59.63810587470718,306.513945879316,10059.589534541175,9999.95142866647,9753.075588661864,5722,435,6114861,False,2565.730315,2318.854474995391,0.9037795053668339,90.3779505366834
511,247.5197938217,59.63810587470718,307.1578996964072,10059.598882951715,9999.960777077007,9752.440983255308,15965,436,6120583,False,2684.255788,2436.7359941782997,0.9077882983699838,90.77882983699837
512,247.56775254944955,59.84148754489584,307.40924009434536,10059.829522611562,9999.988035066666,9752.420282517216,901,437,6136836,False,2684.041819,2436.4740664505507,0.907763079249754,90.7763079249754
