request_id,estimated_ttft,current_time,estimated_completion_time,deadline,time_until_deadline,slack,remaining_prefill_tokens,queue_position,ahead_prefill_tokens,is_violation,actual_ttft,absolute_error,relative_error,percent_error
1,0.3002225937726622,0.0,0.3002225937726622,10000.0,10000.0,9999.699777406227,7270,0,0,False,0.364484,0.06426140622733778,0.17630789342560382,17.630789342560384
2,0.6237361838159958,0.0,0.6237361838159958,10000.0,10000.0,9999.376263816184,7834,1,7270,False,0.73128,0.10754381618400422,0.1470624332458213,14.70624332458213
3,0.9436983098889788,0.0,0.9436983098889788,10000.0,10000.0,9999.05630169011,7748,2,15104,False,1.094506,0.15080769011102113,0.1377860789351736,13.77860789351736
4,1.0594099615741233,0.0,1.0594099615741233,10000.0,10000.0,9998.940590038426,2802,3,22852,False,1.214333,0.15492303842587685,0.1275787106385784,12.75787106385784
5,1.3597151475321425,0.0,1.3597151475321425,10000.0,10000.0,9998.640284852469,7272,4,25654,False,1.553348,0.19363285246785744,0.12465516578890078,12.465516578890078
6,1.5804840589913791,0.0,1.5804840589913791,10000.0,10000.0,9998.419515941008,5346,5,32926,False,1.805556,0.22507194100862082,0.1246551981819566,12.46551981819566
7,2.5572605391158327,0.0,2.5572605391158327,10000.0,10000.0,9997.442739460885,23653,6,38272,False,3.267511,0.7102504608841671,0.21736742764880276,21.736742764880276
8,3.688773478506609,0.0,3.688773478506609,10000.0,10000.0,9996.311226521491,27400,7,61925,False,5.076066,1.387292521493391,0.27330072569848207,27.330072569848205
9,4.1434434588968445,0.0,4.1434434588968445,10000.0,10000.0,9995.856556541105,11010,8,89325,False,5.67225,1.5288065411031555,0.26952382936280234,26.952382936280234
10,4.8852038755879805,0.0,4.8852038755879805,10000.0,10000.0,9995.114796124411,17962,9,100335,False,6.763566,1.8783621244120194,0.27771771938235235,27.771771938235233
11,2.823826817355521,3.0280691734265788,5.851895990782101,10003.0,9999.971930826574,9997.14810400922,13544,3,54836,False,4.575786,1.751959182644479,0.3828761184733025,38.28761184733025
12,6.423565920047294,3.0280691734265788,9.451635093473874,10003.0,9999.971930826574,9993.548364906526,87169,4,68380,False,14.553563,8.129997079952705,0.5586258897530938,55.86258897530938
13,6.6847224101461,3.0280691734265788,9.71279158357268,10003.0,9999.971930826574,9993.287208416428,6324,5,155549,False,14.89152,8.206797589853899,0.5511054338209866,55.11054338209866
14,6.767810148615233,3.0280691734265788,9.795879322041811,10003.0,9999.971930826574,9993.20412067796,2012,6,161873,False,14.996856,8.229045851384766,0.5487180680660511,54.87180680660511
15,7.070262731392534,3.0280691734265788,10.098331904819112,10003.0,9999.971930826574,9992.90166809518,7324,7,163885,False,15.423767,8.353504268607466,0.5415994853013189,54.159948530131885
16,7.459189332238604,3.0280691734265788,10.487258505665183,10003.0,9999.971930826574,9992.512741494334,9418,8,171209,False,15.983379,8.524189667761394,0.533315869426696,53.331586942669595
17,7.496975257039427,3.0280691734265788,10.525044430466004,10003.0,9999.971930826574,9992.474955569534,915,9,180627,False,16.009235,8.512259742960573,0.531709337951537,53.170933795153694
18,8.027464863587381,3.0280691734265788,11.05553403701396,10003.0,9999.971930826574,9991.944465962986,12846,10,181542,False,16.825827,8.798362136412619,0.5229081540189745,52.29081540189745
19,8.87428254005261,3.0280691734265788,11.902351713479188,10003.0,9999.971930826574,9991.09764828652,20506,11,194388,False,18.2165,9.34221745994739,0.5128437109185293,51.28437109185293
20,9.56016934334974,3.0280691734265788,12.588238516776318,10003.0,9999.971930826574,9990.411761483225,16609,12,214894,False,19.305014,9.74484465665026,0.5047830919288772,50.478309192887714
21,10.648445273706132,3.0280691734265788,13.67651444713271,10003.0,9999.971930826574,9989.323485552868,26353,13,231503,False,21.221612,10.573166726293868,0.4982263706590182,49.82263706590182
22,10.898658299245136,3.0280691734265788,13.926727472671717,10003.0,9999.971930826574,9989.073272527328,6059,14,257856,False,21.558469,10.659810700754862,0.4944604693753932,49.446046937539315
23,11.144535235052896,3.0280691734265788,14.172604408479476,10003.0,9999.971930826574,9988.82739559152,5954,15,263915,False,21.89338,10.748844764947105,0.49096323934207986,49.09632393420799
24,11.61279162993436,3.0280691734265788,14.640860803360937,10003.0,9999.971930826574,9988.35913919664,11339,16,269869,False,22.573065,10.96027337006564,0.4855465294618006,48.55465294618006
25,12.239335948052492,3.0280691734265788,15.26740512147907,10003.0,9999.971930826574,9987.732594878522,15172,17,281208,False,23.573315,11.333979051947509,0.48079699660177233,48.07969966017723
26,14.13573511603436,3.0280691734265788,17.16380428946094,10003.0,9999.971930826574,9985.83619571054,45922,18,296380,False,27.624431,13.488695883965642,0.4882886414552988,48.828864145529884
27,11.91470736350684,6.019823475283533,17.934530838790373,10005.999,9999.979176524716,9988.064469161209,1053,16,287466,False,24.67982,12.765112636493159,0.5172287576041138,51.72287576041138
28,12.150508052701047,6.019823475283533,18.17033152798458,10005.999,9999.979176524716,9987.828668472015,5710,17,288519,False,25.030677,12.880168947298953,0.5145753327925949,51.45753327925949
29,12.449409171507998,6.019823475283533,18.46923264679153,10005.999,9999.979176524716,9987.529767353208,7238,18,294229,False,25.447167,12.997757828492002,0.5107742574445321,51.07742574445321
30,8.717976829264504,9.016791688710818,17.734768517975322,10009.0,9999.983208311289,9991.265231482024,10355,17,200754,False,23.069136,14.351159170735496,0.6220934832902063,62.20934832902063
31,8.778971158150641,9.016791688710818,17.795762846861457,10009.0,9999.983208311289,9991.20423715314,1477,18,211109,False,23.146,14.36702884184936,0.6207132481573213,62.07132481573213
32,9.413526918248404,9.016791688710818,18.43031860695922,10009.0,9999.983208311289,9990.56968139304,15366,19,212586,False,24.137906,14.724379081751596,0.6100106231978696,61.00106231978696
33,9.570699846982755,9.016791688710818,18.587491535693573,10009.0,9999.983208311289,9990.412508464306,3806,20,227952,False,24.329781,14.759081153017245,0.6066261407374463,60.66261407374463
34,9.93294917195852,9.016791688710818,18.949740860669337,10009.0,9999.983208311289,9990.05025913933,8772,21,231758,False,24.856273,14.923323828041482,0.6003846122884747,60.038461228847474
35,11.013089772057247,9.016791688710818,20.029881460768067,10009.0,9999.983208311289,9988.970118539231,26156,22,240530,False,26.721103,15.708013227942752,0.5878504801221249,58.78504801221249
36,11.70005027376402,9.016791688710818,20.71684196247484,10009.0,9999.983208311289,9988.283158037524,16635,23,266686,False,27.825882,16.12583172623598,0.5795263462353495,57.95263462353495
37,11.794742214275807,9.016791688710818,20.811533902986625,10009.0,9999.983208311289,9988.188466097014,2293,24,283321,False,27.932881,16.13813878572419,0.5777470210009555,57.77470210009555
38,11.84058087714894,9.016791688710818,20.857372565859755,10009.0,9999.983208311289,9988.14262743414,1110,25,285614,False,27.985029,16.14444812285106,0.5768958868275984,57.68958868275984
39,11.99040310138652,12.049761776827417,24.040164878213936,10012.0,9999.950238223171,9987.959835121786,3628,26,286724,False,25.200108,13.20970489861348,0.5241923922950441,52.41923922950441
40,12.074564538265294,12.049761776827417,24.12432631509271,10012.0,9999.950238223171,9987.875673684908,2038,27,290352,False,25.30546,13.230895461734706,0.5228474590754211,52.28474590754211
41,12.153109706539793,12.049761776827417,24.20287148336721,10012.0,9999.950238223171,9987.797128516631,1902,28,292390,False,25.410127,13.257017293460207,0.5217218038091744,52.172180380917446
42,12.732948143838549,12.049761776827417,24.782709920665965,10012.0,9999.950238223171,9987.217290079334,14041,29,294292,False,26.302859,13.569910856161453,0.5159101090935192,51.59101090935192
43,13.232424384784952,12.049761776827417,25.28218616161237,10012.0,9999.950238223171,9986.717813838388,12095,30,308333,False,27.066345,13.833920615215046,0.5111115156189373,51.11115156189373
44,13.276446019580227,12.049761776827417,25.326207796407644,10012.0,9999.950238223171,9986.673792203594,1066,31,320428,False,27.147151,13.870704980419774,0.5109451441302173,51.09451441302173
45,13.673507950683964,12.049761776827417,25.72326972751138,10012.0,9999.950238223171,9986.27673027249,9615,32,321494,False,27.725093,14.051585049316037,0.5068183197551775,50.68183197551775
46,14.498438698029588,12.049761776827417,26.548200474857005,10012.0,9999.950238223171,9985.451799525144,19976,33,331109,False,29.097365,14.598926301970412,0.5017267474896924,50.172674748969236
47,14.767895702756771,15.02609453257192,29.793990235328693,10015.0,9999.973905467428,9985.206009764672,6525,34,351085,False,26.510026,11.742130297243229,0.4429316778958734,44.29316778958734
48,14.80497959398206,15.02609453257192,29.83107412655398,10015.0,9999.973905467428,9985.168925873446,898,35,357610,False,26.537279,11.732299406017942,0.4421063442871419,44.210634428714194
49,15.027606829611829,15.02609453257192,30.053701362183748,10015.0,9999.973905467428,9984.946298637817,5391,36,358508,False,26.851075,11.823468170388173,0.4403350022443486,44.03350022443486
50,16.003474795697354,15.02609453257192,31.029569328269275,10015.0,9999.973905467428,9983.97043067173,23631,37,363899,False,28.559764,12.556289204302647,0.4396496135018009,43.96496135018009
51,17.588542720976047,15.02609453257192,32.61463725354797,10015.0,9999.973905467428,9982.385362746452,38383,38,387530,False,31.744944,14.156401279023953,0.4459419200432029,44.59419200432029
52,17.900039148049938,15.02609453257192,32.92613368062186,10015.0,9999.973905467428,9982.07386631938,7543,39,425913,False,32.184699,14.284659851950064,0.44383388056386863,44.38338805638686
53,18.27063028374676,15.02609453257192,33.29672481631868,10015.0,9999.973905467428,9981.70327518368,8974,40,433456,False,32.748719,14.478088716253243,0.4420963371499582,44.209633714995825
54,19.27189534682956,15.02609453257192,34.29798987940148,10015.0,9999.973905467428,9980.702010120598,24246,41,442430,False,34.492715,15.220819653170437,0.4412763580127119,44.12763580127119
55,19.922763063535328,15.02609453257192,34.948857596107246,10015.0,9999.973905467428,9980.051142403892,15761,42,466676,False,35.560123,15.63735993646467,0.43974425894040553,43.97442589404055
56,21.06670612682233,15.02609453257192,36.09280065939425,10015.0,9999.973905467428,9978.907199340603,27701,43,482437,False,37.677171,16.610464873177673,0.4408628469790811,44.08628469790811
57,21.5226562860856,15.02609453257192,36.54875081865752,10015.0,9999.973905467428,9978.451249181342,11041,44,510138,False,38.400882,16.878225713914404,0.4395270325799913,43.95270325799913
58,21.722364190278803,15.02609453257192,36.74845872285072,10015.0,9999.973905467428,9978.25154127715,4836,45,521179,False,38.648524,16.9261598097212,0.43795100195084286,43.79510019508429
59,21.819410008073262,15.02609453257192,36.84550454064519,10015.0,9999.973905467428,9978.154495459356,2350,46,526015,False,38.779803,16.96039299192674,0.4373511900492826,43.73511900492826
60,21.85798055863498,15.02609453257192,36.8840750912069,10015.0,9999.973905467428,9978.115924908794,934,47,528365,False,38.835247,16.97726644136502,0.437161283958488,43.716128395848806
61,22.43947083964088,15.02609453257192,37.4655653722128,10015.0,9999.973905467428,9977.534434627789,14081,48,529299,False,39.754561,17.315090160359123,0.4355497765491392,43.55497765491392
62,22.1204585236995,18.02207349409388,40.142532017793386,10018.0,9999.977926505906,9977.857467982209,7935,46,527720,False,37.256099,15.135640476300498,0.4062594013479645,40.62594013479645
63,22.693896066633087,18.02207349409388,40.71596956072697,10018.0,9999.977926505906,9977.284030439272,13886,47,535655,False,38.101137,15.407240933366914,0.40437745816789966,40.43774581678996
64,22.730979957858377,18.02207349409388,40.753053451952255,10018.0,9999.977926505906,9977.246946548048,898,48,549541,False,38.152748,15.421768042141625,0.40421119973171066,40.421119973171066
65,23.544265207068666,18.02207349409388,41.56633870116255,10018.0,9999.977926505906,9976.433661298835,19694,49,550439,False,39.484184,15.939918792931334,0.40370389300514187,40.370389300514184
66,21.87173215749692,21.014236971009005,42.88596912850593,10021.0,9999.985763028992,9978.114030871497,3184,46,526448,False,36.646125,14.77439284250308,0.4031638499978669,40.31638499978669
67,21.98120809918761,21.014236971009005,42.99544507019662,10021.0,9999.985763028992,9978.004554929805,2651,47,529632,False,36.778048,14.796839900812387,0.4023280382039957,40.23280382039957
68,22.936923572046037,21.014236971009005,43.95116054305504,10021.0,9999.985763028992,9977.048839456946,23143,48,532283,False,38.406696,15.46977242795396,0.4027884207471,40.27884207471
69,23.181479032888085,21.014236971009005,44.19571600389709,10021.0,9999.985763028992,9976.804283996104,5922,49,555426,False,38.745721,15.564241967111919,0.40170221550689217,40.17022155068922
70,23.529563798075124,21.014236971009005,44.54380076908413,10021.0,9999.985763028992,9976.456199230915,8429,50,561348,False,39.242388,15.712824201924875,0.40040438420630453,40.04043842063045
71,23.87446876412592,21.014236971009005,44.88870573513492,10021.0,9999.985763028992,9976.111294264863,8352,51,569777,False,39.707345,15.832876235874078,0.3987392316427623,39.873923164276235
72,22.60242522135022,24.041487559476487,46.64391278082671,10024.0,9999.958512440524,9977.356087219174,12159,50,535167,False,37.469627,14.867201778649783,0.39678008480441457,39.678008480441456
73,23.76755318018129,24.041487559476487,47.809040739657775,10024.0,9999.958512440524,9976.190959260342,28214,51,547326,False,39.561048,15.793494819818708,0.3992183124122169,39.92183124122169
74,24.878046408398717,24.041487559476487,48.9195339678752,10024.0,9999.958512440524,9975.080466032125,26891,52,575540,False,41.525569,16.64752259160128,0.4008981211455834,40.089812114558335
75,24.966130974081945,24.041487559476487,49.00761853355843,10024.0,9999.958512440524,9974.992381466442,2133,53,602431,False,41.632004,16.665873025918057,0.4003139754194407,40.03139754194407
76,26.470217261618107,24.041487559476487,50.5117048210946,10024.0,9999.958512440524,9973.488295178906,36422,54,604564,False,44.517709,18.047491738381897,0.4054002810068662,40.54002810068662
77,23.041733055264054,27.01476616004509,50.056499215309145,10027.0,9999.985233839954,9976.94350078469,1424,50,556540,False,41.593547,18.551813944735947,0.4460262536574711,44.60262536574711
78,23.788861964003395,27.01476616004509,50.80362812404849,10027.0,9999.985233839954,9976.19637187595,18092,51,557964,False,42.762531,18.973669035996608,0.4436984573246286,44.369845732462856
79,25.239428515428227,27.01476616004509,52.25419467547332,10027.0,9999.985233839954,9974.745805324526,35126,52,576056,False,45.460987,20.221558484571776,0.44481125067900035,44.48112506790004
80,25.278824987843517,27.01476616004509,52.293591147888606,10027.0,9999.985233839954,9974.706408852113,954,53,611182,False,45.511703,20.23287801215648,0.444564291785708,44.4564291785708
81,25.933450648983023,27.01476616004509,52.94821680902811,10027.0,9999.985233839954,9974.051783190973,15852,54,612136,False,46.521371,20.58792035101698,0.4425475842278375,44.25475842278375
82,26.31510913751768,27.01476616004509,53.329875297562765,10027.0,9999.985233839954,9973.670124702436,9242,55,627988,False,47.051367,20.73625786248232,0.4407153114697458,44.07153114697458
83,26.84894372757259,27.01476616004509,53.86370988761768,10027.0,9999.985233839954,9973.13629011238,12927,56,637230,False,47.853238,21.00429427242741,0.43893151540607156,43.89315154060716
84,27.58397288115713,27.01476616004509,54.59873904120222,10027.0,9999.985233839954,9972.401260958795,17799,57,650157,False,48.983405,21.399432118842867,0.4368710611041202,43.687106110412024
85,27.915745689736163,27.01476616004509,54.93051184978125,10027.0,9999.985233839954,9972.06948815022,8034,58,667956,False,49.472169,21.55642331026384,0.43572828412402614,43.572828412402615
86,28.359802574308027,27.01476616004509,55.37456873435312,10027.0,9999.985233839954,9971.625431265646,10753,59,675990,False,50.098498,21.738695425691972,0.4339191052332941,43.39191052332941
87,28.547328131161077,27.01476616004509,55.562094291206165,10027.0,9999.985233839954,9971.437905708794,4541,60,686743,False,50.338552,21.791223868838923,0.4328933392609093,43.289333926090926
88,30.31157980257176,30.032003868421917,60.34358367099367,10030.0,9999.967996131578,9969.656416329006,42722,61,691284,False,50.888144,20.576564197428237,0.40434888325713425,40.43488832571342
89,30.74518877569596,30.032003868421917,60.77719264411788,10030.0,9999.967996131578,9969.222807355882,10500,62,734006,False,51.511988,20.76679922430404,0.4031449771323918,40.31449771323918
90,31.30747637360636,30.032003868421917,61.33948024202827,10030.0,9999.967996131578,9968.660519757972,13616,63,744506,False,52.350188,21.042711626393643,0.4019605741701184,40.196057417011836
91,33.36823399044864,30.032003868421917,63.40023785887056,10030.0,9999.967996131578,9966.59976214113,49902,64,758122,False,56.827436,23.459202009551362,0.4128147187487284,41.281471874872835
92,34.073199588563234,30.032003868421917,64.10520345698515,10030.0,9999.967996131578,9965.894796543014,17071,65,808024,False,57.941338,23.868138411436767,0.41193626580450676,41.193626580450676
93,33.24294164526208,33.025075491520575,66.26801713678265,10033.0,9999.97492450848,9966.731982863215,21094,60,783896,False,56.377563,23.134621354737924,0.4103515676039052,41.03515676039052
94,34.45147179749825,33.025075491520575,67.47654728901882,10033.0,9999.97492450848,9965.52345271098,29265,61,804990,False,58.535296,24.083824202501752,0.4114410594678081,41.14410594678081
95,35.172212503016034,33.025075491520575,68.19728799453661,10033.0,9999.97492450848,9964.802712005465,17453,62,834255,False,59.689743,24.517530496983966,0.4107494732718813,41.074947327188134
96,38.56988982423193,33.025075491520575,71.5949653157525,10033.0,9999.97492450848,9961.405034684249,82276,63,851708,False,68.969419,30.399529175768073,0.44076823636528056,44.076823636528054
97,39.64544655804334,33.025075491520575,72.67052204956391,10033.0,9999.97492450848,9960.329477950436,26045,64,933984,False,70.858347,31.212900441956656,0.4404971575466848,44.049715754668476
98,44.627118106128286,33.025075491520575,77.65219359764886,10033.0,9999.97492450848,9955.347806402351,120633,65,960029,False,87.852171,43.22505289387171,0.49202031551242725,49.202031551242726
99,44.68171154064926,33.025075491520575,77.70678703216984,10033.0,9999.97492450848,9955.29321296783,1322,66,1080662,False,87.907254,43.225542459350734,0.4917175829352005,49.17175829352005
100,44.719538761542765,33.025075491520575,77.74461425306333,10033.0,9999.97492450848,9955.255385746936,916,67,1081984,False,87.960603,43.24106423845724,0.4915958140766411,49.15958140766411
101,42.552154633404605,36.028282499254914,78.58043713265951,10036.0,9999.971717500744,9957.41956286734,2885,64,1027531,False,85.125904,42.5737493665954,0.5001268399639597,50.01268399639597
102,42.90808565620056,36.028282499254914,78.93636815545547,10036.0,9999.971717500744,9957.063631844543,8619,65,1030416,False,85.637288,42.729202343799436,0.4989555757977697,49.89555757977697
103,42.97948660044168,36.028282499254914,79.00776909969659,10036.0,9999.971717500744,9956.992230900303,1729,66,1039035,False,85.718095,42.73860839955832,0.4985949396047395,49.85949396047395
104,43.07975351346506,36.028282499254914,79.10803601271998,10036.0,9999.971717500744,9956.89196398728,2428,67,1040764,False,85.853439,42.77368548653494,0.4982174969896656,49.82174969896656
105,43.55577357377008,36.028282499254914,79.584056073025,10036.0,9999.971717500744,9956.415943926975,11527,68,1043192,False,86.572088,43.01631442622991,0.4968843355866606,49.68843355866606
106,43.600662426511605,36.028282499254914,79.62894492576652,10036.0,9999.971717500744,9956.371055074233,1087,69,1054719,False,86.625511,43.0248485734884,0.49667641872252155,49.667641872252155
107,43.699442680198565,36.028282499254914,79.72772517945347,10036.0,9999.971717500744,9956.272274820543,2392,70,1055806,False,86.761285,43.061842319801436,0.4963255479653331,49.63255479653331
108,44.194995792340514,36.028282499254914,80.22327829159542,10036.0,9999.971717500744,9955.776721708404,12000,71,1058198,False,87.50219,43.307194207659485,0.4949269750581041,49.49269750581041
109,43.22201855274248,39.032057815560464,82.25407636830295,10039.0,9999.96794218444,9956.745923631695,13546,65,1033091,False,85.391527,42.16950844725751,0.49383715139861023,49.383715139861025
110,43.78732076541841,39.032057815560464,82.81937858097888,10039.0,9999.96794218444,9956.18062141902,13689,66,1046637,False,86.277855,42.490534234581595,0.4924848239977871,49.24848239977871
111,44.467219635277154,39.032057815560464,83.49927745083761,10039.0,9999.96794218444,9955.500722549164,16464,67,1060326,False,87.393426,42.92620636472285,0.4911834714515351,49.118347145153514
112,45.40910091708828,39.032057815560464,84.44115873264874,10039.0,9999.96794218444,9954.558841267351,22808,68,1076790,False,89.060036,43.650935082911715,0.49012932223507877,49.012932223507875
113,45.75958085565067,39.032057815560464,84.79163867121113,10039.0,9999.96794218444,9954.208361328789,8487,69,1099598,False,89.582149,43.82256814434933,0.48918862333107604,48.918862333107604
114,46.14061990279515,39.032057815560464,85.17267771835562,10039.0,9999.96794218444,9953.827322281644,9227,70,1108085,False,90.171788,44.031168097204855,0.4883031497302111,48.83031497302111
115,46.28660159041363,39.032057815560464,85.3186594059741,10039.0,9999.96794218444,9953.681340594028,3535,71,1117312,False,90.399804,44.11320240958637,0.4879789607683925,48.79789607683925
116,46.3364046781839,39.032057815560464,85.36846249374436,10039.0,9999.96794218444,9953.631537506257,1206,72,1120847,False,90.461962,44.1255573218161,0.4877802376408341,48.778023764083414
117,46.68824738780468,39.032057815560464,85.72030520336514,10039.0,9999.96794218444,9953.279694796634,8520,73,1122053,False,91.078877,44.390629612195326,0.4873866595016902,48.73866595016902
118,46.72528998293728,39.032057815560464,85.75734779849775,10039.0,9999.96794218444,9953.2426522015,897,74,1130573,False,91.109978,44.38468801706272,0.4871550733670765,48.715507336707645
119,47.69075133366783,39.032057815560464,86.7228091492283,10039.0,9999.96794218444,9952.277190850771,23379,75,1131470,False,92.993164,45.30241266633216,0.48715852561304573,48.71585256130457
120,48.51956391372524,42.01542258646423,90.53498650018946,10041.999,9999.983577413535,9951.46401349981,87172,69,1087747,False,100.692388,52.17282408627475,0.5181406968546098,51.814069685460986
121,48.732816936316986,42.01542258646423,90.7482395227812,10041.999,9999.983577413535,9951.250760477218,5164,70,1174919,False,100.978462,52.24564506368301,0.517393947470531,51.739394747053105
122,48.98278218529992,42.01542258646423,90.99820477176414,10041.999,9999.983577413535,9951.000795228236,6053,71,1180083,False,101.354579,52.37179681470008,0.5167186064154051,51.67186064154051
123,49.62097200155339,42.01542258646423,91.63639458801762,10041.999,9999.983577413535,9950.36260541198,15454,72,1186136,False,102.313369,52.692396998446604,0.5150098908232277,51.50098908232277
124,52.49703837614721,42.01542258646423,94.51246096261144,10041.999,9999.983577413535,9947.486539037389,69645,73,1201590,False,109.35552,56.85848162385279,0.5199415779272303,51.99415779272303
125,53.04144476592781,42.01542258646423,95.05686735239205,10041.999,9999.983577413535,9946.942132647608,13183,74,1271235,False,110.145392,57.103947234072194,0.5184415452810971,51.84415452810971
126,53.11970086155356,42.01542258646423,95.1351234480178,10041.999,9999.983577413535,9946.863876551985,1895,75,1284418,False,110.222376,57.102675138446436,0.5180679024597187,51.80679024597187
127,51.57208849233427,45.00510290924041,96.57719140157468,10045.0,9999.99489709076,9948.422808598423,907,75,1247930,False,107.271622,55.69953350766573,0.5192382893927504,51.92382893927504
128,51.6090897913742,45.00510290924041,96.6141927006146,10045.0,9999.99489709076,9948.385807299384,896,76,1248837,False,107.321636,55.712546208625795,0.5191175636627995,51.911756366279945
129,52.73036129978071,45.00510290924041,97.73546420902112,10045.0,9999.99489709076,9947.26453579098,27152,77,1249733,False,109.254155,56.52379370021929,0.5173605864254709,51.73605864254709
130,52.99160038206488,45.00510290924041,97.99670329130528,10045.0,9999.99489709076,9947.003296708694,6326,78,1276885,False,109.586377,56.59477661793512,0.5164398912278587,51.64398912278587
131,53.080717350065065,45.00510290924041,98.08582025930548,10045.0,9999.99489709076,9946.914179740694,2158,79,1283211,False,109.715561,56.63484364993493,0.5161970018996205,51.619700189962046
132,53.54505061614207,45.00510290924041,98.55015352538248,10045.0,9999.99489709076,9946.449846474618,11244,80,1285369,False,110.381742,56.83669138385793,0.5149102591971952,51.491025919719526
133,52.4984011472056,48.0076425222202,100.5060436694258,10048.0,9999.99235747778,9947.493956330574,15418,78,1255850,False,108.369426,55.871024852794406,0.5155607712898138,51.55607712898138
134,52.62328053146537,48.0076425222202,100.63092305368556,10048.0,9999.99235747778,9947.369076946316,3024,79,1271268,False,108.53113,55.907849468534636,0.5151319208464394,51.51319208464395
135,54.68593776857086,48.0076425222202,102.69358029079106,10048.0,9999.99235747778,9945.30641970921,49948,80,1274292,False,113.003503,58.317565231429136,0.5160686499375965,51.60686499375965
136,54.723682397279006,48.0076425222202,102.7313249194992,10048.0,9999.99235747778,9945.2686750805,914,81,1324240,False,113.056327,58.33264460272099,0.5159609033001841,51.596090330018406
137,55.60242195338471,48.0076425222202,103.61006447560491,10048.0,9999.99235747778,9944.389935524396,21279,82,1325154,False,114.500591,58.89816904661529,0.5143918344195734,51.43918344195734
138,55.92589424733536,48.0076425222202,103.93353676955556,10048.0,9999.99235747778,9944.066463230443,7833,83,1346433,False,114.960109,59.034214752664646,0.5135191264707712,51.35191264707713
139,56.00906457798986,48.0076425222202,104.01670710021006,10048.0,9999.99235747778,9943.983292899791,2014,84,1354266,False,115.066509,59.057444422010136,0.5132461646334481,51.32461646334481
140,56.04808938557103,48.0076425222202,104.05573190779124,10048.0,9999.99235747778,9943.94426809221,945,85,1356280,False,115.11842,59.07033061442897,0.513126662218166,51.312666221816606
141,56.17139951830902,48.0076425222202,104.17904204052924,10048.0,9999.99235747778,9943.820957959471,2986,86,1357225,False,115.279632,59.10823248169098,0.512737865798279,51.2737865798279
142,54.421312406687065,51.01591820353343,105.4372306102205,10051.0,9999.984081796469,9945.56276938978,1083,85,1316749,False,112.331478,57.91016559331294,0.5155292766050219,51.55292766050219
143,54.9681552659357,51.01591820353343,105.98407346946914,10051.0,9999.984081796469,9945.015926530532,13242,86,1317832,False,113.169222,58.201066734064305,0.5142835278488024,51.42835278488024
144,56.663483758665976,51.01591820353343,107.6794019621994,10051.0,9999.984081796469,9943.3205980378,41053,87,1331074,False,116.53143,59.867946241334025,0.5137493484919392,51.37493484919392
145,57.68023485650321,51.01591820353343,108.69615306003664,10051.0,9999.984081796469,9942.303846939963,24621,88,1372127,False,118.253668,60.57343314349679,0.5122330171060469,51.22330171060469
146,57.7173187477285,51.01591820353343,108.73323695126192,10051.0,9999.984081796469,9942.266763048738,898,89,1396748,False,118.279657,60.5623382522715,0.5120266645030218,51.20266645030218
147,57.76212500828467,51.01591820353343,108.7780432118181,10051.0,9999.984081796469,9942.221956788182,1085,90,1397646,False,118.35645,60.594324991715325,0.5119647048531392,51.19647048531392
148,57.99561311628888,51.01591820353343,109.01153131982232,10051.0,9999.984081796469,9941.988468680178,5654,91,1398731,False,118.658303,60.662689883711124,0.511238475100315,51.123847510031496
149,58.24087061070647,51.01591820353343,109.2567888142399,10051.0,9999.984081796469,9941.74321118576,5939,92,1404385,False,118.987624,60.746753389293524,0.510530014359254,51.0530014359254
150,57.078715970548245,54.00542218308666,111.08413815363492,10054.0,9999.994577816911,9942.915861846364,5100,88,1377082,False,116.257701,59.17898502945175,0.5090328169266977,50.903281692669765
151,57.46776645967236,54.00542218308666,111.473188642759,10054.0,9999.994577816911,9942.52681135724,9421,89,1382182,False,116.811241,59.343474540327634,0.5080287995598611,50.802879955986114
152,57.55808101436023,54.00542218308666,111.56350319744688,10054.0,9999.994577816911,9942.436496802551,2187,90,1391603,False,116.947838,59.38975698563977,0.5078311664525151,50.78311664525151
153,58.00011439039084,54.00542218308666,112.0055365734775,10054.0,9999.994577816911,9941.994463426525,10704,91,1393790,False,117.58762,59.58750560960916,0.5067498228946989,50.674982289469895
154,58.38660452176888,54.00542218308666,112.39202670485554,10054.0,9999.994577816911,9941.607973295144,9359,92,1404494,False,118.134619,59.74801447823112,0.5057621126135017,50.57621126135017
155,58.42690950822309,54.00542218308666,112.43233169130974,10054.0,9999.994577816911,9941.56766830869,976,93,1413853,False,118.18472,59.75781049177691,0.5056305966776155,50.56305966776154
156,59.19997236316453,54.00542218308666,113.20539454625118,10054.0,9999.994577816911,9940.794605453748,18720,94,1414829,False,119.464894,60.264921636835474,0.5044571641007397,50.44571641007397
157,57.531734107231344,57.01960203390807,114.55133614113942,10057.0,9999.980397966092,9942.44866385886,2016,91,1391136,False,116.573033,59.04129889276865,0.5064747598423441,50.64747598423441
158,57.802388698646205,57.01960203390807,114.82199073255428,10057.0,9999.980397966092,9942.178009267443,6554,92,1393152,False,116.949196,59.146807301353796,0.5057478744988875,50.574787449888746
159,57.840257215632384,57.01960203390807,114.85985924954043,10057.0,9999.980397966092,9942.14014075046,917,93,1399706,False,117.002122,59.161864784367616,0.505647793160261,50.5647793160261
160,58.07490161423159,57.01960203390807,115.09450364813966,10057.0,9999.980397966092,9941.90549635186,5682,94,1400623,False,117.344354,59.2694523857684,0.5050899371414871,50.50899371414871
161,58.153446782506094,57.01960203390807,115.17304881641417,10057.0,9999.980397966092,9941.826951183586,1902,95,1406305,False,117.452939,59.299492217493906,0.5048787431150948,50.487874311509486
162,58.21055927868045,57.01960203390807,115.2301613125885,10057.0,9999.980397966092,9941.76983868741,1383,96,1408207,False,117.506221,59.29566172131955,0.5046172127458644,50.46172127458644
163,56.37354389197026,60.023591107136944,116.3971349991072,10060.0,9999.976408892862,9943.602865000892,893,92,1364213,False,114.558485,58.18494110802975,0.5079059932403064,50.79059932403064
164,56.84361731492957,60.023591107136944,116.86720842206653,10060.0,9999.976408892862,9943.132791577931,11383,93,1365106,False,115.259535,58.41591768507043,0.5068206954424243,50.682069544242424
165,56.95581879873704,60.023591107136944,116.97940990587398,10060.0,9999.976408892862,9943.020590094126,2717,94,1376489,False,115.420719,58.464900201262964,0.5065373072339201,50.65373072339201
166,57.48643229356304,60.023591107136944,117.51002340069998,10060.0,9999.976408892862,9942.4899765993,12849,95,1379206,False,116.229191,58.74275870643696,0.5054045218850138,50.54045218850138
167,55.51285072836505,63.01854365078592,118.53139437915095,10063.0,9999.981456349216,9944.46860562085,934,93,1343330,False,114.615645,59.10279427163495,0.5156607919593782,51.56607919593782
168,55.54981073131231,63.01854365078592,118.56835438209822,10063.0,9999.981456349216,9944.431645617902,895,94,1344264,False,114.642212,59.09240126868769,0.5154506375774369,51.54506375774369
169,56.30577700388485,63.01854365078592,119.32432065467076,10063.0,9999.981456349216,9943.67567934533,18306,95,1345159,False,115.907596,59.60181899611515,0.5142184037370178,51.42184037370178
170,57.19946574554017,63.01854365078592,120.21800939632608,10063.0,9999.981456349216,9942.781990603677,21641,96,1363465,False,117.411133,60.21166725445984,0.5128275804515049,51.28275804515049
171,57.49279189183552,63.01854365078592,120.51133554262144,10063.0,9999.981456349216,9942.48866445738,7103,97,1385106,False,117.852762,60.359970108164475,0.5121642385281091,51.21642385281091
172,54.85326953610413,65.99983896062497,120.8531084967291,10065.999,9999.999161039375,9945.14589150327,1529,95,1326763,False,114.93501,60.081740463895876,0.5227453363765825,52.27453363765825
173,55.30496619782151,65.99983896062497,121.30480515844648,10065.999,9999.999161039375,9944.694194841552,10938,96,1328292,False,115.613538,60.3085718021785,0.5216393585514051,52.16393585514051
174,55.798619689700246,65.99983896062497,121.79845865032522,10065.999,9999.999161039375,9944.200541349675,11954,97,1339230,False,116.365072,60.56645231029975,0.5204865280390988,52.04865280390988
175,55.83904856443249,65.99983896062497,121.83888752505746,10065.999,9999.999161039375,9944.160112474943,979,98,1351184,False,116.418742,60.579693435567506,0.520360316516455,52.0360316516455
176,56.14653927051657,65.99983896062497,122.14637823114154,10065.999,9999.999161039375,9943.85262176886,7446,99,1352163,False,116.860563,60.71402372948343,0.519542454450467,51.954245445046695
177,56.1908499779606,65.99983896062497,122.19068893858557,10065.999,9999.999161039375,9943.808311061415,1073,100,1359609,False,116.9403,60.74945002203939,0.5194911422498437,51.94911422498437
178,56.42256235397964,65.99983896062497,122.4224013146046,10065.999,9999.999161039375,9943.576598685397,5611,101,1360682,False,117.808545,61.38598264602035,0.5210656208853132,52.10656208853132
179,60.67065011172379,65.99983896062497,126.67048907234876,10065.999,9999.999161039375,9939.328510927651,102869,102,1366293,False,130.90923,70.23857988827622,0.5365441374017418,53.65441374017418
180,63.78854640504287,65.99983896062497,129.78838536566784,10065.999,9999.999161039375,9936.210614634332,75501,103,1469162,False,139.121155,75.33260859495712,0.5414892407625362,54.14892407625362
181,64.07666924366073,65.99983896062497,130.0765082042857,10065.999,9999.999161039375,9935.922491795714,6977,104,1544663,False,140.083367,76.00669775633928,0.5425818880862513,54.25818880862513
182,64.38886770431016,69.02125713687795,133.41012484118812,10069.0,9999.978742863124,9935.589875158812,10116,103,1549084,False,137.68426,73.29539229568984,0.5323440188129699,53.23440188129699
183,64.59059911704462,69.02125713687795,133.61185625392255,10069.0,9999.978742863124,9935.38814374608,4885,104,1559200,False,137.962061,73.37146188295539,0.531823469083688,53.18234690836881
184,64.77961133323409,69.02125713687795,133.80086847011205,10069.0,9999.978742863124,9935.19913152989,4577,105,1564085,False,138.212492,73.43288066676591,0.5313042229697003,53.130422296970025
185,64.81648874399598,69.02125713687795,133.8377458808739,10069.0,9999.978742863124,9935.162254119126,893,106,1568662,False,138.265171,73.44868225600403,0.5312160808451467,53.12160808451467
186,65.66343030873925,69.02125713687795,134.6846874456172,10069.0,9999.978742863124,9934.315312554383,20509,107,1569555,False,139.626497,73.96306669126075,0.5297208501281869,52.972085012818695
187,66.0731288442026,69.02125713687795,135.09438598108056,10069.0,9999.978742863124,9933.90561401892,9921,108,1590064,False,140.227818,74.15468915579741,0.5288158242310909,52.88158242310909
188,66.12169304919252,69.02125713687795,135.14295018607046,10069.0,9999.978742863124,9933.85704981393,1176,109,1599985,False,140.280444,74.15875095080747,0.5286463945808973,52.864639458089734
189,66.50454912441484,69.02125713687795,135.5258062612928,10069.0,9999.978742863124,9933.474193738708,9271,110,1601161,False,140.850706,74.34615687558517,0.5278365937021655,52.783659370216554
190,69.47530743952045,69.02125713687795,138.49656457639838,10069.0,9999.978742863124,9930.5034354236,71938,111,1610432,False,148.426684,78.95137656047955,0.5319217167209607,53.192171672096066
191,69.53068549980232,69.02125713687795,138.55194263668028,10069.0,9999.978742863124,9930.44805736332,1341,112,1682370,False,148.50469,78.9740045001977,0.5317946827147189,53.17946827147188
192,69.5963875832538,69.02125713687795,138.61764472013175,10069.0,9999.978742863124,9930.38235527987,1591,113,1683711,False,148.611624,79.0152364167462,0.5316894754931566,53.16894754931566
193,70.28000310145362,69.02125713687795,139.30126023833157,10069.0,9999.978742863124,9929.698739761669,16554,114,1685302,False,149.679655,79.39965189854638,0.5304638890204977,53.04638890204977
194,69.55372871951691,72.01074190404096,141.56447062355787,10072.0,9999.98925809596,9930.435529376442,17027,114,1667242,False,147.786692,78.23296328048308,0.5293640599282314,52.93640599282314
195,69.62083487011947,72.01074190404096,141.6315767741604,10072.0,9999.98925809596,9930.368423225838,1625,115,1684269,False,147.865665,78.24483012988054,0.529161588188039,52.91615881880391
196,69.68422437238095,72.01074190404096,141.6949662764219,10072.0,9999.98925809596,9930.305033723578,1535,116,1685894,False,147.946801,78.26257662761904,0.5289913407970143,52.899134079701426
197,70.03317635551424,72.01074190404096,142.0439182595552,10072.0,9999.98925809596,9929.956081740444,8450,117,1687429,False,148.452323,78.41914664448576,0.5282446583505854,52.82446583505854
198,70.73083254522474,72.01074190404096,142.7415744492657,10072.0,9999.98925809596,9929.258425550734,16894,118,1695879,False,149.570918,78.84008545477526,0.5271083878403103,52.71083878403103
199,71.41680194070723,72.01074190404096,143.4275438447482,10072.0,9999.98925809596,9928.57245615525,16611,119,1712773,False,150.640115,79.22331305929278,0.5259111297099898,52.59111297099898
200,72.24181528023821,72.01074190404096,144.25255718427917,10072.0,9999.98925809596,9927.74744281572,19978,120,1729384,False,151.997959,79.7561437197618,0.5247185175674747,52.47185175674747
201,72.3069392183922,72.01074190404096,144.31768112243316,10072.0,9999.98925809596,9927.682318877569,1577,121,1749362,False,152.077908,79.7709687816078,0.5245401507075427,52.45401507075427
202,72.70131690347183,72.01074190404096,144.7120588075128,10072.0,9999.98925809596,9927.287941192486,9550,122,1750939,False,152.639783,79.93846609652816,0.523706628281358,52.370662828135806
203,72.97044353945759,72.01074190404096,144.98118544349853,10072.0,9999.98925809596,9927.0188145565,6517,123,1760489,False,153.017123,80.0466794605424,0.5231223662500988,52.31223662500988
204,71.18496567641016,75.01065747068417,146.19562314709432,10074.999,9999.988342529316,9928.803376852906,13538,119,1710232,False,150.858997,79.67403132358983,0.5281357619233663,52.81357619233663
205,71.22204956763545,75.01065747068417,146.23270703831963,10074.999,9999.988342529316,9928.76629296168,898,120,1723770,False,150.91095,79.68890043236456,0.5280524735439314,52.80524735439314
206,71.4821736554173,75.01065747068417,146.49283112610146,10074.999,9999.988342529316,9928.5061688739,6299,121,1724668,False,151.249659,79.76748534458271,0.5273895218803945,52.73895218803945
207,71.8443403882077,75.01065747068417,146.85499785889186,10074.999,9999.988342529316,9928.144002141107,8770,122,1730967,False,151.773652,79.9293116117923,0.5266349630421511,52.66349630421511
208,73.41974502779962,75.01065747068417,148.43040249848377,10074.999,9999.988342529316,9926.568597501517,38149,123,1739737,False,154.886461,81.46671597220038,0.5259769991916877,52.597699919168775
209,73.63014861999656,75.01065747068417,148.6408060906807,10074.999,9999.988342529316,9926.358193909318,5095,124,1777886,False,155.165663,81.53551438000343,0.5254739534738652,52.54739534738652
210,73.91897349218996,75.01065747068417,148.9296309628741,10074.999,9999.988342529316,9926.069369037126,6994,125,1782981,False,155.603277,81.68430350781003,0.5249523344409388,52.495233444093884
211,75.4832281867587,75.01065747068417,150.49388565744286,10074.999,9999.988342529316,9924.505114342555,37879,126,1789975,False,158.786629,83.30340081324131,0.5246247831940642,52.46247831940642
212,76.20933738432467,75.01065747068417,151.21999485500885,10074.999,9999.988342529316,9923.77900514499,17583,127,1827854,False,159.929004,83.71966661567532,0.5234801975986503,52.348019759865025
213,76.94354061605564,75.01065747068417,151.9541980867398,10074.999,9999.988342529316,9923.04480191326,17779,128,1845437,False,161.115834,84.17229338394436,0.5224334026905411,52.24334026905411
214,77.53609824989938,75.01065747068417,152.54675572058355,10074.999,9999.988342529316,9922.452244279417,14349,129,1863216,False,162.050167,84.5140687501006,0.5215302786457517,52.15302786457517
215,77.8928551945489,75.01065747068417,152.90351266523305,10074.999,9999.988342529316,9922.095487334767,8639,130,1877565,False,162.5488,84.6559448054511,0.520803259116346,52.080325911634596
216,77.9308888959058,75.01065747068417,152.94154636658996,10074.999,9999.988342529316,9922.05745363341,921,131,1886204,False,162.606002,84.6751131040942,0.5207379313347499,52.073793133474986
217,77.97073962534054,75.01065747068417,152.9813970960247,10074.999,9999.988342529316,9922.017602903976,965,132,1887125,False,162.662768,84.69202837465946,0.5206601941918231,52.06601941918231
218,78.54871973846876,75.01065747068417,153.55937720915293,10074.999,9999.988342529316,9921.439622790847,13996,133,1888090,False,163.601938,85.05321826153123,0.5198790387283263,51.98790387283263
219,78.81916784942023,75.01065747068417,153.8298253201044,10074.999,9999.988342529316,9921.169174679895,6549,134,1902086,False,164.031456,85.21228815057977,0.519487482636134,51.948748263613396
220,78.20534272784707,78.0244120664654,156.22975479431247,10078.0,9999.975587933535,9921.770245205687,51186,131,1842585,False,165.897769,87.69242627215294,0.528593161925842,52.8593161925842
221,78.90663297371329,78.0244120664654,156.93104504017867,10078.0,9999.975587933535,9921.068954959825,16982,132,1893771,False,167.094347,88.18771402628671,0.5277719779849088,52.77719779849088
222,79.99503279234771,78.0244120664654,158.01944485881313,10078.0,9999.975587933535,9919.980555141188,26356,133,1910753,False,169.041502,89.0464692076523,0.5267728229701384,52.67728229701384
223,81.85893193539161,78.0244120664654,159.883344001857,10078.0,9999.975587933535,9918.116655998145,45135,134,1937109,False,172.953055,91.0941230646084,0.5266985487166352,52.669854871663524
224,82.08172435539208,78.0244120664654,160.10613642185749,10078.0,9999.975587933535,9917.893863578143,5395,135,1982244,False,173.270136,91.18841164460792,0.5262788715339146,52.62788715339146
225,81.97922745336406,81.01893875941818,162.99816621278222,10081.0,9999.981061240582,9918.001833787215,1362,135,1983795,False,170.350468,88.37124054663595,0.518761360530198,51.87613605301979
226,82.89083869924185,81.01893875941818,163.90977745866002,10081.0,9999.981061240582,9917.09022254134,22075,136,1985157,False,171.897086,89.00624730075815,0.5177879938043751,51.77879938043751
227,83.14117561305889,81.01893875941818,164.16011437247707,10081.0,9999.981061240582,9916.839885627523,6062,137,2007232,False,172.24272,89.1015443869411,0.5173022371392016,51.73022371392017
228,83.2089425011443,81.01893875941818,164.22788126056247,10081.0,9999.981061240582,9916.772118739438,1641,138,2013294,False,172.350348,89.14140549885569,0.5172104758317964,51.72104758317963
229,83.75082982927152,81.01893875941818,164.76976858868971,10081.0,9999.981061240582,9916.23023141131,13122,139,2014935,False,173.165015,89.41418517072849,0.5163524813065069,51.63524813065069
230,83.91824418899014,81.01893875941818,164.93718294840832,10081.0,9999.981061240582,9916.062817051592,4054,140,2028057,False,173.38432,89.46607581100986,0.5159986543824139,51.59986543824139
231,83.95565844895685,81.01893875941818,164.97459720837503,10081.0,9999.981061240582,9916.025402791623,906,141,2032111,False,173.435244,89.47958555104316,0.5159250420349577,51.59250420349577
232,84.1088256567014,81.01893875941818,165.1277644161196,10081.0,9999.981061240582,9915.87223558388,3709,142,2033017,False,173.650735,89.5419093432986,0.515643710597013,51.564371059701294
233,85.09984928879993,81.01893875941818,166.1187880482181,10081.0,9999.981061240582,9914.881211951782,23998,143,2036726,False,175.331336,90.23148671120006,0.5146341137285355,51.46341137285355
234,85.28712706909691,81.01893875941818,166.3060658285151,10081.0,9999.981061240582,9914.693934171484,4535,144,2060724,False,175.577748,90.2906209309031,0.5142486559908668,51.42486559908668
235,85.53308659709003,81.01893875941818,166.5520253565082,10081.0,9999.981061240582,9914.447974643492,5956,145,2065259,False,175.914394,90.38130740290995,0.513780057150468,51.378005715046804
236,86.57267443417847,81.01893875941818,167.59161319359663,10081.0,9999.981061240582,9913.408386806404,25174,146,2071215,False,177.685512,91.11283756582152,0.5127758394045179,51.27758394045179
237,84.78376899543872,84.03028367971633,168.81405267515504,10084.0,9999.969716320284,9915.185947324844,7911,145,2045159,False,175.145931,90.36216200456127,0.5159249860309988,51.59249860309988
238,88.49492495617709,84.03028367971633,172.52520863589342,10084.0,9999.969716320284,9911.474791364106,89867,146,2053070,False,185.847744,97.35281904382292,0.5238310508833668,52.38310508833668
239,88.75504904395892,84.03028367971633,172.78533272367525,10084.0,9999.969716320284,9911.214667276325,6299,147,2142937,False,186.215126,97.46007695604108,0.5233735789864948,52.337357898649486
240,89.0362341390068,84.03028367971633,173.06651781872313,10084.0,9999.969716320284,9910.933482181275,6809,148,2149236,False,186.579581,97.5433468609932,0.5227975448234777,52.279754482347776
241,89.33315304536518,84.03028367971633,173.3634367250815,10084.0,9999.969716320284,9910.636563274918,7190,149,2156045,False,187.013098,97.67994495463483,0.5223160623467925,52.23160623467925
242,90.18092053196202,84.03028367971633,174.21120421167836,10084.0,9999.969716320284,9909.78879578832,20529,150,2163235,False,188.402709,98.22178846803797,0.5213395762161678,52.13395762161678
243,90.23757877111692,84.03028367971633,174.26786245083326,10084.0,9999.969716320284,9909.732137549168,1372,151,2183764,False,188.480817,98.24323822888309,0.5212373322261389,52.123733222613886
244,90.65421505015026,84.03028367971633,174.6844987298666,10084.0,9999.969716320284,9909.315501270134,10089,152,2185136,False,189.073506,98.41929094984975,0.5205345425278661,52.053454252786615
245,91.40088970187011,84.03028367971633,175.43117338158646,10084.0,9999.969716320284,9908.568826618412,18081,153,2195225,False,190.256833,98.85594329812989,0.5195920784518151,51.95920784518151
246,94.5047866197712,84.03028367971633,178.53507029948753,10084.0,9999.969716320284,9905.464929700513,75162,154,2213306,False,198.301561,103.7967743802288,0.5234289324642725,52.342893246427245
247,93.83665713632584,87.0185308180363,180.8551879543621,10086.999,9999.980469181965,9906.143812045637,892,154,2271397,False,195.355346,101.51868886367416,0.5196616880076277,51.966168800762766
248,94.28645417778,87.0185308180363,181.3049849958163,10086.999,9999.980469181965,9905.694015004185,10892,155,2272289,False,196.075585,101.78913082221999,0.5191321031744976,51.91321031744977
249,94.60707704133584,87.0185308180363,181.6256078593721,10086.999,9999.980469181965,9905.373392140627,7764,156,2283181,False,196.519397,101.91231995866416,0.5185865696436274,51.85865696436274
250,95.2180114364215,87.0185308180363,182.2365422544578,10086.999,9999.980469181965,9904.76245774554,14794,157,2290945,False,197.493472,102.27546056357849,0.5178675503946707,51.78675503946707
251,95.26075289234376,87.0185308180363,182.27928371038004,10086.999,9999.980469181965,9904.71971628962,1035,158,2305739,False,197.546482,102.28572910765624,0.5177805652223978,51.77805652223978
252,96.07494665559295,87.0185308180363,183.0934774736293,10086.999,9999.980469181965,9903.90552252637,19716,159,2306774,False,198.882592,102.80764534440704,0.5169263147194252,51.69263147194252
253,96.12900324090911,87.0185308180363,183.1475340589454,10086.999,9999.980469181965,9903.851465941054,1309,160,2326490,False,198.962106,102.83310275909089,0.5168476793218649,51.684767932186496
254,96.23306939445892,87.0185308180363,183.2516002124952,10086.999,9999.980469181965,9903.747399787504,2520,161,2327799,False,199.104094,102.87102460554108,0.5166695598210104,51.66695598210104
255,96.92296191874588,87.0185308180363,183.94149273678212,10086.999,9999.980469181965,9903.057507263216,16706,162,2330319,False,200.219328,103.2963660812541,0.5159160562223748,51.59160562223748
256,96.99551915358198,87.0185308180363,184.01404997161828,10086.999,9999.980469181965,9902.98495002838,1757,163,2347025,False,200.330093,103.33457384641802,0.5158215238607113,51.58215238607114
257,97.4638581406488,87.0185308180363,184.48238895868508,10086.999,9999.980469181965,9902.516611041314,11341,164,2348782,False,201.056005,103.5921468593512,0.5152402528805404,51.52402528805404
258,97.50127240061552,87.0185308180363,184.51980321865184,10086.999,9999.980469181965,9902.479196781347,906,165,2360123,False,201.083372,103.58209959938448,0.5151201641843587,51.51201641843587
259,97.57919812749984,87.0185308180363,184.5977289455361,10086.999,9999.980469181965,9902.401271054465,1887,166,2361029,False,201.191312,103.61211387250017,0.5149929827611054,51.49929827611054
260,98.31711800757188,87.0185308180363,185.3356488256082,10086.999,9999.980469181965,9901.663351174391,17869,167,2362916,False,202.431095,104.11397699242812,0.5143181041056372,51.43181041056371
261,96.4007728268263,90.00915764452881,186.4099304713551,10090.0,9999.990842355472,9903.590069528644,3954,166,2330426,False,199.656988,103.25621517317371,0.5171680501018763,51.71680501018763
262,96.4793179951008,90.00915764452881,186.4884756396296,10090.0,9999.990842355472,9903.51152436037,1902,167,2334380,False,199.766502,103.2871840048992,0.5170395585386943,51.70395585386943
263,97.60645354866764,90.00915764452881,187.6156111931965,10090.0,9999.990842355472,9902.384388806804,27294,168,2336282,False,201.810555,104.20410145133235,0.5163461418127132,51.634614181271324
264,97.99513237295764,90.00915764452881,188.00429001748645,10090.0,9999.990842355472,9901.995709982511,9412,169,2363576,False,202.37805,104.38291762704236,0.5157818134280984,51.578181342809835
265,98.5086905815074,90.00915764452881,188.51784822603625,10090.0,9999.990842355472,9901.482151773964,12436,170,2372988,False,203.156008,104.64731741849262,0.5151081597276346,51.51081597276346
266,98.72508210714273,90.00915764452881,188.73423975167157,10090.0,9999.990842355472,9901.265760248329,5240,171,2385424,False,203.435669,104.71058689285726,0.5147110504641016,51.47110504641016
267,100.99673886929408,90.00915764452881,191.0058965138229,10090.0,9999.990842355472,9898.994103486177,55009,172,2390664,False,208.63531,107.63857113070593,0.5159173254551491,51.591732545514915
268,101.62336577959758,90.00915764452881,191.6325234241264,10090.0,9999.990842355472,9898.367476575871,15174,173,2445673,False,209.587262,107.96389622040243,0.515126230430943,51.512623043094294
269,103.2512164568912,90.00915764452881,193.26037410142,10090.0,9999.990842355472,9896.73962589858,39419,174,2460847,False,212.7875,109.5362835431088,0.5147684123508608,51.47684123508608
270,99.1700888018462,93.00007070321358,192.1701595050598,10093.0,9999.999929296786,9900.82984049494,903,173,2400537,False,209.838493,110.6684041981538,0.5273980127094879,52.739801270948796
271,99.28518101214117,93.00007070321358,192.28525171535475,10093.0,9999.999929296786,9900.714748284645,2787,174,2401440,False,209.995269,110.71008798785884,0.5272027723055934,52.72027723055934
272,99.66415525465172,93.00007070321358,192.6642259578653,10093.0,9999.999929296786,9900.335774042134,9177,175,2404227,False,210.527031,110.86287574534828,0.5265968708091849,52.659687080918495
273,101.15300328398952,93.00007070321358,194.1530739872031,10093.0,9999.999929296786,9898.846926012797,36053,176,2413404,False,213.336673,112.18366971601047,0.5258527197338007,52.58527197338007
274,101.81089133645062,96.01347985650918,197.8243711929598,10095.999,9999.985520143491,9898.17462880704,13883,177,2451505,False,211.212564,109.40167266354936,0.5179695307498344,51.79695307498344
275,102.172934180963,96.01347985650918,198.18641403747216,10095.999,9999.985520143491,9897.812585962529,8767,178,2465388,False,211.719331,109.54639681903701,0.5174132957138289,51.74132957138289
276,102.49240075392385,96.01347985650918,198.50588061043305,10095.999,9999.985520143491,9897.493119389568,7736,179,2474155,False,212.189642,109.69724124607615,0.5169773614400845,51.69773614400845
277,103.05989165951172,96.01347985650918,199.0733715160209,10095.999,9999.985520143491,9896.92562848398,13742,180,2481891,False,213.045886,109.98599434048828,0.5162549552376162,51.62549552376162
278,103.09693425464434,96.01347985650918,199.11041411115352,10095.999,9999.985520143491,9896.888585888846,897,181,2495633,False,213.098706,110.00177174535565,0.5162010310159071,51.62010310159071
279,104.99341601481156,96.01347985650918,201.00689587132075,10095.999,9999.985520143491,9894.99210412868,45924,182,2496530,False,217.102912,112.10949598518845,0.5163887252935071,51.63887252935071
280,105.30796835274366,96.01347985650918,201.3214482092528,10095.999,9999.985520143491,9894.677551790748,7617,183,2542454,False,217.573896,112.26592764725633,0.515989876135032,51.5989876135032
281,105.43772067593947,96.01347985650918,201.45120053244867,10095.999,9999.985520143491,9894.547799467551,3142,184,2550071,False,217.739202,112.30148132406053,0.5157614260203843,51.57614260203843
282,106.43427798445694,96.01347985650918,202.4477578409661,10095.999,9999.985520143491,9893.551242159034,24132,185,2553213,False,219.434908,113.00063001554307,0.5149619586303154,51.49619586303154
283,106.62841091613856,99.00974298928908,205.63815390542763,10099.0,9999.990257010712,9893.361846094573,4701,186,2577345,False,216.714597,110.08618608386143,0.5079777163504193,50.79777163504193
284,107.41654684490764,99.00974298928908,206.42628983419672,10099.0,9999.990257010712,9892.573710165803,19085,187,2582046,False,217.997299,110.58075215509236,0.507257441547899,50.7257441547899
285,107.4536720322256,99.00974298928908,206.4634150215147,10099.0,9999.990257010712,9892.536584978488,899,188,2601131,False,218.049841,110.59616896777439,0.5072059143018334,50.72059143018334
286,107.72635013218172,99.00974298928908,206.7360931214708,10099.0,9999.990257010712,9892.26390687853,6603,189,2602030,False,218.420981,110.69463086781829,0.5067948617436998,50.679486174369984
287,107.78057190186858,99.00974298928908,206.7903148911577,10099.0,9999.990257010712,9892.209685108844,1313,190,2608633,False,223.075956,115.29538409813141,0.5168436175978168,51.68436175978168
288,107.90549258222104,99.00974298928908,206.9152355715101,10099.0,9999.990257010712,9892.084764428491,3025,191,2609946,False,223.244655,115.33916241777895,0.5166491552408229,51.66491552408229
289,107.94323721092915,99.00974298928908,206.95298020021824,10099.0,9999.990257010712,9892.047019799782,914,192,2612971,False,223.298493,115.35525578907085,0.5165966605474174,51.659666054741734
290,108.53930501265056,99.00974298928908,207.54904800193964,10099.0,9999.990257010712,9891.45095199806,14434,193,2613885,False,224.223762,115.68445698734944,0.5159330837886371,51.59330837886371
291,109.24910225360856,99.00974298928908,208.2588452428976,10099.0,9999.990257010712,9890.741154757105,17188,194,2628319,False,225.334796,116.08569374639146,0.5151698530678389,51.516985306783894
292,110.9494688696456,102.0214988055978,212.9709676752434,10102.0,9999.978501194402,9889.029032324755,67220,194,2619462,False,229.273335,118.3238661303544,0.5160821084159412,51.608210841594115
293,110.9930775435141,102.0214988055978,213.0145763491119,10102.0,9999.978501194402,9888.985423650887,1056,195,2686682,False,229.327461,118.3343834564859,0.5160061640262344,51.600616402623444
294,111.41739489578563,102.0214988055978,213.43889370138345,10102.0,9999.978501194402,9888.561106298615,10275,196,2687738,False,229.963522,118.54612710421438,0.5154997021841332,51.54997021841332
295,111.98026063899351,102.0214988055978,214.0017594445913,10102.0,9999.978501194402,9887.99824055541,13630,197,2698013,False,230.831806,118.85154536100649,0.5148837476972583,51.48837476972583
296,112.33784350549662,102.0214988055978,214.3593423110944,10102.0,9999.978501194402,9887.640657688906,8659,198,2711643,False,231.341654,119.00381049450338,0.5144071914282388,51.44071914282387
297,113.34939129565636,102.0214988055978,215.37089010125416,10102.0,9999.978501194402,9886.629109898746,24495,199,2720302,False,233.098459,119.74906770434363,0.5137274103744446,51.372741037444456
298,116.2104671886079,102.0214988055978,218.23196599420567,10102.0,9999.978501194402,9883.768034005794,69282,200,2744797,False,240.451477,124.24100981139212,0.5166988839556685,51.66988839556686
299,116.34996538967586,102.0214988055978,218.37146419527363,10102.0,9999.978501194402,9883.628535804726,3378,201,2814079,False,240.619407,124.26944161032414,0.5164564369919012,51.645643699190124
300,116.3903942644081,102.0214988055978,218.41189307000587,10102.0,9999.978501194402,9883.588106929994,979,202,2817457,False,240.675727,124.2853327355919,0.5164016092723464,51.64016092723463
301,116.5862616319822,102.0214988055978,218.60776043758,10102.0,9999.978501194402,9883.39223956242,4743,203,2818436,False,240.971615,124.38535336801782,0.5161825942363286,51.618259423632864
302,116.82222750554712,102.0214988055978,218.8437263111449,10102.0,9999.978501194402,9883.156273688855,5714,204,2823179,False,241.30036,124.4781324944529,0.5158638490819196,51.58638490819196
303,111.88940923510084,105.03080114369736,216.92021037879817,10105.0,9999.969198856305,9888.079789621204,1183,204,2708260,False,240.548858,128.65944876489914,0.5348578656103998,53.48578656103998
304,112.378767933341,105.03080114369736,217.4095690770384,10105.0,9999.969198856305,9887.59043092296,11850,205,2709443,False,241.323101,128.944333066659,0.5343223774778983,53.432237747789834
305,112.8064715652122,105.03080114369736,217.83727270890955,10105.0,9999.969198856305,9887.16272729109,10357,206,2721293,False,241.977821,129.1713494347878,0.5338148302227574,53.381483022275745
306,113.69012535634664,105.03080114369736,218.720926500044,10105.0,9999.969198856305,9886.279073499956,21398,207,2731650,False,243.492194,129.80206864365337,0.5330851330850194,53.30851330850194
307,113.85299714587065,105.03080114369736,218.883798289568,10105.0,9999.969198856305,9886.116201710433,3944,208,2753048,False,243.689529,129.83653185412936,0.532794873817206,53.2794873817206
308,114.4398972150174,108.05934326774532,222.49924048276276,10108.0,9999.940656732257,9885.500759517236,8532,209,2762672,False,241.226613,126.78671578498259,0.5255917421722561,52.55917421722561
309,115.54365918012824,108.05934326774532,223.6030024478736,10108.0,9999.940656732257,9884.396997552129,26728,210,2771204,False,243.169199,127.62553981987175,0.5248425390415986,52.484253904159864
310,116.06349439476512,108.05934326774532,224.12283766251045,10108.0,9999.940656732257,9883.87716233749,12588,211,2797932,False,243.964525,127.9010306052349,0.5242607735908935,52.42607735908935
311,116.1320872047041,108.05934326774532,224.19143047244944,10108.0,9999.940656732257,9883.808569527551,1661,212,2810520,False,244.073325,127.9412377952959,0.5241918091429938,52.41918091429938
312,116.27703649000564,108.05934326774532,224.33637975775096,10108.0,9999.940656732257,9883.663620242249,3510,213,2812181,False,244.270253,127.99321650999435,0.5239820032854936,52.39820032854936
313,117.11068071290642,108.05934326774532,225.17002398065176,10108.0,9999.940656732257,9882.829976019348,20187,214,2815691,False,245.645019,128.5343382870936,0.5232523696606833,52.32523696606833
314,117.72929618123028,108.05934326774532,225.78863944897563,10108.0,9999.940656732257,9882.211360551024,14980,215,2835878,False,246.613292,128.88399581876973,0.5226157713298346,52.26157713298346
315,118.29484617046228,108.05934326774532,226.3541894382076,10108.0,9999.940656732257,9881.645810561791,13695,216,2850858,False,247.508328,129.21348182953773,0.5220571076280622,52.20571076280622
316,118.6276100852656,108.05934326774532,226.68695335301092,10108.0,9999.940656732257,9881.313046646988,8058,217,2864553,False,247.985356,129.35774591473438,0.5216346158550361,52.16346158550361
317,119.9192279759709,111.07710563201216,230.99633360798305,10111.0,9999.922894367988,9880.003666392018,9325,218,2894563,False,245.560192,125.6409640240291,0.511650373787088,51.1650373787088
318,119.9803048970424,111.07710563201216,231.05741052905452,10111.0,9999.922894367988,9879.942589470946,1479,219,2903888,False,245.650402,125.67009710295761,0.5115810765209234,51.15810765209234
319,120.57141716764238,111.07710563201216,231.64852279965453,10111.0,9999.922894367988,9879.351477200344,14314,220,2905367,False,246.596581,126.0251638323576,0.5110580338190399,51.10580338190399
320,120.6151910258816,111.07710563201216,231.6922966578937,10111.0,9999.922894367988,9879.307703342109,1060,221,2919681,False,246.648604,126.0334129741184,0.5109836866302248,51.09836866302248
321,121.00894926957103,111.07710563201216,232.0860549015832,10111.0,9999.922894367988,9878.913945098417,9535,222,2920741,False,247.226881,126.21793173042896,0.5105348221839556,51.053482218395565
322,122.4126034597131,111.07710563201216,233.48970909172525,10111.0,9999.922894367988,9877.510290908274,33990,223,2930276,False,249.947274,127.5346705402869,0.510246295145779,51.0246295145779
323,122.6289949853484,111.07710563201216,233.70610061736056,10111.0,9999.922894367988,9877.29389938264,5240,224,2964266,False,250.227029,127.59803401465159,0.5099290613191575,50.99290613191575
324,123.61939917605676,111.07710563201216,234.6965048080689,10111.0,9999.922894367988,9876.30349519193,23983,225,2969506,False,251.911536,128.29213682394325,0.5092745606693584,50.92745606693584
325,123.9037640702409,111.07710563201216,234.98086970225305,10111.0,9999.922894367988,9876.019130297747,6886,226,2993489,False,252.311295,128.4075309297591,0.5089250202998605,50.892502029986055
326,124.34224598230116,114.04372390861025,238.38596989091135,10113.999,9999.95527609139,9875.613030109089,10602,227,3000391,False,249.941776,125.59953001769884,0.5025151538400641,50.25151538400641
327,129.11751965917898,114.04372390861025,243.16124356778923,10113.999,9999.95527609139,9870.83775643221,115635,228,3010993,False,265.799986,136.682466340821,0.5142305249813708,51.42305249813708
328,130.14286034429335,114.04372390861025,244.1865842529036,10113.999,9999.95527609139,9869.812415747096,24829,229,3126628,False,267.575355,137.43249465570665,0.5136216474634095,51.36216474634095
329,131.81683875710883,114.04372390861025,245.8605626657191,10113.999,9999.95527609139,9868.13843733428,40536,230,3151457,False,271.000275,139.18343624289116,0.5135914944842442,51.359149448424425
330,132.38309077991636,114.04372390861025,246.4268146885266,10113.999,9999.95527609139,9867.572185311474,13712,231,3191993,False,271.871048,139.48795722008362,0.5130666109768467,51.30666109768467
331,133.21524834348074,114.04372390861025,247.25897225209096,10113.999,9999.95527609139,9866.74002774791,20151,232,3205705,False,273.278229,140.06298065651927,0.5125288654315718,51.25288654315718
332,133.4755376156333,114.04372390861025,247.51926152424355,10113.999,9999.95527609139,9866.479738475757,6303,233,3225856,False,273.659009,140.18347138436673,0.5122560075643873,51.22560075643873
333,134.1101759679164,114.04372390861025,248.15389987652665,10113.999,9999.95527609139,9865.845100123472,15368,234,3232159,False,274.649178,140.5390020320836,0.5117037052704508,51.17037052704509
334,134.36113232312363,114.04372390861025,248.40485623173387,10113.999,9999.95527609139,9865.594143768269,6077,235,3247527,False,275.004576,140.64344367687636,0.5114221942142387,51.142219421423874
335,134.39829880653429,117.03771453578472,251.436013342319,10117.0,9999.962285464217,9865.56398665768,900,236,3253604,False,272.057884,137.65958519346572,0.5059937362207291,50.59937362207291
336,134.4485148552313,117.03771453578472,251.486229391016,10117.0,9999.962285464217,9865.513770608984,1216,237,3254504,False,272.111439,137.6629241447687,0.5059064207321644,50.59064207321644
337,135.6308632847093,117.03771453578472,252.66857782049405,10117.0,9999.962285464217,9864.331422179506,28631,238,3255720,False,274.205096,138.57423271529072,0.5053670946921085,50.53670946921085
338,135.70883030768633,117.03771453578472,252.74654484347104,10117.0,9999.962285464217,9864.253455156528,1888,239,3284351,False,274.308984,138.60015369231368,0.5052701944764364,50.52701944764364
339,135.7680489045873,117.03771453578472,252.805763440372,10117.0,9999.962285464217,9864.194236559628,1434,240,3286239,False,274.38617,138.6181210954127,0.5051935419901546,50.51935419901547
340,135.925304425507,120.05204154706284,255.97734597256985,10120.0,9999.947958452936,9864.022654027429,3808,241,3287673,False,271.598726,135.673421574493,0.49953629596367477,49.95362959636748
341,135.96222313236157,120.05204154706284,256.0142646794244,10120.0,9999.947958452936,9863.985735320575,894,242,3291481,False,271.625095,135.66287186763842,0.4994489624297726,49.94489624297726
342,136.97273852020436,120.05204154706284,257.0247800672672,10120.0,9999.947958452936,9862.975219932732,24470,243,3292375,False,274.398214,137.42547547979564,0.5008249633862254,50.08249633862254
343,137.75352374447667,120.05204154706284,257.8055652915395,10120.0,9999.947958452936,9862.19443470846,18907,244,3316845,False,275.623871,137.87034725552334,0.5002119256046706,50.021192560467064
344,138.03966437064597,120.05204154706284,258.0917059177088,10120.0,9999.947958452936,9861.90829408229,6929,245,3335752,False,276.031805,137.99214062935405,0.49991391618568753,49.991391618568755
345,138.0766656696859,120.05204154706284,258.12870721674875,10120.0,9999.947958452936,9861.871292783251,896,246,3342681,False,276.084453,138.0077873303141,0.4998752585692107,49.987525856921074
346,138.11362567263316,120.05204154706284,258.165667219696,10120.0,9999.947958452936,9861.834332780303,895,247,3343577,False,276.137121,138.02349532736682,0.49983680146852416,49.983680146852414
347,137.03765597789496,123.01090590076512,260.04856187866005,10123.0,9999.989094099235,9862.95143812134,10242,238,3308175,False,273.741607,136.70395102210503,0.4993904745437731,49.93904745437731
348,137.08622018288486,123.01090590076512,260.09712608365,10123.0,9999.989094099235,9862.902873916351,1176,239,3318417,False,273.82028,136.73405981711517,0.49935694981071216,49.935694981071215
349,137.1445302657469,123.01090590076512,260.155436166512,10123.0,9999.989094099235,9862.844563833489,1412,240,3319593,False,273.899429,136.7548987342531,0.4992887324867446,49.92887324867446
350,137.94786315662168,123.01090590076512,260.9587690573868,10123.0,9999.989094099235,9862.041230942614,19453,241,3321005,False,275.2111,137.2632368433783,0.4987561796867144,49.875617968671435
351,136.55820834189765,126.01117972574887,262.5693880676465,10125.999,9999.987820274251,9863.429611932354,10048,239,3296759,False,272.803778,136.24556965810237,0.4994269898201423,49.94269898201423
352,136.92359616991695,126.01117972574887,262.93477589566584,10125.999,9999.987820274251,9863.064224104332,8848,240,3306807,False,273.346445,136.42284883008307,0.4990840427066211,49.90840427066211
353,137.9420817036467,126.01117972574887,263.9532614293956,10125.999,9999.987820274251,9862.045738570603,24663,241,3315655,False,275.20363,137.26154829635328,0.49876358206595345,49.87635820659534
354,138.21587479810512,126.01117972574887,264.227054523854,10125.999,9999.987820274251,9861.771945476146,6630,242,3340318,False,275.598443,137.38256820189486,0.4984881870391948,49.84881870391948
355,138.74219349929254,126.01117972574887,264.7533732250414,10125.999,9999.987820274251,9861.24562677496,12745,243,3346948,False,276.450282,137.70808850070748,0.49812967273698594,49.8129672736986
356,141.50956855795656,126.01117972574887,267.5207482837054,10125.999,9999.987820274251,9858.478251716297,67013,244,3359693,False,283.37178,141.86221144204345,0.5006222265394368,50.06222265394368
357,141.68780249395695,126.01117972574887,267.69898221970584,10125.999,9999.987820274251,9858.300017780291,4316,245,3426706,False,283.588994,141.90119150604306,0.5003762293611544,50.03762293611545
358,142.05013441111805,126.01117972574887,268.06131413686694,10125.999,9999.987820274251,9857.937685863131,8774,246,3431022,False,284.109573,142.05943858888196,0.5000163742771242,50.00163742771242
359,142.09176087253798,126.01117972574887,268.10294059828686,10125.999,9999.987820274251,9857.896059401714,1008,247,3439796,False,284.161039,142.06927812746204,0.4999604401343072,49.99604401343072
360,142.6753159581778,126.01117972574887,268.6864956839267,10125.999,9999.987820274251,9857.312504316073,14131,248,3440804,False,285.032588,142.35727204182217,0.4994420920102728,49.94420920102728
361,143.6627468302133,126.01117972574887,269.6739265559622,10125.999,9999.987820274251,9856.325073444035,23911,249,3454935,False,286.713751,143.0510041697867,0.498933182209969,49.8933182209969
362,141.39129654852533,129.00222232811345,270.3935188766388,10129.0,9999.997777671886,9858.60648112336,9582,247,3414260,False,284.278881,142.88758445147468,0.502631725398816,50.263172539881595
363,141.9849691768714,129.00222232811345,270.9871915049848,10129.0,9999.997777671886,9858.012808495014,14376,248,3423842,False,285.158319,143.1733498231286,0.5020837208088907,50.20837208088908
364,142.66953450520282,129.00222232811345,271.6717568333163,10129.0,9999.997777671886,9857.328243166685,16577,249,3438218,False,286.257764,143.5882294947972,0.5016046638818753,50.16046638818753
365,142.87597367250262,129.00222232811345,271.8781960006161,10129.0,9999.997777671886,9857.121803999384,4999,250,3454795,False,286.518279,143.64230532749738,0.5013373172170191,50.13373172170191
366,143.9561968647867,129.00222232811345,272.9584191929001,10129.0,9999.997777671886,9856.0415808071,26158,251,3459794,False,288.435415,144.47921813521327,0.5009066523097148,50.090665230971474
367,139.72421458318715,132.02343979926908,271.74765438245623,10131.999,9999.97556020073,9860.251345617542,1318,246,3382155,False,285.488484,145.76426941681288,0.5105784561762319,51.05784561762319
368,140.1831380611233,132.02343979926908,272.2065778603924,10131.999,9999.97556020073,9859.792422139606,11113,247,3383473,False,286.147249,145.9641109388767,0.5101013951697181,51.01013951697181
369,140.57900240553934,132.02343979926908,272.6024422048084,10131.999,9999.97556020073,9859.396557795191,9586,248,3394586,False,286.70097,146.12196759446064,0.5096668057818592,50.966680578185915
370,140.92345311457066,132.02343979926908,272.94689291383975,10131.999,9999.97556020073,9859.05210708616,8341,249,3404172,False,287.188168,146.26471488542936,0.5092992371657503,50.92992371657503
371,141.40525462785067,132.02343979926908,273.4286944271197,10131.999,9999.97556020073,9858.57030557288,11667,250,3412513,False,287.878425,146.47317037214933,0.5088021805460042,50.88021805460043
372,141.44655072052916,132.02343979926908,273.4699905197982,10131.999,9999.97556020073,9858.5290094802,1000,251,3424180,False,287.929497,146.48294627947087,0.5087458833002818,50.87458833002818
373,141.68524213621086,132.02343979926908,273.70868193547994,10131.999,9999.97556020073,9858.29031806452,5780,252,3425180,False,288.266722,146.58147986378916,0.5084925476198018,50.84925476198018
374,141.7898451389655,132.02343979926908,273.8132849382346,10131.999,9999.97556020073,9858.185715061763,2533,253,3430960,False,288.400059,146.6102138610345,0.5083570869208266,50.83570869208266
375,142.47688823285762,132.02343979926908,274.5003280321268,10131.999,9999.97556020073,9857.498671967873,16637,254,3433493,False,289.448527,146.9716387671424,0.5077643347866904,50.776433478669034
376,143.32023703753785,132.02343979926908,275.34367683680694,10131.999,9999.97556020073,9856.655323163191,20422,255,3450130,False,290.793601,147.47336396246217,0.5071410218633462,50.71410218633462
377,143.35802296233868,132.02343979926908,275.38146276160774,10131.999,9999.97556020073,9856.617537238391,915,256,3470552,False,290.842565,147.4845420376613,0.5070940769541807,50.70940769541807
378,145.03865004607542,135.01750062616463,280.05615067224005,10135.0,9999.982499373837,9854.94384932776,11945,257,3500219,False,288.555849,143.5171989539246,0.4973636800338246,49.73636800338246
379,145.4331516194331,135.01750062616463,280.4506522455977,10135.0,9999.982499373837,9854.549347754402,9553,258,3512164,False,289.106411,143.6732593805669,0.49695632443296767,49.695632443296766
380,145.85846007792892,135.01750062616463,280.8759607040936,10135.0,9999.982499373837,9854.124039295906,10299,259,3521717,False,289.72287,143.86440992207108,0.49655869390659796,49.655869390659795
381,146.95569726039653,135.01750062616463,281.97319788656114,10135.0,9999.982499373837,9853.026802113438,26570,260,3532016,False,291.601661,144.64596373960345,0.49603957413535943,49.603957413535944
382,150.3190575285966,135.01750062616463,285.33655815476124,10135.0,9999.982499373837,9849.663441845238,81445,261,3558586,False,300.608614,150.2895564714034,0.49995093111803973,49.995093111803975
383,150.54502974773334,135.01750062616463,285.562530373898,10135.0,9999.982499373837,9849.437469626102,5472,262,3640031,False,300.911782,150.36675225226668,0.49970377116129894,49.970377116129896
384,151.5394396594315,135.01750062616463,286.55694028559617,10135.0,9999.982499373837,9848.443059714404,24080,263,3645503,False,302.590229,151.0507893405685,0.4991925543655559,49.91925543655559
385,151.7443095752095,135.01750062616463,286.76181020137415,10135.0,9999.982499373837,9848.238189798623,4961,264,3669583,False,302.86759,151.1232804247905,0.49897475139149255,49.89747513914926
386,151.8678261884109,135.01750062616463,286.88532681457554,10135.0,9999.982499373837,9848.114673185424,2991,265,3674544,False,303.027831,151.1600048115891,0.49883208520074546,49.88320852007455
387,151.9137474434694,138.0171374484713,289.93088489194065,10138.0,9999.98286255153,9848.06911510806,1112,266,3677535,False,300.07963,148.16588255653062,0.49375521609557643,49.375521609557644
388,152.05056139851322,138.0171374484713,290.0676988469845,10138.0,9999.98286255153,9847.932301153016,3313,267,3678647,False,300.271942,148.2213806014868,0.49362381184948273,49.362381184948276
389,152.41826180772256,138.0171374484713,290.4353992561938,10138.0,9999.98286255153,9847.564600743806,8904,268,3681960,False,300.808282,148.39002019227746,0.4933043040094137,49.330430400941374
390,152.82585424245931,138.0171374484713,290.8429916909306,10138.0,9999.98286255153,9847.15700830907,9870,269,3690864,False,301.382885,148.55703075754067,0.49291793977465137,49.29179397746514
391,153.0776365195201,138.0171374484713,291.0947739679914,10138.0,9999.98286255153,9846.90522603201,6097,270,3700734,False,301.754294,148.67665748047992,0.4927076778581978,49.27076778581978
392,153.57248759808652,138.0171374484713,291.5896250465578,10138.0,9999.98286255153,9846.410374953442,11983,271,3706831,False,302.503723,148.93123540191345,0.4923286031818969,49.232860318189694
393,153.8672591076256,138.0171374484713,291.88439655609693,10138.0,9999.98286255153,9846.115603443905,7138,272,3718814,False,302.912674,149.04541489237437,0.4920408675022108,49.20408675022108
394,153.90475595977767,138.0171374484713,291.92189340824893,10138.0,9999.98286255153,9846.07810659175,908,273,3725952,False,302.965366,149.06061004022234,0.49200544606218233,49.20054460621823
395,153.96628713786865,138.0171374484713,291.98342458633994,10138.0,9999.98286255153,9846.01657541366,1490,274,3726860,False,320.331288,166.36500086213132,0.5193529545641241,51.93529545641241
396,154.43276780076494,138.0171374484713,292.4499052492362,10138.0,9999.98286255153,9845.550094750764,11296,275,3728350,False,321.007372,166.57460419923504,0.5189120834247852,51.89120834247852
397,154.50747243242031,141.0189063928014,295.52637882522174,10141.0,9999.9810936072,9845.47362117478,1809,276,3739646,False,318.113375,163.6059025675797,0.5143006092327294,51.43006092327293
398,155.5391314197145,141.0189063928014,296.55803781251586,10141.0,9999.9810936072,9844.441962187484,24982,277,3741455,False,319.860156,164.32102458028552,0.5137277072430538,51.37277072430538
399,155.68907753223013,141.0189063928014,296.7079839250315,10141.0,9999.9810936072,9844.292016074967,3631,278,3766437,False,320.07662,164.38754246776986,0.5135880979615751,51.35880979615751
400,156.44079030725678,141.0189063928014,297.4596967000582,10141.0,9999.9810936072,9843.540303299942,18203,279,3770068,False,321.263621,164.82283069274322,0.5130454241276924,51.30454241276924
401,157.36929165504006,141.0189063928014,298.38819804784146,10141.0,9999.9810936072,9842.611801952158,22484,280,3788271,False,322.793626,165.42433434495996,0.5124770782957156,51.24770782957157
402,157.7769253858695,141.0189063928014,298.7958317786709,10141.0,9999.9810936072,9842.20416822133,9871,281,3810755,False,323.394874,165.6179486141305,0.512122986260229,51.2122986260229
403,158.20929547621333,141.0189063928014,299.2282018690147,10141.0,9999.9810936072,9841.771798130983,10470,282,3820626,False,324.034079,165.8247835237867,0.5117510603685197,51.17510603685197
404,158.86912444503034,141.0189063928014,299.8880308378317,10141.0,9999.9810936072,9841.111969162168,15978,283,3831096,False,325.034527,166.1654025549697,0.5112238508586803,51.122385085868025
405,159.91242893045984,141.0189063928014,300.93133532326124,10141.0,9999.9810936072,9840.06866467674,25264,284,3847074,False,326.845883,166.93345406954018,0.5107405745402648,51.07405745402648
406,159.99667295952398,141.0189063928014,301.0155793523254,10141.0,9999.9810936072,9839.984420647676,2040,285,3872338,False,326.983928,166.98725504047601,0.5106894888132728,51.06894888132728
407,160.03441758823212,141.0189063928014,301.0533239810335,10141.0,9999.9810936072,9839.946676018966,914,286,3874378,False,327.010785,166.97636741176788,0.5106142521010978,51.06142521010978
408,160.24160008520013,141.0189063928014,301.2605064780015,10141.0,9999.9810936072,9839.739493521998,5017,287,3875292,False,327.293567,167.05196691479986,0.5104040646017337,51.04040646017337
409,159.80505908949576,144.02493535907695,303.82999444857273,10144.0,9999.975064640925,9840.170005551428,16100,285,3853638,False,325.330645,165.52558591050425,0.5087918659199911,50.879186591999115
410,160.56350312762902,144.02493535907695,304.588438486706,10144.0,9999.975064640925,9839.411561513294,18366,286,3869738,False,326.618605,166.05510187237098,0.5084067451465938,50.840674514659376
411,161.2225887667778,144.02493535907695,305.24752412585474,10144.0,9999.975064640925,9838.752475874146,15960,287,3888104,False,327.702308,166.47971923322223,0.5080211984140869,50.80211984140869
412,161.4215120452101,144.02493535907695,305.446447404287,10144.0,9999.975064640925,9838.553552595711,4817,288,3904064,False,327.997629,166.5761169547899,0.5078576862358658,50.78576862358658
413,161.69608976542943,144.02493535907695,305.72102512450635,10144.0,9999.975064640925,9838.278974875491,6649,289,3908881,False,328.387828,166.69173823457058,0.5076063240522136,50.760632405221365
414,165.22273478408027,144.02493535907695,309.2476701431572,10144.0,9999.975064640925,9834.752329856845,85399,290,3915530,False,338.534205,173.3114702159197,0.5119467033351024,51.19467033351024
415,166.0240028703211,144.02493535907695,310.04893822939806,10144.0,9999.975064640925,9833.951061770602,19403,291,4000929,False,339.886202,173.8621991296789,0.5115306185029509,51.15306185029509
416,168.8720704940789,144.02493535907695,312.89700585315586,10144.0,9999.975064640925,9831.102994146844,68967,292,4020332,False,347.003409,178.13133850592106,0.513341753671132,51.3341753671132
417,168.95069825453876,144.02493535907695,312.97563361361574,10144.0,9999.975064640925,9831.024366386384,1904,293,4089299,False,347.112364,178.16166574546125,0.5132679910689129,51.326799106891286
418,168.99951023608477,144.02493535907695,313.0244455951617,10144.0,9999.975064640925,9830.975554404838,1182,294,4091203,False,347.166182,178.16667176391522,0.5132028434840904,51.32028434840904
419,171.13976283133314,144.02493535907695,315.1646981904101,10144.0,9999.975064640925,9828.83530180959,51827,295,4092385,False,351.951116,180.81135316866687,0.5137399625937451,51.37399625937451
420,171.55474726665935,144.02493535907695,315.57968262573627,10144.0,9999.975064640925,9828.420317374264,10049,296,4144212,False,352.575026,181.02027873334063,0.5134234287295795,51.34234287295795
421,172.4546717183091,144.02493535907695,316.47960707738605,10144.0,9999.975064640925,9827.520392922614,21792,297,4154261,False,354.101462,181.64679028169093,0.5129794981803575,51.29794981803575
422,174.11390742603837,144.02493535907695,318.13884278511534,10144.0,9999.975064640925,9825.861157214884,40179,298,4176053,False,357.51007,183.39616257396162,0.5129818093626332,51.298180936263314
423,171.45600830906506,147.0298152860226,318.48582359508765,10147.0,9999.970184713977,9828.514176404911,5283,298,4146587,False,354.801804,183.34579569093495,0.5167555340021184,51.67555340021184
424,171.80566232577388,147.0298152860226,318.8354776117965,10147.0,9999.970184713977,9828.164522388202,8467,299,4151870,False,355.308385,183.5027226742261,0.5164604338685284,51.64604338685284
425,171.84258103262846,147.0298152860226,318.87239631865106,10147.0,9999.970184713977,9828.127603681349,894,300,4160337,False,355.362377,183.51979596737152,0.5164300101678224,51.64300101678224
426,172.26210803814928,147.0298152860226,319.2919233241719,10147.0,9999.970184713977,9827.708076675828,10159,301,4161231,False,355.972611,183.7105029618507,0.5160804435087584,51.608044350875836
427,173.58882760763132,147.0298152860226,320.61864289365394,10147.0,9999.970184713977,9826.381357106346,32127,302,4171390,False,358.473338,184.8845103923687,0.5157552620897253,51.57552620897253
428,173.983329180989,147.0298152860226,321.0131444670116,10147.0,9999.970184713977,9825.986855532989,9553,303,4203517,False,359.056992,185.073662819011,0.5154436954092542,51.544369540925416
429,175.13689423387007,147.0298152860226,322.16670951989266,10147.0,9999.970184713977,9824.833290480106,27934,304,4213070,False,361.115488,185.97859376612996,0.5150114020203141,51.501140202031415
430,176.31965562427484,147.0298152860226,323.34947091029744,10147.0,9999.970184713977,9823.650529089702,28641,305,4241004,False,363.247679,186.92802337572516,0.5146021136055907,51.46021136055907
431,176.89961794985166,147.0298152860226,323.9294332358743,10147.0,9999.970184713977,9823.070566764123,14044,306,4269645,False,364.107733,187.20811505014834,0.5141558337904027,51.41558337904028
432,176.95524378668958,147.0298152860226,323.98505907271215,10147.0,9999.970184713977,9823.014940927287,1347,307,4283689,False,364.318901,187.3636572133104,0.5142847562918796,51.428475629187965
433,177.9707147056538,147.0298152860226,325.0005299916764,10147.0,9999.970184713977,9821.999470008324,24590,308,4285036,False,366.024562,188.0538472943462,0.5137738469429443,51.37738469429443
434,178.00920266403014,147.0298152860226,325.0390179500528,10147.0,9999.970184713977,9821.960982049946,932,309,4309626,False,366.050442,188.04123933596983,0.5137030795771307,51.37030795771307
435,178.0730464233111,147.0298152860226,325.1028617093337,10147.0,9999.970184713977,9821.897138290666,1546,310,4310558,False,366.127813,188.0547665766889,0.5136314693925995,51.36314693925995
436,178.71379659731065,147.0298152860226,325.74361188333324,10147.0,9999.970184713977,9821.256388116666,15516,311,4312104,False,367.09735,188.38355340268936,0.5131705619849595,51.31705619849595
437,179.0598991500491,150.04517372643204,329.1050728764812,10149.999,9999.953826273568,9820.89392712352,8381,312,4327620,False,364.586749,185.5268498499509,0.5088688778701359,50.88688778701359
438,179.29735168295045,150.04517372643204,329.34252540938246,10149.999,9999.953826273568,9820.656474590618,5750,313,4336001,False,364.919311,185.62195931704954,0.5086657617772646,50.866576177726465
439,179.6467579231032,150.04517372643204,329.69193164953526,10149.999,9999.953826273568,9820.307068350465,8461,314,4341751,False,365.390221,185.7434630768968,0.5083427316925836,50.83427316925836
440,180.9512188986315,150.04517372643204,330.99639262506355,10149.999,9999.953826273568,9819.002607374936,31588,315,4350212,False,367.838736,186.88751710136847,0.5080691586036998,50.80691586036998
441,181.57817617767645,150.04517372643204,331.62334990410847,10149.999,9999.953826273568,9818.375650095892,15182,316,4381800,False,368.799264,187.22108782232354,0.5076503835493651,50.76503835493651
442,181.6331825731242,150.04517372643204,331.67835629955624,10149.999,9999.953826273568,9818.320643700445,1332,317,4396982,False,368.906974,187.2737914268758,0.5076450287623887,50.76450287623887
443,181.9845710257255,150.04517372643204,332.0297447521575,10149.999,9999.953826273568,9817.969255247845,8509,318,4398314,False,369.412375,187.4278039742745,0.5073674209595023,50.73674209595023
444,182.48412985885727,150.04517372643204,332.5293035852893,10149.999,9999.953826273568,9817.46969641471,12097,319,4406823,False,370.157145,187.67301514114274,0.5070090302893997,50.70090302893997
445,182.74099155531752,150.04517372643204,332.7861652817496,10149.999,9999.953826273568,9817.21283471825,6220,320,4418920,False,370.527938,187.78694644468248,0.5068091422695432,50.68091422695432
446,182.7781167426355,150.04517372643204,332.8232904690675,10149.999,9999.953826273568,9817.175709530931,899,321,4425140,False,370.554525,187.77640825736452,0.5067443401409402,50.67443401409402
447,182.82160152822595,150.04517372643204,332.866775254658,10149.999,9999.953826273568,9817.132224745345,1053,322,4426039,False,370.641154,187.81955247177402,0.5067423043685376,50.67423043685376
448,183.60775524454647,150.04517372643204,333.6529289709785,10149.999,9999.953826273568,9816.346071029022,19037,323,4427092,False,372.007728,188.39997275545352,0.5064410187614531,50.64410187614531
449,183.69294908374215,150.04517372643204,333.7381228101742,10149.999,9999.953826273568,9816.260877189825,2063,324,4446129,False,372.123855,188.43090591625784,0.5063661019964921,50.63661019964921
450,182.76936197098763,153.0066265909144,335.77598856190207,10153.0,9999.993373409086,9817.224011438098,21668,320,4404159,False,370.739909,187.97054702901238,0.5070146009800428,50.70146009800428
451,183.14817102912747,153.0066265909144,336.1547976200419,10153.0,9999.993373409086,9816.845202379958,9173,321,4425827,False,371.350478,188.20230697087254,0.5068050753145188,50.68050753145188
452,183.40478494903164,153.0066265909144,336.411411539946,10153.0,9999.993373409086,9816.588588460054,6214,322,4435000,False,371.719878,188.31509305096836,0.5066048500397075,50.66048500397075
453,183.50947054397164,153.0066265909144,336.5160971348861,10153.0,9999.993373409086,9816.483902865117,2535,323,4441214,False,371.862932,188.35346145602836,0.5065131403202844,50.65131403202844
454,183.636456028958,153.0066265909144,336.6430826198724,10153.0,9999.993373409086,9816.356917380128,3075,324,4443749,False,372.065012,188.42855597104202,0.5064398690921306,50.643986909213055
455,183.8744041149715,153.0066265909144,336.8810307058859,10153.0,9999.993373409086,9816.118969294115,5762,325,4446824,False,372.395832,188.5214278850285,0.5062393606087098,50.623936060870975
456,183.9185496380448,153.0066265909144,336.92517622895923,10153.0,9999.993373409086,9816.07482377104,1069,326,4452586,False,372.451417,188.5328673619552,0.5061945229811146,50.619452298111455
457,184.8551450199931,153.0066265909144,337.8617716109075,10153.0,9999.993373409086,9815.138228389093,22680,327,4453655,False,374.171443,189.3162979800069,0.5059613755184597,50.59613755184596
458,183.883200182712,156.0098720726206,339.89307225533264,10156.0,9999.99012792738,9816.106927744668,7002,324,4445797,False,371.609614,187.72641381728803,0.5051710363373108,50.517103633731075
459,184.24780338497047,156.0098720726206,340.25767545759106,10156.0,9999.99012792738,9815.742324542409,8829,325,4452799,False,372.182876,187.93507261502955,0.5049535718430784,50.49535718430784
460,185.1241477677008,156.0098720726206,341.1340198403214,10156.0,9999.99012792738,9814.86598015968,21221,326,4461628,False,373.737385,188.6132372322992,0.5046678357646752,50.46678357646752
461,185.5212922909899,156.0098720726206,341.5311643636105,10156.0,9999.99012792738,9814.46883563639,9617,327,4482849,False,374.346196,188.82490370901013,0.5044125083322875,50.44125083322874
462,185.57225166935515,156.0098720726206,341.5821237419757,10156.0,9999.99012792738,9814.417876258023,1234,328,4492466,False,374.431975,188.85972333064487,0.5043899451446283,50.438994514462834
463,185.9170740432206,156.0098720726206,341.9269461158412,10156.0,9999.99012792738,9814.07305388416,8350,329,4493700,False,374.967853,189.0507789567794,0.5041786314326508,50.41786314326509
464,186.0085035924108,156.0098720726206,342.0183756650314,10156.0,9999.99012792738,9813.981624334969,2214,330,4502050,False,375.082109,189.0736054075892,0.504085907780766,50.4085907780766
465,186.5907784991776,156.0098720726206,342.60065057179816,10156.0,9999.99012792738,9813.399349428202,14100,331,4504264,False,376.042635,189.45185650082243,0.503804193641028,50.3804193641028
466,186.8090696450761,156.0098720726206,342.8189417176967,10156.0,9999.99012792738,9813.181058282304,5286,332,4518364,False,376.36909,189.56002035492392,0.5036545917065716,50.365459170657154
467,184.8234709169087,159.02336052045283,343.8468314373615,10159.0,9999.976639479548,9815.15316856264,6426,331,4469142,False,373.763121,188.93965008309132,0.5055064008925891,50.55064008925891
468,185.14578692026436,159.02336052045283,344.1691474407172,10159.0,9999.976639479548,9814.830852559284,7805,332,4475568,False,374.254731,189.10894407973564,0.5052947322120442,50.52947322120443
469,185.6073120520392,159.02336052045283,344.6306725724921,10159.0,9999.976639479548,9814.369327427508,11176,333,4483373,False,374.958199,189.3508869479608,0.5049919896483203,50.499198964832026
470,185.78674357472727,159.02336052045283,344.8101040951801,10159.0,9999.976639479548,9814.18989590482,4345,334,4494549,False,375.219315,189.43257142527273,0.50485826249449,50.485826249449
471,190.4507655779292,159.02336052045283,349.47412609838204,10159.0,9999.976639479548,9809.52587390162,112941,335,4498894,False,391.047229,200.59646342207083,0.5129724712154163,51.29724712154163
472,191.4443908638665,159.02336052045283,350.4677513843194,10159.0,9999.976639479548,9808.532248615682,24061,336,4611835,False,392.787378,201.3429871361335,0.512600451066769,51.2600451066769
473,192.55521446082537,159.02336052045283,351.5785749812782,10159.0,9999.976639479548,9807.421425018723,26899,337,4635896,False,394.762843,202.2076285391746,0.5122255858796078,51.222558587960776
474,195.76800917511963,159.02336052045283,354.7913696955725,10159.0,9999.976639479548,9804.208630304429,77799,338,4662795,False,403.059383,207.2913738248804,0.5142948720905485,51.42948720905485
475,195.8408141865118,159.02336052045283,354.86417470696466,10159.0,9999.976639479548,9804.135825293037,1763,339,4740594,False,403.159742,207.3189278134882,0.5142351931892252,51.423519318922516
476,195.99394009816368,159.02336052045283,355.01730061861656,10159.0,9999.976639479548,9803.982699381384,3708,340,4742357,False,403.342797,207.34885690183634,0.5140760128706013,51.40760128706013
477,197.00928712884985,159.02336052045283,356.0326476493027,10159.0,9999.976639479548,9802.967352350695,24587,341,4746065,False,405.034332,208.02504487115016,0.5135985481624559,51.35985481624559
478,197.4021368585004,159.02336052045283,356.4254973789532,10159.0,9999.976639479548,9802.574502621048,9513,342,4770652,False,405.590796,208.1886591414996,0.5132972966711493,51.32972966711493
479,198.2515561888044,159.02336052045283,357.27491670925724,10159.0,9999.976639479548,9801.725083290745,20569,343,4780165,False,406.927312,208.6757558111956,0.512808429558534,51.2808429558534
480,198.3258065634403,159.02336052045283,357.3491670838931,10159.0,9999.976639479548,9801.650832916108,1798,344,4800734,False,407.031445,208.70563843655972,0.5127506510868214,51.27506510868214
481,198.46803030662505,159.02336052045283,357.4913908270779,10159.0,9999.976639479548,9801.508609172924,3444,345,4802532,False,407.218647,208.75061669337492,0.5126253874454205,51.262538744542056
482,196.42825110486345,162.02115837028785,358.44940947515124,10161.999,9999.977841629712,9803.549590524848,3391,344,4753191,False,404.378204,207.94995289513653,0.5142461953640225,51.42461953640225
483,197.2532644443944,162.02115837028785,359.2744228146822,10161.999,9999.977841629712,9802.724577185318,19978,345,4756582,False,405.707814,208.45454955560558,0.513804620868371,51.3804620868371
484,197.98156233487236,162.02115837028785,360.0027207051602,10161.999,9999.977841629712,9801.99627929484,17636,346,4776560,False,406.840722,208.85915966512766,0.5133683733486434,51.33683733486434
485,198.14166728618687,162.02115837028785,360.16282565647475,10161.999,9999.977841629712,9801.836174343523,3877,347,4794196,False,407.055393,208.9137257138131,0.513231686169585,51.323168616958505
486,198.20699770480425,162.02115837028785,360.2281560750921,10161.999,9999.977841629712,9801.770843924907,1582,348,4798073,False,407.132466,208.92546829519577,0.5131633700152907,51.316337001529064
487,199.07033381834088,162.02115837028785,361.0914921886288,10161.999,9999.977841629712,9800.907507811373,20906,349,4799655,False,408.529308,209.45897418165913,0.5127146818598853,51.27146818598853
488,199.12054986703797,162.02115837028785,361.1417082373258,10161.999,9999.977841629712,9800.857291762672,1216,350,4820561,False,408.581477,209.46092713296204,0.512653996629813,51.2653996629813
489,199.1653561275941,162.02115837028785,361.18651449788194,10161.999,9999.977841629712,9800.812485502118,1085,351,4821777,False,408.632724,209.4673678724059,0.512605465910767,51.260546591076704
490,199.6299371702272,162.02115837028785,361.65109554051503,10161.999,9999.977841629712,9800.347904459484,11250,352,4822862,False,409.327826,209.6978888297728,0.512298152019044,51.22981520190441
491,197.6179915349309,165.01359995741095,362.6315914923418,10165.0,9999.98640004259,9802.368408507658,21364,346,4764028,False,407.793632,210.1756404650691,0.5153970635448007,51.539706354480074
492,198.0298787633062,165.01359995741095,363.0434787207172,10165.0,9999.98640004259,9801.956521279284,9974,347,4785392,False,408.392073,210.3621942366938,0.5150986224864698,51.509862248646975
493,198.4096376315776,165.01359995741095,363.4232375889886,10165.0,9999.98640004259,9801.576762411012,9196,348,4795366,False,408.923126,210.51348836842243,0.5147996652271077,51.479966522710775
494,198.50094329248975,165.01359995741095,363.5145432499007,10165.0,9999.98640004259,9801.4854567501,2211,349,4804562,False,409.055497,210.55455370751025,0.5147334658786171,51.47334658786171
495,198.7173348181251,165.01359995741095,363.73093477553607,10165.0,9999.98640004259,9801.269065224464,5240,350,4806773,False,409.359255,210.64192018187492,0.5145649392533581,51.45649392533581
496,198.89135655267228,165.01359995741095,363.90495651008325,10165.0,9999.98640004259,9801.095043489917,4214,351,4812013,False,409.627064,210.73570744732774,0.5144574808839479,51.445748088394794
497,199.0607531248395,165.01359995741095,364.07435308225047,10165.0,9999.98640004259,9800.92564691775,4102,352,4816227,False,409.861679,210.8009258751605,0.5143221156695659,51.43221156695659
498,199.330292721752,165.01359995741095,364.343892679163,10165.0,9999.98640004259,9800.656107320838,6527,353,4820329,False,410.293394,210.963101278248,0.5141762074732502,51.417620747325024
499,199.69398740997156,165.01359995741095,364.7075873673825,10165.0,9999.98640004259,9800.292412632618,8807,354,4826856,False,410.833756,211.13976859002844,0.5139299424802583,51.39299424802582
500,200.338082567478,165.01359995741095,365.351682524889,10165.0,9999.98640004259,9799.648317475112,15597,355,4835663,False,411.932686,211.59460343252198,0.5136630586107993,51.36630586107993
501,200.57400714495023,168.01062380102877,368.58463094597903,10168.0,9999.989376198972,9799.41536905402,1902,355,4855071,False,409.043046,208.46903885504977,0.5096506123100055,50.965061231000554
502,201.0855418449588,168.01062380102877,369.0961656459875,10168.0,9999.989376198972,9798.903834354012,12387,356,4856973,False,409.838618,208.75307615504119,0.5093543336002592,50.93543336002592
503,201.1227496244621,168.01062380102877,369.1333734254909,10168.0,9999.989376198972,9798.866626574509,901,357,4869360,False,409.892013,208.76926337553792,0.5093274734668662,50.932747346686625
504,201.21017345266247,168.01062380102877,369.2207972536912,10168.0,9999.989376198972,9798.77920274631,2117,358,4870261,False,410.000671,208.79049754733754,0.5092442825473754,50.92442825473754
505,201.32010365137265,168.01062380102877,369.3307274524014,10168.0,9999.989376198972,9798.6692725476,2662,359,4872378,False,410.135615,208.81551134862733,0.5091377186266238,50.91377186266238
506,201.5327372325742,168.01062380102877,369.543361033603,10168.0,9999.989376198972,9798.456638966398,5149,360,4875040,False,410.446051,208.91331376742582,0.50899092160452,50.899092160452
507,202.3900028204871,168.01062380102877,370.4006266215159,10168.0,9999.989376198972,9797.599373378484,20759,361,4880189,False,411.894177,209.50417417951292,0.5086359212587579,50.86359212587579
508,202.7348664904452,168.01062380102877,370.745490291474,10168.0,9999.989376198972,9797.254509708526,8351,362,4900948,False,412.402868,209.6680015095548,0.5084057793447615,50.84057793447615
509,203.4249241991029,168.01062380102877,371.4355480001316,10168.0,9999.989376198972,9796.564451999868,16710,363,4909299,False,413.51348,210.08855580089713,0.5080573329819795,50.80573329819795
510,203.66122044140923,168.01062380102877,371.671844242438,10168.0,9999.989376198972,9796.328155757565,5722,364,4926009,False,413.812028,210.15080755859077,0.5078412258200257,50.78412258200257
511,203.0150604792688,171.00128630120145,374.0163467804703,10171.0,9999.998713698798,9796.98365321953,1117,357,4914967,False,411.818518,208.80345752073117,0.50702784939052,50.702784939052
512,203.05226825877213,171.00128630120145,374.0535545599736,10171.0,9999.998713698798,9796.946445440026,901,358,4916084,False,411.871272,208.81900374122785,0.507000652721484,50.7000652721484
513,203.1112803752097,171.00128630120145,374.1125666764111,10171.0,9999.998713698798,9796.887433323587,1429,359,4916985,False,411.950403,208.8391226247903,0.5069521017674312,50.695210176743124
514,203.38746864304343,171.00128630120145,374.3887549442449,10171.0,9999.998713698798,9796.611245055756,6688,360,4918414,False,412.353841,208.96637235695655,0.5067647044348899,50.67647044348899
515,203.75318683980424,171.00128630120145,374.7544731410057,10171.0,9999.998713698798,9796.245526858997,8856,361,4925102,False,412.882241,209.12905416019578,0.50651017019692,50.651017019692
516,204.2369292694401,171.00128630120145,375.2382155706416,10171.0,9999.998713698798,9795.761784429358,11714,362,4933958,False,413.586302,209.34937273055988,0.5061806247407098,50.61806247407098
517,204.6327936138562,171.00128630120145,375.63407991505767,10171.0,9999.998713698798,9795.365920084942,9586,363,4945672,False,414.184157,209.55136338614383,0.5059376604454328,50.59376604454327
518,204.66975361680343,171.00128630120145,375.6710399180049,10171.0,9999.998713698798,9795.328960081995,895,364,4955258,False,414.236967,209.56721338319656,0.5059114228769365,50.59114228769365
519,204.84373405525795,171.00128630120145,375.8450203564594,10171.0,9999.998713698798,9795.15497964354,4213,365,4956153,False,414.458763,209.61502894474202,0.5057560550233607,50.575605502336074
520,205.14313072717704,171.00128630120145,376.1444170283785,10171.0,9999.998713698798,9794.85558297162,7250,366,4960366,False,414.893954,209.75082327282297,0.5055528557372589,50.5552855737259
521,205.8224514517383,171.00128630120145,376.8237377529397,10171.0,9999.998713698798,9794.17626224706,16450,367,4967616,False,415.963736,210.1412845482617,0.5051913577107157,50.51913577107157
522,205.9294083317756,171.00128630120145,376.93069463297707,10171.0,9999.998713698798,9794.069305367022,2590,368,4984066,False,416.126086,210.1966776682244,0.5051273754278034,50.51273754278034
523,204.1911319026597,174.00212227244154,378.1932541751012,10173.999,9999.99687772756,9795.8057458249,7395,362,4937168,False,413.564182,209.37305009734033,0.5062649504239232,50.626495042392314
524,204.4138417304748,174.00212227244154,378.4159640029163,10173.999,9999.99687772756,9795.583035997084,5393,363,4944563,False,413.874884,209.46104226952522,0.5060974955646866,50.609749556468664
525,204.72038262642727,174.00212227244154,378.7225048988688,10173.999,9999.99687772756,9795.276495101132,7423,364,4949956,False,414.311475,209.5910923735727,0.5058780772933521,50.58780772933521
526,205.30451585736455,174.00212227244154,379.3066381298061,10173.999,9999.99687772756,9794.692361870197,14145,365,4957379,False,415.230524,209.92600814263545,0.5055649717664674,50.556497176646744
527,205.98751193417425,174.00212227244154,379.9896342066157,10173.999,9999.99687772756,9794.009365793385,16539,366,4971524,False,416.344662,210.35715006582578,0.5052476211784018,50.52476211784018
528,206.15781702038035,174.00212227244154,380.1599392928219,10173.999,9999.99687772756,9793.839060707178,4124,367,4988063,False,416.568616,210.41079897961967,0.5051047796159941,50.510477961599406
529,206.21497081264735,174.00212227244154,380.2170930850889,10173.999,9999.99687772756,9793.781906914912,1384,368,4992187,False,416.648005,210.43303418735266,0.5050619027621472,50.506190276214724
530,206.98262387944797,174.00212227244154,380.9847461518895,10173.999,9999.99687772756,9793.01425384811,18589,369,4993571,False,417.922266,210.939642120552,0.5047341558024382,50.47341558024382
531,208.6040323662837,174.00212227244154,382.6061546387252,10173.999,9999.99687772756,9791.392845361275,39263,370,5012160,False,421.215475,212.61144263371634,0.5047569599234604,50.47569599234604
532,209.45423632234855,174.00212227244154,383.4563585947901,10173.999,9999.99687772756,9790.54264140521,20588,371,5051423,False,422.584497,213.13026067765145,0.5043494548207514,50.43494548207514
533,209.8169399043438,174.00212227244154,383.8190621767853,10173.999,9999.99687772756,9790.179937823215,8783,372,5072011,False,423.103603,213.28666309565622,0.5041003233802672,50.410032338026724
534,210.36791237286027,174.00212227244154,384.3700346453018,10173.999,9999.99687772756,9789.6289653547,13342,373,5080794,False,423.918074,213.55016162713972,0.5037533776565037,50.37533776565037
535,211.3438629311312,174.00212227244154,385.3459852035727,10173.999,9999.99687772756,9788.653014796428,23633,374,5094136,False,425.534818,214.19095506886876,0.5033453104391302,50.334531043913024
536,210.2472451900537,176.99920028058213,387.2464454706359,10176.999,9999.999799719417,9789.752554529365,898,368,5090316,False,422.585826,212.3385808099463,0.5024744507402061,50.24744507402061
537,211.83239570751775,176.99920028058213,388.83159598809993,10176.999,9999.999799719417,9788.1674040119,38385,369,5091214,False,425.61179,213.77939429248224,0.5022872939973826,50.228729399738256
538,212.64006468812377,176.99920028058213,389.6392649687059,10176.999,9999.999799719417,9787.359735031294,19558,370,5129599,False,426.884333,214.24426831187625,0.5018789675560107,50.187896755601066
539,213.67172367541795,176.99920028058213,390.6709239560001,10176.999,9999.999799719417,9786.328076044,24982,371,5149157,False,428.539877,214.86815332458204,0.5013959373600652,50.13959373600652
540,213.7085184939945,176.99920028058213,390.7077187745766,10176.999,9999.999799719417,9786.291281225422,891,372,5174139,False,428.588119,214.87960050600552,0.501366209141242,50.136620914124194
541,213.7453959047564,176.99920028058213,390.74459618533854,10176.999,9999.999799719417,9786.25440381466,893,373,5175030,False,428.636158,214.89076209524362,0.5013360587634877,50.133605876348774
542,213.9103324989143,176.99920028058213,390.9095327794964,10176.999,9999.999799719417,9786.089467220503,3994,374,5175923,False,428.840762,214.93042950108568,0.5011893657186574,50.11893657186574
543,214.158274239356,176.99920028058213,391.1574745199381,10176.999,9999.999799719417,9785.84152548006,6004,375,5179917,False,429.16035,215.002075760644,0.5009830842030117,50.09830842030117
544,214.19515165011788,176.99920028058213,391.1943519307,10176.999,9999.999799719417,9785.8046480693,893,376,5185921,False,429.209525,215.0143733498821,0.5009543377442104,50.09543377442104
545,214.3299008005278,176.99920028058213,391.3291010811099,10176.999,9999.999799719417,9785.66989891889,3263,377,5186814,False,429.362743,215.0328421994722,0.5008185868597178,50.08185868597178
546,214.6414798197871,176.99920028058213,391.6406801003692,10176.999,9999.999799719417,9785.35831989963,7545,378,5190077,False,429.769121,215.1276411802129,0.5005656075979756,50.05656075979756
547,213.56530364458547,180.03782536885296,393.6031290134384,10179.999,9999.961174631148,9786.395870986562,19390,376,5152172,False,428.011894,214.44659035541451,0.5010295119401857,50.10295119401857
548,213.799782858814,180.03782536885296,393.8376082276669,10179.999,9999.961174631148,9786.161391772332,5678,377,5171562,False,428.304748,214.504965141186,0.5008232249183144,50.08232249183144
549,214.19899218673697,180.03782536885296,394.23681755558994,10179.999,9999.961174631148,9785.76218244441,9667,378,5177240,False,428.845247,214.646254813263,0.5005214732233304,50.05214732233304
550,214.56966591461915,180.03782536885296,394.6074912834721,10179.999,9999.961174631148,9785.391508716528,8976,379,5186907,False,429.351992,214.78232608538084,0.5002476524794622,50.02476524794622
551,214.63743280270455,180.03782536885296,394.6752581715575,10179.999,9999.961174631148,9785.323741828444,1641,380,5195883,False,429.453387,214.81595419729547,0.500207847230916,50.0207847230916
552,215.63882175406545,180.03782536885296,395.6766471229184,10179.999,9999.961174631148,9784.32235287708,24249,381,5197524,False,431.087891,215.44906924593457,0.49977991436074587,49.97799143607459
553,216.0407566241052,180.03782536885296,396.07858199295816,10179.999,9999.961174631148,9783.920418007045,9733,382,5221773,False,431.623956,215.58319937589482,0.49946995846517567,49.94699584651757
554,217.1666532948917,180.03782536885296,397.2044786637447,10179.999,9999.961174631148,9782.794521336256,27264,383,5231506,False,433.551227,216.3845737051083,0.49909805400022156,49.90980540002216
555,217.2265326292755,180.03782536885296,397.2643579981285,10179.999,9999.961174631148,9782.734642001871,1450,384,5258770,False,433.627597,216.40106437072447,0.49904818297513587,49.904818297513586
556,217.81454769292463,180.03782536885296,397.8523730617776,10179.999,9999.961174631148,9782.146626938224,14239,385,5260220,False,434.479192,216.66464430707538,0.49867668762161427,49.86766876216143
557,215.9054293283978,183.0195058107784,398.9249351391761,10183.0,9999.980494189222,9784.075064860825,15763,378,5212466,False,432.441725,216.53629567160223,0.5007294235347022,50.07294235347022
558,216.46292657955743,183.0195058107784,399.4824323903358,10183.0,9999.980494189222,9783.517567609664,13500,379,5228229,False,434.036672,217.57374542044258,0.5012796370820081,50.12796370820081
559,218.5167051567371,183.0195058107784,401.5362109675154,10183.0,9999.980494189222,9781.463789032485,49733,380,5241729,False,438.3267,219.80999484326293,0.5014752577090625,50.147525770906256
560,219.28931375465905,183.0195058107784,402.3088195654374,10183.0,9999.980494189222,9780.691180434562,18709,381,5291462,False,439.517368,220.22805424534093,0.5010679219514732,50.10679219514732
561,219.33056855124488,183.0195058107784,402.3500743620232,10183.0,9999.980494189222,9780.649925637978,999,382,5310171,False,439.568241,220.23767244875512,0.5010318123705282,50.103181237052816
562,219.36761114637747,183.0195058107784,402.3871169571559,10183.0,9999.980494189222,9780.612883042844,897,383,5311170,False,439.593919,220.22630785362256,0.5009766931139522,50.09766931139522
563,219.76578807198356,183.0195058107784,402.7852938827619,10183.0,9999.980494189222,9780.214706117238,9642,384,5312067,False,440.171843,220.40605492801646,0.5007272919272495,50.07272919272495
564,216.18285647901192,186.04431190156347,402.2271683805754,10185.999,9999.954688098436,9783.771831619424,7147,384,5227800,False,437.567941,221.3850845209881,0.5059444803361133,50.59444803361133
565,216.65635747766356,186.04431190156347,402.700669379227,10185.999,9999.954688098436,9783.298330620772,11466,385,5234947,False,438.260787,221.60442952233643,0.5056451229398637,50.564512293986375
566,216.71714532608627,186.04431190156347,402.76145722764977,10185.999,9999.954688098436,9783.23754277235,1472,386,5246413,False,438.339388,221.62224267391372,0.5055950907927848,50.55950907927848
567,216.99833042113417,186.04431190156347,403.0426423226977,10185.999,9999.954688098436,9782.956357677302,6809,387,5247885,False,438.702916,221.70458557886585,0.5053638293547742,50.53638293547742
568,218.1423560766065,186.04431190156347,404.18666797817,10185.999,9999.954688098436,9781.81233202183,27703,388,5254694,False,440.706099,222.5637429233935,0.5050162532998971,50.50162532998971
569,218.59165756494852,186.04431190156347,404.6359694665121,10185.999,9999.954688098436,9781.363030533488,10880,389,5282397,False,441.358611,222.76695343505148,0.5047300491777456,50.47300491777455
570,220.34360300074104,189.0163116595317,409.3599146602728,10189.0,9999.983688340468,9779.640085339726,10424,390,5325277,False,438.973714,218.63011099925893,0.4980482977148353,49.804829771483526
571,222.07097726138983,189.0163116595317,411.0872889209216,10189.0,9999.983688340468,9777.912711079078,41829,391,5335701,False,442.3817,220.3107227386102,0.4980104799511602,49.80104799511602
572,222.3591413961004,189.0163116595317,411.3754530556321,10189.0,9999.983688340468,9777.624546944367,6978,392,5377530,False,442.776084,220.41694260389963,0.49780679347599904,49.78067934759991
573,222.6108823770685,189.0163116595317,411.62719403660026,10189.0,9999.983688340468,9777.3728059634,6096,393,5384508,False,443.105906,220.4950236229315,0.49761246834505407,49.76124683450541
574,224.3669987182215,189.0163116595317,413.3833103777532,10189.0,9999.983688340468,9775.616689622246,42525,394,5390604,False,446.653866,222.28686728177848,0.4976714279279931,49.76714279279931
575,224.81312040742728,189.0163116595317,413.82943206695904,10189.0,9999.983688340468,9775.17056793304,10803,395,5433129,False,447.327136,222.51401559257272,0.4974301751114261,49.74301751114261
576,224.93225963480475,189.0163116595317,413.9485712943365,10189.0,9999.983688340468,9775.051428705665,2885,396,5443932,False,447.49097,222.55871036519525,0.497347936127505,49.7347936127505
577,225.38829238625337,192.06270471863016,417.4509971048835,10191.999,9999.93629528137,9774.548002895115,11043,397,5446817,False,445.168867,219.7805746137466,0.49370158361444133,49.37015836144413
578,226.04465248328535,192.06270471863016,418.10735720191553,10191.999,9999.93629528137,9773.891642798084,15894,398,5457860,False,446.214977,220.17032451671463,0.4934176033197439,49.341760331974385
579,226.3375243725613,192.06270471863016,418.4002290911914,10191.999,9999.93629528137,9773.59877090881,7092,399,5473754,False,446.626383,220.28885862743869,0.4932284948053297,49.32284948053297
580,226.59645087365544,192.06270471863016,418.6591555922856,10191.999,9999.93629528137,9773.339844407714,6270,400,5480846,False,446.972473,220.37602212634454,0.4930415974997739,49.30415974997739
581,228.08571186392,192.06270471863016,420.14841658255017,10191.999,9999.93629528137,9771.85058341745,36063,401,5487116,False,449.919939,221.83422713608,0.49305266983528817,49.30526698352882
582,231.0632427382249,192.06270471863016,423.12594745685504,10191.999,9999.93629528137,9768.873052543146,72102,402,5523179,False,457.66404,226.6007972617751,0.49512475846206994,49.512475846206996
583,231.10201976925,192.06270471863016,423.16472448788016,10191.999,9999.93629528137,9768.83427551212,939,403,5595281,False,457.691548,226.58952823075,0.49507037921257396,49.5070379212574
584,231.2848375715377,192.06270471863016,423.3475422901679,10191.999,9999.93629528137,9768.651457709831,4427,404,5596220,False,457.946522,226.6616844284623,0.49495230019120506,49.495230019120505
585,231.77101647064163,192.06270471863016,423.8337211892718,10191.999,9999.93629528137,9768.165278810728,11773,405,5600647,False,458.686305,226.91528852935838,0.4947069185537562,49.47069185537562
586,232.99978170829027,195.05491896977588,428.0547006780662,10194.999,9999.944081030224,9766.944299321936,29755,406,5612420,False,457.889677,224.88989529170973,0.4911442790436827,49.11442790436827
587,233.2272818828561,195.05491896977588,428.282200852632,10194.999,9999.944081030224,9766.716799147369,5509,407,5642175,False,458.213682,224.98640011714392,0.4910075996315272,49.10075996315272
588,233.2644070701741,195.05491896977588,428.31932603994994,10194.999,9999.944081030224,9766.67967396005,899,408,5647684,False,458.268126,225.0037189298259,0.49098705793434544,49.09870579343455
589,233.30190392232612,195.05491896977588,428.35682289210206,10194.999,9999.944081030224,9766.6421771079,908,409,5648583,False,458.322636,225.02073207767387,0.49096578349596043,49.096578349596044
590,233.4755952881319,195.05491896977588,428.5305142579078,10194.999,9999.944081030224,9766.468485742093,4206,410,5649491,False,458.550887,225.0752917118681,0.49084038019071174,49.08403801907117
591,233.51259658717183,195.05491896977588,428.5675155569477,10194.999,9999.944081030224,9766.431484443052,896,411,5653697,False,458.604517,225.09192041282816,0.49081923982189685,49.081923982189686
592,233.61567163449732,195.05491896977588,428.6705906042732,10194.999,9999.944081030224,9766.328409395726,2496,412,5654593,False,458.740227,225.1245553655027,0.4907451802030492,49.07451802030492
593,233.8853764157806,195.05491896977588,428.9402953855565,10194.999,9999.944081030224,9766.058704614445,6531,413,5657089,False,459.15567,225.2702935842194,0.4906185598976038,49.061855989760375
594,233.93422969341927,195.05491896977588,428.9891486631951,10194.999,9999.944081030224,9766.009851336805,1183,414,5663620,False,459.244341,225.31011130658075,0.49061053385213244,49.06105338521324
595,234.1140741770341,195.05491896977588,429.16899314681,10194.999,9999.944081030224,9765.83000685319,4355,415,5664803,False,459.488805,225.37473082296592,0.4904901455063,49.04901455063
596,231.85121348262328,198.02366643226523,429.8748799148885,10198.0,9999.976333567734,9768.125120085111,10465,415,5603897,False,457.211346,225.3601325173767,0.4929014436955305,49.290144369553055
597,231.91749371137223,198.02366643226523,429.9411601436375,10198.0,9999.976333567734,9768.05883985636,1605,416,5614362,False,457.299133,225.38163928862775,0.4928538521603271,49.285385216032715
598,233.3372946737516,198.02366643226523,431.3609611060168,10198.0,9999.976333567734,9766.639038893984,34381,417,5615967,False,460.202986,226.86569132624842,0.4929687512419757,49.29687512419757
599,234.0662533017124,198.02366643226523,432.0899197339776,10198.0,9999.976333567734,9765.91008026602,17652,418,5650348,False,461.468829,227.40257569828762,0.4927799266335443,49.27799266335443
600,234.41314048021175,201.04321485886865,435.4563553390804,10200.999,9999.955785141132,9765.54264466092,2352,419,5674048,False,458.615791,224.20265051978825,0.4888681439226506,48.88681439226506
601,235.13177508500291,201.04321485886865,436.17498994387154,10200.999,9999.955785141132,9764.824010056129,17402,420,5676400,False,459.845623,224.71384791499707,0.48867236454047336,48.86723645404734
602,235.44752500962272,201.04321485886865,436.49073986849135,10200.999,9999.955785141132,9764.50826013151,7646,421,5693802,False,460.350616,224.90309099037728,0.4885473879552217,48.85473879552217
603,235.48758221952087,201.04321485886865,436.5307970783895,10200.999,9999.955785141132,9764.468202921613,970,422,5701448,False,460.408673,224.92109078047915,0.48852487794138305,48.852487794138305
604,235.56307147693715,201.04321485886865,436.60628633580575,10200.999,9999.955785141132,9764.392713664194,1828,423,5702418,False,460.525149,224.96207752306285,0.4884903202605833,48.84903202605833
605,235.60007277597708,201.04321485886865,436.6432876348457,10200.999,9999.955785141132,9764.355712365155,896,424,5704246,False,460.553671,224.95359822402293,0.48844165705070003,48.844165705070004
606,236.32837066645504,201.04321485886865,437.37158552532367,10200.999,9999.955785141132,9763.627414474677,17636,425,5705142,False,461.813002,225.48463133354494,0.488259599355206,48.8259599355206
607,236.3661152951632,201.04321485886865,437.4093301540318,10200.999,9999.955785141132,9763.58966984597,914,426,5722778,False,461.869477,225.5033617048368,0.48824045089439155,48.82404508943915
608,236.6857057564021,201.04321485886865,437.7289206152707,10200.999,9999.955785141132,9763.270079384729,7739,427,5723692,False,462.364798,225.67909224359792,0.48809747891663224,48.80974789166322
609,237.7207097272032,204.0074841597285,441.7281938869317,10204.0,9999.992515840271,9762.271806113067,16263,428,5740231,False,460.488994,222.7682842727968,0.4837646223370906,48.37646223370906
610,237.75936286995025,204.0074841597285,441.76684702967873,10204.0,9999.992515840271,9762.23315297032,936,429,5756494,False,460.54414,222.78477713004978,0.48374250756952364,48.374250756952364
611,242.79434767368315,204.0074841597285,446.80183183341165,10204.0,9999.992515840271,9757.198168166587,121924,430,5757430,False,477.689708,234.89536032631685,0.49173209385184585,49.173209385184585
612,242.83134897272308,204.0074841597285,446.8388331324516,10204.0,9999.992515840271,9757.161166867549,896,431,5879354,False,477.740103,234.9087540272769,0.491708258427861,49.1708258427861
613,243.1151770177024,204.0074841597285,447.12266117743087,10204.0,9999.992515840271,9756.877338822567,6873,432,5880250,False,478.134441,235.0192639822976,0.49153385288615425,49.153385288615425
614,243.69674989089364,204.0074841597285,447.7042340506222,10204.0,9999.992515840271,9756.295765949377,14083,433,5887123,False,479.005944,235.30919410910636,0.4912448312105003,49.12448312105003
615,243.73362730165556,204.0074841597285,447.741111461384,10204.0,9999.992515840271,9756.258888538616,893,434,5901206,False,479.057542,235.32391469834445,0.4912226487780552,49.12226487780552
616,242.04044620574453,207.01441401806616,449.0548602238107,10206.999,9999.984585981934,9757.94413977619,4562,431,5856536,False,476.305107,234.2646607942555,0.49183739025971746,49.18373902597175
617,244.1392788200364,207.01441401806616,451.1536928381025,10206.999,9999.984585981934,9755.8453071619,50824,432,5861098,False,480.847475,236.70819617996358,0.4922729316192491,49.22729316192491
618,244.1770234487445,207.01441401806616,451.1914374668107,10206.999,9999.984585981934,9755.80756253319,914,433,5911922,False,480.873496,236.69647255125548,0.49222191391320824,49.22219139132083
619,244.41596264098231,207.01441401806616,451.4303766590485,10206.999,9999.984585981934,9755.568623340952,5786,434,5912836,False,481.211455,236.7954923590177,0.49208199409762116,49.208199409762116
620,244.45321171657832,207.01441401806616,451.46762573464446,10206.999,9999.984585981934,9755.531374265356,902,435,5918622,False,481.264043,236.8108312834217,0.49206009617348806,49.206009617348805
621,244.61265593041,207.01441401806616,451.6270699484761,10206.999,9999.984585981934,9755.371930051524,3861,436,5919524,False,481.456046,236.84339006959001,0.49193148998193287,49.19314899819329
622,246.50075458376347,207.01441401806616,453.5151686018296,10206.999,9999.984585981934,9753.48383139817,45721,437,5923385,False,485.404016,238.90326141623655,0.49217405200915465,49.217405200915465
623,246.67973184943207,207.01441401806616,453.6941458674983,10206.999,9999.984585981934,9753.304854132502,4334,438,5969106,False,485.652248,238.9725161505679,0.49206508800216225,49.20650880021623
624,246.95757196097296,207.01441401806616,453.9719859790391,10206.999,9999.984585981934,9753.02701402096,6728,439,5973440,False,486.027119,239.06954703902707,0.4918852008318224,49.18852008318224
625,242.47653294442944,210.0135973959092,452.4901303403386,10209.999,9999.98540260409,9757.50886965966,1614,434,5870044,False,483.137905,240.66137205557055,0.4981214878090978,49.81214878090978
626,243.39813784473543,210.0135973959092,453.4117352406446,10209.999,9999.98540260409,9756.587264759355,22317,435,5871658,False,484.713925,241.3157871552646,0.49785197971208395,49.7851979712084
627,243.72590493232465,210.0135973959092,453.7395023282338,10209.999,9999.98540260409,9756.259497671766,7937,436,5893975,False,485.199033,241.47312806767533,0.4976785023140706,49.76785023140706
628,243.9865658693113,210.0135973959092,454.0001632652205,10209.999,9999.98540260409,9755.99883673478,6312,437,5901912,False,485.585124,241.5985581306887,0.49754110286683473,49.75411028668347
629,244.1738436496083,210.0135973959092,454.1874410455175,10209.999,9999.98540260409,9755.81155895448,4535,438,5908224,False,485.839604,241.6657603503917,0.49741881551177886,49.74188155117788
630,244.82652839439191,210.0135973959092,454.8401257903011,10209.999,9999.98540260409,9755.1588742097,15805,439,5912759,False,486.841799,242.01527060560807,0.49711276045467095,49.711276045467095
631,245.34747860353116,210.0135973959092,455.3610759994404,10209.999,9999.98540260409,9754.63792400056,12615,440,5928564,False,487.626849,242.27937039646883,0.4968540409399583,49.68540409399583
632,245.97773956999032,210.0135973959092,455.9913369658995,10209.999,9999.98540260409,9754.0076630341,15262,441,5941179,False,488.612277,242.6345374300097,0.4965788803338023,49.65788803338023
633,246.2936133828881,210.0135973959092,456.3072107787973,10209.999,9999.98540260409,9753.691789221202,7649,442,5956441,False,489.034854,242.74124061711188,0.496367975884827,49.6367975884827
634,246.38438219459547,210.0135973959092,456.39797959050463,10209.999,9999.98540260409,9753.601020409496,2198,443,5964090,False,489.137131,242.75274880540454,0.4962877144679587,49.628771446795874
635,246.5813232605792,210.0135973959092,456.5949206564884,10209.999,9999.98540260409,9753.40407934351,4769,444,5966288,False,489.404002,242.82267873942078,0.4961599777425212,49.61599777425212
636,247.15488469179084,210.0135973959092,457.1684820877,10209.999,9999.98540260409,9752.8305179123,13889,445,5971057,False,490.268543,243.11365830820918,0.4958785583520686,49.58785583520686
637,249.0225004831758,213.00946431373964,462.0319647969154,10213.0,9999.99053568626,9750.968035203085,39081,446,5991090,False,490.409107,241.3866065168242,0.492214771445556,49.2214771445556
638,249.0746161521361,213.00946431373964,462.0840804658757,10213.0,9999.99053568626,9750.915919534124,1262,447,6030171,False,490.459287,241.38467084786393,0.4921604651924226,49.21604651924226
639,249.35142386136,213.00946431373964,462.36088817509966,10213.0,9999.99053568626,9750.6391118249,6703,448,6031433,False,490.852513,241.50108913864,0.49200336708603143,49.200336708603146
640,249.39903825621832,213.00946431373964,462.40850256995793,10213.0,9999.99053568626,9750.59149743004,1153,449,6038136,False,490.904011,241.5049727437817,0.491959664888095,49.1959664888095
641,250.7300526193389,213.00946431373964,463.73951693307856,10213.0,9999.99053568626,9749.26048306692,32231,450,6039289,False,493.360858,242.63080538066112,0.49179176143856373,49.179176143856374
642,250.76726039884224,213.00946431373964,463.7767247125819,10213.0,9999.99053568626,9749.223275287415,901,451,6071520,False,493.387042,242.61978160115777,0.4917433190334127,49.17433190334127
643,252.2680842950568,216.06714137207837,468.3352256671352,10216.0,9999.932858627924,9747.664774332865,27559,452,6081205,False,492.415731,240.14764670494318,0.4876928814139433,48.76928814139433
644,252.53721093104252,216.06714137207837,468.6043523031209,10216.0,9999.932858627924,9747.39564769688,6517,453,6108764,False,492.779728,240.24251706895745,0.487525162701006,48.7525162701006
645,253.1817603455685,216.06714137207837,469.2489017176469,10216.0,9999.932858627924,9746.751098282351,15608,454,6115281,False,493.759889,240.57812865443148,0.4872370842874025,48.723708428740245
646,253.561643102118,216.06714137207837,469.6287844741963,10216.0,9999.932858627924,9746.371215525804,9199,455,6130889,False,494.315356,240.753712897882,0.4870447781474181,48.70447781474181
647,253.82114774850965,216.06714137207837,469.888289120588,10216.0,9999.932858627924,9746.111710879411,6284,456,6140088,False,494.651286,240.83013825149038,0.48686851741347814,48.686851741347816
648,253.859635706886,216.06714137207837,469.9267770789644,10216.0,9999.932858627924,9746.073222921035,932,457,6146372,False,494.702203,240.842567293114,0.48684353098204014,48.684353098204014
649,254.6511992113474,216.06714137207837,470.71834058342574,10216.0,9999.932858627924,9745.281659416574,19168,458,6147304,False,495.990358,241.3391587886526,0.4865803435409779,48.65803435409779
650,255.46460834883572,216.06714137207837,471.5317497209141,10216.0,9999.932858627924,9744.468250279087,19697,459,6166472,False,497.28978,241.82517165116428,0.4862862286274298,48.62862286274298
651,254.2619835378526,219.0178096031875,473.2797931410401,10218.999,9999.981190396811,9745.71920685896,3375,456,6153672,False,494.478342,240.2163584621474,0.48579753258869207,48.579753258869204
652,254.5095123173675,219.0178096031875,473.527321920555,10218.999,9999.981190396811,9745.471678079446,5994,457,6157047,False,494.812735,240.30322268263248,0.48564478172258946,48.564478172258944
653,254.8669299994999,219.0178096031875,473.8847396026874,10218.999,9999.981190396811,9745.114260397311,8655,458,6163041,False,495.30497,240.43804000050014,0.4854343375567181,48.54343375567181
654,254.94142815069188,219.0178096031875,473.9592377538794,10218.999,9999.981190396811,9745.03976224612,1804,459,6171696,False,495.409024,240.4675958493081,0.4853920380935736,48.53920380935736
655,256.1142784788538,219.0178096031875,475.13208808204126,10218.999,9999.981190396811,9743.86691191796,28401,460,6173500,False,497.483037,241.36875852114622,0.4851798766379771,48.51798766379771
656,256.50332896797795,219.0178096031875,475.5211385711655,10218.999,9999.981190396811,9743.477861428835,9421,461,6201901,False,498.039238,241.53590903202206,0.4849736538871302,48.49736538871302
657,257.0360485635305,219.0178096031875,476.053858166718,10218.999,9999.981190396811,9742.945141833285,12900,462,6211322,False,498.836368,241.80031943646947,0.484728730597424,48.4728730597424
658,257.08692534971044,219.0178096031875,476.104734952898,10218.999,9999.981190396811,9742.894265047102,1232,463,6224222,False,498.913763,241.82683765028958,0.4847066879778371,48.47066879778371
659,257.1240092409357,219.0178096031875,476.1418188441232,10218.999,9999.981190396811,9742.857181155878,898,464,6225454,False,498.939947,241.8159377590643,0.48465940483026565,48.465940483026564
660,257.3012107746192,219.0178096031875,476.3190203778066,10218.999,9999.981190396811,9742.679979622191,4291,465,6226352,False,499.182324,241.88111322538077,0.4845546438567019,48.45546438567019
661,258.0257507206633,219.0178096031875,477.0435603238508,10218.999,9999.981190396811,9741.95543967615,17545,466,6230643,False,500.315748,242.28999727933666,0.4842741773527718,48.42741773527718
662,256.9197587665479,222.00324697826957,478.92300574481743,10222.0,9999.996753021733,9743.076994255183,17821,462,6203585,False,498.462475,241.5427162334521,0.48457552643948193,48.45755264394819
663,256.978440514244,222.00324697826957,478.9816874925136,10222.0,9999.996753021733,9743.018312507487,1421,463,6221406,False,498.538576,241.56013548575595,0.484536497504169,48.4536497504169
664,257.01705236089845,222.00324697826957,479.020299339168,10222.0,9999.996753021733,9742.979700660831,935,464,6222827,False,498.588678,241.57162563910157,0.48451085293016133,48.451085293016135
665,257.054094956031,222.00324697826957,479.05734193430055,10222.0,9999.996753021733,9742.9426580657,897,465,6223762,False,498.638454,241.58435904396902,0.48448802354896,48.448802354895996
666,257.214654164365,222.00324697826957,479.21790114263456,10222.0,9999.996753021733,9742.782098857366,3888,466,6224659,False,499.846145,242.63149083563496,0.4854123479048437,48.541234790484374
667,257.25186194386833,222.00324697826957,479.2551089221379,10222.0,9999.996753021733,9742.744891077862,901,467,6228547,False,499.8726,242.62073805613164,0.48536514715175755,48.536514715175755
668,257.28993694131793,222.00324697826957,479.2931839195875,10222.0,9999.996753021733,9742.706816080414,922,468,6229448,False,499.924493,242.63455605868205,0.4853424056154057,48.53424056154057
669,257.19037206187005,225.0171229987349,482.2074950606049,10225.0,9999.982877001265,9742.792504939394,47725,464,6180234,False,501.181081,243.99070893812996,0.4868314431408674,48.68314431408674
670,257.6143177493075,225.0171229987349,482.6314407480424,10225.0,9999.982877001265,9742.368559251958,10266,465,6227959,False,501.824551,244.2102332506925,0.4866446505338327,48.664465053383275
671,257.8347562920253,225.0171229987349,482.85187929076017,10225.0,9999.982877001265,9742.14812070924,5338,466,6238225,False,502.109687,244.2749307079747,0.48649714799860994,48.649714799860995
672,257.87295517775294,225.0171229987349,482.8900781764878,10225.0,9999.982877001265,9742.109921823512,925,467,6243563,False,502.162462,244.28950682224706,0.48647504604246394,48.64750460424639
673,258.0759254732677,225.0171229987349,483.0930484720026,10225.0,9999.982877001265,9741.906951527995,4915,468,6244488,False,502.443275,244.3673495267323,0.4863580859485726,48.63580859485726
674,258.2075361206341,225.0171229987349,483.22465911936894,10225.0,9999.982877001265,9741.775340880631,3187,469,6249403,False,502.634992,244.42745587936594,0.4862921598569602,48.62921598569602
675,258.5224188273076,225.0171229987349,483.53954182604247,10225.0,9999.982877001265,9741.460458173957,7625,470,6252590,False,503.075523,244.55310417269237,0.4861160859394314,48.61160859394314
676,258.6153763319269,225.0171229987349,483.63249933066174,10225.0,9999.982877001265,9741.367500669336,2251,471,6260215,False,503.210769,244.59539266807315,0.4860694717526467,48.60694717526467
677,259.0060373686655,225.0171229987349,484.0231603674004,10225.0,9999.982877001265,9740.9768396326,9460,472,6262466,False,503.782483,244.77644563133452,0.4858772464133782,48.58772464133782
678,259.3058470015114,225.0171229987349,484.32297000024624,10225.0,9999.982877001265,9740.677029999752,7260,473,6271926,False,504.226633,244.9207859984886,0.4857355204370742,48.573552043707416
679,257.6515668249035,228.03306797122016,485.6846347961237,10228.0,9999.96693202878,9742.315365203876,14057,470,6225070,False,502.13613,244.48456317509647,0.4868890099087203,48.68890099087203
680,257.87919088774737,228.03306797122016,485.9122588589676,10228.0,9999.96693202878,9742.087741141033,5512,471,6239127,False,502.454893,244.57570211225266,0.48676150938041046,48.67615093804105
681,258.1450964285042,228.03306797122016,486.1781643997243,10228.0,9999.96693202878,9741.821835600274,6439,472,6244639,False,502.8373,244.69220357149584,0.4866230161754027,48.66230161754027
682,258.6240072152968,228.03306797122016,486.65707518651686,10228.0,9999.96693202878,9741.342924813483,11597,473,6251078,False,503.595676,244.97166878470324,0.4864451393436969,48.64451393436969
683,258.6613388830781,228.03306797122016,486.6944068542982,10228.0,9999.96693202878,9741.305593145702,904,474,6262675,False,503.623135,244.9617961169219,0.48639901365317917,48.63990136531792
684,258.88375963824444,228.03306797122016,486.9168276094646,10228.0,9999.96693202878,9741.083172390536,5386,475,6263579,False,503.938708,245.05494836175558,0.48627927260105525,48.62792726010552
685,258.9281116417812,228.03306797122016,486.96117961300126,10228.0,9999.96693202878,9741.038820387,1074,476,6268965,False,504.019346,245.0912343582188,0.48627346609472966,48.627346609472966
686,259.7264064093492,228.03306797122016,487.7594743805694,10228.0,9999.96693202878,9740.24052561943,19331,477,6270039,False,505.350367,245.62396059065082,0.48604686298892275,48.604686298892275
687,259.8359649432252,228.03306797122016,487.86903291444537,10228.0,9999.96693202878,9740.130967085552,2653,478,6289370,False,505.487943,245.6519780567748,0.4859700047420811,48.59700047420811
688,261.16346913846814,231.00366691576565,492.16713605423377,10230.999,9999.995333084236,9738.831863945768,88258,476,6235911,False,513.02645,251.8629808615318,0.49093566396339183,49.093566396339185
689,261.81152872087176,231.00366691576565,492.81519563663744,10230.999,9999.995333084236,9738.183804363363,15693,477,6324169,False,514.03259,252.22106127912826,0.49067134299622567,49.067134299622566
690,262.07264391487786,231.00366691576565,493.0763108306435,10230.999,9999.995333084236,9737.922689169356,6323,478,6339862,False,514.408735,252.33609108512212,0.49053617078474016,49.05361707847401
691,262.31732326399793,231.00366691576565,493.3209901797636,10230.999,9999.995333084236,9737.678009820236,5925,479,6346185,False,514.754933,252.43760973600212,0.4904034785345167,49.04034785345167
692,262.6917549363139,231.00366691576565,493.6954218520796,10230.999,9999.995333084236,9737.30357814792,9067,480,6352110,False,515.29801,252.6062550636861,0.4902139153684799,49.02139153684799
693,265.5073225351337,231.00366691576565,496.5109894508994,10230.999,9999.995333084236,9734.4880105491,68180,481,6361177,False,522.365226,256.8579034648663,0.4917209084374738,49.17209084374738
694,265.9974658591348,231.00366691576565,497.0011327749004,10230.999,9999.995333084236,9733.9978672251,11869,482,6429357,False,523.120116,257.12265014086523,0.49151742071579063,49.151742071579065
695,267.57353123620953,231.00366691576565,498.5771981519752,10230.999,9999.995333084236,9732.421801848024,38165,483,6441226,False,526.115879,258.5423477637904,0.4914171156651032,49.141711566510324
696,267.64439533124585,231.00366691576565,498.64806224701147,10230.999,9999.995333084236,9732.350937752988,1716,484,6479391,False,526.190565,258.54616966875415,0.4913546286576882,49.13546286576882
697,269.42177916012827,231.00366691576565,500.4254460758939,10230.999,9999.995333084236,9730.573553924109,43040,485,6481107,False,529.654719,260.23293983987173,0.49132563253886863,49.132563253886865
698,270.73838118690406,231.00366691576565,501.74204810266974,10230.999,9999.995333084236,9729.25695189733,31882,486,6524147,False,532.650454,261.9120728130959,0.4917147274469345,49.17147274469345
699,270.7887211238792,231.00366691576565,501.7923880396448,10230.999,9999.995333084236,9729.206611960357,1219,487,6556029,False,532.727275,261.93855387612075,0.49169352906911096,49.169352906911094
700,268.85866564036434,234.0038204228713,502.8624860632357,10234.0,9999.996179577129,9731.137513936765,1150,487,6509361,False,529.777188,260.9185223596357,0.49250614837654294,49.2506148376543
701,269.20683299773674,234.0038204228713,503.2106534206081,10234.0,9999.996179577129,9730.789346579391,8431,488,6510511,False,530.265684,261.0588510022632,0.49231707590993806,49.23170759099381
702,272.18853477740214,234.0038204228713,506.1923552002735,10234.0,9999.996179577129,9727.807644799726,72203,489,6518942,False,537.780989,265.59245422259784,0.49386731709587794,49.38673170958779
703,272.26707994567664,234.0038204228713,506.270900368548,10234.0,9999.996179577129,9727.729099631451,1902,490,6591145,False,537.860172,265.5930920543234,0.49379579652966643,49.37957965296664
704,272.5928648208173,234.0038204228713,506.5966852436886,10234.0,9999.996179577129,9727.403314756311,7889,491,6593047,False,538.325618,265.7327531791827,0.4936282879615488,49.36282879615488
705,272.6377536735588,234.0038204228713,506.6415740964301,10234.0,9999.996179577129,9727.35842590357,1087,492,6600936,False,538.377658,265.7399043264412,0.4935938562414141,49.35938562414141
706,272.91051436570024,234.0038204228713,506.9143347885716,10234.0,9999.996179577129,9727.085665211427,6605,493,6602023,False,538.750324,265.83980963429974,0.4934378649845596,49.34378649845596
707,273.5216139451566,234.0038204228713,507.525434368028,10234.0,9999.996179577129,9726.474565631972,14798,494,6608628,False,539.708841,266.1872270548434,0.4932052374047424,49.32052374047424
708,273.8666015033928,234.0038204228713,507.87042192626416,10234.0,9999.996179577129,9726.129578073736,8354,495,6623426,False,540.175188,266.30858649660723,0.49300410757964547,49.30041075796455
709,273.9036440985254,234.0038204228713,507.9074645213967,10234.0,9999.996179577129,9726.092535478603,897,496,6631780,False,540.229352,266.3257079014746,0.4929863712800903,49.298637128009034
710,274.2435935334548,234.0038204228713,508.2474139563261,10234.0,9999.996179577129,9725.752586043674,8232,497,6632677,False,540.74155,266.49795646654513,0.4928379490470913,49.283794904709126
711,275.9364029645317,234.0038204228713,509.940223387403,10234.0,9999.996179577129,9724.059776612596,40992,498,6640909,False,544.17392,268.2375170354683,0.49292607965385093,49.292607965385095
712,276.0233725357125,234.0038204228713,510.0271929585839,10234.0,9999.996179577129,9723.972807041417,2106,499,6681901,False,544.279586,268.2562134642875,0.4928647341630915,49.28647341630915
713,275.8827180440496,237.0121133919192,512.8948314359689,10236.999,9999.98688660808,9724.104168564032,12162,498,6668439,False,542.027451,266.1447329559504,0.4910170738860796,49.10170738860796
714,275.94102812691165,237.0121133919192,512.9531415188309,10236.999,9999.98688660808,9724.04585848117,1412,499,6680601,False,542.106992,266.16596387308834,0.4909841927902829,49.098419279028285
715,276.6094466830058,237.0121133919192,513.621560074925,10236.999,9999.98688660808,9723.377439925076,16186,500,6682013,False,543.144378,266.5349313169942,0.4907257482779177,49.07257482779177
716,276.6588368098493,237.0121133919192,513.6709502017685,10236.999,9999.98688660808,9723.328049798232,1196,501,6698199,False,543.223479,266.5646421901507,0.4907089853348381,49.070898533483806
717,277.2914929496838,237.0121133919192,514.303606341603,10236.999,9999.98688660808,9722.695393658398,15320,502,6699395,False,544.22368,266.93218705031614,0.4904824925117484,49.048249251174845
718,278.11225279166894,237.0121133919192,515.1243661835881,10236.999,9999.98688660808,9721.874633816413,19875,503,6714715,False,545.54964,267.437387208331,0.49021641221930057,49.021641221930054
719,278.3887714282441,237.0121133919192,515.4008848201634,10236.999,9999.98688660808,9721.598115179837,6696,504,6734590,False,545.953073,267.5643015717559,0.49008662979309925,49.008662979309925
720,278.5449119546616,237.0121133919192,515.5570253465808,10236.999,9999.98688660808,9721.44197465342,3781,505,6741286,False,546.172907,267.6279950453384,0.49000598824162916,49.000598824162914
721,278.5830282482038,237.0121133919192,515.595141640123,10236.999,9999.98688660808,9721.403858359878,923,506,6745067,False,546.202492,267.6194637517962,0.489963827832181,48.9963827832181
722,275.9615935810656,240.00975795942009,515.9713515404856,10239.999,9999.98924204058,9724.027648459514,3897,501,6678614,False,543.442746,267.48115241893447,0.4921974842570342,49.21974842570342
723,276.0826737247989,240.00975795942009,516.0924316842189,10239.999,9999.98924204058,9723.90656831578,2932,502,6682511,False,543.619992,267.53731827520113,0.49214032267452207,49.214032267452204
724,276.65173388190857,240.00975795942009,516.6614918413286,10239.999,9999.98924204058,9723.337508158673,13780,503,6685443,False,544.56485,267.9131161180914,0.49197651320699715,49.19765132069971
725,278.16614419261435,240.00975795942009,518.1759021520344,10239.999,9999.98924204058,9721.823097847966,36672,504,6699223,False,547.68278,269.5166358073856,0.49210354177537885,49.21035417753789
726,278.2119415593948,240.00975795942009,518.2216995188148,10239.999,9999.98924204058,9721.777300481184,1109,505,6735895,False,550.965168,272.75322644060515,0.4950462248470219,49.50462248470219
727,279.06313662168395,240.00975795942009,519.072894581104,10239.999,9999.98924204058,9720.926105418896,20612,506,6737004,False,552.400511,273.3373743783161,0.4948173814747179,49.48173814747179
728,280.22838846879307,240.00975795942009,520.2381464282131,10239.999,9999.98924204058,9719.760853571786,28217,507,6757616,False,554.475828,274.2474395312069,0.4946066639557945,49.46066639557945
729,280.39910651592595,240.00975795942009,520.408864475346,10239.999,9999.98924204058,9719.590135524651,4134,508,6785833,False,554.695773,274.2966664840741,0.49449929102682033,49.449929102682034
730,280.59666702329986,240.00975795942009,520.6064249827199,10239.999,9999.98924204058,9719.39257501728,4784,509,6789967,False,554.972164,274.37549697670016,0.49439506118490684,49.439506118490684
731,281.6162675515319,240.00975795942009,521.626025510952,10239.999,9999.98924204058,9718.372974489048,24690,510,6794751,False,556.755036,275.1387684484681,0.4941828104963349,49.41828104963349
732,280.7166321725309,243.009456964492,523.7260891370229,10242.999,9999.989543035508,9719.272910862976,7863,511,6789793,False,554.197719,273.4810868274691,0.49347205419925066,49.34720541992507
733,281.1371915803687,243.009456964492,524.1466485448607,10242.999,9999.989543035508,9718.85235145514,10184,512,6797656,False,554.833168,273.6959764196313,0.49329418680252957,49.32941868025296
734,281.2253587382373,243.009456964492,524.2348157027293,10242.999,9999.989543035508,9718.764184297272,2135,513,6807840,False,554.940392,273.7150332617627,0.4932332142472028,49.32332142472028
735,282.219190504638,243.009456964492,525.22864746913,10242.999,9999.989543035508,9717.77035253087,24066,514,6809975,False,556.802965,274.583774495362,0.4931435206983174,49.31435206983174
736,280.398198001887,246.0000444701348,526.3982424720218,10246.0,9999.999955529864,9719.601757527978,5130,513,6784815,False,554.074484,273.676285998113,0.49393410796031706,49.39341079603171
737,280.5530583494314,246.0000444701348,526.5531028195662,10246.0,9999.999955529864,9719.446897180434,3750,514,6789945,False,554.28782,273.7347616505686,0.49384949799288136,49.38494979928814
738,282.0572272291529,246.0000444701348,528.0572716992876,10246.0,9999.999955529864,9717.942728300712,36424,515,6793695,False,557.148476,275.0912487708471,0.49374854391748724,49.37485439174873
739,282.3044669360191,246.0000444701348,528.3045114061539,10246.0,9999.999955529864,9717.695488593848,5987,516,6830119,False,557.458282,275.15381506398097,0.49358637937319394,49.35863793731939
740,282.5553406990409,246.0000444701348,528.5553851691757,10246.0,9999.999955529864,9717.444614830823,6075,517,6836106,False,557.821382,275.26604130095905,0.49346627824488637,49.346627824488635
741,282.5956869815878,246.0000444701348,528.5957314517226,10246.0,9999.999955529864,9717.404268548278,977,518,6842181,False,557.872744,275.2770570184122,0.4934405919254091,49.34405919254091
742,282.6546578019328,246.0000444701348,528.6547022720675,10246.0,9999.999955529864,9717.345297727932,1428,519,6843158,False,557.925277,275.27061919806727,0.49338259180192556,49.33825918019256
743,286.72306626043274,246.0000444701348,532.7231107305676,10246.0,9999.999955529864,9713.276889269431,98518,520,6844586,False,569.976062,283.2529957395672,0.49695595065107706,49.6955950651077
744,285.07939917964325,249.024782809478,534.1041819891212,10249.0,9999.975217190522,9714.895818010878,4309,520,6898993,False,567.220217,282.1408178203568,0.497409664473149,49.7409664473149
745,287.8249286052803,249.024782809478,536.8497114147583,10249.0,9999.975217190522,9712.150288585242,66484,521,6903302,False,573.942076,286.1171473947197,0.4985122355704754,49.85122355704754
746,287.86250804961776,249.024782809478,536.8872908590957,10249.0,9999.975217190522,9712.112709140903,910,522,6969786,False,573.969071,286.1065629503822,0.4984703486756035,49.84703486756035
747,288.32147282364656,249.024782809478,537.3462556331245,10249.0,9999.975217190522,9711.653744366877,11114,523,6970696,False,574.682385,286.3609121763534,0.49829422242749516,49.829422242749516
748,288.7739128150322,249.024782809478,537.7986956245102,10249.0,9999.975217190522,9711.20130437549,10956,524,6981810,False,575.32906,286.55514718496784,0.4980717420826402,49.80717420826402
749,288.14022427288063,252.0310915592261,540.1713158321068,10252.0,9999.968908440776,9711.828684167896,18095,522,6959326,False,573.536685,285.3964607271194,0.49760803134523013,49.760803134523016
750,288.36565964281255,252.0310915592261,540.3967512020387,10252.0,9999.968908440776,9711.603248797965,5459,523,6977421,False,573.848923,285.48326335718747,0.49748854082486005,49.748854082486005
751,288.4936362340232,252.0310915592261,540.5247277932493,10252.0,9999.968908440776,9711.475272206751,3099,524,6982880,False,574.011257,285.5176207659768,0.4974077028701491,49.74077028701491
752,288.7870449725039,252.0310915592261,540.81813653173,10252.0,9999.968908440776,9711.181863468271,7105,525,6985979,False,574.441283,285.6542380274961,0.4972731704373275,49.72731704373275
753,286.97918462722475,255.01731999050295,541.9965046177277,10254.999,9999.981680009496,9713.00249538227,9714,519,6939592,False,572.011158,285.03197337277527,0.4982979254624527,49.82979254624527
754,287.2629713761113,255.01731999050295,542.2802913666144,10254.999,9999.981680009496,9712.718708633383,6872,520,6949306,False,572.410959,285.14798762388875,0.49815256528638324,49.81525652863832
755,288.2198844356575,255.01731999050295,543.2372044261605,10254.999,9999.981680009496,9711.76179557384,23172,521,6956178,False,574.014789,285.79490456434246,0.49788770261865584,49.78877026186559
756,288.2975623859857,255.01731999050295,543.3148823764886,10254.999,9999.981680009496,9711.68411762351,1881,522,6979350,False,574.120823,285.82326061401426,0.4978451384509603,49.78451384509603
757,288.49421437932074,255.01731999050295,543.5115343698237,10254.999,9999.981680009496,9711.487465630174,4762,523,6981231,False,574.381691,285.8874766206793,0.4977308314318802,49.77308314318802
758,288.6491573190504,255.01731999050295,543.6664773095533,10254.999,9999.981680009496,9711.332522690444,3752,524,6985993,False,574.60824,285.9590826809496,0.49765920983129236,49.765920983129234
759,288.83094271902115,255.01731999050295,543.8482627095241,10254.999,9999.981680009496,9711.150737290474,4402,525,6989745,False,574.865239,286.0342962809788,0.4975675634493858,49.75675634493858
760,289.4965944369058,255.01731999050295,544.5139144274087,10254.999,9999.981680009496,9710.48508557259,16119,526,6994147,False,575.921436,286.42484156309416,0.4973331841100184,49.73331841100184
761,290.9472848766087,255.01731999050295,545.9646048671117,10254.999,9999.981680009496,9709.034395132889,35129,527,7010266,False,578.68815,287.74086512339125,0.49722957887316555,49.722957887316554
762,291.2390830674749,255.01731999050295,546.2564030579779,10254.999,9999.981680009496,9708.74259694202,7066,528,7045395,False,579.112141,287.87305793252506,0.4970938054163936,49.70938054163936
763,292.3563488548916,255.01731999050295,547.3736688453946,10254.999,9999.981680009496,9707.625331154604,27055,529,7052461,False,581.071198,288.71484914510836,0.49686656323500716,49.68665632350071
764,292.41651726192424,255.01731999050295,547.4338372524272,10254.999,9999.981680009496,9707.56516274757,1457,530,7079516,False,581.152048,288.7355307380758,0.4968330262824365,49.683302628243645
765,292.6239475354483,258.01576668761305,550.6397142230613,10258.0,9999.984233312389,9707.360285776938,20608,528,7065388,False,579.557297,286.93334946455167,0.49509056472901536,49.509056472901534
766,292.7983409348296,258.01576668761305,550.8141076224426,10258.0,9999.984233312389,9707.185892377558,4223,529,7085996,False,579.780219,286.9818780651704,0.4949839071090668,49.49839071090668
767,292.8620195097398,258.01576668761305,550.8777861973529,10258.0,9999.984233312389,9707.122213802648,1542,530,7090219,False,581.505206,288.64318649026023,0.49637248903711484,49.63724890371148
768,293.3050852880874,258.01576668761305,551.3208519757004,10258.0,9999.984233312389,9706.6791480243,10729,531,7091761,False,582.167802,288.86271671191264,0.4961846321963244,49.61846321963244
769,293.3540624540041,258.01576668761305,551.3698291416172,10258.0,9999.984233312389,9706.630170858383,1186,532,7102490,False,582.219524,288.86546154599586,0.4961452676155805,49.61452676155805
770,294.0574588005969,258.01576668761305,552.07322548821,10258.0,9999.984233312389,9705.92677451179,17033,533,7103676,False,583.333086,289.27562719940306,0.4959012854611217,49.59012854611217
771,296.20353414491296,258.01576668761305,554.219300832526,10258.0,9999.984233312389,9703.780699167472,51968,534,7120709,False,588.075781,291.87224685508704,0.49631740718648476,49.63174071864847
772,296.24082451660166,258.01576668761305,554.2565912042147,10258.0,9999.984233312389,9703.743408795784,903,535,7172677,False,588.129165,291.8883404833983,0.49629972096928454,49.629972096928455
773,296.2778258156416,258.01576668761305,554.2935925032546,10258.0,9999.984233312389,9703.706407496746,896,536,7173580,False,588.155829,291.8780031843584,0.4962596454762984,49.62596454762984
774,296.6996654023524,258.01576668761305,554.7154320899655,10258.0,9999.984233312389,9703.284567910034,10215,537,7174476,False,588.781564,292.0818985976476,0.4960785399144182,49.60785399144182
775,296.7366667013923,258.01576668761305,554.7524333890053,10258.0,9999.984233312389,9703.247566610997,896,538,7184691,False,588.831967,292.09530029860764,0.49605883625303865,49.60588362530387
776,296.773833184803,258.01576668761305,554.789599872416,10258.0,9999.984233312389,9703.210400127584,900,539,7185587,False,588.857316,292.083482815197,0.4960174135209301,49.60174135209301
777,296.8133535454963,258.01576668761305,554.8291202331093,10258.0,9999.984233312389,9703.17087976689,957,540,7186487,False,588.908153,292.0947994545037,0.49599381154178673,49.59938115417867
778,294.84229104195174,261.00808154135154,555.8503725833033,10261.0,9999.991918458649,9705.149627416697,32240,539,7107474,False,588.35133,293.5090389580482,0.49886695923343666,49.886695923343666
779,295.285645892948,261.00808154135154,556.2937274342996,10261.0,9999.991918458649,9704.706272565702,10736,540,7139714,False,588.965356,293.679710107052,0.4986366466469243,49.86366466469243
780,295.40288550006227,261.00808154135154,556.4109670414139,10261.0,9999.991918458649,9704.589032958587,2839,541,7150450,False,589.126329,293.7234434999378,0.4985746333872268,49.85746333872268
781,295.450706375384,261.00808154135154,556.4587879167356,10261.0,9999.991918458649,9704.541212083264,1158,542,7153289,False,589.177922,293.72721562461595,0.4985373766680551,49.85373766680551
782,295.4877489705166,261.00808154135154,556.4958305118681,10261.0,9999.991918458649,9704.504169488133,897,543,7154447,False,589.228827,293.74107802948345,0.49851783308877967,49.85178330887797
783,295.5267737780978,261.00808154135154,556.5348553194493,10261.0,9999.991918458649,9704.465144680553,945,544,7155344,False,589.280102,293.7533282219023,0.49849524398484146,49.84952439848415
784,298.3033578654291,261.00808154135154,559.3114394067807,10261.0,9999.991918458649,9701.68856059322,67236,545,7156289,False,596.148818,297.8454601345709,0.4996159535026888,49.96159535026888
785,300.39702846813617,261.00808154135154,561.4051100094878,10261.0,9999.991918458649,9699.594889990512,50699,546,7223525,False,600.69028,300.29325153186386,0.4999136185986959,49.991361859869585
786,301.07089810846384,261.00808154135154,562.0789796498154,10261.0,9999.991918458649,9698.921020350184,16318,547,7274224,False,601.734107,300.66320889153616,0.49966123806828877,49.966123806828875
787,301.7256063617887,261.00808154135154,562.7336879031402,10261.0,9999.991918458649,9698.26631209686,15854,548,7290542,False,602.773438,301.04783163821133,0.4994377865041414,49.94377865041414
788,302.2328875642513,264.0640019362658,566.2968895005172,10264.0,9999.935998063736,9697.703110499484,6652,549,7312028,False,600.144943,297.9120554357487,0.49640017617502225,49.640017617502224
789,302.28657248473337,264.0640019362658,566.3505744209992,10264.0,9999.935998063736,9697.649425579002,1300,550,7318680,False,600.227889,297.94131651526664,0.49638032816443595,49.6380328164436
790,302.3960484264241,264.0640019362658,566.4600503626899,10264.0,9999.935998063736,9697.53994963731,2651,551,7319980,False,600.367952,297.97190357357584,0.496315472171599,49.6315472171599
791,302.8795843755966,264.0640019362658,566.9435863118624,10264.0,9999.935998063736,9697.056413688138,11709,552,7322631,False,601.118682,298.2390976244034,0.49614012432973,49.614012432973
792,304.85419834311153,264.0640019362658,568.9182002793773,10264.0,9999.935998063736,9695.081799720623,47816,553,7334340,False,605.341095,300.48689665688846,0.49639269353898474,49.63926935389848
793,305.6383698469835,264.0640019362658,569.7023717832493,10264.0,9999.935998063736,9694.297628216753,18989,554,7382156,False,606.65191,301.01354015301655,0.4961882344572467,49.61882344572467
794,305.8733446143241,264.0640019362658,569.9373465505898,10264.0,9999.935998063736,9694.062653449411,5690,555,7401145,False,606.972667,301.0993223856759,0.4960673499086507,49.60673499086507
795,305.96064455424647,264.0640019362658,570.0246464905123,10264.0,9999.935998063736,9693.975353509488,2114,556,7406835,False,607.080582,301.1199374457536,0.49601312638550765,49.601312638550766
796,306.57405671489283,264.0640019362658,570.6380586511586,10264.0,9999.935998063736,9693.36194134884,14854,557,7408949,False,608.074629,301.5005722851071,0.4958282386833593,49.58282386833593
797,310.4726969363916,264.0640019362658,574.5366988726573,10264.0,9999.935998063736,9689.463301127344,94407,558,7423803,False,619.268426,308.79572906360835,0.4986460089014911,49.864600890149106
798,310.5141169173481,264.0640019362658,574.5781188536139,10264.0,9999.935998063736,9689.421881146389,1003,559,7518210,False,619.316168,308.8020510826519,0.498617777216906,49.8617777216906
799,311.28098535838774,267.0741214917908,578.3551068501786,10267.0,9999.92587850821,9688.644893149822,18570,560,7519213,False,617.428723,306.14773764161225,0.4958430442854733,49.584304428547334
800,312.7968410323373,267.0741214917908,579.8709625241281,10267.0,9999.92587850821,9687.129037475872,36707,561,7537783,False,620.186662,307.3898209676627,0.4956408123586229,49.56408123586229
801,313.06671099799127,267.0741214917908,580.140832489782,10267.0,9999.92587850821,9686.859167510218,6535,562,7574490,False,620.745833,307.6791220020087,0.49566039052574473,49.566039052574475
802,313.2923941444792,267.0741214917908,580.3665156362699,10267.0,9999.92587850821,9686.63348436373,5465,563,7581025,False,621.034507,307.74211285552076,0.49553142279020057,49.55314227902006
803,313.469802158626,267.0741214917908,580.5439236504168,10267.0,9999.92587850821,9686.456076349585,4296,564,7586490,False,621.241344,307.771541841374,0.4954138110958919,49.54138110958919
804,313.61768346650774,267.0741214917908,580.6918049582985,10267.0,9999.92587850821,9686.308195041702,3581,565,7590786,False,621.418469,307.8007855334922,0.4953196612080293,49.53196612080293
805,314.22618139212534,267.0741214917908,581.3003028839162,10267.0,9999.92587850821,9685.699697116084,14735,566,7594367,False,622.327464,308.1012826078746,0.4950790386584556,49.50790386584556
806,314.6884911496611,267.0741214917908,581.7626126414518,10267.0,9999.92587850821,9685.237387358547,11195,567,7609102,False,622.96746,308.27896885033886,0.4948556524129509,49.485565241295085
807,314.8782053994261,267.0741214917908,581.9523268912169,10267.0,9999.92587850821,9685.047673108784,4594,568,7620297,False,623.204162,308.3259566005739,0.49474309608441586,49.47430960844159
808,315.78337445484607,267.0741214917908,582.8574959466368,10267.0,9999.92587850821,9684.142504053363,21919,569,7624891,False,624.659333,308.8759585451539,0.49447105362492666,49.447105362492664
809,315.9869228956584,267.0741214917908,583.0610443874491,10267.0,9999.92587850821,9683.938955612552,4929,570,7646810,False,624.933485,308.94656210434164,0.49436711189246263,49.43671118924626
810,317.0157324525577,267.0741214917908,584.0898539443485,10267.0,9999.92587850821,9682.910146055652,24913,571,7651739,False,626.636494,309.62076154744227,0.49409947315874375,49.409947315874376
811,318.9079194190864,267.0741214917908,585.9820409108772,10267.0,9999.92587850821,9681.017959089122,45820,572,7676652,False,630.562759,311.65483958091363,0.49424872486152266,49.42487248615227
812,319.0017854377446,267.0741214917908,586.0759069295354,10267.0,9999.92587850821,9680.924093070464,2273,573,7722472,False,630.66822,311.6664345622554,0.4941844613040045,49.418446130400454
813,319.3836504067427,267.0741214917908,586.4577718985335,10267.0,9999.92587850821,9680.542228101467,9247,574,7724745,False,631.191663,311.8080125932573,0.49399894021296237,49.399894021296234
814,319.6045845025726,267.0741214917908,586.6787059943633,10267.0,9999.92587850821,9680.321294005636,5350,575,7733992,False,631.494027,311.88944249742735,0.49389135789470795,49.38913578947079
815,320.5553444443096,267.0741214917908,587.6294659361004,10267.0,9999.92587850821,9679.3705340639,23023,576,7739342,False,633.089221,312.53387655569037,0.4936648203582199,49.36648203582199
816,322.2381189248656,270.00831881368083,592.2464377385464,10270.0,9999.99168118632,9677.753562261452,40904,576,7762210,False,633.410515,311.17239607513443,0.491264967515,49.1264967515
817,322.27875428006126,270.00831881368083,592.287073093742,10270.0,9999.99168118632,9677.712926906255,984,577,7803114,False,633.462515,311.1837607199388,0.491242580817807,49.124258081780695
818,322.4330777784008,270.00831881368083,592.4413965920817,10270.0,9999.99168118632,9677.558603407915,3737,578,7804098,False,633.679918,311.24684022159926,0.4911735899789067,49.11735899789067
819,322.6601236959472,270.00831881368083,592.668442509628,10270.0,9999.99168118632,9677.331557490372,5498,579,7807835,False,633.987753,311.3276293040528,0.4910625289382408,49.106252893824085
820,323.37632183127033,270.00831881368083,593.3846406449511,10270.0,9999.99168118632,9676.615359355048,17343,580,7813333,False,635.124513,311.74819116872965,0.49084578659417866,49.084578659417865
821,323.48203982852726,270.00831881368083,593.4903586422081,10270.0,9999.99168118632,9676.509641357792,2560,581,7830676,False,635.289697,311.8076571714728,0.49081176452869935,49.08117645286993
822,323.82099815723234,270.00831881368083,593.8293169709132,10270.0,9999.99168118632,9676.170683029086,8208,582,7833236,False,635.7673,311.94630184276764,0.4906611300121407,49.06611300121407
823,324.063819182182,270.00831881368083,594.0721379958627,10270.0,9999.99168118632,9675.927862004137,5880,583,7841444,False,636.111951,312.048131817818,0.4905553673803214,49.05553673803214
824,324.24729772195246,270.00831881368083,594.2556165356333,10270.0,9999.99168118632,9675.744383464364,4443,584,7847324,False,636.364755,312.1174572780475,0.4904694278331733,49.046942783317334
825,325.42972874361584,270.00831881368083,595.4380475572966,10270.0,9999.99168118632,9674.561952442702,28633,585,7851767,False,638.461523,313.0317942563842,0.4902907739616193,49.02907739616193
826,325.99523743675513,270.00831881368083,596.003556250436,10270.0,9999.99168118632,9673.996443749564,13694,586,7880400,False,639.272105,313.2768675632449,0.490052459841408,49.0052459841408
827,326.0554058437877,270.00831881368083,596.0637246574686,10270.0,9999.99168118632,9673.93627534253,1457,587,7894094,False,639.348773,313.29336715621235,0.49001950169725644,49.001950169725646
828,326.249580071562,270.00831881368083,596.2578988852429,10270.0,9999.99168118632,9673.742101114756,4702,588,7895551,False,639.618969,313.369388928438,0.48993135619221767,48.99313561922177
829,327.329307710734,270.00831881368083,597.3376265244148,10270.0,9999.99168118632,9672.662373475585,26146,589,7900253,False,641.459407,314.13009928926607,0.489711579347477,48.9711579347477
830,328.7891245869188,270.00831881368083,598.7974434005996,10270.0,9999.99168118632,9671.2025565994,35350,590,7926399,False,644.187198,315.3980734130812,0.489606242397076,48.9606242397076
831,327.20806238262986,273.0073566327291,600.215419015359,10273.0,9999.992643367272,9672.784580984642,9239,586,7914224,False,641.709808,314.5017456173701,0.4900996395825231,49.009963958252314
832,327.2456418269673,273.0073566327291,600.2529984596964,10273.0,9999.992643367272,9672.747001540303,910,587,7923463,False,641.760381,314.51473917303275,0.4900812647283577,49.00812647283577
833,327.7796003053003,273.0073566327291,600.7869569380293,10273.0,9999.992643367272,9672.21304306197,12930,588,7924373,False,642.506974,314.72737369469974,0.48984273545752943,48.98427354575294
834,327.8279580298268,273.0073566327291,600.8353146625559,10273.0,9999.992643367272,9672.164685337444,1171,589,7937303,False,642.582107,314.75414897017316,0.48982712954715557,48.98271295471556
835,328.2194449884189,273.0073566327291,601.2268016211481,10273.0,9999.992643367272,9671.773198378853,9480,590,7938474,False,643.123357,314.90391201158116,0.48964776132610766,48.964776132610766
836,328.29803145278606,273.0073566327291,601.3053880855152,10273.0,9999.992643367272,9671.694611914483,1903,591,7947954,False,643.199302,314.9012705472139,0.4895858399846552,48.95858399846552
837,326.1816067030132,276.0011773125411,602.1827840155543,10276.0,9999.99882268746,9673.817215984443,9129,590,7889478,False,640.734051,314.55244429698683,0.4909251253403213,49.09251253403213
838,326.42281718034826,276.0011773125411,602.4239944928893,10276.0,9999.99882268746,9673.576005507111,5841,591,7898607,False,641.032633,314.60981581965177,0.49078595944061987,49.07859594406199
839,326.48967555439475,276.0011773125411,602.4908528669358,10276.0,9999.99882268746,9673.509147133063,1619,592,7904448,False,641.135525,314.6458494456053,0.4907633989640572,49.07633989640572
840,326.6141006816351,276.0011773125411,602.6152779941762,10276.0,9999.99882268746,9673.384722005823,3013,593,7906067,False,641.294345,314.68024431836494,0.4906954922834458,49.06954922834458
841,327.3714710213587,276.0011773125411,603.3726483338997,10276.0,9999.99882268746,9672.6273516661,18340,594,7909080,False,642.459469,315.08799797864134,0.49044027395079354,49.044027395079354
842,328.1065827671286,276.0011773125411,604.1077600796697,10276.0,9999.99882268746,9671.892239920331,17801,595,7927420,False,643.618254,315.5116712328714,0.4902155420111366,49.02155420111366
843,329.89879189328263,276.0011773125411,605.8999692058237,10276.0,9999.99882268746,9670.100030794176,43399,596,7945221,False,647.269829,317.3710371067173,0.4903226179984937,49.03226179984937
844,332.768498669604,276.0011773125411,608.769675982145,10276.0,9999.99882268746,9667.230324017855,69491,597,7988620,False,654.4578,321.689301330396,0.4915355907292968,49.15355907292968
845,333.2137118447708,276.0011773125411,609.2148891573119,10276.0,9999.99882268746,9666.78511084269,10781,598,8058111,False,655.113247,321.8995351552292,0.49136471690860073,49.13647169086007
846,333.45868026653966,279.00465435027155,612.4633346168112,10278.999,9999.994345649728,9666.535665383188,1932,599,8072892,False,652.218536,318.7598557334603,0.48873167219132874,48.873167219132874
847,333.4958054538576,279.00465435027155,612.5004598041292,10278.999,9999.994345649728,9666.49854019587,899,600,8074824,False,652.270276,318.77447054614237,0.48871531062400025,48.871531062400024
848,333.78223515267564,279.00465435027155,612.7868895029471,10278.999,9999.994345649728,9666.212110497052,6936,601,8075723,False,652.644465,318.86222984732433,0.48856957646507326,48.856957646507325
849,333.83943024103536,279.00465435027155,612.8440845913069,10278.999,9999.994345649728,9666.154915408692,1385,602,8082659,False,652.722728,318.8832977589646,0.488543272786059,48.8543272786059
850,334.13981801917873,279.00465435027155,613.1444723694503,10278.999,9999.994345649728,9665.854527630549,7274,603,8084044,False,653.152248,319.01242998082125,0.4884197075913934,48.84197075913934
851,334.5729314391908,279.00465435027155,613.5775857894623,10278.999,9999.994345649728,9665.421414210536,10488,604,8091318,False,653.780249,319.2073175608092,0.48824864019532227,48.82486401953223
852,335.6995714396455,279.00465435027155,614.704225789917,10278.999,9999.994345649728,9664.294774210082,27282,605,8101806,False,655.782028,320.08245656035444,0.4880927547473967,48.80927547473967
853,337.4158370513638,279.00465435027155,616.4204914016353,10278.999,9999.994345649728,9662.578508598364,41560,606,8129088,False,659.273824,321.8579869486362,0.48820076762009623,48.82007676200962
854,337.57685051671723,279.00465435027155,616.5815048669888,10278.999,9999.994345649728,9662.41749513301,3899,607,8170648,False,660.691255,323.1144044832827,0.48905506473410604,48.905506473410604
855,337.90870591748165,282.0580406190613,619.9667465365429,10282.0,9999.941959380938,9662.033253463456,8036,608,8174547,False,658.174175,320.26546908251834,0.48659683294702094,48.65968329470209
856,338.0155389092409,282.0580406190613,620.0735795283022,10282.0,9999.941959380938,9661.926420471696,2587,609,8182583,False,658.312492,320.29695309075913,0.486542420177497,48.6542420177497
857,338.12447800172674,282.0580406190613,620.182518620788,10282.0,9999.941959380938,9661.817481379212,2638,610,8185170,False,658.449599,320.3251209982733,0.4864838880375311,48.648388803753114
858,338.2888364505872,282.0580406190613,620.3468770696484,10282.0,9999.941959380938,9661.653122930353,3980,611,8187808,False,658.674251,320.3854145494128,0.48640950221297297,48.640950221297295
859,338.36779457978844,282.0580406190613,620.4258351988497,10282.0,9999.941959380938,9661.57416480115,1912,612,8191788,False,658.782549,320.4147544202116,0.4863740773136533,48.63740773136533
860,338.6944053767827,282.0580406190613,620.752445995844,10282.0,9999.941959380938,9661.247554004156,7909,613,8193700,False,659.253921,320.5595156232173,0.48624589920826167,48.62458992082617
861,338.98864003711697,282.0580406190613,621.0466806561783,10282.0,9999.941959380938,9660.953319343822,7125,614,8201609,False,659.65912,320.67047996288306,0.48611543483683367,48.61154348368337
862,339.08638788848697,282.0580406190613,621.1444285075482,10282.0,9999.941959380938,9660.855571492451,2367,615,8208734,False,659.80892,320.722532111513,0.4860839591430698,48.60839591430698
863,339.26561293071165,282.0580406190613,621.3236535497729,10282.0,9999.941959380938,9660.676346450226,4340,616,8211101,False,660.079709,320.8140960692883,0.48602326612237723,48.602326612237725
864,339.4699459972848,282.0580406190613,621.5279866163461,10282.0,9999.941959380938,9660.472013383653,4948,617,8215441,False,660.378555,320.9086090027152,0.4859464417385801,48.59464417385801
865,340.3340667365824,282.0580406190613,622.3921073556437,10282.0,9999.941959380938,9659.607892644355,20925,618,8220389,False,661.896275,321.5622082634176,0.4858196373191821,48.58196373191821
866,340.7311699637788,282.0580406190613,622.78921058284,10282.0,9999.941959380938,9659.21078941716,9616,619,8241314,False,662.539885,321.8087150362212,0.48571976166570136,48.57197616657014
867,339.32276672297866,285.0255845958898,624.3483513188685,10285.0,9999.974415404113,9660.651648681132,1020,614,8215805,False,659.596878,320.2741112770213,0.48556038083161046,48.55603808316105
868,339.395034885166,285.0255845958898,624.4206194810558,10285.0,9999.974415404113,9660.579380518944,1750,615,8216825,False,659.71025,320.31521511483396,0.48553924259147707,48.553924259147706
869,340.10896173539186,285.0255845958898,625.1345463312816,10285.0,9999.974415404113,9659.86545366872,17288,616,8218575,False,660.890036,320.78107426460815,0.48537738018584403,48.537738018584406
870,340.31544219878435,285.0255845958898,625.3410267946742,10285.0,9999.974415404113,9659.658973205327,5000,617,8235863,False,661.179778,320.8643358012157,0.48529060699919907,48.52906069991991
871,340.6934666311633,285.0255845958898,625.7190512270531,10285.0,9999.974415404113,9659.280948772948,9154,618,8240863,False,661.731338,321.03787136883676,0.4851483569436706,48.51483569436706
872,341.13768870010585,285.0255845958898,626.1632732959956,10285.0,9999.974415404113,9658.836726704005,10757,619,8250017,False,662.415184,321.2774952998941,0.4850092556149711,48.50092556149711
873,342.25681281169307,285.0255845958898,627.282397407583,10285.0,9999.974415404113,9657.717602592418,27100,620,8260774,False,664.515425,322.258612188307,0.48495279426855586,48.49527942685559
874,342.35790564657003,285.0255845958898,627.3834902424599,10285.0,9999.974415404113,9657.61650975754,2448,621,8287874,False,664.656316,322.2984103534299,0.4849098738624338,48.490987386243376
875,342.5304407217808,285.0255845958898,627.5560253176707,10285.0,9999.974415404113,9657.44397468233,4178,622,8290322,False,664.887405,322.35696427821915,0.4848294039773835,48.482940397738346
876,343.0782746872537,285.0255845958898,628.1038592831435,10285.0,9999.974415404113,9656.896140716855,13266,623,8294500,False,665.765503,322.68722831274624,0.48468601460827904,48.468601460827905
877,343.165450738898,285.0255845958898,628.1910353347878,10285.0,9999.974415404113,9656.808964665212,2111,624,8307766,False,665.906371,322.740920261102,0.48466411242835516,48.46641124283552
878,343.3765150685778,285.0255845958898,628.4020996644676,10285.0,9999.974415404113,9656.597900335531,5111,625,8309877,False,666.201253,322.82473793142213,0.4845753989169128,48.45753989169128
879,343.03883691874574,288.0190938938795,631.0579308126253,10288.0,9999.98090610612,9656.942069187377,11632,621,8295179,False,663.966617,320.9277800812543,0.48334927067764655,48.33492706776465
880,344.0865600860919,288.0190938938795,632.1056539799713,10288.0,9999.98090610612,9655.894346020028,25371,622,8306811,False,665.903161,321.8166009139081,0.4832783800434732,48.32783800434732
881,344.37344404192936,288.0190938938795,632.3925379358088,10288.0,9999.98090610612,9655.607462064192,6947,623,8332182,False,666.329357,321.9559129580706,0.48317834052458025,48.317834052458025
882,344.4122210729545,288.0190938938795,632.431314966834,10288.0,9999.98090610612,9655.568685033166,939,624,8339129,False,666.384836,321.97261492704547,0.48316317769128453,48.31631776912845
883,344.88006450690915,288.0190938938795,632.8991584007886,10288.0,9999.98090610612,9655.100841599213,11329,625,8340068,False,667.1573,322.2772354930908,0.4830603449787491,48.30603449787491
884,344.91871764965623,288.0190938938795,632.9378115435356,10288.0,9999.98090610612,9655.062188456464,936,626,8351397,False,667.214025,322.29530735034376,0.4830463618481997,48.30463618481997
885,344.99449597972125,288.0190938938795,633.0135898736007,10288.0,9999.98090610612,9654.9864101264,1835,627,8352333,False,667.299784,322.3052880202788,0.482999239244889,48.2999239244889
886,345.7901890934505,288.0190938938795,633.80928298733,10288.0,9999.98090610612,9654.19071701267,19268,628,8354168,False,668.711586,322.9213969065495,0.4829008554168366,48.29008554168366
887,346.1969969024264,288.0190938938795,634.2160907963059,10288.0,9999.98090610612,9653.783909203694,9851,629,8373436,False,669.350229,323.1532320975736,0.48278646678041787,48.27864667804179
888,346.64010397686667,288.0190938938795,634.6591978707461,10288.0,9999.98090610612,9653.340802129254,10730,630,8383287,False,670.057771,323.41766702313333,0.4826713173409839,48.26713173409839
889,346.6773943485553,288.0190938938795,634.6964882424347,10288.0,9999.98090610612,9653.303511757566,903,631,8394017,False,670.113851,323.43645665144464,0.48265896335195235,48.26589633519524
890,346.7492908459086,288.0190938938795,634.7683847397881,10288.0,9999.98090610612,9653.231615260212,1741,632,8394920,False,670.226519,323.47722815409145,0.4826386586981519,48.26386586981519
891,346.8035126155954,288.0190938938795,634.8226065094749,10288.0,9999.98090610612,9653.177393490523,1313,633,8396661,False,670.310256,323.50674338440456,0.48262239834266324,48.262239834266325
892,346.3824576546455,291.0284964567956,637.4109541114411,10291.0,9999.971503543204,9653.58904588856,18736,628,8369042,False,668.631939,322.24948134535447,0.48195346729518773,48.195346729518775
893,346.5700658036839,291.0284964567956,637.5985622604795,10291.0,9999.971503543204,9653.40143773952,4543,629,8387778,False,668.92542,322.3553541963161,0.4819002904633466,48.19002904633466
894,346.6311427247554,291.0284964567956,637.659639181551,10291.0,9999.971503543204,9653.340360818447,1479,630,8392321,False,669.009589,322.3784462752446,0.48187417874999183,48.187417874999184
895,347.1329315468918,291.0284964567956,638.1614280036874,10291.0,9999.971503543204,9652.838571996312,12151,631,8393800,False,669.819607,322.6866754531082,0.4817516120472541,48.175161204725406
896,347.2076361785472,291.0284964567956,638.2361326353428,10291.0,9999.971503543204,9652.763867364656,1809,632,8405951,False,669.932164,322.72452782145274,0.481727173531338,48.1727173531338
897,347.4825029714153,291.0284964567956,638.5109994282109,10291.0,9999.971503543204,9652.489000571788,6656,633,8407760,False,670.323868,322.8413650285847,0.4816199757168496,48.161997571684964
898,347.5918550248279,291.0284964567956,638.6203514816235,10291.0,9999.971503543204,9652.379648518376,2648,634,8414416,False,670.493463,322.9016079751721,0.4815880031557774,48.158800315577736
899,347.6628017120496,291.0284964567956,638.6912981688452,10291.0,9999.971503543204,9652.308701831154,1718,635,8417064,False,670.754569,323.09176728795035,0.48168403499604096,48.168403499604096
900,347.9275922583041,291.0284964567956,638.9560887150997,10291.0,9999.971503543204,9652.0439112849,6412,636,8418782,False,671.140241,323.21264874169583,0.48158734791421315,48.15873479142132
901,344.4847370116979,294.03195352504343,638.5166905367414,10294.0,9999.968046474956,9655.483309463258,18999,633,8322825,False,669.520275,325.03553798830205,0.4854752725573577,48.547527255735766
902,345.7021045277673,294.03195352504343,639.7340580528107,10294.0,9999.968046474956,9654.26594194719,29479,634,8341824,False,671.887419,326.18531447223273,0.48547614562824953,48.547614562824954
903,346.4858217746198,294.03195352504343,640.5177752996633,10294.0,9999.968046474956,9653.482224700336,18978,635,8371303,False,673.262409,326.77658722538024,0.48536288801678845,48.53628880167884
904,347.06148930655803,294.03195352504343,641.0934428316015,10294.0,9999.968046474956,9652.9065571684,13940,636,8390281,False,674.230305,327.168815693442,0.48524786451632723,48.52478645163272
905,347.28448820702187,294.03195352504343,641.3164417320653,10294.0,9999.968046474956,9652.683558267934,5400,637,8404221,False,674.560677,327.2761887929782,0.4851693849817726,48.51693849817726
906,347.4958416093504,294.03195352504343,641.5277951343938,10294.0,9999.968046474956,9652.472204865606,5118,638,8409621,False,674.854259,327.35841739064955,0.48508016808803983,48.50801680880398
907,349.26021716903915,294.03195352504343,643.2921706940826,10294.0,9999.968046474956,9650.707829305917,42725,639,8414739,False,678.691595,329.43137783096086,0.48539186319371,48.539186319371005
908,350.31066587850205,294.03195352504343,644.3426194035455,10294.0,9999.968046474956,9649.657380596454,25437,640,8457464,False,680.556228,330.245562121498,0.48525830568330053,48.52583056833005
909,350.7745861836523,294.03195352504343,644.8065397086957,10294.0,9999.968046474956,9649.193460291304,11234,641,8482901,False,681.284579,330.50999281634773,0.4851276588433506,48.51276588433506
910,351.4110415640132,294.03195352504343,645.4429950890567,10294.0,9999.968046474956,9648.557004910945,15412,642,8494135,False,682.323906,330.91286443598676,0.48497914484031984,48.49791448403199
911,352.1637041491715,297.0085814755414,649.1722856247129,10297.0,9999.991418524458,9647.827714375286,13618,643,8514155,False,680.230875,328.06717085082846,0.4822879744334282,48.22879744334282
912,352.42320879556314,297.0085814755414,649.4317902711045,10297.0,9999.991418524458,9647.568209728895,6284,644,8527773,False,680.568545,328.14533620443683,0.48216353608355034,48.216353608355035
913,352.9232218857144,297.0085814755414,649.9318033612558,10297.0,9999.991418524458,9647.068196638744,12108,645,8534057,False,681.331674,328.40845211428564,0.48200966525781336,48.20096652578133
914,353.7531081641814,297.0085814755414,650.7616896397228,10297.0,9999.991418524458,9646.238310360275,20096,646,8546165,False,682.679592,328.92648383581854,0.48181678153317137,48.18167815331714
915,354.0938835209644,297.0085814755414,651.1024649965058,10297.0,9999.991418524458,9645.897535003494,8252,647,8566261,False,683.179815,329.08593147903554,0.4816973866229282,48.16973866229282
916,354.58051667708776,297.0085814755414,651.5890981526292,10297.0,9999.991418524458,9645.41090184737,11784,648,8574513,False,683.884923,329.3044063229122,0.48152020208071206,48.15202020807121
917,356.6413568861154,297.0085814755414,653.6499383616567,10297.0,9999.991418524458,9643.350061638344,49904,649,8586297,False,688.335304,331.6939471138846,0.4818784467197466,48.18784467197466
918,356.68442871077906,297.0085814755414,653.6930101863204,10297.0,9999.991418524458,9643.306989813678,1043,650,8636201,False,688.387018,331.70258928922095,0.4818548005930306,48.18548005930306
919,354.91827741910515,300.01535198545395,654.933629404559,10300.0,9999.984648014546,9645.06637059544,8529,649,8585947,False,685.878075,330.9597975808948,0.48253444692906217,48.253444692906214
920,355.47003451338253,300.01535198545395,655.4853864988365,10300.0,9999.984648014546,9644.514613501164,13361,650,8594476,False,686.669056,331.1990214866174,0.4823269937572627,48.23269937572627
921,355.50976135453925,300.01535198545395,655.5251133399931,10300.0,9999.984648014546,9644.474886660008,962,651,8607837,False,686.719291,331.20952964546075,0.48230701246670055,48.23070124667005
922,355.5490752347692,300.01535198545395,655.5644272202231,10300.0,9999.984648014546,9644.435572779776,952,652,8608799,False,686.769125,331.22004976523084,0.48228733311974503,48.2287333119745
923,356.12833552677046,300.01535198545395,656.1436875122245,10300.0,9999.984648014546,9643.856312487776,14027,653,8609751,False,688.317198,332.1888624732295,0.4826101446229294,48.26101446229294
924,356.1780147262627,300.01535198545395,656.1933667117166,10300.0,9999.984648014546,9643.806633288285,1203,654,8623778,False,688.367725,332.18971027373726,0.48257595208104404,48.257595208104405
925,357.04147472807733,300.01535198545395,657.0568267135313,10300.0,9999.984648014546,9642.943173286469,20909,655,8624981,False,689.761815,332.7203402719226,0.4823699036919326,48.23699036919326
926,357.82300328201785,300.01535198545395,657.8383552674718,10300.0,9999.984648014546,9642.161644732529,18925,656,8645890,False,690.959039,333.1360357179821,0.48213572283549233,48.21357228354923
927,358.0319202148784,300.01535198545395,658.0472722003324,10300.0,9999.984648014546,9641.952727799668,5059,657,8664815,False,691.257925,333.2260047851216,0.4820574097362017,48.20574097362017
928,357.98893098240006,303.0211463341231,661.0100773165232,10303.0,9999.978853665876,9641.989922683477,17074,655,8651759,False,689.348238,331.3593070176,0.48068492635735144,48.06849263573515
929,359.66683252402,303.0211463341231,662.6879788581431,10303.0,9999.978853665876,9640.312021141855,40631,656,8668833,False,692.569661,332.90282847598,0.4806777530440797,48.067775304407974
930,360.0003397684916,303.0211463341231,663.0214861026146,10303.0,9999.978853665876,9639.978513897384,8076,657,8709464,False,693.027398,333.02705823150836,0.4805395272864932,48.05395272864932
931,360.2553844368739,303.0211463341231,663.2765307709969,10303.0,9999.978853665876,9639.723469229002,6176,658,8717540,False,693.387964,333.1325795631261,0.48044182601809066,48.04418260180906
932,360.88230041982615,303.0211463341231,663.9034467539493,10303.0,9999.978853665876,9639.09655324605,15181,659,8723716,False,694.321741,333.4394405801738,0.48023764904716393,48.023764904716394
933,361.6218308475127,303.0211463341231,664.6429771816358,10303.0,9999.978853665876,9638.357022818363,17908,660,8738897,False,695.507441,333.8856101524873,0.4800604428795569,48.00604428795569
934,361.6700646837612,303.0211463341231,664.6912110178843,10303.0,9999.978853665876,9638.308788982114,1168,661,8756805,False,695.559673,333.88960831623876,0.48003014159252266,48.00301415925227
935,359.11280414464534,306.02867938501817,665.1414835296634,10306.0,9999.971320614985,9640.858516470338,13168,661,8682880,False,693.401193,334.2883888553547,0.4820995294355582,48.20995294355582
936,359.98398651579083,306.02867938501817,666.012665900809,10306.0,9999.971320614985,9639.987334099193,21096,662,8696048,False,694.835633,334.8516464842092,0.4819149027208989,48.19149027208989
937,360.3387199518991,306.02867938501817,666.3673993369173,10306.0,9999.971320614985,9639.632600663084,8590,663,8717144,False,695.322113,334.9833930481008,0.4817672080106862,48.17672080106862
938,361.08473386613616,306.02867938501817,667.1134132511543,10306.0,9999.971320614985,9638.886586748846,18065,664,8725734,False,696.481546,335.3968121338638,0.48155879227540055,48.155879227540055
939,361.1747180520826,306.02867938501817,667.2033974371008,10306.0,9999.971320614985,9638.7966025629,2179,665,8743799,False,696.583942,335.4092239479174,0.4815058225214118,48.15058225214118
940,361.44880021918976,306.02867938501817,667.4774796042079,10306.0,9999.971320614985,9638.522520395793,6637,666,8745978,False,696.971338,335.5225377808102,0.48140076856476155,48.140076856476156
941,359.69289035850016,309.00801480548546,668.7009051639857,10309.0,9999.991985194514,9640.299094836017,3624,663,8706471,False,694.160137,334.4672466414998,0.48183009771634266,48.18300977163427
942,359.7316673895252,309.00801480548546,668.7396821950107,10309.0,9999.991985194514,9640.260317804989,939,664,8710095,False,694.211909,334.48024161047476,0.48181288346419704,48.181288346419706
943,360.9403214300394,309.00801480548546,669.948336235525,10309.0,9999.991985194514,9639.051663764474,29268,665,8711034,False,696.346298,335.40597656996067,0.4816654838738881,48.16654838738881
944,361.4388478608543,309.00801480548546,670.4468626663397,10309.0,9999.991985194514,9638.55313733366,12072,666,8740302,False,697.106116,335.66726813914573,0.4815153108470873,48.15153108470873
945,362.1250650328928,309.00801480548546,671.1330798383783,10309.0,9999.991985194514,9637.86692016162,16617,667,8752374,False,698.177172,336.05210696710725,0.481327835461093,48.132783546109295
946,363.316250826204,309.00801480548546,672.3242656316895,10309.0,9999.991985194514,9636.67573436831,28845,668,8768991,False,700.313533,336.997282173796,0.4812091531776754,48.12091531776754
947,364.1909846613199,309.00801480548546,673.1989994668054,10309.0,9999.991985194514,9635.801000533194,21182,669,8797836,False,701.7193,337.5283153386801,0.4810018982500269,48.100189825002694
948,364.2292248431402,309.00801480548546,673.2372396486256,10309.0,9999.991985194514,9635.762760351374,926,670,8819018,False,701.770878,337.54165315685987,0.48098555203491905,48.098555203491905
949,362.9315364268112,312.0197215325406,674.9512579593518,10311.999,9999.97927846746,9637.047742040648,15397,669,8773123,False,699.754354,336.82281757318884,0.48134436841701855,48.134436841701856
950,362.96841383757305,312.0197215325406,674.9881353701137,10311.999,9999.97927846746,9637.010864629889,893,670,8788520,False,699.780224,336.8118101624269,0.4813108439063676,48.13108439063676
951,363.60003757509065,312.0197215325406,675.6197591076312,10311.999,9999.97927846746,9636.37924089237,15295,671,8789413,False,700.756421,337.1563834249094,0.4811320643252577,48.11320643252577
952,364.0441357557552,312.0197215325406,676.0638572882958,10311.999,9999.97927846746,9635.935142711704,10754,672,8804708,False,701.415445,337.3713092442448,0.48098642772864064,48.09864277286407
953,367.4418956691564,312.0197215325406,679.461617201697,10311.999,9999.97927846746,9632.537382798302,82278,673,8815462,False,710.687038,343.24514233084363,0.4829765058003543,48.29765058003543
954,367.6089383640409,312.0197215325406,679.6286598965814,10311.999,9999.97927846746,9632.370340103418,4045,674,8897740,False,710.902177,343.29323863595914,0.48289799882826795,48.28979988282679
955,365.4269354190946,315.008607038238,680.4355424573325,10315.0,9999.99139296176,9634.564457542669,1253,672,8847694,False,707.951727,342.5247915809054,0.4838250667632108,48.38250667632108
956,366.2377429027442,315.008607038238,681.2463499409821,10315.0,9999.99139296176,9633.753650059018,19634,673,8848947,False,709.214264,342.9765210972558,0.48360070927346127,48.36007092734613
957,367.0049417125253,315.008607038238,682.0135487507632,10315.0,9999.99139296176,9632.986451249237,18578,674,8868581,False,710.392845,343.38790328747467,0.48337748008635234,48.33774800863523
958,367.1907741295785,315.008607038238,682.1993811678165,10315.0,9999.99139296176,9632.800618832183,4500,675,8887159,False,710.632667,343.4418928704215,0.4832903253945424,48.32903253945424
959,368.6004575492516,315.008607038238,683.6090645874896,10315.0,9999.99139296176,9631.39093541251,34136,676,8891659,False,713.222771,344.6223134507484,0.4831902842467552,48.31902842467552
960,369.90661166457977,315.008607038238,684.9152187028178,10315.0,9999.99139296176,9630.084781297182,31629,677,8925795,False,715.59839,345.6917783354202,0.48308071002705893,48.308071002705894
961,370.6018313848222,315.008607038238,685.6104384230603,10315.0,9999.99139296176,9629.38956157694,16835,678,8957424,False,716.696468,346.09463661517776,0.4829026681001835,48.29026681001835
962,372.0223343807771,315.008607038238,687.0309414190151,10315.0,9999.99139296176,9627.969058580984,34398,679,8974259,False,719.33113,347.3087956192229,0.4828218620529086,48.28218620529086
963,373.0980150028665,315.008607038238,688.1066220411045,10315.0,9999.99139296176,9626.893377958895,26048,680,9008657,False,721.171999,348.07398399713355,0.4826504418915099,48.26504418915099
964,373.25452719411805,315.008607038238,688.263134232356,10315.0,9999.99139296176,9626.736865767643,3790,681,9034705,False,721.360165,348.105637805882,0.48256842378575476,48.25684237857548
965,374.0349407535562,315.008607038238,689.0435477917943,10315.0,9999.99139296176,9625.956452208206,18898,682,9038495,False,722.600078,348.56513724644384,0.4823762795752754,48.23762795752754
966,370.45300026680894,318.0108463997413,688.4638466665502,10318.0,9999.989153600258,9629.536153333447,28039,678,8942616,False,721.576506,351.12350573319105,0.48660606715095994,48.660606715095994
967,370.5203128978749,318.0108463997413,688.5311592976161,10318.0,9999.989153600258,9629.468840702382,1630,679,8970655,False,721.653415,351.1331021021251,0.486567505680168,48.6567505680168
968,370.6147983579233,318.0108463997413,688.6256447576645,10318.0,9999.989153600258,9629.374355242337,2288,680,8972285,False,721.782541,351.16774264207675,0.48652845240000997,48.652845240001
969,370.7716409179162,318.0108463997413,688.7824873176576,10318.0,9999.989153600258,9629.217512682342,3798,681,8974573,False,721.994366,351.2227250820838,0.48646186400031244,48.64618640003124
970,372.153366882846,318.0108463997413,690.1642132825873,10318.0,9999.989153600258,9627.835786717413,33459,682,8978371,False,724.499672,352.34630511715403,0.48633052399387977,48.63305239938798
971,372.2668072494338,318.0108463997413,690.2776536491751,10318.0,9999.989153600258,9627.722346350823,2747,683,9011830,False,725.405878,353.13907075056625,0.4868158384988524,48.68158384988524
972,372.6661817617276,318.0108463997413,690.6770281614688,10318.0,9999.989153600258,9627.32297183853,9671,684,9014577,False,725.955203,353.28902123827237,0.48665402462618945,48.66540246261894
973,372.97610893727966,318.0108463997413,690.986955337021,10318.0,9999.989153600258,9627.013044662976,7505,685,9024248,False,726.374767,353.39865806272036,0.4865238636004551,48.652386360045504
974,373.136874626077,321.0354171212745,694.1722917473516,10321.0,9999.964582878723,9626.827708252647,1845,686,9033801,False,723.476522,350.33964737392307,0.48424466685585554,48.42446668558556
975,373.26534677039984,321.0354171212745,694.3007638916744,10321.0,9999.964582878723,9626.699236108325,3111,687,9035646,False,723.631901,350.3665542296001,0.48417787240366583,48.417787240366586
976,373.3404230668893,321.0354171212745,694.3758401881639,10321.0,9999.964582878723,9626.624159811836,1818,688,9038757,False,723.735585,350.3951619331107,0.4841480358232084,48.41480358232084
977,373.4550610201648,321.0354171212745,694.4904781414393,10321.0,9999.964582878723,9626.50952185856,2776,689,9040575,False,723.867352,350.4122909798352,0.4840835686423321,48.40835686423321
978,374.4224632872513,321.0354171212745,695.4578804085259,10321.0,9999.964582878723,9625.542119591471,23426,690,9043351,False,725.480291,351.0578277127487,0.483897125901038,48.3897125901038
979,377.4253912585534,321.0354171212745,698.460808379828,10321.0,9999.964582878723,9622.539191620172,72717,691,9066777,False,733.186436,355.76104474144654,0.48522589517933545,48.52258951793355
980,377.8787810600706,321.0354171212745,698.9141981813451,10321.0,9999.964582878723,9622.085801818655,10979,692,9139494,False,733.828761,355.9499799399294,0.4850586388231374,48.50586388231374
981,377.9395276124007,321.0354171212745,698.9749447336752,10321.0,9999.964582878723,9622.025055266324,1471,693,9150473,False,733.907625,355.96809738759936,0.485031201832246,48.5031201832246
982,382.92132304876367,321.0354171212745,703.9567401700382,10321.0,9999.964582878723,9617.04325982996,120636,694,9151944,False,750.692821,367.7714979512363,0.48990943787277313,48.99094378727732
983,382.999000999092,321.0354171212745,704.0344181203665,10321.0,9999.964582878723,9616.965581879633,1881,695,9272580,False,750.800262,367.80126100090797,0.4898789726326813,48.98789726326813
984,381.1080942114363,324.03273344576974,705.140827657206,10324.0,9999.967266554231,9618.859172342794,6156,692,9222516,False,748.143794,367.03569978856365,0.4905951272096814,49.059512720968144
985,381.1627702381426,324.03273344576974,705.1955036839124,10324.0,9999.967266554231,9618.804496316088,1324,693,9228672,False,748.223855,367.06108476185733,0.490576559820934,49.0576559820934
986,382.6173012144646,324.03273344576974,706.6500346602343,10324.0,9999.967266554231,9617.349965339768,35222,694,9229996,False,750.924693,368.30739178553546,0.49047180791740913,49.047180791740914
987,383.6838141039794,324.03273344576974,707.7165475497491,10324.0,9999.967266554231,9616.283452450252,25826,695,9265218,False,752.732915,369.04910089602066,0.49027894694364554,49.027894694364555
988,383.89797564061007,324.03273344576974,707.9307090863798,10324.0,9999.967266554231,9616.06929091362,5186,696,9291044,False,753.008255,369.1102793593899,0.49018092020703,49.018092020703
989,387.32435374623753,324.03273344576974,711.3570871920073,10324.0,9999.967266554231,9612.642912807994,82971,697,9296230,False,762.312167,374.9878132537625,0.4919084719970926,49.19084719970926
990,384.9430145619321,327.0388942883543,711.9819088502863,10326.999,9999.960105711643,9615.017091149712,8531,697,9313005,False,759.818238,374.87522343806785,0.49337486873810454,49.337486873810455
991,384.98096567110366,327.0388942883543,712.019859959458,10326.999,9999.960105711643,9614.97914004054,919,698,9321536,False,759.871917,374.8909513288964,0.4933607137489414,49.33607137489414
992,385.3451146163426,330.0258642494403,715.370978865783,10330.0,9999.97413575056,9614.629021134217,8818,699,9322455,False,757.378795,372.0336803836574,0.49121216865288314,49.12121686528831
993,385.5599781865488,330.0258642494403,715.5858424359891,10330.0,9999.97413575056,9614.41415756401,5203,700,9331273,False,757.65167,372.0916918134512,0.4911118216283364,49.111182162833636
994,385.6913410573591,330.0258642494403,715.7172053067994,10330.0,9999.97413575056,9614.2827946932,3181,701,9336476,False,757.838976,372.1476349426409,0.4910642586725981,49.10642586725981
995,385.9739715156508,330.0258642494403,715.9998357650911,10330.0,9999.97413575056,9614.000164234909,6844,702,9339657,False,758.204662,372.23069048434917,0.4909369582382615,49.09369582382615
996,386.0932346313063,330.0258642494403,716.1190988807466,10330.0,9999.97413575056,9613.880901119252,2888,703,9346501,False,758.363593,372.27035836869373,0.4908863793105291,49.08863793105291
997,386.3782189668805,330.0258642494403,716.4040832163208,10330.0,9999.97413575056,9613.59591678368,6901,704,9349389,False,758.760285,372.38206603311943,0.4907769599895696,49.07769599895696
998,386.5529427350032,330.0258642494403,716.5788069844435,10330.0,9999.97413575056,9613.421193015556,4231,705,9356290,False,758.977002,372.42405926499674,0.490692153100308,49.0692153100308
999,386.6067515437633,330.0258642494403,716.6326157932036,10330.0,9999.97413575056,9613.367384206796,1303,706,9360521,False,759.055813,372.4490614562366,0.4906741442163709,49.06741442163709
1000,387.4078544456335,330.0258642494403,717.4337186950738,10330.0,9999.97413575056,9612.566281304926,19399,707,9361824,False,760.365923,372.95806855436643,0.490498136848206,49.0498136848206
1001,390.4956871834826,330.0258642494403,720.5215514329229,10330.0,9999.97413575056,9609.478448567075,74773,708,9381223,False,768.282632,377.78694481651746,0.49172912295708054,49.17291229570805
1002,392.04342344098,333.0263673328964,725.0697907738763,10333.0,9999.973632667105,9607.930209226122,14267,705,9479208,False,766.159951,374.11652755901997,0.488300813780098,48.8300813780098
1003,392.8399424765627,333.0263673328964,725.8663098094592,10333.0,9999.973632667105,9607.13369019054,19288,706,9493475,False,767.465872,374.62592952343726,0.48813366586213136,48.813366586213135
1004,393.14074321563294,333.0263673328964,726.1671105485293,10333.0,9999.973632667105,9606.83288945147,7284,707,9512763,False,767.873593,374.7328497843671,0.48801372152977146,48.801372152977144
1005,394.5538955070911,333.0263673328964,727.5802628399874,10333.0,9999.973632667105,9605.419737160011,34220,708,9520047,False,770.560965,376.0070694929089,0.48796537402191,48.796537402191
1006,395.0235972652162,333.0263673328964,728.0499645981126,10333.0,9999.973632667105,9604.950035401887,11374,709,9554267,False,771.278952,376.2553547347838,0.4878330385642156,48.78330385642156
1007,395.71159016924,333.0263673328964,728.7379575021364,10333.0,9999.973632667105,9604.262042497863,16660,710,9565641,False,772.37412,376.6625298307599,0.48766850167216885,48.76685016721689
1008,395.7824542642763,333.0263673328964,728.8088215971727,10333.0,9999.973632667105,9604.191178402829,1716,711,9582301,False,773.380369,377.5979147357237,0.48824346967064497,48.8243469670645
1009,395.8197446359649,333.0263673328964,728.8461119688614,10333.0,9999.973632667105,9604.153888031138,903,712,9584017,False,773.435039,377.61529436403504,0.4882314290444696,48.82314290444696
1010,395.8585216669901,333.0263673328964,728.8848889998865,10333.0,9999.973632667105,9604.115111000112,939,713,9584920,False,773.491353,377.6328313330099,0.4882185558614899,48.821855586148985
1011,395.89882665344425,333.0263673328964,728.9251939863407,10333.0,9999.973632667105,9604.07480601366,976,714,9585859,False,773.519257,377.6204303465558,0.488184911919466,48.8184911919466
1012,395.9815427270793,333.0263673328964,729.0079100599758,10333.0,9999.973632667105,9603.992089940024,2003,715,9586835,False,773.629567,377.6480242729207,0.4881509709322171,48.81509709322171
1013,396.2095384547573,333.0263673328964,729.2359057876537,10333.0,9999.973632667105,9603.764094212343,5521,716,9588838,False,773.977879,377.7683405452427,0.4880867409716276,48.80867409716276
1014,397.8346222938415,336.0175578909731,733.8521801848145,10336.0,9999.982442109029,9602.147819815184,122889,715,9510822,False,788.960395,391.12577270615844,0.49574829761405004,49.574829761405006
1015,399.10009975788125,336.0175578909731,735.1176576488543,10336.0,9999.982442109029,9600.882342351146,30644,716,9633711,False,791.248561,392.14846124211874,0.4956071714639349,49.56071714639349
1016,399.137637906126,336.0175578909731,735.155195797099,10336.0,9999.982442109029,9600.8448042029,909,717,9664355,False,791.274571,392.13693309387406,0.495576311264872,49.5576311264872
1017,403.7990582554892,336.0175578909731,739.8166161464624,10336.0,9999.982442109029,9596.18338385354,112878,718,9665264,False,806.263518,402.4644597445108,0.49917235588540027,49.917235588540024
1018,404.1550718704705,336.0175578909731,740.1726297614437,10336.0,9999.982442109029,9595.827370238556,8621,719,9778142,False,806.727572,402.5725001295295,0.4990191411599968,49.90191411599968
1019,404.5139349158466,336.0175578909731,740.5314928068196,10336.0,9999.982442109029,9595.46850719318,8690,720,9786763,False,807.249287,402.73535208415336,0.4988983682857726,49.88983682857726
1020,404.7274770110872,336.0175578909731,740.7450349020603,10336.0,9999.982442109029,9595.25496509794,5171,721,9795453,False,807.525091,402.79761398891276,0.49880507550558917,49.88050755055892
1021,406.8587683542243,336.0175578909731,742.8763262451973,10336.0,9999.982442109029,9593.123673754802,51610,722,9800624,False,812.035834,405.1770656457757,0.4989645144721233,49.89645144721233
1022,407.5139721606613,336.0175578909731,743.5315300516344,10336.0,9999.982442109029,9592.468469948366,15866,723,9852234,False,813.044597,405.53062483933866,0.49878029610636315,49.87802961063632
1023,407.5508908675159,336.0175578909731,743.568448758489,10336.0,9999.982442109029,9592.43155124151,894,724,9868100,False,813.070443,405.5195521324841,0.4987508224210336,49.87508224210336
1024,408.7901453127049,336.0175578909731,744.8077032036779,10336.0,9999.982442109029,9591.192296796322,30009,725,9868994,False,815.257851,406.46770568729505,0.49857564105481406,49.85756410548141
1025,410.0033832195064,339.00568943764944,749.0090726571558,10339.0,9999.99431056235,9589.990927342844,1731,726,9926651,False,812.33194,402.3285567804936,0.4952760527679037,49.52760527679037
1026,411.1835842521651,339.00568943764944,750.1892736898145,10339.0,9999.99431056235,9588.810726310185,28579,727,9928382,False,814.338487,403.1549027478349,0.49507042732690454,49.50704273269045
1027,411.6827714204628,339.00568943764944,750.6884608581122,10339.0,9999.99431056235,9588.311539141889,12088,728,9956961,False,815.008898,403.32612657953723,0.49487327999643166,49.48732799964316
1028,412.0798333515665,339.00568943764944,751.0855227892159,10339.0,9999.99431056235,9587.914477210785,9615,729,9969049,False,815.577571,403.49773764843354,0.49473863921207994,49.47386392120799
1029,412.2948621061434,339.00568943764944,751.3005515437928,10339.0,9999.99431056235,9587.699448456206,5207,730,9978664,False,815.845084,403.55022189385664,0.49464074713215606,49.4640747132156
1030,412.3896779349332,339.00568943764944,751.3953673725827,10339.0,9999.99431056235,9587.604632627415,2296,731,9983871,False,815.947248,403.5575700650667,0.4945878193158227,49.458781931582266
1031,417.1487635434811,339.00568943764944,756.1544529811306,10339.0,9999.99431056235,9582.84554701887,115243,732,9986167,False,831.340757,414.19199345651896,0.49822168583576243,49.82216858357624
1032,417.2049675256165,339.00568943764944,756.2106569632659,10339.0,9999.99431056235,9582.789343036731,1361,733,10101410,False,831.418665,414.21369747438354,0.4982011048241063,49.82011048241063
1033,417.7008923025926,342.0650203286738,759.7659126312665,10342.0,9999.934979671329,9582.234087368734,12009,734,10102771,False,829.148239,411.4473466974074,0.496228933916131,49.6228933916131
1034,418.8636250880483,342.0650203286738,760.9286454167221,10342.0,9999.934979671329,9581.07135458328,28156,735,10114780,False,831.21369,412.35006491195173,0.4960818979195972,49.608189791959724
1035,419.5960112917014,342.0650203286738,761.6610316203753,10342.0,9999.934979671329,9580.338968379623,17735,736,10142936,False,832.367701,412.7716897082986,0.495900656900067,49.5900656900067
1036,420.6787122495462,342.0650203286738,762.74373257822,10342.0,9999.934979671329,9579.25626742178,26218,737,10160671,False,834.23756,413.5588477504538,0.49573271161568633,49.573271161568634
1037,420.7715045697948,342.0650203286738,762.8365248984686,10342.0,9999.934979671329,9579.163475101532,2247,738,10186889,False,834.344701,413.5731964302052,0.495686250460414,49.5686250460414
1038,421.34279471590906,342.0650203286738,763.4078150445829,10342.0,9999.934979671329,9578.592184955418,13834,739,10189136,False,835.233887,413.8910922840909,0.49553915223759465,49.55391522375947
1039,421.8712195178232,342.0650203286738,763.936239846497,10342.0,9999.934979671329,9578.063760153504,12796,740,10202970,False,836.016774,414.14555448217686,0.4953794796492646,49.53794796492646
1040,422.0524267724964,342.0650203286738,764.1174471011702,10342.0,9999.934979671329,9577.88255289883,4388,741,10215766,False,836.265165,414.2127382275036,0.4953126778005916,49.53126778005916
1041,419.37850477156377,345.0240014124272,764.4025061839909,10344.999,9999.974998587571,9580.596493816009,2431,737,10152973,False,833.399417,414.0209122284362,0.49678569936944916,49.67856993694492
1042,419.43863188250367,345.0240014124272,764.4626332949308,10344.999,9999.974998587571,9580.53636670507,1456,738,10155404,False,833.454027,414.0153951174963,0.49674652914898726,49.67465291489873
1043,419.5637177472268,345.0240014124272,764.587719159654,10344.999,9999.974998587571,9580.411280840346,3029,739,10156860,False,833.646923,414.0832052527732,0.4967129294529564,49.67129294529564
1044,419.68095735434105,345.0240014124272,764.7049587667682,10344.999,9999.974998587571,9580.294041233232,2839,740,10159889,False,833.783909,414.10295164565895,0.4966550051827145,49.66550051827145
1045,419.71791735728834,345.0240014124272,764.7419187697155,10344.999,9999.974998587571,9580.257081230286,895,741,10162728,False,833.835954,414.1180366427117,0.49664209687306393,49.664209687306396
1046,420.48949355289335,345.0240014124272,765.5134949653205,10344.999,9999.974998587571,9579.48550503468,18684,742,10163623,False,835.108233,414.6187394471067,0.4964850339909254,49.64850339909254
1047,420.6204847588695,345.0240014124272,765.6444861712966,10344.999,9999.974998587571,9579.354513828705,3172,743,10182307,False,835.273439,414.65295424113054,0.49642779822803695,49.642779822803696
1048,420.96245770234015,345.0240014124272,765.9864591147673,10344.999,9999.974998587571,9579.012540885233,8281,744,10185479,False,835.7799,414.81744229765985,0.4963237836871404,49.63237836871404
1049,421.6930268779154,345.0240014124272,766.7170282903426,10344.999,9999.974998587571,9578.281971709655,17691,745,10193760,False,836.94462,415.2515931220846,0.4961518160210942,49.61518160210942
1050,421.7599678441472,345.0240014124272,766.7839692565744,10344.999,9999.974998587571,9578.215030743426,1621,746,10211451,False,837.05216,415.2921921558528,0.4961365754744039,49.61365754744039
1051,422.21930428301016,345.0240014124272,767.2433056954374,10344.999,9999.974998587571,9577.755694304564,11123,747,10213072,False,837.755795,415.5364907169899,0.4960114787591411,49.60114787591411
1052,420.3661834201553,348.00800688009025,768.3741903002456,10348.0,9999.99199311991,9579.625809699754,11003,745,10168318,False,835.441313,415.0751295798447,0.49683337790579757,49.683337790579756
1053,420.4260627545392,348.00800688009025,768.4340696346294,10348.0,9999.99199311991,9579.56593036537,1450,746,10179321,False,835.659688,415.23362524546076,0.4968932104876893,49.68932104876893
1054,420.46310534967176,348.00800688009025,768.471112229762,10348.0,9999.99199311991,9579.528887770237,897,747,10180771,False,835.709756,415.2466506503282,0.4968790272807683,49.687902728076836
1055,420.7529213280894,348.00800688009025,768.7609282081796,10348.0,9999.99199311991,9579.23907179182,7018,748,10181668,False,836.114325,415.3614036719106,0.4967758490107326,49.67758490107326
1056,421.7657492971222,348.00800688009025,769.7737561772125,10348.0,9999.99199311991,9578.226243822786,24526,749,10188686,False,837.896444,416.13069470287775,0.49663738005179764,49.663738005179766
1057,421.89707087183984,348.00800688009025,769.9050777519301,10348.0,9999.99199311991,9578.094922248069,3180,750,10213212,False,838.06155,416.16447912816017,0.4965798504037802,49.65798504037802
1058,422.0530049177938,348.00800688009025,770.061011797884,10348.0,9999.99199311991,9577.938988202117,3776,751,10216392,False,838.28264,416.2296350822062,0.49652660716224084,49.652660716224084
1059,422.64927919997865,348.00800688009025,770.6572860800688,10348.0,9999.99199311991,9577.34271391993,14439,752,10220168,False,839.208295,416.55901580002137,0.4963714232591342,49.637142325913416
1060,422.89986389035175,348.00800688009025,770.9078707704421,10348.0,9999.99199311991,9577.092129229555,6068,753,10234607,False,839.582162,416.6822981096483,0.49629722613097665,49.62972261309766
1061,423.37596654284215,348.00800688009025,771.3839734229324,10348.0,9999.99199311991,9576.616026577069,11529,754,10240675,False,840.292437,416.9164704571578,0.4961563999619311,49.61563999619311
1062,424.2474792827291,348.00800688009025,772.2554861628194,10348.0,9999.99199311991,9575.74451383718,21104,755,10252204,False,841.767029,417.5195497172709,0.4960036866890291,49.60036866890291
1063,423.93144028546055,351.0325844009644,774.9640246864249,10351.0,9999.967415599036,9576.035975313576,895,753,10264760,False,838.792714,414.8612737145395,0.4945933206026149,49.45933206026149
1064,424.17260946670297,351.0325844009644,775.2051938676673,10351.0,9999.967415599036,9575.794806132331,5840,754,10265655,False,839.135323,414.962713533297,0.49451227014227,49.451227014227
1065,424.2430606008125,351.0325844009644,775.2756450017769,10351.0,9999.967415599036,9575.724354998223,1706,755,10271495,False,839.242762,414.9997013991875,0.4944930360914897,49.44930360914897
1066,424.8089409587859,351.0325844009644,775.8415253597502,10351.0,9999.967415599036,9575.15847464025,13703,756,10273201,False,840.086294,415.27735304121404,0.49432701855413685,49.43270185541368
1067,424.84660299530873,351.0325844009644,775.8791873962731,10351.0,9999.967415599036,9575.120812603727,912,757,10286904,False,840.137906,415.2913030046913,0.49431325504873874,49.431325504873875
1068,424.883686886534,351.0325844009644,775.9162712874984,10351.0,9999.967415599036,9575.0837287125,898,758,10287816,False,840.189414,415.30572711346605,0.49430011875092017,49.43001187509202
1069,423.9686067688712,354.0204390524257,777.9890458212969,10353.999,9999.978560947577,9576.009954178704,7439,754,10259116,False,837.617842,413.6492352311288,0.49384004791904706,49.38400479190471
1070,424.1520440125491,354.0204390524257,778.1724830649748,10353.999,9999.978560947577,9575.826516935023,4442,755,10266555,False,837.863585,413.71154098745086,0.49376956869112637,49.37695686911264
1071,424.197015457476,354.0204390524257,778.2174545099017,10353.999,9999.978560947577,9575.7815454901,1089,756,10270997,False,837.94143,413.74441454252394,0.49376292868407756,49.37629286840776
1072,424.3954844788888,354.0204390524257,778.4159235313145,10353.999,9999.978560947577,9575.583076468683,4806,757,10272086,False,838.188783,413.7932985211111,0.4936755381527352,49.36755381527352
1073,424.464944506774,354.0204390524257,778.4853835591997,10353.999,9999.978560947577,9575.5136164408,1682,758,10276892,False,838.293155,413.828210493226,0.49365571939237174,49.36557193923717
1074,424.7750368666969,354.0204390524257,778.7954759191225,10353.999,9999.978560947577,9575.203524080878,7509,759,10278574,False,838.724954,413.94991713330313,0.49354668077909974,49.35466807790998
1075,422.4592758775649,357.0208980616838,779.4801739392487,10357.0,9999.979101938316,9577.51982606075,2394,755,10227612,False,835.855879,413.39660312243507,0.4945788065964361,49.457880659643614
1076,424.12297156330345,357.0208980616838,781.1438696249872,10357.0,9999.979101938316,9575.856130375012,40287,756,10230006,False,839.222418,415.0994464366965,0.4946238774530646,49.46238774530646
1077,424.4137373518527,357.0208980616838,781.4346354135365,10357.0,9999.979101938316,9575.565364586462,7041,757,10270293,False,839.618177,415.20443964814723,0.4945157823186899,49.45157823186899
1078,424.9773464247288,357.0208980616838,781.9982444864127,10357.0,9999.979101938316,9575.001755513587,13648,758,10277334,False,840.46767,415.4903235752712,0.49435610482824544,49.43561048282454
1079,425.38634292661663,357.0208980616838,782.4072409883004,10357.0,9999.979101938316,9574.5927590117,9904,759,10290982,False,841.076972,415.6906290733833,0.4942361316645147,49.42361316645147
1080,425.6467973831399,357.0208980616838,782.6676954448237,10357.0,9999.979101938316,9574.332304555175,6307,760,10300886,False,841.452506,415.80570861686004,0.49415232072154536,49.41523207215454
1081,426.5698889427823,357.0208980616838,783.5907870044662,10357.0,9999.979101938316,9573.409212995532,22353,761,10307193,False,842.999731,416.4298420572177,0.4939857353966554,49.39857353966554
1082,426.74345642031005,357.0208980616838,783.7643544819939,10357.0,9999.979101938316,9573.235645518003,4203,762,10329546,False,843.213661,416.47020457968995,0.49390827478504284,49.390827478504285
1083,424.7644237708785,360.03064380218774,784.7950675730663,10360.0,9999.969356197813,9575.204932426934,4774,760,10281052,False,840.483374,415.7189502291215,0.49461888609485033,49.46188860948503
1084,425.2601007712985,360.03064380218774,785.2907445734862,10360.0,9999.969356197813,9574.709255426516,12003,761,10285826,False,841.23824,415.97813922870154,0.4944831552458927,49.44831552458927
1085,426.4113945390823,360.03064380218774,786.4420383412701,10360.0,9999.969356197813,9573.557961658733,27879,762,10297829,False,843.270915,416.8595204609176,0.49433641436680836,49.43364143668084
1086,426.6289010592199,360.03064380218774,786.6595448614077,10360.0,9999.969356197813,9573.340455138594,5267,763,10325708,False,843.573483,416.9445819407801,0.49425994337565027,49.42599433756503
1087,431.082891135059,360.03064380218774,791.1135349372468,10360.0,9999.969356197813,9568.886465062757,107855,764,10330975,False,857.564856,426.48196486494095,0.49731744704909053,49.731744704909055
1088,431.2666587474784,360.03064380218774,791.297302549666,10360.0,9999.969356197813,9568.702697450335,4450,765,10438830,False,857.808511,426.54185225252155,0.4972460016225248,49.72460016225248
1089,431.3036600465183,360.03064380218774,791.334303848706,10360.0,9999.969356197813,9568.665696151294,896,766,10443280,False,857.860063,426.55640295348167,0.49723308188725146,49.72330818872515
1090,431.3960807019328,360.03064380218774,791.4267245041206,10360.0,9999.969356197813,9568.57327549588,2238,767,10444176,False,857.964228,426.56814729806723,0.4971864016900099,49.71864016900099
1091,431.9111255698189,360.03064380218774,791.9417693720067,10360.0,9999.969356197813,9568.058230627994,12472,768,10446414,False,858.726951,426.81582543018106,0.4970332245111765,49.70332245111765
1092,431.9556427577264,360.03064380218774,791.9862865599141,10360.0,9999.969356197813,9568.013713440088,1078,769,10458886,False,858.778557,426.82291424227355,0.49701161115772197,49.701161115772194
1093,433.0395825983515,360.03064380218774,793.0702264005392,10360.0,9999.969356197813,9566.92977359946,26248,770,10459964,False,860.624508,427.5849254016485,0.4968309889237415,49.68309889237415
1094,433.2999544626894,360.03064380218774,793.3305982648772,10360.0,9999.969356197813,9566.669401735124,6305,771,10486212,False,860.989315,427.6893605373106,0.4967417749398093,49.674177493980935
1095,431.4431169514936,363.016570950052,794.4596879015455,10363.0,9999.983429049948,9568.540312098454,1385,769,10446168,False,858.069292,426.6261750485064,0.4971931509798237,49.71931509798237
1096,432.0085017563548,363.016570950052,795.0250727064067,10363.0,9999.983429049948,9567.974927293591,13691,770,10447553,False,858.917759,426.90925724364524,0.4970315874486945,49.703158744869455
1097,432.4420281372937,363.016570950052,795.4585990873456,10363.0,9999.983429049948,9567.541400912654,10498,771,10461244,False,859.539267,427.0972388627063,0.49689089871761066,49.68908987176107
1098,428.5957513613113,366.0331482184917,794.6288995798029,10366.0,9999.966851781508,9571.371100420196,33098,770,10345505,False,858.971301,430.37554963868877,0.5010360056705652,50.10360056705652
1099,430.2289705306531,366.0331482184917,796.2621187491447,10366.0,9999.966851781508,9569.737881250854,39549,771,10378603,False,862.031826,431.8028554693469,0.5009128925935351,50.09128925935351
1100,430.8965631648937,366.0331482184917,796.9297113833853,10366.0,9999.966851781508,9569.070288616616,16166,772,10418152,False,863.063739,432.1671758351064,0.5007361059286797,50.073610592867965
1101,431.5765446269378,366.0331482184917,797.6096928454294,10366.0,9999.966851781508,9568.39030715457,16466,773,10434318,False,864.068996,432.4924513730622,0.5005299963025894,50.052999630258945
1102,431.897373970957,366.0331482184917,797.9305221894487,10366.0,9999.966851781508,9568.069477810552,7769,774,10450784,False,864.517677,432.62030302904304,0.5004181112065833,50.04181112065833
1103,432.1940038046666,366.0331482184917,798.2271520231583,10366.0,9999.966851781508,9567.77284797684,7183,775,10458553,False,864.912177,432.71817319533346,0.5003030188524371,50.03030188524371
1104,435.4625895401696,366.0331482184917,801.4957377586612,10366.0,9999.966851781508,9564.504262241338,79150,776,10465736,False,873.559986,438.0973964598304,0.5015080858566596,50.15080858566596
1105,439.5653150516854,366.0331482184917,805.598463270177,10366.0,9999.966851781508,9560.401536729823,99349,777,10544886,False,885.893756,446.32844094831466,0.5038171201968767,50.381712019687676
1106,439.7486284070852,366.0331482184917,805.7817766255769,10366.0,9999.966851781508,9560.218223374422,4439,778,10644235,False,886.119833,446.37120459291475,0.5037368400633854,50.373684006338536
1107,440.4376124173333,366.0331482184917,806.470760635825,10366.0,9999.966851781508,9559.529239364174,16684,779,10648674,False,887.218941,446.7813285826667,0.5035750567713214,50.35750567713214
1108,440.8820409667392,369.0345240628234,809.9165650295627,10369.0,9999.965475937175,9559.083434970438,2570,780,10673550,False,884.385408,443.50336703326076,0.5014820043630354,50.14820043630353
1109,441.0642393276368,369.0345240628234,810.0987633904601,10369.0,9999.965475937175,9558.90123660954,4412,781,10676120,False,884.614231,443.5499916723632,0.501404992287947,50.1404992287947
1110,442.1547865430904,372.0701065552658,814.2248930983562,10372.0,9999.929893444734,9557.775106901645,23336,782,10683604,False,883.302742,441.1479554569096,0.4994300758741555,49.94300758741555
1111,443.2614805307815,372.0701065552658,815.3315870860472,10372.0,9999.929893444734,9556.668412913952,26799,783,10706940,False,885.274038,442.0125574692185,0.49929461217207693,49.929461217207695
1112,444.3497564611379,372.0701065552658,816.4198630164037,10372.0,9999.929893444734,9555.580136983595,26353,784,10733739,False,887.195104,442.84534753886214,0.4991521544046552,49.91521544046552
1113,444.4565068607118,372.0701065552658,816.5266134159776,10372.0,9999.929893444734,9555.473386584024,2585,785,10760092,False,887.363218,442.9067111392882,0.4991267410627428,49.91267410627428
1114,445.3985120308009,372.0701065552658,817.4686185860667,10372.0,9999.929893444734,9554.531381413934,22811,786,10762677,False,888.971544,443.5730319691991,0.49897326293854816,49.89732629385482
1115,446.0378168415567,372.0701065552658,818.1079233968226,10372.0,9999.929893444734,9553.892076603175,15481,787,10785488,False,889.990081,443.9522641584433,0.498828328131045,49.8828328131045
1116,446.0762222077477,372.0701065552658,818.1463287630136,10372.0,9999.929893444734,9553.853671236986,930,788,10800969,False,890.04403,443.9678077922523,0.49881555611608597,49.8815556116086
1117,446.1132235067876,372.0701065552658,818.1833300620534,10372.0,9999.929893444734,9553.816669937947,896,789,10801899,False,890.097007,443.98378349321234,0.49880381576568134,49.88038157656813
1118,446.1769020816979,375.06349024438026,821.2403923260781,10374.999,9999.93550975562,9553.758607673924,1542,790,10802795,False,887.182232,441.0053299183021,0.49708539464787443,49.70853946478744
1119,446.3912288026993,375.06349024438026,821.4547190470796,10374.999,9999.93550975562,9553.54428095292,5190,791,10804337,False,887.473982,441.0827531973007,0.49700922184026425,49.700922184026425
1120,446.6494119741252,375.06349024438026,821.7129022185054,10374.999,9999.93550975562,9553.286097781494,6252,792,10809527,False,887.857263,441.2078510258748,0.49693556544783796,49.693556544783796
1121,446.7235797565758,375.06349024438026,821.7870700009561,10374.999,9999.93550975562,9553.211929999045,1796,793,10815779,False,887.939461,441.21588124342423,0.4968986069686841,49.68986069686841
1122,447.44535286441055,375.06349024438026,822.5088431087909,10374.999,9999.93550975562,9552.49015689121,17478,794,10817575,False,889.111755,441.66640213558946,0.496750155030387,49.6750155030387
1123,448.19756119254936,378.066237371346,826.2637985638953,10377.999,9999.932762628654,9551.735201436104,18215,795,10835053,False,887.366177,439.16861580745064,0.4949125030798313,49.49125030798313
1124,448.9404366037428,378.066237371346,827.0066739750888,10377.999,9999.932762628654,9550.99232602491,17989,796,10853268,False,888.597383,439.65694639625724,0.4947763236843308,49.47763236843308
1125,449.29099913449056,378.066237371346,827.3572365058366,10377.999,9999.932762628654,9550.641763494164,8489,797,10871257,False,889.186198,439.8951988655094,0.49471662949216116,49.47166294921612
1126,449.3293219084962,378.066237371346,827.3955592798422,10377.999,9999.932762628654,9550.60344072016,928,798,10879746,False,889.216928,439.88760609150387,0.4946909941097116,49.46909941097116
1127,449.5841600964152,378.066237371346,827.6503974677612,10377.999,9999.932762628654,9550.348602532238,6171,799,10880674,False,889.638668,440.05450790358486,0.4946440883610343,49.46440883610343
1128,449.6241760102207,378.066237371346,827.6904133815667,10377.999,9999.932762628654,9550.308586618434,969,800,10886845,False,889.698843,440.0746669897793,0.4946332913122371,49.46332913122371
1129,450.037343417469,378.066237371346,828.103580788815,10377.999,9999.932762628654,9549.895419211183,10005,801,10887814,False,890.372414,440.33507058253105,0.49455156478211715,49.45515647821171
1130,450.0743034204162,378.066237371346,828.1405407917623,10377.999,9999.932762628654,9549.858459208235,895,802,10897819,False,890.431921,440.3576175795838,0.4945438356309598,49.45438356309598
1131,449.43008437463175,381.0154279015138,830.4455122761456,10381.0,9999.984572098489,9550.554487723855,9229,802,10873885,False,888.060816,438.6307316253683,0.49391969978030004,49.391969978030005
1132,450.14801694584736,381.0154279015138,831.1634448473612,10381.0,9999.984572098489,9549.83655515264,17385,803,10883114,False,889.332496,439.18447905415263,0.49383608608647156,49.38360860864716
1133,450.2605075023036,381.0154279015138,831.2759354038174,10381.0,9999.984572098489,9549.724064596185,2724,804,10900499,False,889.484742,439.2242344976964,0.4937962550207482,49.379625502074816
1134,450.4729758991344,381.0154279015138,831.4884038006483,10381.0,9999.984572098489,9549.511596199352,5145,805,10903223,False,889.835098,439.36212210086563,0.4937567905428536,49.37567905428536
1135,452.2317351902189,381.0154279015138,833.2471630917328,10381.0,9999.984572098489,9547.752836908268,42589,806,10908368,False,893.769688,441.5379528097811,0.49401759618612295,49.401759618612296
1136,452.1227548016403,384.0300386290811,836.1527934307214,10384.0,9999.969961370918,9547.84720656928,46105,806,10902213,False,894.887319,442.7645641983597,0.4947713022608601,49.47713022608601
1137,453.0747949222504,384.0300386290811,837.1048335513315,10384.0,9999.969961370918,9546.895166448669,23054,807,10948318,False,896.636012,443.56121707774963,0.49469484957263754,49.46948495726375
1138,454.2720512411853,384.0300386290811,838.3020898702664,10384.0,9999.969961370918,9545.697910129731,28992,808,10971372,False,898.922608,444.6505567588147,0.4946483187780885,49.46483187780885
1139,454.9244469133202,384.0300386290811,838.9544855424012,10384.0,9999.969961370918,9545.045514457595,15798,809,11000364,False,899.935963,445.0115160866798,0.49449242433117413,49.44924243311741
1140,454.98321125320166,384.0300386290811,839.0132498822827,10384.0,9999.969961370918,9544.986750117716,1423,810,11016162,False,900.018741,445.0355297467983,0.4944736253517618,49.44736253517618
1141,455.1292755330055,384.0300386290811,839.1593141620866,10384.0,9999.969961370918,9544.840685837911,3537,811,11017585,False,900.217413,445.08813746699445,0.4944229372143843,49.44229372143843
1142,455.2472171736953,384.0300386290811,839.2772558027764,10384.0,9999.969961370918,9544.722744197225,2856,812,11021122,False,900.385721,445.1385038263047,0.4943864539876513,49.43864539876513
1143,456.23935580029615,384.0300386290811,840.2693944293773,10384.0,9999.969961370918,9543.73060557062,24025,813,11023978,False,902.104363,445.8650071997039,0.49424991773341403,49.424991773341404
1144,455.133074773532,387.0286376328906,842.1617124064226,10386.999,9999.970362367108,9544.837287593577,914,812,11020300,False,899.15918,444.026105226468,0.4938236911805405,49.38236911805405
1145,455.3488055616844,387.0286376328906,842.377443194575,10386.999,9999.970362367108,9544.621556805423,5224,813,11021214,False,899.440345,444.0915394383156,0.4937420718417024,49.37420718417024
1146,455.3986912416401,387.0286376328906,842.4273288745306,10386.999,9999.970362367108,9544.571671125468,1208,814,11026438,False,899.495211,444.09651975835993,0.49371749213055,49.371749213055
1147,455.4355273563093,387.0286376328906,842.4641649891998,10386.999,9999.970362367108,9544.5348350108,892,815,11027646,False,899.549141,444.11361364369066,0.4937068953787047,49.37068953787047
1148,455.609218722115,387.0286376328906,842.6378563550056,10386.999,9999.970362367108,9544.361143644994,4206,816,11028538,False,899.806308,444.19708927788497,0.4936585633248139,49.36585633248139
1149,456.06170000959327,387.0286376328906,843.0903376424839,10386.999,9999.970362367108,9543.908662357517,10957,817,11032744,False,900.494022,444.4323219904067,0.4935427788885496,49.35427788885496
1150,454.32577745776,390.0357110119003,844.3614884696603,10390.0,9999.9642889881,9545.63851153034,4683,812,10996982,False,897.752465,443.42668754224,0.493929791150437,49.3929791150437
1151,454.5266003564556,390.0357110119003,844.5623113683558,10390.0,9999.9642889881,9545.437688631644,4863,813,11001665,False,898.034502,443.50790164354436,0.4938651027948416,49.386510279484156
1152,455.0557271919451,390.0357110119003,845.0914382038454,10390.0,9999.9642889881,9544.908561796155,12813,814,11006528,False,898.813368,443.7576408080549,0.49371499869376095,49.371499869376095
1153,455.2455240338955,390.0357110119003,845.2812350457957,10390.0,9999.9642889881,9544.718764954205,4596,815,11019341,False,899.09078,443.8452559661045,0.4936601129043994,49.366011290439936
1154,458.13323590662463,390.0357110119003,848.1689469185249,10390.0,9999.9642889881,9541.831053081474,69927,816,11023937,False,906.175011,448.0417750933754,0.49443183673641977,49.443183673641975
1155,459.4621854651113,390.0357110119003,849.4978964770116,10390.0,9999.9642889881,9540.50210352299,32181,817,11093864,False,908.594637,449.13245153488873,0.4943155431973882,49.431554319738815
1156,459.5473380082144,390.0357110119003,849.5830490201147,10390.0,9999.9642889881,9540.416950979885,2062,818,11126045,False,908.69962,449.15228199178557,0.4942802573107553,49.42802573107553
1157,459.7667441486152,390.0357110119003,849.8024551605155,10390.0,9999.9642889881,9540.197544839484,5313,819,11128107,False,909.003547,449.2368028513848,0.49420797568283287,49.420797568283284
1158,458.6453487519306,393.0032460727733,851.648594824704,10393.0,9999.996753927227,9541.351405175295,8523,815,11097742,False,906.499619,447.85427024806944,0.49404794096010474,49.40479409601048
1159,459.6686246324111,393.0032460727733,852.6718707051843,10393.0,9999.996753927227,9540.328129294816,24779,816,11106265,False,908.230953,448.5623283675889,0.4938857532722615,49.38857532722615
1160,459.7252415754733,393.0032460727733,852.7284876482466,10393.0,9999.996753927227,9540.271512351754,1371,817,11131044,False,908.30899,448.5837484245267,0.4938669036233217,49.38669036233217
1161,459.76959357901,393.0032460727733,852.7728396517833,10393.0,9999.996753927227,9540.227160348217,1074,818,11132415,False,908.360672,448.59107842099,0.4938468740982547,49.38468740982547
1162,464.4448894155132,393.0032460727733,857.4481354882865,10393.0,9999.996753927227,9535.551864511714,113214,819,11133489,False,923.49431,459.0494205844868,0.4970787752709454,49.70787752709454
1163,465.4014721063179,393.0032460727733,858.4047181790912,10393.0,9999.996753927227,9534.59528182091,23164,820,11246703,False,925.121108,459.71963589368215,0.49692913924268833,49.69291392426884
1164,465.888146558534,393.0032460727733,858.8913926313073,10393.0,9999.996753927227,9534.108607368693,11785,821,11269867,False,925.882319,459.99417244146605,0.496817104076772,49.6817104076772
1165,465.9250652653885,393.0032460727733,858.9283113381618,10393.0,9999.996753927227,9534.07168866184,894,822,11281652,False,925.909458,459.98439273461145,0.4967919797775858,49.679197977758584
1166,465.5201157805832,396.0318048637736,861.5519206443568,10396.0,9999.968195136227,9534.448079355643,5310,820,11267430,False,923.226231,457.7061152194168,0.49576810087344325,49.57681008734433
1167,466.1247731695817,396.0318048637736,862.1565780333553,10396.0,9999.968195136227,9533.843421966643,14642,821,11272740,False,924.146566,458.0217928304183,0.4956159657800625,49.56159657800625
1168,466.16776240206,396.0318048637736,862.1995672658336,10396.0,9999.968195136227,9533.800432734168,1041,822,11287382,False,924.198891,458.03112859794,0.49559800715876423,49.55980071587642
1169,466.204887589378,396.0318048637736,862.2366924531516,10396.0,9999.968195136227,9533.76330754685,899,823,11288423,False,924.251724,458.04683641062195,0.4955866724578833,49.55866724578833
1170,466.3998051468205,396.0318048637736,862.4316100105941,10396.0,9999.968195136227,9533.568389989408,4720,824,11289322,False,924.5014,458.1015948531795,0.49551206180237206,49.55120618023721
1171,468.6715445011572,396.0318048637736,864.7033493649308,10396.0,9999.968195136227,9531.29665063507,55011,825,11294042,False,929.561954,460.8904094988428,0.49581462270006244,49.58146227000624
1172,472.48957474974753,396.0318048637736,868.521379613521,10396.0,9999.968195136227,9527.47862038648,92455,826,11349053,False,940.6953,468.20572525025244,0.49772304087227015,49.77230408722701
1173,470.06892168521216,399.0034193415207,869.0723410267328,10399.0,9999.99658065848,9529.927658973267,8001,820,11374890,False,938.175628,468.1067063147878,0.4989542387843695,49.89542387843695
1174,470.2827528531014,399.0034193415207,869.286172194622,10399.0,9999.99658065848,9529.713827805375,5178,821,11382891,False,938.46573,468.1829771468986,0.49888127203845645,49.88812720384564
1175,471.2482967960173,399.0034193415207,870.251716137538,10399.0,9999.99658065848,9528.748283862462,23381,822,11388069,False,940.096188,468.84789120398267,0.49872331915463813,49.87233191546381
1176,472.3335994077008,399.0034193415207,871.3370187492214,10399.0,9999.99658065848,9527.662981250778,26281,823,11411450,False,941.888074,469.5544745922992,0.4985247053805453,49.852470538054526
1177,472.5469763185706,399.0034193415207,871.5503956600912,10399.0,9999.99658065848,9527.449604339909,5167,824,11437731,False,942.143542,469.5965656814294,0.4984342032261464,49.84342032261464
1178,469.35140207492327,402.0219369060504,871.3733389809736,10401.999,9999.97706309395,9530.625661019028,896,822,11364620,False,939.192146,469.8407439250767,0.5002605121072602,50.02605121072602
1179,470.0453416162927,402.0219369060504,872.067278522343,10401.999,9999.97706309395,9529.931721477657,16804,823,11365516,False,940.191334,470.14599238370727,0.5000535267470433,50.005352674704326
1180,470.5301577443383,402.0219369060504,872.5520946503887,10401.999,9999.97706309395,9529.44690534961,11740,824,11382320,False,940.843727,470.31356925566166,0.4998848966717527,49.988489667175266
1181,467.7998665768996,405.04363779597657,872.8435043728762,10405.0,9999.956362204024,9532.156495627123,898,824,11327047,False,937.88954,470.0896734231004,0.5012207230961339,50.12207230961339
1182,468.04991441806783,405.04363779597657,873.0935522140444,10405.0,9999.956362204024,9531.906447785956,6055,825,11327945,False,938.198249,470.1483345819322,0.5011183244938375,50.111832449383755
1183,468.8430058779583,405.04363779597657,873.8866436739349,10405.0,9999.956362204024,9531.113356326066,19205,826,11334000,False,939.374826,470.53182012204167,0.5008989032904334,50.08989032904334
1184,468.8799658809056,405.04363779597657,873.9236036768822,10405.0,9999.956362204024,9531.076396323118,895,827,11353205,False,939.422783,470.54281711909437,0.5008850388069568,50.088503880695676
1185,468.9908045936547,408.0116110357456,877.0024156294003,10407.999,9999.987388964257,9530.9965843706,2684,828,11354100,False,936.548226,467.5574214063453,0.4992347520674769,49.92347520674769
1186,469.5003570812146,408.0116110357456,877.5119681169602,10407.999,9999.987388964257,9530.48703188304,12339,829,11356784,False,937.232033,467.7316759187854,0.49905643367909236,49.905643367909235
1187,473.5809065909621,408.0116110357456,881.5925176267077,10407.999,9999.987388964257,9526.406482373292,98812,830,11369123,False,949.139835,475.55892840903783,0.5010420075868356,50.10420075868356
1188,473.78362910992087,408.0116110357456,881.7952401456664,10407.999,9999.987388964257,9526.203759854334,4909,831,11467935,False,949.408849,475.62521989007917,0.5009698618156435,50.096986181564354
1189,475.91277305623873,408.0116110357456,883.9243840919844,10407.999,9999.987388964257,9524.074615908015,51558,832,11472844,False,953.979486,478.0667129437612,0.5011289235875259,50.11289235875259
1190,476.5264742895338,408.0116110357456,884.5380853252794,10407.999,9999.987388964257,9523.46091467472,14861,833,11524402,False,954.927799,478.40132471046627,0.500981671296456,50.098167129645596
1191,476.79308186386623,408.0116110357456,884.8046928996118,10407.999,9999.987388964257,9523.194307100388,6456,834,11539263,False,955.268476,478.47539413613373,0.5008805442210926,50.088054422109266
1192,476.8317350066133,408.0116110357456,884.8433460423589,10407.999,9999.987388964257,9523.15565395764,936,835,11545719,False,955.320707,478.48897199338666,0.5008673720639729,50.08673720639729
1193,476.8790190327302,408.0116110357456,884.8906300684757,10407.999,9999.987388964257,9523.108369931524,1145,836,11546655,False,955.399037,478.52001796726984,0.5008588029038068,50.08588029038068
1194,477.52522029096326,408.0116110357456,885.5368313267088,10407.999,9999.987388964257,9522.462168673292,15648,837,11547800,False,956.388385,478.8631647090367,0.5006994775548604,50.06994775548604
1195,477.73549999488216,408.0116110357456,885.7471110306278,10407.999,9999.987388964257,9522.251888969373,5092,838,11563448,False,956.665288,478.92978800511787,0.5006241932393787,50.06241932393787
1196,478.0924221239024,408.0116110357456,886.104033159648,10407.999,9999.987388964257,9521.894966840351,8643,839,11568540,False,957.175987,479.08356487609757,0.5005177432184136,50.05177432184136
1197,475.98479344187,411.03158807914406,887.0163815210141,10410.999,9999.967411920856,9523.982618478984,1103,835,11525043,False,954.229362,478.24456855813,0.5011840838304974,50.11840838304974
1198,476.6230658503089,411.03158807914406,887.6546539294529,10410.999,9999.967411920856,9523.344346070548,15456,836,11526146,False,955.269455,478.6463891496911,0.5010590327623227,50.10590327623227
1199,476.6602323337195,411.03158807914406,887.6918204128635,10410.999,9999.967411920856,9523.307179587136,900,837,11541602,False,955.296123,478.6358906662805,0.5010340554541123,50.10340554541123
1200,477.0293368100799,411.03158807914406,888.060924889224,10410.999,9999.967411920856,9522.938075110776,8938,838,11542502,False,955.827174,478.79783718992013,0.5009251151400307,50.09251151400307
1201,477.0662968130271,411.03158807914406,888.0978848921711,10410.999,9999.967411920856,9522.901115107828,895,839,11551440,False,955.879262,478.8129651869729,0.5009136448730414,50.09136448730413
1202,481.0162680777252,414.0135631905464,895.0298312682717,10413.999,9999.985436809451,9518.969168731728,123192,838,11524793,False,970.838161,489.8218929222748,0.5045350632053233,50.45350632053233
1203,481.7282953076879,414.0135631905464,895.7418584982343,10413.999,9999.985436809451,9518.257141501765,17242,839,11647985,False,971.952559,490.22426369231204,0.5043705674242811,50.43705674242811
1204,484.6044855705597,414.0135631905464,898.6180487611061,10413.999,9999.985436809451,9515.380951238893,69648,840,11665227,False,979.144948,494.5404624294403,0.5050738028517513,50.50738028517513
1205,484.8447462377632,414.0135631905464,898.8583094283097,10413.999,9999.985436809451,9515.14069057169,5818,841,11734875,False,979.488566,494.6438197622368,0.5050021377811946,50.50021377811946
1206,485.213148680548,414.0135631905464,899.2267118710945,10413.999,9999.985436809451,9514.772288128905,8921,842,11740693,False,979.986973,494.77382431945205,0.5048779605761679,50.487796057616784
1207,485.2500673874026,414.0135631905464,899.263630577949,10413.999,9999.985436809451,9514.735369422053,894,843,11749614,False,980.037721,494.7876536125974,0.5048659281274719,50.48659281274719
1208,485.330801248589,414.0135631905464,899.3443644391355,10413.999,9999.985436809451,9514.654635560864,1955,844,11750508,False,980.141409,494.81060775141094,0.5048359381696228,50.48359381696228
1209,485.51477534147176,414.0135631905464,899.5283385320181,10413.999,9999.985436809451,9514.470661467982,4455,845,11752463,False,980.384968,494.8701926585282,0.504771297817908,50.477129781790794
1210,485.5776692906212,414.0135631905464,899.5912324811675,10413.999,9999.985436809451,9514.407767518833,1523,846,11756918,False,980.462061,494.88439170937875,0.5047460900268111,50.47460900268111
1211,485.6566274198224,414.0135631905464,899.6701906103688,10413.999,9999.985436809451,9514.32880938963,1912,847,11758441,False,980.567681,494.91105358017757,0.5047189124930761,50.47189124930761
1212,485.8509255358748,414.0135631905464,899.8644887264211,10413.999,9999.985436809451,9514.134511273578,4705,848,11760353,False,980.814534,494.9636084641252,0.504645466911612,50.4645466911612
1213,485.544549824293,417.0391517382915,902.5837015625845,10417.0,9999.960848261708,9514.416298437414,3243,846,11754396,False,978.00109,492.456540175707,0.5035337334600588,50.35337334600588
1214,485.9994262851466,417.0391517382915,903.038578023438,10417.0,9999.960848261708,9513.96142197656,11015,847,11757639,False,978.665475,492.6660487148534,0.5034059760970452,50.34059760970452
1215,486.03671665683527,417.0391517382915,903.0758683951268,10417.0,9999.960848261708,9513.924131604872,903,848,11768654,False,978.717308,492.68059134316474,0.5033941745139392,50.33941745139392
1216,486.0739244363386,417.0391517382915,903.11307617463,10417.0,9999.960848261708,9513.886923825368,901,849,11769557,False,978.743632,492.66970756366146,0.5033695152191411,50.33695152191411
1217,486.61841341830456,417.0391517382915,903.657565156596,10417.0,9999.960848261708,9513.342434843404,13185,850,11770458,False,979.626684,493.0082705816954,0.5032613735761565,50.32613735761565
1218,484.1961911022474,420.0065188898122,904.2027099920596,10419.999,9999.992481110188,9515.79629000794,1622,844,11723366,False,976.711149,492.5149578977526,0.5042585603758196,50.425856037581966
1219,484.3289580402088,420.0065188898122,904.3354769300212,10419.999,9999.992481110188,9515.66352306998,3215,845,11724988,False,976.910284,492.58132595979123,0.5042237081821848,50.422370818218475
1220,484.5572841366282,420.0065188898122,904.5638030264404,10419.999,9999.992481110188,9515.43519697356,5529,846,11728203,False,977.232089,492.6748048633718,0.504153322848337,50.4153322848337
1221,484.6044855705597,420.0065188898122,904.611004460372,10419.999,9999.992481110188,9515.387995539628,1143,847,11733732,False,977.286793,492.6823074294403,0.5041327796081659,50.41327796081659
1222,484.6828655544635,420.0065188898122,904.6893844442756,10419.999,9999.992481110188,9515.309615555723,1898,848,11734875,False,977.396057,492.71319144553655,0.504108020404605,50.4108020404605
1223,485.1906010139456,420.0065188898122,905.1971199037578,10419.999,9999.992481110188,9514.801880096242,12295,849,11736773,False,978.188655,492.99805398605446,0.5039907705595446,50.39907705595446
1224,485.48202753997776,420.0065188898122,905.48854642979,10419.999,9999.992481110188,9514.51045357021,7057,850,11749068,False,978.636294,493.15426646002226,0.5039198622445759,50.39198622445758
1225,485.8023613308848,420.0065188898122,905.808880220697,10419.999,9999.992481110188,9514.190119779303,7757,851,11756125,False,979.119907,493.3175456691152,0.5038377242074756,50.38377242074756
1226,488.0298725699629,420.0065188898122,908.0363914597752,10419.999,9999.992481110188,9511.962608540223,53940,852,11763882,False,984.374006,496.3441334300371,0.5042231208917529,50.42231208917529
1227,486.0677713185296,423.0243333811456,909.092104699675,10423.0,9999.975666618857,9513.907895300326,4939,848,11765370,False,981.438408,495.3706366814704,0.5047394035566116,50.47394035566116
1228,486.3770377565988,423.0243333811456,909.4013711377444,10423.0,9999.975666618857,9513.598628862255,7489,849,11770309,False,981.917096,495.54005824340123,0.5046658829569877,50.46658829569877
1229,487.4602342675557,423.0243333811456,910.4845676487012,10423.0,9999.975666618857,9512.5154323513,26230,850,11777798,False,983.966257,496.50602273244436,0.5045965948529924,50.459659485299234
1230,487.4974420470591,423.0243333811456,910.5217754282046,10423.0,9999.975666618857,9512.478224571796,901,851,11804028,False,984.025652,496.5282099529409,0.5045886852073048,50.45886852073048
1231,487.5618639516375,423.0243333811456,910.5861973327832,10423.0,9999.975666618857,9512.413802667215,1560,852,11804929,False,984.114642,496.5527780483625,0.5045680217085546,50.45680217085546
1232,488.6469600828576,423.0243333811456,911.6712934640032,10423.0,9999.975666618857,9511.328706535998,26276,853,11806489,False,986.093047,497.44608691714234,0.504461610829249,50.4461610829249
1233,488.771385210098,423.0243333811456,911.7957185912436,10423.0,9999.975666618857,9511.204281408756,3013,854,11832765,False,986.251834,497.480448789902,0.5044152331481515,50.44152331481515
1234,489.7000930383446,423.0243333811456,912.72442641949,10423.0,9999.975666618857,9510.275573580511,22489,855,11835778,False,987.787337,498.08724396165536,0.5042454233867704,50.424542338677036
1235,489.8792354883839,423.0243333811456,912.9035688695294,10423.0,9999.975666618857,9510.09643113047,4338,856,11858267,False,988.030858,498.15162251161604,0.504186299929932,50.4186299929932
1236,489.9935843690107,423.0243333811456,913.0179177501562,10423.0,9999.975666618857,9509.982082249844,2769,857,11862605,False,988.162232,498.1686476309893,0.5041364985410506,50.41364985410506
1237,490.0311225172554,423.0243333811456,913.055455898401,10423.0,9999.975666618857,9509.9445441016,909,858,11865374,False,988.213008,498.1818854827445,0.5041239909308546,50.412399093085455
1238,490.6641916180168,423.0243333811456,913.6885249991624,10423.0,9999.975666618857,9509.31147500084,15330,859,11866283,False,989.189927,498.5257353819832,0.5039737281736222,50.39737281736222
1239,490.8833912779542,423.0243333811456,913.9077246590998,10423.0,9999.975666618857,9509.0922753409,5308,860,11881613,False,989.499824,498.6164327220458,0.5039075506920412,50.39075506920412
1240,489.7412652427451,426.0029187716609,915.744184014406,10425.999,9999.99608122834,9510.254815985594,2381,858,11856883,False,986.641808,496.90054275725487,0.5036281036625755,50.36281036625755
1241,490.39382609925065,426.0029187716609,916.3967448709116,10425.999,9999.99608122834,9509.602255129088,15802,859,11859264,False,987.717211,497.3233849007494,0.5035078657759152,50.35078657759152
1242,490.6671649366896,426.0029187716609,916.6700837083506,10425.999,9999.99608122834,9509.32891629165,6619,860,11875066,False,988.108259,497.4410940633104,0.5034277261954455,50.342772619544554
1243,493.7211761746351,426.0029187716609,919.724094946296,10425.999,9999.99608122834,9506.274905053704,73954,861,11881685,False,996.116101,502.39492482536485,0.5043537839826212,50.435378398262124
1244,495.06970008105134,426.0029187716609,921.0726188527124,10425.999,9999.99608122834,9504.926381147288,32655,862,11955639,False,998.616905,503.54720491894864,0.504244623135985,50.4244623135985
1245,498.44966137850815,426.0029187716609,924.4525801501692,10425.999,9999.99608122834,9501.54641984983,81847,863,11988294,False,1007.905853,509.4561916214918,0.5054600983862844,50.546009838628436
1246,498.48653878927007,426.0029187716609,924.489457560931,10425.999,9999.99608122834,9501.50954243907,893,864,12070141,False,1007.959326,509.47278721072996,0.5054497478906504,50.544974789065044
1247,499.2051320979686,426.0029187716609,925.2080508696296,10425.999,9999.99608122834,9500.79094913037,17401,865,12071034,False,1009.093184,509.88805190203135,0.5052933267083006,50.529332670830065
1248,500.12863661853777,426.0029187716609,926.1315553901986,10425.999,9999.99608122834,9499.8674446098,22363,866,12088435,False,1010.639819,510.5111823814622,0.5051366201725545,50.51366201725544
1249,500.3046818616262,426.0029187716609,926.3076006332872,10425.999,9999.99608122834,9499.691399366711,4263,867,12110798,False,1010.859232,510.5545501383738,0.5050698791445314,50.50698791445314
1250,500.3417657528515,426.0029187716609,926.3446845245124,10425.999,9999.99608122834,9499.654315475487,898,868,12115061,False,1010.910562,510.56879624714855,0.5050583260669785,50.50583260669785
1251,504.94508249981607,426.0029187716609,930.948001271477,10425.999,9999.99608122834,9495.050998728522,111471,869,12115959,False,1025.693673,520.7485905001839,0.5077038147043186,50.77038147043186
1252,500.57496478820696,429.0430913992786,929.6180561874856,10429.0,9999.95690860072,9499.381943812514,15141,869,12106465,False,1023.661877,523.0869122117931,0.5109957926193173,51.09957926193173
1253,501.4784407038271,429.0430913992786,930.5215321031056,10429.0,9999.95690860072,9498.478467896894,21878,870,12121606,False,1025.171958,523.6935172961728,0.510834805038798,51.0834805038798
1254,501.64981948844286,429.0430913992786,930.6929108877214,10429.0,9999.95690860072,9498.30708911228,4150,871,12143484,False,1025.398191,523.7483715115571,0.5107755953819088,51.077559538190876
1255,501.709781415012,429.0430913992786,930.7528728142906,10429.0,9999.95690860072,9498.24712718571,1452,872,12147634,False,1025.479939,523.770157584988,0.510756122733853,51.075612273385296
1256,501.9226627727696,429.0430913992786,930.9657541720484,10429.0,9999.95690860072,9498.034245827952,5155,873,12149086,False,1025.796761,523.8740982272304,0.5106997001204514,51.06997001204514
1257,503.0440168733615,429.0430913992786,932.08710827264,10429.0,9999.95690860072,9496.91289172736,27154,874,12154241,False,1027.785565,524.7415481266385,0.5105554757685651,51.05554757685651
1258,501.52452714325625,432.0597554953314,933.5842826385876,10432.0,9999.940244504667,9498.415717361411,14405,875,12130195,False,1025.728415,524.2038878567438,0.5110552463897022,51.10552463897022
1259,501.73534369638,432.0597554953314,933.7950991917114,10432.0,9999.940244504667,9498.204900808289,5105,876,12144600,False,1026.019687,524.28434330362,0.5109885803815185,51.09885803815185
1260,502.5900489265469,432.0597554953314,934.6498044218783,10432.0,9999.940244504667,9497.35019557812,20697,877,12149705,False,1027.452242,524.8621930734532,0.5108385301216299,51.083853012163
1261,503.0070568704143,432.0597554953314,935.0668123657456,10432.0,9999.940244504667,9496.933187634257,10098,878,12170402,False,1028.074767,525.0677101295857,0.5107291093835257,51.072910938352564
1262,503.2992267261146,432.0597554953314,935.358982221446,10432.0,9999.940244504667,9496.641017778556,7075,879,12180500,False,1028.49645,525.1972232738855,0.5106456354554121,51.064563545541205
1263,504.1871340147949,432.0597554953314,936.2468895101264,10432.0,9999.940244504667,9495.753110489874,21501,880,12187575,False,1030.020053,525.8329189852051,0.5105074580380088,51.05074580380088
1264,504.73827166768217,432.0597554953314,936.7980271630136,10432.0,9999.940244504667,9495.201972836989,13346,881,12209076,False,1030.894033,526.1557613323179,0.5103878230831876,51.038782308318766
1265,504.7811370118824,432.0597554953314,936.840892507214,10432.0,9999.940244504667,9495.159107492787,1038,882,12222422,False,1030.948392,526.1672549881176,0.5103720603971005,51.03720603971005
1266,504.8750443266333,432.0597554953314,936.9347998219648,10432.0,9999.940244504667,9495.065200178036,2274,883,12223460,False,1031.094518,526.2194736733668,0.5103503747591127,51.035037475911274
1267,505.682754603332,432.0597554953314,937.7425100986634,10432.0,9999.940244504667,9494.257489901336,19559,884,12225734,False,1032.482975,526.8002203966679,0.5102265443133994,51.022654431339944
1268,506.0613571810085,432.0597554953314,938.12111267634,10432.0,9999.940244504667,9493.87888732366,9168,885,12245293,False,1033.044371,526.9830138189915,0.5101262139484535,51.01262139484535
1269,507.1452144294483,432.0597554953314,939.2049699247798,10432.0,9999.940244504667,9492.79503007522,26246,886,12254461,False,1034.962951,527.8177365705517,0.5099870831710107,50.99870831710107
1270,507.2683593778156,432.0597554953314,939.328114873147,10432.0,9999.940244504667,9492.671885126854,2982,887,12280707,False,1035.127458,527.8590986221843,0.5099459921989475,50.99459921989475
1271,508.57876699068953,435.0176735320136,943.5964405227032,10435.0,9999.982326467987,9491.403559477298,56932,888,12258489,False,1037.588071,529.0093040093104,0.5098452061996678,50.98452061996678
1272,508.852807861704,435.0176735320136,943.8704813937176,10435.0,9999.982326467987,9491.129518606283,6636,889,12315421,False,1037.970948,529.118140138296,0.5097619939727793,50.97619939727793
1273,510.0240889383442,435.0176735320136,945.0417624703578,10435.0,9999.982326467987,9489.958237529643,28363,890,12322057,False,1040.0163,529.9922110616558,0.50959990825303,50.959990825303
1274,510.06951464029055,435.0176735320136,945.0871881723042,10435.0,9999.982326467987,9489.912811827697,1100,891,12350420,False,1040.094184,530.0246693597095,0.5095929556315156,50.959295563151564
1275,510.1587142004761,435.0176735320136,945.1763877324896,10435.0,9999.982326467987,9489.823612267512,2160,892,12351520,False,1040.203024,530.0443097995238,0.5095585165300615,50.95585165300614
1276,510.3990161637723,435.0176735320136,945.416689695786,10435.0,9999.982326467987,9489.583310304217,5819,893,12353680,False,1040.51469,530.1156738362276,0.5094744734802616,50.94744734802617
1277,510.6787971916691,435.0176735320136,945.6964707236828,10435.0,9999.982326467987,9489.303529276318,6775,894,12359499,False,1040.918573,530.2397758083308,0.5093960176732584,50.93960176732584
1278,511.0980351245412,435.0176735320136,946.1157086565548,10435.0,9999.982326467987,9488.884291343446,10152,895,12366274,False,1041.522234,530.4241988754588,0.5092778450233822,50.92778450233823
1279,511.8660598561758,435.0176735320136,946.8837333881894,10435.0,9999.982326467987,9488.11626661181,18598,896,12376426,False,1042.785067,530.9190071438243,0.5091356061237347,50.913560612373466
1280,511.9365109902853,435.0176735320136,946.9541845222988,10435.0,9999.982326467987,9488.045815477702,1706,897,12395024,False,1042.864462,530.9279510097147,0.5091054210357344,50.91054210357344
1281,509.4509404680594,438.0278312171001,947.4787716851596,10438.0,9999.9721687829,9490.52122831484,8939,893,12327602,False,1040.390505,530.9395645319407,0.5103271915500043,51.03271915500043
1282,509.8706739540436,438.0278312171001,947.8985051711436,10438.0,9999.9721687829,9490.101494828858,10164,894,12336541,False,1040.984705,531.1140310459565,0.5102034914585575,51.02034914585575
1283,510.1177897726317,438.0278312171001,948.145620989732,10438.0,9999.9721687829,9489.854379010269,5984,895,12346705,False,1041.348841,531.2310512273683,0.5101374585650192,51.01374585650193
1284,510.58220563089407,438.0278312171001,948.6100368479944,10438.0,9999.9721687829,9489.389963152007,11246,896,12352689,False,1042.059901,531.477695369106,0.5100260501906655,51.00260501906655
1285,510.6209826619192,438.0278312171001,948.6488138790194,10438.0,9999.9721687829,9489.35118612098,939,897,12363935,False,1042.115527,531.4945443380807,0.5100149940843178,51.00149940843178
1286,510.6720246324698,438.0278312171001,948.69985584957,10438.0,9999.9721687829,9489.300144150431,1236,898,12364874,False,1042.198818,531.5267933675302,0.5100051776949244,51.00051776949244
1287,502.88837190005626,441.0174742421638,943.90584614222,10440.999,9999.981525757836,9497.09315385778,3011,891,12174615,False,1039.370931,536.4825590999437,0.5161608268029807,51.61608268029807
1288,503.82187007505365,441.0174742421638,944.8393443172174,10440.999,9999.981525757836,9496.159655682784,22605,892,12177626,False,1041.03304,537.2111699249464,0.5160366187080349,51.603661870803485
1289,503.8600276646886,441.0174742421638,944.8775019068524,10440.999,9999.981525757836,9496.121498093147,924,893,12200231,False,1041.060922,537.2008943353113,0.5160129277576624,51.60129277576624
1290,504.0607266751061,441.0174742421638,945.07820091727,10440.999,9999.981525757836,9495.920799082727,4860,894,12201155,False,1041.349584,537.288857324894,0.5159543592086305,51.59543592086305
1291,504.38630506978336,441.0174742421638,945.4037793119472,10440.999,9999.981525757836,9495.595220688052,7884,895,12206015,False,1041.830939,537.4446339302166,0.5158654958414675,51.586549584146745
1292,504.624996485465,441.0174742421638,945.6424707276288,10440.999,9999.981525757836,9495.35652927237,5780,896,12213899,False,1042.181308,537.556311514535,0.5157992255168474,51.579922551684746
1293,505.547633788088,441.0174742421638,946.5651080302518,10440.999,9999.981525757836,9494.433891969747,22342,897,12219679,False,1043.832436,538.2848022119119,0.5156812373781341,51.56812373781341
1294,505.743253379106,441.0174742421638,946.7607276212698,10440.999,9999.981525757836,9494.23827237873,4737,898,12242021,False,1044.096496,538.3532426208939,0.5156163675324641,51.56163675324641
1295,506.03315194970907,441.0174742421638,947.0506261918728,10440.999,9999.981525757836,9493.948373808127,7020,899,12246758,False,1044.549901,538.5167490502911,0.5155490882098998,51.55490882098997
1296,506.09583941839503,441.0174742421638,947.1133136605588,10440.999,9999.981525757836,9493.88568633944,1518,900,12253778,False,1044.633584,538.5377445816049,0.5155278873186265,51.552788731862655
1297,507.6833438131417,441.0174742421638,948.7008180553056,10440.999,9999.981525757836,9492.298181944694,38442,901,12255296,False,1047.890468,540.2071241868584,0.5155186927293038,51.55186927293038
1298,508.3201295622441,441.0174742421638,949.337603804408,10440.999,9999.981525757836,9491.661396195592,15420,902,12293738,False,1048.951835,540.631705437756,0.5154018396257021,51.54018396257021
1299,507.1827112816004,444.002379594993,951.1850908765934,10443.999,9999.996620405009,9492.813909123406,3497,903,12278118,False,1046.153743,538.9710317183997,0.5151929487656574,51.51929487656574
1300,507.8042174764117,444.002379594993,951.8065970714048,10443.999,9999.996620405009,9492.192402928596,15050,904,12281615,False,1047.15135,539.3471325235885,0.5150612970356084,51.506129703560845
1301,508.3018766892802,444.002379594993,952.3042562842732,10443.999,9999.996620405009,9491.694743715729,12051,905,12296665,False,1047.967189,539.6653123107197,0.5149639396875428,51.49639396875428
1302,509.1234624531189,444.002379594993,953.125842048112,10443.999,9999.996620405009,9490.873157951888,19895,906,12308716,False,1049.399959,540.2764965468812,0.5148432605826708,51.48432605826708
1303,509.1609180091783,444.002379594993,953.1632976041714,10443.999,9999.996620405009,9490.835702395829,907,907,12328611,False,1049.456519,540.2956009908218,0.5148337174613536,51.48337174613536
1304,509.5393966985767,444.002379594993,953.5417762935696,10443.999,9999.996620405009,9490.45722370643,9165,908,12329518,False,1050.022618,540.4832213014233,0.5147348371703583,51.473483717035826
1305,509.58824997621537,444.002379594993,953.5906295712084,10443.999,9999.996620405009,9490.408370428791,1183,909,12338683,False,1050.106928,540.5186780237846,0.5147272754911151,51.47272754911151
1306,509.7132119526605,444.002379594993,953.7155915476536,10443.999,9999.996620405009,9490.283408452346,3026,910,12339866,False,1050.278425,540.5652130473395,0.5146875344481532,51.46875344481532
1307,511.99647291685454,444.002379594993,955.9988525118476,10443.999,9999.996620405009,9488.000147488152,55290,911,12342892,False,1055.686204,543.6897310831455,0.5150107380612747,51.50107380612747
1308,512.1927532453554,444.002379594993,956.1951328403484,10443.999,9999.996620405009,9487.803867159651,4753,912,12398182,False,1055.962466,543.7697127546445,0.5149517433270631,51.495174332706306
1309,511.46486831580427,447.0445131914441,958.5093815072483,10447.0,9999.955486808556,9488.490618492751,6326,913,12378983,False,1053.301994,541.8371256841956,0.5144176397374176,51.44176397374176
1310,511.5019109109368,447.0445131914441,958.5464241023808,10447.0,9999.955486808556,9488.45357589762,897,914,12385309,False,1053.353747,541.8518360890633,0.5144063308573044,51.44063308573044
1311,512.5313399092264,447.0445131914441,959.5758531006704,10447.0,9999.955486808556,9487.42414689933,24928,915,12386206,False,1055.135559,542.6042190907737,0.514250718272659,51.4250718272659
1312,514.5940797385173,447.0445131914441,961.6385929299612,10447.0,9999.955486808556,9485.36140707004,49950,916,12411134,False,1059.585485,544.9914052614828,0.514343970332401,51.434397033240096
1313,514.7904839552962,447.0445131914441,961.8349971467404,10447.0,9999.955486808556,9485.16500285326,4756,917,12461084,False,1059.857971,545.0674870447037,0.5142835190741833,51.42835190741833
1314,514.8500329209386,447.0445131914441,961.8945461123826,10447.0,9999.955486808556,9485.105453887618,1442,918,12465840,False,1059.935116,545.0850830790615,0.5142626891503626,51.42626891503625
1315,515.128698954333,447.0445131914441,962.1732121457773,10447.0,9999.955486808556,9484.826787854225,6748,919,12467282,False,1060.302716,545.1740170456669,0.5141682736627706,51.41682736627706
1316,515.2735243513565,447.0445131914441,962.3180375428004,10447.0,9999.955486808556,9484.6819624572,3507,920,12474030,False,1060.488105,545.2145806486434,0.5141166393833747,51.41166393833747
1317,514.8641974807273,450.0649119052573,964.9291093859846,10449.999,9999.934088094742,9485.069890614015,9080,921,12458545,False,1058.039274,543.1750765192727,0.5133789357986277,51.33789357986277
1318,515.0700585027296,450.0649119052573,965.1349704079868,10449.999,9999.934088094742,9484.864029592012,4985,922,12467625,False,1058.313824,543.2437654972705,0.5133106581222079,51.331065812220785
1319,515.850182989519,450.0649119052573,965.9150948947764,10449.999,9999.934088094742,9484.083905105224,18891,923,12472610,False,1059.521462,543.6712790104809,0.5131290856385512,51.31290856385512
1320,515.9161328495265,450.0649119052573,965.981044754784,10449.999,9999.934088094742,9484.017955245215,1597,924,12491501,False,1059.624516,543.7083831504735,0.5131141974733939,51.31141974733939
1321,520.0430165752593,450.0649119052573,970.1079284805166,10449.999,9999.934088094742,9479.891071519483,99934,925,12493098,False,1071.951941,551.9089244247407,0.514863496501417,51.486349650141705
1322,520.3291159053359,450.0649119052573,970.3940278105932,10449.999,9999.934088094742,9479.604972189409,6928,926,12593032,False,1072.318321,551.989205094664,0.5147624490644733,51.476244906447334
1323,522.4855565689144,450.0649119052573,972.5504684741716,10449.999,9999.934088094742,9477.448531525828,52219,927,12599960,False,1076.791995,554.3064384310857,0.5147757793566117,51.47757793566117
1324,522.5233837898078,450.0649119052573,972.5882956950652,10449.999,9999.934088094742,9477.410704304932,916,928,12652179,False,1076.84046,554.3170762101921,0.5147624897101212,51.47624897101212
1325,522.5304454216558,453.0170831243951,975.5475285460508,10452.999,9999.981916875604,9477.451471453947,16187,929,12637079,False,1074.821141,552.2906955783441,0.513844280234849,51.384428023484894
1326,523.2939688791886,453.0170831243951,976.3110520035837,10452.999,9999.981916875604,9476.687947996415,18489,930,12653266,False,1075.996918,552.7029491208115,0.513665922155375,51.3665922155375
1327,524.610364425501,453.0170831243951,977.627447549896,10452.999,9999.981916875604,9475.371552450102,31877,931,12671755,False,1078.347436,553.737071574499,0.5135052517289975,51.35052517289975
1328,524.6723085645187,453.0170831243951,977.6893916889138,10452.999,9999.981916875604,9475.309608311083,1500,932,12703632,False,1078.424091,553.7517824354813,0.5134823925548612,51.348239255486114
1329,524.7098054166707,453.0170831243951,977.7268885410658,10452.999,9999.981916875604,9475.272111458931,908,933,12705132,False,1078.474443,553.7646375833293,0.5134703387526905,51.347033875269055
1330,524.7469719000815,453.0170831243951,977.7640550244764,10452.999,9999.981916875604,9475.234944975522,900,934,12706040,False,1078.524907,553.7779350999185,0.5134586429165502,51.34586429165502
1331,525.1792593982399,453.0170831243951,978.196342522635,10452.999,9999.981916875604,9474.802657477365,10468,935,12706940,False,1079.146694,553.9674346017601,0.5133383975337092,51.333839753370924
1332,525.2541705103587,453.0170831243951,978.2712536347536,10452.999,9999.981916875604,9474.727746365244,1814,936,12717408,False,1079.224967,553.9707964896414,0.5133042817101927,51.33042817101927
1333,527.2207317398013,453.0170831243951,980.2378148641964,10452.999,9999.981916875604,9472.761185135803,47621,937,12719222,False,1083.413386,556.1926542601987,0.5133706685254106,51.33706685254106
1334,527.2576504466559,453.0170831243951,980.274733571051,10452.999,9999.981916875604,9472.724266428948,894,938,12766843,False,1083.465937,556.208286553344,0.5133601967159435,51.33601967159434
1335,528.6931852203458,453.0170831243951,981.7102683447408,10452.999,9999.981916875604,9471.28873165526,34762,939,12767737,False,1086.179753,557.4865677796541,0.5132544279525474,51.32544279525474
1336,528.8023720893877,453.0170831243951,981.8194552137828,10452.999,9999.981916875604,9471.179544786217,2644,940,12802499,False,1086.343313,557.5409409106123,0.5132272038117772,51.322720381177724
1337,529.8967598414605,453.0170831243951,982.9138429658556,10452.999,9999.981916875604,9470.085157034144,26501,941,12805143,False,1088.261732,558.3649721585394,0.5130796716819034,51.30796716819034
1338,529.9685324505358,453.0170831243951,982.9856155749308,10452.999,9999.981916875604,9470.013384425069,1738,942,12831644,False,1088.343011,558.3744785494641,0.5130500889020403,51.30500889020403
1339,529.3824995993352,456.0927178361285,985.4752174354636,10456.0,9999.907282163873,9470.524782564537,897,943,12818294,False,1085.394315,556.0118154006648,0.5122671159381047,51.22671159381047
1340,530.2613630437189,456.0927178361285,986.3540808798476,10456.0,9999.907282163873,9469.645919120152,21282,944,12819191,False,1086.865629,556.604265956281,0.5121187487255437,51.211874872554375
1341,530.5740983535732,456.0927178361285,986.6668161897016,10456.0,9999.907282163873,9469.3331838103,7573,945,12840473,False,1087.310858,556.7367596464269,0.5120309022485885,51.20309022485885
1342,533.3908222429881,456.0927178361285,989.4835400791168,10456.0,9999.907282163873,9466.516459920884,68208,946,12848046,False,1092.395641,559.004818757012,0.5117237727580899,51.17237727580899
1343,533.4901806419725,456.0927178361285,989.582898478101,10456.0,9999.907282163873,9466.417101521898,2406,947,12916254,False,1092.519906,559.0297253580275,0.5116883658484365,51.168836584843646
1344,533.5416355734499,456.0927178361285,989.6343534095784,10456.0,9999.907282163873,9466.36564659042,1246,948,12918660,False,1092.594038,559.0524024265501,0.5116744032851387,51.16744032851387
1345,534.0125349182628,456.0927178361285,990.1052527543914,10456.0,9999.907282163873,9465.894747245608,11403,949,12919906,False,1093.229711,559.2171760817372,0.511527605273561,51.1527605273561
1346,534.1202351279683,456.0927178361285,990.2129529640968,10456.0,9999.907282163873,9465.787047035905,2608,950,12931309,False,1093.381413,559.2611778720318,0.5114968767738068,51.14968767738068
1347,534.7406263282774,456.0927178361285,990.8333441644058,10456.0,9999.907282163873,9465.166655835594,15023,951,12933917,False,1094.298219,559.5575926717227,0.5113392153585536,51.133921535855364
1348,535.1384728851419,456.0927178361285,991.2311907212704,10456.0,9999.907282163873,9464.768809278728,9634,952,12948940,False,1094.841272,559.702799114858,0.5112182134789471,51.121821347894716
1349,536.0409989906304,456.0927178361285,992.1337168267588,10456.0,9999.907282163873,9463.86628317324,21855,953,12958574,False,1096.283949,560.2429500093695,0.5110381763049688,51.103817630496884
1350,535.7040641704666,459.0073723564348,994.7114365269014,10458.999,9999.991627643563,9464.2875634731,11730,952,12960540,False,1093.99606,558.2919958295333,0.5103235891265764,51.032358912657635
1351,536.2080003894223,459.0073723564348,995.215372745857,10458.999,9999.991627643563,9463.783627254144,12203,953,12972270,False,1094.715619,558.5076186105778,0.5101851192374169,51.01851192374169
1352,536.5315552755583,459.0073723564348,995.538927631993,10458.999,9999.991627643563,9463.460072368009,7835,954,12984473,False,1095.177837,558.6462817244417,0.5100964088670119,51.00964088670119
1353,537.7779952408733,459.0073723564348,996.785367597308,10458.999,9999.991627643563,9462.213632402692,30183,955,12992308,False,1097.417204,559.6392087591267,0.5099603019884192,50.99603019884192
1354,538.1382210573079,459.0073723564348,997.1455934137426,10458.999,9999.991627643563,9461.853406586257,8723,956,13022491,False,1098.265242,560.1270209426921,0.5100106964349256,51.001069643492556
1355,538.7678625823769,459.0073723564348,997.7752349388116,10458.999,9999.991627643563,9461.223765061188,15247,957,13031214,False,1099.266629,560.4987664176231,0.5098842734155474,50.98842734155474
1356,539.6635748325734,459.0073723564348,998.6709471890082,10458.999,9999.991627643563,9460.328052810992,21690,958,13046461,False,1100.761132,561.0975571674267,0.5097359825450547,50.97359825450547
1357,539.70268223234,459.0073723564348,998.7100545887748,10458.999,9999.991627643563,9460.288945411225,947,959,13068151,False,1100.813954,561.11127176766,0.5097239817216743,50.97239817216743
1358,540.068111356452,459.0073723564348,999.0754837128868,10458.999,9999.991627643563,9459.923516287114,8849,960,13069098,False,1101.347037,561.278925643548,0.5096294871527838,50.96294871527838
1359,540.4887120603825,459.0073723564348,999.4960844168172,10458.999,9999.991627643563,9459.502915583183,10185,961,13077947,False,1101.944266,561.4555539396175,0.5095135673037909,50.951356730379096
1360,540.9391285432268,459.0073723564348,999.9465008996616,10458.999,9999.991627643563,9459.05249910034,10907,962,13088132,False,1102.608507,561.6693784567731,0.5094005486906452,50.940054869064525
1361,532.9909521775821,462.0304650832823,995.0214172608644,10462.0,9999.969534916718,9466.978582739135,21036,960,12885535,False,1111.146385,578.1554328224179,0.5203233710942756,52.03233710942756
1362,533.547540914703,462.0304650832823,995.5780059979852,10462.0,9999.969534916718,9466.421994002016,13478,961,12906571,False,1111.98729,578.4397490852971,0.5201855761186777,52.01855761186776
1363,534.0353303614213,462.0304650832823,996.0657954447036,10462.0,9999.969534916718,9465.934204555297,11812,962,12920049,False,1112.747123,578.7117926385788,0.520074849601367,52.00748496013669
1364,534.4817824193685,462.0304650832823,996.5122475026508,10462.0,9999.969534916718,9465.487752497347,10811,963,12931861,False,1113.427599,578.9458165806316,0.5199671870003929,51.99671870003929
1365,534.9958361810304,462.0304650832823,997.0263012643128,10462.0,9999.969534916718,9464.973698735688,12448,964,12942672,False,1114.19995,579.2041138189695,0.5198385745924414,51.98385745924414
1366,535.7904555963501,462.0304650832823,997.8209206796324,10462.0,9999.969534916718,9464.179079320367,19242,965,12955120,False,1115.548006,579.7575504036499,0.5197065005588383,51.97065005588383
1367,535.8655731889322,462.0304650832823,997.8960382722146,10462.0,9999.969534916718,9464.103961727786,1819,966,12974362,False,1116.034037,580.1684638110677,0.519848359975304,51.984835997530396
1368,535.9890072099482,462.0304650832823,998.0194722932306,10462.0,9999.969534916718,9463.98052770677,2989,967,12976181,False,1116.202366,580.2133587900518,0.5198101853782057,51.98101853782057
1369,536.02757776051,462.0304650832823,998.0580428437922,10462.0,9999.969534916718,9463.941957156208,934,968,12979170,False,1116.256289,580.2287112394899,0.5197988284207463,51.97988284207463
1370,536.2068028027346,462.0304650832823,998.237267886017,10462.0,9999.969534916718,9463.762732113984,4340,969,12980104,False,1116.510327,580.3035241972653,0.5197475653955732,51.97475653955732
1371,536.5312662029096,462.0304650832823,998.5617312861918,10462.0,9999.969534916718,9463.438268713808,7857,970,12984444,False,1117.005157,580.4738907970905,0.5196698396237489,51.96698396237489
1372,536.5926734927225,462.0304650832823,998.6231385760047,10462.0,9999.969534916718,9463.376861423996,1487,971,12992301,False,1117.095315,580.5026415072775,0.5196536353813976,51.96536353813976
1373,536.7066920046078,462.0304650832823,998.7371570878902,10462.0,9999.969534916718,9463.26284291211,2761,972,12993788,False,1117.277951,580.5712589953922,0.5196301050027543,51.96301050027543
1374,535.3208364304102,465.0340786737957,1000.354915104206,10465.0,9999.965921326204,9464.645084895794,1500,969,12961490,False,1114.366952,579.0461155695899,0.5196188872349023,51.96188872349023
1375,536.4820825565295,465.0340786737957,1001.5161612303252,10465.0,9999.965921326204,9463.483838769676,28120,970,12962990,False,1116.602708,580.1206254434704,0.5195407652938188,51.95407652938188
1376,537.2095132290611,465.0340786737957,1002.2435919028568,10465.0,9999.965921326204,9462.756408097142,17615,971,12991110,False,1117.767911,580.5583977709388,0.5193908252846049,51.93908252846049
1377,537.5058126940294,465.0340786737957,1002.539891367825,10465.0,9999.965921326204,9462.460108632176,7175,972,13008725,False,1118.20986,580.7040473059706,0.5193157993670084,51.93157993670084
1378,539.1296163542405,465.0340786737957,1004.1636950280364,10465.0,9999.965921326204,9460.836304971965,39321,973,13015900,False,1121.494928,582.3653116457596,0.51927592101046,51.927592101046
1379,539.1835490512786,465.0340786737957,1004.2176277250744,10465.0,9999.965921326204,9460.782372274924,1306,974,13055221,False,1121.549377,582.3658279487214,0.5192511715413501,51.925117154135016
1380,539.2283553118348,465.0340786737957,1004.2624339856304,10465.0,9999.965921326204,9460.73756601437,1085,975,13056527,False,1121.629856,582.4015006881652,0.519245718694711,51.9245718694711
1381,542.6555180432231,465.0340786737957,1007.6895967170188,10465.0,9999.965921326204,9457.31040328298,82990,976,13057612,False,1131.210772,588.5552539567768,0.5202878796108007,52.02878796108007
1382,543.1562331669498,465.0340786737957,1008.1903118407456,10465.0,9999.965921326204,9456.809688159254,12125,977,13140602,False,1131.972681,588.8164478330501,0.5201684260726873,52.01684260726873
1383,538.427211113872,468.01078472422455,1006.4379958380964,10467.999,9999.988215275776,9461.561004161902,2880,974,13035332,False,1129.14292,590.715708886128,0.5231540652853122,52.31540652853121
1384,538.6749050777576,468.01078472422455,1006.685689801982,10467.999,9999.988215275776,9461.313310198017,5998,975,13038212,False,1129.49487,590.8199649222424,0.5230833539972097,52.308335399720974
1385,538.8148162397523,468.01078472422455,1006.8256009639769,10467.999,9999.988215275776,9461.173399036024,3388,976,13044210,False,1129.661478,590.8466617602477,0.5230298397058801,52.302983970588016
1386,538.9820241190075,468.01078472422455,1006.992808843232,10467.999,9999.988215275776,9461.006191156766,4049,977,13047598,False,1129.916546,590.9345218809924,0.5229895287160371,52.29895287160371
1387,540.0705065298273,471.0095965963746,1011.080103126202,10470.999,9999.989403403626,9459.918896873798,12080,975,13065925,False,1127.664885,587.5943784701726,0.5210718062486912,52.10718062486912
1388,540.1146933489933,471.0095965963746,1011.124289945368,10470.999,9999.989403403626,9459.874710054632,1070,976,13078005,False,1127.721057,587.6063636510066,0.5210564793515305,52.10564793515305
1389,540.4387850843342,471.0095965963746,1011.4483816807088,10470.999,9999.989403403626,9459.550618319292,7848,977,13079075,False,1128.197261,587.7584759156658,0.5209713728561036,52.09713728561036
1390,543.6030155936386,471.0095965963746,1014.6126121900132,10470.999,9999.989403403626,9456.386387809987,76623,978,13086923,False,1136.470918,592.8679024063614,0.5216745039544967,52.16745039544966
1391,544.0191976156524,471.0095965963746,1015.0287942120268,10470.999,9999.989403403626,9455.970205787971,10078,979,13163546,False,1137.099475,593.0802773843476,0.5215729058219357,52.157290582193575
1392,545.9904665996604,471.0095965963746,1017.000063196035,10470.999,9999.989403403626,9453.998936803966,47735,980,13173624,False,1141.418877,595.4284104003397,0.5216563545587302,52.165635455873016
1393,546.9857024332122,474.0134557951168,1020.999158228329,10474.0,9999.986544204883,9453.00084177167,21573,978,13223886,False,1139.969363,592.9836605667878,0.5201750852376089,52.01750852376089
1394,547.505537647849,474.0134557951168,1021.518993442966,10474.0,9999.986544204883,9452.481006557036,12588,979,13245459,False,1140.799047,593.293509352151,0.5200683774345325,52.00683774345325
1395,547.7088383121053,474.0134557951168,1021.722294107222,10474.0,9999.986544204883,9452.27770589278,4923,980,13258047,False,1141.100234,593.3913956878947,0.520016890722936,52.0016890722936
1396,547.7457570189598,474.0134557951168,1021.7592128140766,10474.0,9999.986544204883,9452.240787185923,894,981,13262970,False,1141.156328,593.4105709810402,0.5200081324712597,52.00081324712597
1397,547.7828822062778,474.0134557951168,1021.7963380013946,10474.0,9999.986544204883,9452.203661998605,899,982,13263864,False,1141.211674,593.4287917937221,0.5199988795362798,51.999887953627976
1398,547.8288034613363,474.0134557951168,1021.8422592564532,10474.0,9999.986544204883,9452.157740743549,1112,983,13264763,False,1141.267072,593.4382685386638,0.5199819420871399,51.99819420871399
1399,548.7416535899945,477.0404439301914,1025.7820975201855,10477.0,9999.959556069807,9451.217902479815,4857,984,13283123,False,1138.557076,589.8154224100056,0.5180376415402521,51.80376415402521
1400,549.2886203375211,477.0404439301914,1026.3290642677125,10477.0,9999.959556069807,9450.670935732289,13245,985,13287980,False,1139.427257,590.1386366624789,0.5179256797983365,51.79256797983365
1401,550.4165818129416,477.0404439301914,1027.4570257431328,10477.0,9999.959556069807,9449.542974256869,27314,986,13301225,False,1141.469715,591.0531331870584,0.5178001005371031,51.78001005371031
1402,550.9307181667888,477.0404439301914,1027.9711620969802,10477.0,9999.959556069807,9449.02883790302,12450,987,13328539,False,1142.281384,591.3506658332111,0.5176926404617054,51.76926404617054
1403,551.602729482946,477.0404439301914,1028.6431734131374,10477.0,9999.959556069807,9448.356826586863,16273,988,13340989,False,1143.402125,591.7993955170541,0.5175776593182858,51.75776593182858
1404,551.8502582624609,477.0404439301914,1028.8907021926525,10477.0,9999.959556069807,9448.109297807348,5994,989,13357262,False,1143.762108,591.911849737539,0.5175130786353512,51.751307863535125
1405,552.0948137233029,477.0404439301914,1029.135257653494,10477.0,9999.959556069807,9447.864742346506,5922,990,13363256,False,1144.117549,592.0227352766972,0.5174492217116557,51.74492217116558
1406,552.7528669601347,477.0404439301914,1029.7933108903262,10477.0,9999.959556069807,9447.206689109677,15935,991,13369178,False,1145.190144,592.4372770398652,0.5173265593873861,51.73265593873862
1407,552.8337247095992,477.0404439301914,1029.8741686397907,10477.0,9999.959556069807,9447.12583136021,1958,992,13385113,False,1145.316117,592.4823922904009,0.5173090498737833,51.73090498737834
1408,553.1994842024527,477.0404439301914,1030.239928132644,10477.0,9999.959556069807,9446.760071867357,8857,993,13387071,False,1145.931339,592.7318547975473,0.5172490136405522,51.72490136405522
1409,553.6674928207781,477.0404439301914,1030.7079367509696,10477.0,9999.959556069807,9446.292063249031,11333,994,13395928,False,1146.73843,593.070937179222,0.5171806592190531,51.71806592190531
1410,554.4930843056065,480.0055000815138,1034.4985843871204,10480.0,9999.994499918486,9445.50141561288,1096,995,13426157,False,1143.799973,589.3068886943934,0.5152184845298937,51.521848452989374
1411,554.5307463421293,480.0055000815138,1034.5362464236432,10480.0,9999.994499918486,9445.463753576358,912,996,13427253,False,1143.860349,589.3296026578707,0.5152111472113549,51.52111472113548
1412,555.6438412241855,480.0055000815138,1035.6493413056994,10480.0,9999.994499918486,9444.3506586943,26954,997,13428165,False,1146.067774,590.4239327758146,0.5151736626492165,51.51736626492165
1413,557.3392523091011,480.0055000815138,1037.344752390615,10480.0,9999.994499918486,9442.655247609386,41055,998,13455119,False,1149.781852,592.442599690899,0.5152652206680498,51.52652206680498
1414,557.6411267465809,480.0055000815138,1037.646626828095,10480.0,9999.994499918486,9442.353373171904,7310,999,13496174,False,1150.190204,592.5490772534191,0.5151748599429204,51.517485994292045
1415,558.1966830813848,480.0055000815138,1038.2021831628986,10480.0,9999.994499918486,9441.7978168371,13453,1000,13503484,False,1151.035471,592.8387879186151,0.5150482351369823,51.50482351369823
1416,559.2135167714073,480.0055000815138,1039.2190168529212,10480.0,9999.994499918486,9440.78098314708,24623,1001,13516937,False,1152.816939,593.6034222285928,0.5149155968713544,51.491559687135435
1417,559.2728592565863,480.0055000815138,1039.2783593381002,10480.0,9999.994499918486,9440.7216406619,1437,1002,13541560,False,1152.906148,593.6332887434137,0.5149016594049889,51.49016594049889
1418,559.3995969650166,480.0055000815138,1039.4050970465305,10480.0,9999.994499918486,9440.59490295347,3069,1003,13542997,False,1153.08579,593.6861930349835,0.5148673222614107,51.48673222614107
1419,559.5733709230077,483.0098767710408,1042.5832476940486,10483.0,9999.99012322896,9440.416752305951,15979,1003,13534295,False,1151.154217,591.5808460769923,0.5139023402257078,51.39023402257078
1420,559.6315571175917,483.0098767710408,1042.6414338886325,10483.0,9999.99012322896,9440.358566111368,1409,1004,13550274,False,1151.241933,591.6103758824083,0.5138888351128262,51.38888351128262
1421,560.8448776165786,483.0098767710408,1043.854754387619,10483.0,9999.99012322896,9439.14524561238,29381,1005,13551683,False,1153.647433,592.8025553834215,0.5138507124675598,51.38507124675598
1422,562.190180427766,483.0098767710408,1045.200057198807,10483.0,9999.99012322896,9437.799942801194,32577,1006,13581064,False,1156.388732,594.1985515722339,0.5138397972319865,51.38397972319865
1423,562.2590210142611,483.0098767710408,1045.2688977853018,10483.0,9999.99012322896,9437.7311022147,1667,1007,13613641,False,1156.51062,594.251598985739,0.5138315106745314,51.383151067453134
1424,562.6780937627624,483.0098767710408,1045.6879705338033,10483.0,9999.99012322896,9437.312029466197,10148,1008,13615308,False,1157.162814,594.4847202372376,0.5137433670049111,51.37433670049111
1425,563.034066081651,483.0098767710408,1046.0439428526918,10483.0,9999.99012322896,9436.956057147308,8620,1009,13625456,False,1157.769948,594.7358819183492,0.5136908959726679,51.36908959726679
1426,563.3025732762466,483.0098767710408,1046.3124500472873,10483.0,9999.99012322896,9436.687549952712,6502,1010,13634076,False,1158.193882,594.8913087237535,0.5136370671346315,51.36370671346315
1427,559.7318653267077,486.007845584295,1045.7397109110027,10485.999,9999.991154415704,9440.259289088996,40293,1010,13513819,False,1158.826023,599.0941576732923,0.5169836936543254,51.69836936543254
1428,560.1738574066458,486.007845584295,1046.1817029909407,10485.999,9999.991154415704,9439.817297009058,10703,1011,13554112,False,1159.490909,599.3170515933543,0.516879474380902,51.6879474380902
1429,560.2110238900564,486.007845584295,1046.218869474351,10485.999,9999.991154415704,9439.780130525647,900,1012,13564815,False,1159.549277,599.3382531099437,0.5168717405961037,51.68717405961038
1430,560.2481903734671,486.007845584295,1046.2560359577622,10485.999,9999.991154415704,9439.742964042236,900,1013,13565715,False,1159.607327,599.3591366265329,0.5168638750991031,51.68638750991031
1431,560.2910144215747,486.007845584295,1046.2988600058698,10485.999,9999.991154415704,9439.70013999413,1037,1014,13566615,False,1159.665635,599.3746205784254,0.5168512392612422,51.68512392612422
1432,560.7671583701576,486.007845584295,1046.7750039544526,10485.999,9999.991154415704,9439.223996045546,11530,1015,13567652,False,1160.421356,599.6541976298424,0.5167555685952425,51.67555685952425
1433,560.8447124322079,486.007845584295,1046.8525580165028,10485.999,9999.991154415704,9439.146441983496,1878,1016,13579182,False,1160.536203,599.691490567792,0.5167365645445462,51.67365645445462
1434,560.9023617775871,486.007845584295,1046.9102073618822,10485.999,9999.991154415704,9439.088792638117,1396,1017,13581060,False,1160.966298,600.063936222413,0.5168659393956093,51.68659393956093
1435,561.4242617968579,486.007845584295,1047.432107381153,10485.999,9999.991154415704,9438.566892618846,12638,1018,13582456,False,1161.821031,600.3967692031421,0.5167721647166,51.67721647166
1436,561.4691506495994,486.007845584295,1047.4769962338944,10485.999,9999.991154415704,9438.522003766104,1087,1019,13595094,False,1161.877368,600.4082173504005,0.5167569606626511,51.67569606626511
1437,561.9129184615225,486.007845584295,1047.9207640458176,10485.999,9999.991154415704,9438.07823595418,10746,1020,13596181,False,1162.585274,600.6723555384775,0.5166695028501432,51.66695028501432
1438,561.8128993250552,489.0529201248187,1050.865819449874,10489.0,9999.94707987518,9438.134180550123,1034,1021,13603471,False,1161.519475,599.7065756749448,0.5163121140736316,51.63121140736317
1439,561.8650562901082,489.0529201248187,1050.917976414927,10489.0,9999.94707987518,9438.082023585072,1263,1022,13604505,False,1161.576791,599.7117347098917,0.516291078951053,51.6291078951053
1440,561.9720957623308,489.0529201248187,1051.0250158871495,10489.0,9999.94707987518,9437.97498411285,2592,1023,13605768,False,1161.720954,599.7488582376691,0.5162589657805803,51.625896578058025
1441,562.0356091528704,489.0529201248187,1051.088529277689,10489.0,9999.94707987518,9437.91147072231,1538,1024,13608360,False,1161.834551,599.7989418471295,0.5162515965211036,51.62515965211036
1442,563.0092058338586,489.0529201248187,1052.0621259586774,10489.0,9999.94707987518,9436.937874041325,23576,1025,13609898,False,1163.612799,600.6035931661414,0.516154165442573,51.6154165442573
1443,563.2426113496774,489.0529201248187,1052.295531474496,10489.0,9999.94707987518,9436.704468525504,5652,1026,13633474,False,1163.945023,600.7024116503226,0.5160917395411403,51.60917395411403
1444,563.4084977539669,489.0529201248187,1052.4614178787856,10489.0,9999.94707987518,9436.538582121217,4017,1027,13639126,False,1164.179024,600.7705262460331,0.5160465133462439,51.604651334624386
1445,564.9229493607654,489.0529201248187,1053.975869485584,10489.0,9999.94707987518,9435.024130514415,36673,1028,13643143,False,1167.285577,602.3626276392347,0.5160370688271039,51.603706882710384
1446,565.3443759865495,489.0529201248187,1054.3972961113682,10489.0,9999.94707987518,9434.602703888631,10205,1029,13679816,False,1167.948054,602.6036780134505,0.5159507530747172,51.59507530747172
1447,565.808254995607,489.0529201248187,1054.8611751204255,10489.0,9999.94707987518,9434.138824879574,11233,1030,13690021,False,1168.64285,602.834595004393,0.5158415978024364,51.584159780243645
1448,566.0571052500876,489.0529201248187,1055.1100253749064,10489.0,9999.94707987518,9433.889974625094,6026,1031,13701254,False,1169.025853,602.9687477499125,0.51578735081226,51.578735081226
1449,564.5627648404236,492.02828352103904,1056.5910483614623,10492.0,9999.971716478962,9435.408951638536,11239,1029,13659855,False,1166.757179,602.1944141595764,0.5161265985744378,51.612659857443774
1450,564.5997661394634,492.02828352103904,1056.6280496605025,10492.0,9999.971716478962,9435.3719503395,896,1030,13671094,False,1166.78463,602.1848638605367,0.5161062704952983,51.61062704952983
1451,566.3567909946554,492.02828352103904,1058.3850745156944,10492.0,9999.971716478962,9433.614925484306,42547,1031,13671990,False,1170.553356,604.1965650053445,0.5161631991471088,51.616319914710886
1452,567.1272108996654,492.02828352103904,1059.1554944207046,10492.0,9999.971716478962,9432.844505579296,18656,1032,13714537,False,1171.882119,604.7549081003347,0.5160543866104801,51.60543866104801
1453,567.360781599855,492.02828352103904,1059.389065120894,10492.0,9999.971716478962,9432.610934879109,5656,1033,13733193,False,1172.212866,604.852084400145,0.5159916785968335,51.59916785968335
1454,567.405092307299,492.02828352103904,1059.433375828338,10492.0,9999.971716478962,9432.566624171664,1073,1034,13738849,False,1172.268739,604.8636466927011,0.5159769484330683,51.597694843306826
1455,567.8495621527977,492.02828352103904,1059.8778456738369,10492.0,9999.971716478962,9432.122154326164,10763,1035,13739922,False,1172.949697,605.1001348472023,0.5158790154384619,51.58790154384619
1456,567.8865634518377,492.02828352103904,1059.9148469728766,10492.0,9999.971716478962,9432.085153027125,896,1036,13750685,False,1173.005631,605.1190675481623,0.5158705564203403,51.58705564203403
1457,577.2762212285179,495.0047407939236,1072.2809620224416,10495.0,9999.995259206076,9422.719037977558,41102,1037,13937853,False,1173.477963,596.2017417714821,0.5080638585212888,50.80638585212888
1458,577.7535627637886,495.0047407939236,1072.7583035577122,10495.0,9999.995259206076,9422.241696442288,11559,1038,13978955,False,1174.181603,596.4280402362114,0.5079521248777489,50.79521248777489
1459,578.1849830440009,495.0047407939236,1073.1897238379245,10495.0,9999.995259206076,9421.810276162076,10447,1039,13990514,False,1174.8148,596.6298169559992,0.5078501028042881,50.78501028042881
1460,578.4106248943962,495.0047407939236,1073.4153656883198,10495.0,9999.995259206076,9421.58463431168,5464,1040,14000961,False,1177.066786,598.6561611056039,0.5085999946867958,50.85999946867958
1461,579.6259276058315,495.0047407939236,1074.630668399755,10495.0,9999.995259206076,9420.369331600245,29429,1041,14006425,False,1179.280424,599.6544963941685,0.5084918601126279,50.849186011262795
1462,579.6629289048715,495.0047407939236,1074.6676696987952,10495.0,9999.995259206076,9420.332330301204,896,1042,14035854,False,1179.333108,599.6701790951286,0.5084824423458215,50.848244234582154
1463,579.7365185420246,495.0047407939236,1074.741259335948,10495.0,9999.995259206076,9420.258740664052,1782,1043,14036750,False,1179.41233,599.6758114579756,0.5084530627706558,50.84530627706558
1464,580.0148542066777,495.0047407939236,1075.0195950006014,10495.0,9999.995259206076,9419.980404999398,6740,1044,14038532,False,1179.812117,599.7972627933223,0.50838371139845,50.838371139844995
1465,579.6400508695276,498.01502992814704,1077.6550807976746,10498.0,9999.984970071851,9420.344919202324,1133,1043,14035063,False,1176.863995,597.2239441304723,0.5074706564801248,50.74706564801248
1466,579.6773412412163,498.01502992814704,1077.6923711693632,10498.0,9999.984970071851,9420.307628830637,903,1044,14036196,False,1176.915334,597.2379927587838,0.5074604565894659,50.74604565894659
1467,579.9227226239119,498.01502992814704,1077.937752552059,10498.0,9999.984970071851,9420.06224744794,5942,1045,14037099,False,1177.252715,597.3299923760882,0.5073931746049005,50.73931746049005
1468,580.4143939033421,498.01502992814704,1078.4294238314892,10498.0,9999.984970071851,9419.570576168511,11906,1046,14043041,False,1177.981555,597.567161096658,0.5072805754557489,50.72805754557489
1469,581.5218312207013,498.01502992814704,1079.5368611488484,10498.0,9999.984970071851,9418.463138851152,26817,1047,14054947,False,1179.935901,598.4140697792988,0.5071581170402059,50.71581170402059
1470,582.040138479909,498.01502992814704,1080.055168408056,10498.0,9999.984970071851,9417.944831591944,12551,1048,14081764,False,1180.709934,598.6697955200909,0.5070422279686612,50.70422279686612
1471,582.0999765182003,498.01502992814704,1080.1150064463473,10498.0,9999.984970071851,9417.884993553653,1449,1049,14094315,False,1180.788446,598.6884694817998,0.5070243289641739,50.70243289641739
1472,582.1668348922467,498.01502992814704,1080.1818648203937,10498.0,9999.984970071851,9417.818135179608,1619,1050,14095764,False,1180.866901,598.7000661077534,0.5070004634737013,50.70004634737013
1473,582.2383597247659,498.01502992814704,1080.253389652913,10498.0,9999.984970071851,9417.746610347089,1732,1051,14097383,False,1180.979577,598.7412172752341,0.5069869360452405,50.698693604524045
1474,581.0309858631247,501.0038391560484,1082.034825019173,10501.0,9999.996160843952,9418.965174980827,5102,1051,14064776,False,1178.281623,597.2506371368754,0.5068827566165609,50.68827566165609
1475,582.3513458343342,501.0038391560484,1083.355184990383,10501.0,9999.996160843952,9417.644815009617,31973,1052,14069878,False,1180.846983,598.4956371656657,0.5068358947280012,50.683589472800115
1476,583.7953463070232,501.0038391560484,1084.7991854630716,10501.0,9999.996160843952,9416.20081453693,34967,1053,14101851,False,1183.627439,599.8320926929769,0.5067744063112893,50.67744063112893
1477,584.2968873526036,501.0038391560484,1085.300726508652,10501.0,9999.996160843952,9415.699273491347,12145,1054,14136818,False,1184.388053,600.0911656473963,0.5066676957162758,50.666769571627576
1478,584.3872844994768,501.0038391560484,1085.3911236555252,10501.0,9999.996160843952,9415.608876344477,2189,1055,14148963,False,1184.493008,600.1057235005231,0.5066350915095678,50.66350915095678
1479,583.8146315823041,504.0274480945043,1087.8420796768082,10504.0,9999.972551905495,9416.157920323192,5415,1051,14131870,False,1181.820052,598.005420417696,0.5060037857757519,50.60037857757519
1480,584.9135206084788,504.0274480945043,1088.9409687029831,10504.0,9999.972551905495,9415.059031297016,26610,1052,14137285,False,1182.007259,597.0937383915211,0.5051523447467433,50.51523447467433
1481,585.8335975533557,504.0274480945043,1089.86104564786,10504.0,9999.972551905495,9414.13895435214,22280,1053,14163895,False,1183.650167,597.8165694466443,0.5050618722606443,50.50618722606443
1482,586.2757135215717,504.0274480945043,1090.303161616076,10504.0,9999.972551905495,9413.696838383925,10706,1054,14186175,False,1184.363262,598.0875484784284,0.5049865760513841,50.498657605138405
1483,586.5040396179911,504.0274480945043,1090.5314877124954,10504.0,9999.972551905495,9413.468512287503,5529,1055,14196881,False,1184.692259,598.1882193820088,0.5049313143034632,50.49313143034632
1484,585.3027362819737,507.0355426669537,1092.3382789489274,10507.0,9999.964457333046,9414.661721051072,7085,1054,14166235,False,1182.117806,596.8150697180263,0.5048693680856595,50.48693680856595
1485,587.0602153941851,507.0355426669537,1094.095758061139,10507.0,9999.964457333046,9412.90424193886,42558,1055,14173320,False,1185.742017,598.6818016058149,0.5049005542710855,50.49005542710855
1486,587.2945707201355,507.0355426669537,1094.330113387089,10507.0,9999.964457333046,9412.66988661291,5675,1056,14215878,False,1186.078996,598.7844252798644,0.5048436295552311,50.48436295552311
1487,587.658265408355,507.0355426669537,1094.6938080753089,10507.0,9999.964457333046,9412.30619192469,8807,1057,14221553,False,1186.581765,598.9234995916449,0.5047469270620765,50.47469270620765
1488,588.1913566687417,507.0355426669537,1095.2268993356954,10507.0,9999.964457333046,9411.773100664304,12909,1058,14230360,False,1187.389265,599.1979083312583,0.5046347697368295,50.46347697368295
1489,589.9870759627734,507.0355426669537,1097.022618629727,10507.0,9999.964457333046,9409.977381370272,43484,1059,14243269,False,1191.087692,601.1006160372267,0.5046652904522052,50.46652904522052
1490,590.0746649753445,507.0355426669537,1097.110207642298,10507.0,9999.964457333046,9409.889792357702,2121,1060,14286753,False,1191.193006,601.1183410246555,0.5046355527583206,50.463555275832064
1491,590.1141440399451,507.0355426669537,1097.1496867068988,10507.0,9999.964457333046,9409.8503132931,956,1061,14288874,False,1191.246877,601.1327329600549,0.5046248133501339,50.462481335013386
1492,590.4681754424779,507.0355426669537,1097.5037181094317,10507.0,9999.964457333046,9409.496281890568,8573,1062,14289830,False,1191.756718,601.2885425575222,0.5045396711223088,50.45396711223088
1493,590.5835154293289,507.0355426669537,1097.6190580962823,10507.0,9999.964457333046,9409.380941903715,2793,1063,14298403,False,1191.920913,601.337397570671,0.5045111559097806,50.451115590978056
1494,590.6248528181001,507.0355426669537,1097.660395485054,10507.0,9999.964457333046,9409.339604514946,1001,1064,14301196,False,1191.974336,601.3494831818999,0.5044986834195564,50.449868341955636
1495,591.6315689654165,507.0355426669537,1098.66711163237,10507.0,9999.964457333046,9408.33288836763,24378,1065,14302197,False,1193.72015,602.0885810345836,0.5043800098662853,50.43800098662853
1496,592.1173349035936,507.0355426669537,1099.1528775705474,10507.0,9999.964457333046,9407.847122429452,11763,1066,14326575,False,1194.410313,602.2929780964065,0.5042596932905137,50.42596932905137
1497,593.6773361006165,510.01462242256247,1103.691958523179,10509.999,9999.984377577435,9406.30704147682,9361,1066,14366753,False,1191.96553,598.2881938993835,0.5019341405781956,50.19341405781957
1498,593.7145851762125,510.01462242256247,1103.729207598775,10509.999,9999.984377577435,9406.269792401225,902,1067,14376114,False,1192.018155,598.3035698237875,0.5019248803503228,50.19248803503228
1499,593.8472282258958,510.01462242256247,1103.8618506484584,10509.999,9999.984377577435,9406.137149351542,3212,1068,14377016,False,1192.180995,598.3337667741041,0.5018816515977963,50.18816515977963
1500,594.4151733885031,510.01462242256247,1104.4297958110656,10509.999,9999.984377577435,9405.569204188934,13753,1069,14380228,False,1193.06154,598.6463666114968,0.5017732501975521,50.177325019755216
1501,594.5151099327851,510.01462242256247,1104.5297323553475,10509.999,9999.984377577435,9405.469267644652,2420,1070,14393981,False,1193.196062,598.6809520672149,0.5017456653885729,50.17456653885729
1502,584.0490695004398,513.0245615618621,1097.073631062302,10513.0,9999.975438438138,9415.926368937698,978,1067,14141984,False,1190.247662,606.1985924995602,0.5093045858043955,50.930458580439556
1503,584.853393497539,513.0245615618621,1097.877955059401,10513.0,9999.975438438138,9415.1220449406,19477,1068,14142962,False,1191.555293,606.701899502461,0.5091680621676874,50.91680621676874
1504,585.2258429574063,513.0245615618621,1098.2504045192684,10513.0,9999.975438438138,9414.749595480733,9019,1069,14162439,False,1192.084768,606.8589250425937,0.5090736341348787,50.90736341348787
1505,585.6106812450772,513.0245615618621,1098.6352428069397,10513.0,9999.975438438138,9414.36475719306,9319,1070,14171458,False,1192.676003,607.0653217549228,0.508994328910735,50.8994328910735
1506,586.6522925907069,513.0245615618621,1099.676854152569,10513.0,9999.975438438138,9413.323145847433,25223,1071,14180777,False,1194.574751,607.9224584092932,0.5089028190997594,50.89028190997594
1507,587.5890531570259,513.0245615618621,1100.613614718888,10513.0,9999.975438438138,9412.386385281112,22684,1072,14206000,False,1196.273727,608.6846738429741,0.5088172214309393,50.88172214309393
1508,587.8346410201849,513.0245615618621,1100.8592025820471,10513.0,9999.975438438138,9412.140797417953,5947,1073,14228684,False,1196.649041,608.814399979815,0.5087660451146553,50.87660451146553
1509,583.9264201051848,516.0189931535566,1099.9454132587414,10516.0,9999.981006846445,9416.054586741258,907,1068,14139085,False,1193.706613,609.7801928948153,0.5108291989455664,51.082919894556646
1510,584.033253096944,516.0189931535566,1100.0522462505005,10516.0,9999.981006846445,9415.9477537495,2587,1069,14139992,False,1193.884184,609.850930903056,0.5108124716585206,51.08124716585206
1511,584.3793969457752,516.0189931535566,1100.3983900993317,10516.0,9999.981006846445,9415.601609900668,8382,1070,14142579,False,1194.426584,610.0471870542249,0.5107448169909662,51.074481699096616
1512,584.4325450170523,516.0189931535566,1100.451538170609,10516.0,9999.981006846445,9415.54846182939,1287,1071,14150961,False,1194.484682,610.0521369829477,0.5107241190916735,51.07241190916735
1513,585.1290036200752,516.0189931535566,1101.1479967736318,10516.0,9999.981006846445,9414.852003226368,16865,1072,14152248,False,1195.711988,610.5829843799248,0.5106438594809211,51.06438594809211
1514,585.902149067202,516.0189931535566,1101.9211422207586,10516.0,9999.981006846445,9414.07885777924,18722,1073,14169113,False,1197.080333,611.1781839327981,0.5105573678594535,51.05573678594535
1515,585.9854019900419,516.0189931535566,1102.0043951435985,10516.0,9999.981006846445,9413.995604856402,2016,1074,14187835,False,1197.197251,611.2118490099582,0.5105356268563285,51.05356268563285
1516,584.935077168857,519.0134468360767,1103.9485240049337,10519.0,9999.986553163924,9415.051475995066,12661,1072,14151756,False,1195.069433,610.1343558311429,0.5105430186591869,51.054301865918696
1517,585.3550171353046,519.0134468360767,1104.3684639713813,10519.0,9999.986553163924,9414.631536028615,10169,1073,14164417,False,1195.721404,610.3663868646953,0.5104586944942698,51.04586944942698
1518,585.3921423226226,519.0134468360767,1104.4055891586993,10519.0,9999.986553163924,9414.5944108413,899,1074,14174586,False,1195.778424,610.3862816773775,0.510450991108849,51.0450991108849
1519,586.0960342223275,519.0134468360767,1105.109481058404,10519.0,9999.986553163924,9413.890518941596,17045,1075,14175485,False,1197.007376,610.9113417776725,0.5103655616719212,51.03655616719212
1520,586.2626226601926,519.0134468360767,1105.2760694962694,10519.0,9999.986553163924,9413.72393050373,4034,1076,14192530,False,1197.24809,610.9854673398074,0.5103248628609692,51.032486286096926
1521,586.5860949541433,519.0134468360767,1105.59954179022,10519.0,9999.986553163924,9413.40045820978,7833,1077,14196564,False,1197.753083,611.1669880458568,0.5102612522733592,51.02612522733592
1522,586.8225563808203,519.0134468360767,1105.836003216897,10519.0,9999.986553163924,9413.163996783102,5726,1078,14204397,False,1198.122603,611.3000466191797,0.5102149355070466,51.021493550704655
1523,586.9058918958455,519.0134468360767,1105.9193387319222,10519.0,9999.986553163924,9413.080661268075,2018,1079,14210123,False,1198.23926,611.3333681041546,0.5101930712102978,51.019307121029776
1524,587.1820388675866,519.0134468360767,1106.1954857036633,10519.0,9999.986553163924,9412.804514296336,6687,1080,14212141,False,1198.640982,611.4589431324133,0.5101268455815349,51.01268455815349
1525,587.9159117305761,522.0067284796662,1109.9226402102422,10522.0,9999.993271520334,9412.07735978976,70644,1075,14165955,False,1203.238384,615.3224722694239,0.5113886661626179,51.138866616261794
1526,588.3839203489016,522.0067284796662,1110.390648828568,10522.0,9999.993271520334,9411.609351171432,11333,1076,14236599,False,1203.935403,615.5514826510984,0.5112828156039352,51.12828156039352
1527,588.4537520416209,522.0067284796662,1110.460480521287,10522.0,9999.993271520334,9411.539519478712,1691,1077,14247932,False,1204.041269,615.5875169583792,0.5112677885780833,51.12677885780833
1528,588.6185234514081,522.0067284796662,1110.6252519310742,10522.0,9999.993271520334,9411.374748068924,3990,1078,14249623,False,1204.261537,615.643013548592,0.5112203575663913,51.12203575663913
1529,588.8893019311009,522.0067284796662,1110.8960304107673,10522.0,9999.993271520334,9411.103969589232,6557,1079,14253613,False,1204.647661,615.758359068899,0.5111522472535636,51.115224725356356
1530,587.5040245022009,525.0045572919037,1112.5085817941044,10525.0,9999.995442708096,9412.491418205896,2080,1075,14224545,False,1201.763711,614.2596864977992,0.5111318313869432,51.11318313869432
1531,587.7908671619457,525.0045572919037,1112.7954244538494,10525.0,9999.995442708096,9412.20457554615,6946,1076,14226625,False,1202.192891,614.4020238380542,0.5110677566284613,51.106775662846125
1532,588.9392702032419,525.0045572919037,1113.9438274951456,10525.0,9999.995442708096,9411.056172504854,27809,1077,14233571,False,1204.248049,615.3087787967581,0.5109485369793264,51.09485369793264
1533,589.0131489130438,525.0045572919037,1114.0177062049474,10525.0,9999.995442708096,9410.982293795052,1789,1078,14261380,False,1204.364333,615.3511840869562,0.5109344134711736,51.09344134711736
1534,589.3798995121215,525.0045572919037,1114.3844568040251,10525.0,9999.995442708096,9410.615543195974,8881,1079,14263169,False,1204.947122,615.5672224878786,0.5108665859678102,51.08665859678102
1535,589.4170246994395,525.0045572919037,1114.4215819913431,10525.0,9999.995442708096,9410.578418008656,899,1080,14272050,False,1205.004719,615.5876943005605,0.5108591564781751,51.085915647817515
1536,589.7753921917034,525.0045572919037,1114.7799494836072,10525.0,9999.995442708096,9410.220050516393,8678,1081,14272949,False,1205.545353,615.7699608082966,0.5107812487319144,51.07812487319144
1537,590.1074540729312,525.0045572919037,1115.1120113648349,10525.0,9999.995442708096,9409.887988635164,8041,1082,14281627,False,1206.080345,615.9728909270689,0.5107229327471288,51.07229327471288
1538,590.1446205563419,525.0045572919037,1115.1491778482457,10525.0,9999.995442708096,9409.850822151751,900,1083,14289668,False,1206.108746,615.9641254436582,0.5107036388604864,51.07036388604864
1539,590.9778931144085,528.0102965221629,1118.9881896365714,10528.001,9999.990703477835,9409.012810363429,20096,1079,14290650,False,1204.573365,613.5954718855915,0.5093882113901725,50.93882113901726
1540,591.2126201051931,528.0102965221629,1119.222916627356,10528.001,9999.990703477835,9408.778083372645,5684,1080,14310746,False,1204.939166,613.7265458948068,0.5093423495662244,50.93423495662244
1541,594.4748875385162,528.0102965221629,1122.485184060679,10528.001,9999.990703477835,9405.51581593932,78997,1081,14316430,False,1214.134878,619.6599904614839,0.5103716248414073,51.03716248414073
1542,594.5136645695413,528.0102965221629,1122.5239610917042,10528.001,9999.990703477835,9405.477038908297,939,1082,14395427,False,1214.196172,619.6825074304586,0.5103644054565992,51.03644054565992
1543,594.9810124503839,528.0102965221629,1122.991308972547,10528.001,9999.990703477835,9405.009691027451,11317,1083,14396366,False,1214.950227,619.9692145496161,0.5102836320138537,51.028363201385375
1544,595.0368034715925,528.0102965221629,1123.0470999937554,10528.001,9999.990703477835,9404.953900006243,1351,1084,14407683,False,1215.039689,620.0028855284074,0.5102737722408732,51.027377224087324
1545,596.5437391895235,531.0240061193249,1127.5677453088483,10531.0,9999.975993880676,9403.432254691152,2135,1080,14443390,False,1212.190647,615.6469078104764,0.5078796056825841,50.787960568258406
1546,596.5808230807488,531.0240061193249,1127.6048292000737,10531.0,9999.975993880676,9403.395170799926,898,1081,14445525,False,1212.22011,615.6392869192512,0.5078609749505403,50.78609749505403
1547,601.2761888182937,531.0240061193249,1132.3001949376185,10531.0,9999.975993880676,9398.69980506238,113700,1082,14446423,False,1227.812037,626.5358481817062,0.5102864520798848,51.028645207988475
1548,601.3548165787536,531.0240061193249,1132.3788226980785,10531.0,9999.975993880676,9398.62117730192,1904,1083,14560123,False,1227.917229,626.5624124212463,0.5102643709393269,51.026437093932685
1549,601.5865289547726,531.0240061193249,1132.6105350740977,10531.0,9999.975993880676,9398.389464925902,5611,1084,14562027,False,1228.224647,626.6381180452274,0.5101982927763438,51.01982927763438
1550,602.3116470461143,531.0240061193249,1133.3356531654392,10531.0,9999.975993880676,9397.66434683456,17559,1085,14567638,False,1229.365904,627.0542569538857,0.5100631593194777,51.00631593194777
1551,603.2638936471877,531.0240061193249,1134.2878997665125,10531.0,9999.975993880676,9396.712100233486,23059,1086,14585197,False,1230.934478,627.6705843528122,0.5099138870272283,50.99138870272283
1552,603.4647991380687,531.0240061193249,1134.4888052573936,10531.0,9999.975993880676,9396.511194742608,4865,1087,14608256,False,1231.216915,627.7521158619313,0.509863134768524,50.986313476852395
1553,603.5017591410159,531.0240061193249,1134.525765260341,10531.0,9999.975993880676,9396.47423473966,895,1088,14613121,False,1231.269148,627.7673888589842,0.5098539095848312,50.98539095848312
1554,603.2876801965706,534.0129727944003,1137.3006529909708,10533.999,9999.9860272056,9396.698347009027,5234,1083,14603598,False,1228.546629,625.2589488034293,0.5089419758632778,50.894197586327785
1555,603.8081761486903,534.0129727944003,1137.8211489430903,10533.999,9999.9860272056,9396.17785105691,12604,1084,14608832,False,1229.351376,625.5431998513097,0.5088400371638822,50.884003716388214
1556,605.8187590129282,534.0129727944003,1139.8317318073289,10533.999,9999.9860272056,9394.167268192672,48687,1085,14621436,False,1233.728627,627.9098679870717,0.5089529854826589,50.895298548265885
1557,605.8558429041535,534.0129727944003,1139.8688156985538,10533.999,9999.9860272056,9394.130184301446,898,1086,14670123,False,1233.785275,627.9294320958464,0.5089454744026236,50.89454744026236
1558,609.9831808869058,534.0129727944003,1143.9961536813062,10533.999,9999.9860272056,9390.002846318694,99945,1087,14671021,False,1246.636287,636.6531061130943,0.5106967547408591,51.069675474085905
1559,610.191106713542,534.0129727944003,1144.2040795079424,10533.999,9999.9860272056,9389.794920492055,5035,1088,14770966,False,1247.401707,637.210600286458,0.510830309683437,51.0830309683437
1560,610.637971732416,534.0129727944003,1144.650944526816,10533.999,9999.9860272056,9389.348055473183,10821,1089,14776001,False,1248.064039,637.4260672675841,0.5107318593830457,51.07318593830457
1561,612.7890026078535,534.0129727944003,1146.801975402254,10533.999,9999.9860272056,9387.197024597746,52088,1090,14786822,False,1252.75618,639.9671773921466,0.510847352109767,51.084735210976696
1562,612.8461976962132,534.0129727944003,1146.8591704906137,10533.999,9999.9860272056,9387.139829509386,1385,1091,14838910,False,1252.80834,639.9621423037869,0.5108220642143768,51.08220642143768
1563,616.2584938342372,534.0129727944003,1150.2714666286374,10533.999,9999.9860272056,9383.727533371362,82630,1092,14840295,False,1262.05612,645.7976261657627,0.5117027808286074,51.17027808286074
1564,617.6143271490577,534.0129727944003,1151.627299943458,10533.999,9999.9860272056,9382.37170005654,32832,1093,14922925,False,1264.622948,647.0086208509423,0.5116217619442901,51.16217619442901
1565,613.2142697702566,537.0496174232005,1150.263887193457,10537.0,9999.9503825768,9386.736112806542,5368,1093,14843840,False,1261.937732,648.7234622297435,0.5140693124387404,51.40693124387404
1566,613.2708454172262,537.0496174232005,1150.320462840427,10537.0,9999.9503825768,9386.679537159573,1370,1094,14849208,False,1261.989735,648.718889582774,0.5140445057445526,51.40445057445526
1567,613.610340595136,537.0496174232005,1150.6599580183365,10537.0,9999.9503825768,9386.340041981664,8221,1095,14850578,False,1262.482392,648.8720514048639,0.5139652287561283,51.396522875612824
1568,615.2214250588022,537.0496174232005,1152.2710424820027,10537.0,9999.9503825768,9384.728957517997,39013,1096,14858799,False,1265.635039,650.4136139411978,0.5139029766867871,51.390297668678706
1569,615.3980071510954,537.0496174232005,1152.4476245742958,10537.0,9999.9503825768,9384.552375425705,4276,1097,14897812,False,1265.858095,650.4600878489047,0.5138491355533059,51.38491355533059
1570,616.4522551010848,537.0496174232005,1153.501872524285,10537.0,9999.9503825768,9383.498127475714,25529,1098,14902088,False,1267.709088,651.2568328989153,0.5137273520113119,51.37273520113119
1571,617.0450605114845,537.0496174232005,1154.094677934685,10537.0,9999.9503825768,9382.905322065317,14355,1099,14927617,False,1268.607829,651.5627684885155,0.5136045620986905,51.36045620986906
1572,617.1132403604968,540.0688703134389,1157.1821106739358,10540.0,9999.931129686562,9382.817889326065,1651,1100,14941972,False,1265.713695,648.6004546395031,0.512438521603816,51.2438521603816
1573,617.1502416595367,540.0688703134389,1157.2191119729755,10540.0,9999.931129686562,9382.780888027024,896,1101,14943623,False,1265.739771,648.5895293404633,0.5124193331051327,51.24193331051327
1574,617.1981864231365,540.0688703134389,1157.2670567365751,10540.0,9999.931129686562,9382.732943263423,1161,1102,14944519,False,1265.818685,648.6204985768635,0.5124118535008539,51.241185350085395
1575,618.0125040746636,543.010920482638,1161.0234245573015,10543.0,9999.98907951736,9381.976575442695,19719,1103,14945680,False,1264.133228,646.1207239253363,0.5111175860376453,51.111758603764535
1576,618.0663128834237,543.010920482638,1161.0772333660616,10543.0,9999.98907951736,9381.922766633936,1303,1104,14965399,False,1265.743298,647.6769851165764,0.5116969500371602,51.16969500371602
1577,618.7493915524187,543.010920482638,1161.7603120350568,10543.0,9999.98907951736,9381.239687964942,16541,1105,14966702,False,1266.851163,648.1017714475813,0.5115847783671974,51.15847783671974
1578,618.786351555366,543.010920482638,1161.797272038004,10543.0,9999.98907951736,9381.202727961996,895,1106,14983243,False,1266.905284,648.118932444634,0.5115764695513213,51.15764695513213
1579,618.9238675439854,543.010920482638,1161.9347880266232,10543.0,9999.98907951736,9381.065211973377,3330,1107,14984138,False,1267.102048,648.1781804560146,0.5115437872420001,51.154378724200015
1580,619.0220283562821,543.010920482638,1162.0329488389202,10543.0,9999.98907951736,9380.967051161078,2377,1108,14987468,False,1267.239133,648.2171046437179,0.5115191661649213,51.15191661649213
1581,619.5700688022184,543.010920482638,1162.5809892848563,10543.0,9999.98907951736,9380.419010715144,13271,1109,14989845,False,1268.070081,648.5000121977816,0.5114070759294111,51.14070759294111
1582,619.7024640753457,543.010920482638,1162.7133845579838,10543.0,9999.98907951736,9380.286615442015,3206,1110,15003116,False,1268.265433,648.5629689246543,0.5113779434881549,51.13779434881549
1583,619.8974229288809,543.010920482638,1162.908343411519,10543.0,9999.98907951736,9380.09165658848,4721,1111,15006322,False,1268.519541,648.622118071119,0.5113221334846737,51.13221334846737
1584,621.0307941924423,543.010920482638,1164.04171467508,10543.0,9999.98907951736,9378.95828532492,27445,1112,15011043,False,1270.764253,649.7334588075578,0.5112934655453814,51.12934655453814
1585,622.5372756533537,546.0409304137667,1168.5782060671204,10545.999,9999.958069586231,9377.42079393288,28288,1113,15046680,False,1270.086422,647.5491463466464,0.5098465231420656,50.984652314206556
1586,622.645264935708,546.0409304137667,1168.6861953494747,10545.999,9999.958069586231,9377.312804650524,2615,1114,15074968,False,1270.240068,647.594803064292,0.5098207963821623,50.98207963821623
1587,622.9864532534177,546.0409304137667,1169.0273836671845,10545.999,9999.958069586231,9376.971616332816,8262,1115,15077583,False,1270.804837,647.8183837465822,0.5097701589458006,50.977015894580056
1588,623.5375909063049,546.0409304137667,1169.5785213200716,10545.999,9999.958069586231,9376.42047867993,13346,1116,15085845,False,1271.757767,648.2201760936952,0.5097041220536891,50.97041220536891
1589,623.88117439739,546.0409304137667,1169.9221048111567,10545.999,9999.958069586231,9376.076895188844,8320,1117,15099191,False,1272.31736,648.43618560261,0.5096497194714139,50.96497194714139
1590,624.2203392065585,546.0409304137667,1170.261269620325,10545.999,9999.958069586231,9375.737730379677,8213,1118,15107511,False,1272.820739,648.6003997934415,0.5095771776181293,50.95771776181293
1591,624.2723722833334,546.0409304137667,1170.3133026971,10545.999,9999.958069586231,9375.6856973029,1260,1119,15115724,False,1272.906127,648.6337547166665,0.5095691983550854,50.95691983550854
1592,624.526880102511,546.0409304137667,1170.5678105162776,10545.999,9999.958069586231,9375.431189483725,6163,1120,15116984,False,1273.301481,648.774600897489,0.5095215945150455,50.952159451504556
1593,625.1412007771962,546.0409304137667,1171.182131190963,10545.999,9999.958069586231,9374.816868809035,14876,1121,15123147,False,1274.299569,649.1583682228038,0.5094236740048711,50.94236740048711
1594,625.3001907340084,546.0409304137667,1171.341121147775,10545.999,9999.958069586231,9374.657878852226,3850,1122,15138023,False,1274.499942,649.1997512659915,0.5093760539896451,50.937605398964514
1595,625.7703467491532,546.0409304137667,1171.81127716292,10545.999,9999.958069586231,9374.18772283708,11385,1123,15141873,False,1275.256559,649.4862122508467,0.5092984683491024,50.929846834910244
1596,626.9869296394617,546.0409304137667,1173.0278600532283,10545.999,9999.958069586231,9372.971139946772,29460,1124,15153258,False,1277.534458,650.5475283605384,0.5092211206412237,50.92211206412237
1597,628.14276597744,549.0741617155802,1177.2169276930204,10548.999,9999.92483828442,9371.78207230698,8021,1125,15202686,False,1275.027671,646.88490502256,0.507349698940424,50.7349698940424
1598,628.3992147129735,549.0741617155802,1177.4733764285538,10548.999,9999.92483828442,9371.525623571446,6210,1126,15210707,False,1275.416187,647.0169722870265,0.5072986989516909,50.72986989516909
1599,628.8739958904981,549.0741617155802,1177.9481576060784,10548.999,9999.92483828442,9371.05084239392,11497,1127,15216917,False,1276.152363,647.2783671095018,0.5072108831800218,50.72108831800218
1600,629.1822299262504,549.0741617155802,1178.2563916418308,10548.999,9999.92483828442,9370.742608358169,7464,1128,15228414,False,1278.713956,649.5317260737496,0.5079570165211754,50.79570165211754
1601,629.2945140022433,549.0741617155802,1178.3686757178234,10548.999,9999.92483828442,9370.630324282176,2719,1129,15235878,False,1278.873404,649.5788899977566,0.5079305644843614,50.79305644843613
1602,629.4857562074374,549.0741617155802,1178.5599179230176,10548.999,9999.92483828442,9370.439082076982,4631,1130,15238597,False,1279.120394,649.6346377925627,0.5078760692424412,50.78760692424412
1603,629.5225923221066,549.0741617155802,1178.5967540376869,10548.999,9999.92483828442,9370.402245962314,892,1131,15243228,False,1279.171752,649.6491596778934,0.5078670308831941,50.786703088319406
1604,627.2707989805336,552.0147657180488,1179.2855646985824,10552.0,9999.98523428195,9372.714435301416,4816,1130,15184776,False,1276.414318,649.1435190194665,0.5085680330165855,50.85680330165855
1605,627.3656148093235,552.0147657180488,1179.3803805273724,10552.0,9999.98523428195,9372.619619472627,2296,1131,15189592,False,1276.54348,649.1778651906766,0.5085434811751782,50.85434811751782
1606,627.8626545808017,552.0147657180488,1179.877420298851,10552.0,9999.98523428195,9372.122579701148,12036,1132,15191888,False,1277.267674,649.4050194191982,0.5084329875706212,50.843298757062115
1607,628.4469529961099,552.0147657180488,1180.461718714159,10552.0,9999.98523428195,9371.53828128584,14149,1133,15203924,False,1278.160421,649.7134680038902,0.5083191885221817,50.83191885221817
1608,628.9124425527818,552.0147657180488,1180.9272082708308,10552.0,9999.98523428195,9371.072791729168,11272,1134,15218073,False,1278.817472,649.9050294472181,0.5082078120427949,50.820781204279484
1609,629.2636658210124,552.0147657180488,1181.278431539061,10552.0,9999.98523428195,9370.721568460938,8505,1135,15229345,False,1279.338292,650.0746261789875,0.5081334860717103,50.81334860717103
1610,629.9420780315347,552.0147657180488,1181.9568437495836,10552.0,9999.98523428195,9370.043156250416,16428,1136,15237850,False,1280.362348,650.4202699684654,0.5079970298911549,50.79970298911549
1611,631.0762339208569,552.0147657180488,1183.0909996389055,10552.0,9999.98523428195,9368.909000361093,27464,1137,15254278,False,1282.33733,651.2610960791432,0.5078703402318819,50.78703402318819
1612,632.4023340489488,552.0147657180488,1184.4170997669976,10552.0,9999.98523428195,9367.582900233,32112,1138,15281742,False,1284.798455,652.3961209510513,0.5077809040103891,50.77809040103891
1613,632.4396657167301,552.0147657180488,1184.454431434779,10552.0,9999.98523428195,9367.54556856522,904,1139,15313854,False,1284.851185,652.4115192832699,0.5077720493235719,50.777204932357186
1614,627.4209102774199,555.0394495516089,1182.460359829029,10555.0,9999.960550448392,9372.539640170971,2796,1139,15190431,False,1281.984879,654.5639687225802,0.5105863411065866,51.058634110658666
1615,627.748057923619,555.0394495516089,1182.7875074752278,10555.0,9999.960550448392,9372.212492524774,7922,1140,15193227,False,1282.446745,654.698687076381,0.5105075042132693,51.05075042132693
1616,627.901927164939,555.0394495516089,1182.941376716548,10555.0,9999.960550448392,9372.058623283452,3726,1141,15201149,False,1282.662995,654.7610678350609,0.5104700692133564,51.04700692133564
1617,628.7229347834802,555.0394495516089,1183.762384335089,10555.0,9999.960550448392,9371.237615664912,19881,1142,15204875,False,1284.010328,655.2873932165198,0.5103443320718521,51.03443320718522
1618,628.7724900946944,555.0394495516089,1183.8119396463032,10555.0,9999.960550448392,9371.188060353696,1200,1143,15224756,False,1284.062364,655.2898739053055,0.5103255825238918,51.03255825238918
1619,629.9922114880465,555.0394495516089,1185.031661039655,10555.0,9999.960550448392,9369.968338960343,29536,1144,15225956,False,1286.229038,656.2368265119535,0.5102021546118706,51.02021546118706
1620,630.7384731788395,555.0394495516089,1185.7779227304484,10555.0,9999.960550448392,9369.222077269553,18071,1145,15255492,False,1287.42754,656.6890668211604,0.5100784676558655,51.00784676558655
1621,630.9549060005676,555.0394495516089,1185.9943555521763,10555.0,9999.960550448392,9369.005644447823,5241,1146,15273563,False,1287.699644,656.7447379994325,0.510013915946561,51.0013915946561
1622,634.6126661134726,558.0131347767496,1192.6258008902223,10558.0,9999.98686522325,9365.374199109778,8222,1147,15359156,False,1285.182947,650.5702808865274,0.5062083047438127,50.62083047438127
1623,635.4081114506458,558.0131347767496,1193.4212462273954,10558.0,9999.98686522325,9364.578753772605,19262,1148,15367378,False,1286.428329,651.0202175493542,0.5060680046244179,50.60680046244179
1624,635.7115551396473,558.0131347767496,1193.724689916397,10558.0,9999.98686522325,9364.275310083603,7348,1149,15386640,False,1286.85132,651.1397648603527,0.5059945579885271,50.59945579885271
1625,638.0510200859768,558.0131347767496,1196.0641548627264,10558.0,9999.98686522325,9361.935845137274,56651,1150,15393988,False,1292.19333,654.1423099140233,0.5062263476580732,50.62263476580732
1626,638.2591110969837,558.0131347767496,1196.2722458737333,10558.0,9999.98686522325,9361.727754126268,5039,1151,15450639,False,1292.468876,654.2097649030162,0.5061706142802438,50.61706142802438
1627,638.2961536921164,558.0131347767496,1196.3092884688658,10558.0,9999.98686522325,9361.690711531135,897,1152,15455678,False,1292.520216,654.2240623078835,0.506161570402767,50.6161570402767
1628,638.6982537465269,558.0131347767496,1196.7113885232766,10558.0,9999.98686522325,9361.288611476724,9737,1153,15456575,False,1293.088638,654.390384253473,0.5060676932910094,50.60676932910094
1629,638.7830759208885,558.0131347767496,1196.796210697638,10558.0,9999.98686522325,9361.203789302364,2054,1154,15466312,False,1293.193982,654.4109060791116,0.5060423379538365,50.60423379538365
1630,638.8432856240138,558.0131347767496,1196.8564204007637,10558.0,9999.98686522325,9361.143579599237,1458,1155,15468366,False,1293.272191,654.4289053759862,0.506025653323575,50.6025653323575
1631,636.8661112987527,561.0282093543558,1197.8943206531085,10560.999,9999.970790645644,9363.104679346892,4234,1156,15417712,False,1290.518693,653.6525817012473,0.5065037687921715,50.65037687921715
1632,637.6222014596033,561.0282093543558,1198.650410813959,10560.999,9999.970790645644,9362.34858918604,18309,1157,15421946,False,1291.686595,654.0643935403966,0.5063646213193044,50.636462131930436
1633,638.9874502835544,561.0282093543558,1200.0156596379102,10560.999,9999.970790645644,9360.98334036209,33060,1158,15440255,False,1294.188657,655.2012067164455,0.5062640621771773,50.62640621771774
1634,639.0797057545981,561.0282093543558,1200.107915108954,10560.999,9999.970790645644,9360.891084891044,2234,1159,15473315,False,1294.322628,655.2429222454018,0.5062438901017203,50.62438901017203
1635,641.0593578454199,561.0282093543558,1202.0875671997755,10560.999,9999.970790645644,9358.911432800223,47938,1160,15475549,False,1298.516805,657.4574471545801,0.5063141613747387,50.63141613747387
1636,640.6308695877877,564.034332299437,1204.6652018872246,10564.0,9999.965667700562,9359.334798112775,21643,1157,15491468,False,1297.024256,656.3933864122122,0.5060764155918857,50.607641559188565
1637,641.6784688668558,564.034332299437,1205.7128011662928,10564.0,9999.965667700562,9358.287198833706,25368,1158,15513111,False,1298.828125,657.1496561331442,0.5059558254739396,50.59558254739396
1638,643.8172760988605,564.034332299437,1207.8516083982977,10564.0,9999.965667700562,9356.148391601702,51792,1159,15538479,False,1303.573027,659.7557509011394,0.5061133800992182,50.61133800992182
1639,644.655710668512,564.034332299437,1208.690042967949,10564.0,9999.965667700562,9355.30995703205,20303,1160,15590271,False,1304.936386,660.280675331488,0.5059868683372647,50.59868683372647
1640,644.8770990213613,564.034332299437,1208.9114313207983,10564.0,9999.965667700562,9355.0885686792,5361,1161,15610574,False,1305.261164,660.3840649786387,0.505940177485154,50.5940177485154
1641,646.3226687455722,564.034332299437,1210.3570010450092,10564.0,9999.965667700562,9353.64299895499,35005,1162,15615935,False,1308.058302,661.7356332544277,0.5058915433988261,50.58915433988261
1642,647.4809415530186,564.034332299437,1211.5152738524555,10564.0,9999.965667700562,9352.484726147544,28048,1163,15650940,False,1310.123609,662.6426674469814,0.5057863722895336,50.57863722895336
1643,648.1623270822138,564.034332299437,1212.1966593816508,10564.0,9999.965667700562,9351.80334061835,16500,1164,15678988,False,1311.206971,663.0446439177863,0.5056750448879258,50.56750448879258
1644,648.2127909074669,564.034332299437,1212.2471232069038,10564.0,9999.965667700562,9351.752876793096,1222,1165,15695488,False,1311.25961,663.0468190925332,0.5056564039919853,50.56564039919853
1645,648.9579788998503,564.034332299437,1212.992311199287,10564.0,9999.965667700562,9351.007688800712,18045,1166,15696710,False,1312.461715,663.5037361001496,0.5055414024782807,50.55414024782807
1646,649.0233506145604,564.034332299437,1213.0576829139973,10564.0,9999.965667700562,9350.942317086005,1583,1167,15714755,False,1312.541346,663.5179953854396,0.5055215954968016,50.55215954968016
1647,649.3167593530411,564.034332299437,1213.351091652478,10564.0,9999.965667700562,9350.64890834752,7105,1168,15716338,False,1312.99894,663.6821806469588,0.5054704618778739,50.547046187787394
1648,645.0466194818066,567.0319317834467,1212.0785512652533,10567.0,9999.968068216553,9354.921448734744,897,1164,15619143,False,1310.026868,664.9802485181933,0.5076080993158633,50.76080993158632
1649,645.1672040724278,567.0319317834467,1212.1991358558744,10567.0,9999.968068216553,9354.800864144125,2920,1165,15620040,False,1310.195939,665.0287349275721,0.5075796032730431,50.75796032730431
1650,645.5515055108939,567.0319317834467,1212.5834372943405,10567.0,9999.968068216553,9354.41656270566,9306,1166,15622960,False,1310.776452,665.2249464891062,0.5075044989358003,50.75044989358003
1651,645.6333956626754,567.0319317834467,1212.665327446122,10567.0,9999.968068216553,9354.334672553878,1983,1167,15632266,False,1310.885603,665.2522073373245,0.5074830372801985,50.74830372801985
1652,645.6966612766588,567.0319317834467,1212.7285930601056,10567.0,9999.968068216553,9354.271406939892,1532,1168,15634249,False,1310.976463,665.2798017233412,0.507468913820874,50.7468913820874
1653,645.7443169676098,570.0234128474833,1215.7677298150932,10570.0,9999.976587152516,9354.232270184906,10835,1165,15626100,False,1308.695583,662.9512660323901,0.5065740838772206,50.65740838772206
1654,645.7818138197619,570.0234128474833,1215.8052266672453,10570.0,9999.976587152516,9354.194773332754,908,1166,15636935,False,1308.756289,662.9744751802381,0.5065683204371124,50.65683204371124
1655,645.834466337927,570.0234128474833,1215.8578791854102,10570.0,9999.976587152516,9354.14212081459,1275,1167,15637843,False,1308.816248,662.9817816620731,0.50655069623041,50.655069623041
1656,645.9711151086001,570.0234128474833,1215.9945279560834,10570.0,9999.976587152516,9354.005472043917,3309,1168,15639118,False,1309.03182,663.0607048913998,0.5065275685134987,50.652756851349864
1657,646.244453946039,570.0234128474833,1216.2678667935224,10570.0,9999.976587152516,9353.732133206477,6619,1169,15642427,False,1309.447618,663.2031640539609,0.5064755206221322,50.64755206221322
1658,646.8093431977882,570.0234128474833,1216.8327560452717,10570.0,9999.976587152516,9353.167243954727,13679,1170,15649046,False,1310.415356,663.6060128022118,0.5064089105517258,50.640891055172574
1659,646.970191478771,570.0234128474833,1216.9936043262542,10570.0,9999.976587152516,9353.006395673743,3895,1171,15662725,False,1310.660343,663.690151521229,0.5063784488985863,50.63784488985863
1660,647.544207167002,570.0234128474833,1217.567620014485,10570.0,9999.976587152516,9352.432379985514,13900,1172,15666620,False,1311.606327,664.062119832998,0.5062968256274644,50.62968256274644
1661,648.2607356710666,570.0234128474833,1218.28414851855,10570.0,9999.976587152516,9351.71585148145,17351,1173,15680520,False,1312.855849,664.5951133289334,0.5062209334217114,50.62209334217114
1662,648.5911457085873,570.0234128474833,1218.6145585560707,10570.0,9999.976587152516,9351.385441443928,8001,1174,15697871,False,1313.353445,664.7622992914127,0.5061564362755471,50.615643627554704
1663,648.8056376139593,570.0234128474833,1218.8290504614426,10570.0,9999.976587152516,9351.170949538557,5194,1175,15705872,False,1313.649314,664.8436763860407,0.5061043836437772,50.61043836437772
1664,648.9485633907196,570.0234128474833,1218.9719762382028,10570.0,9999.976587152516,9351.028023761795,3461,1176,15711066,False,1313.849775,664.9012116092803,0.5060709559502572,50.60709559502572
1665,650.0379130194857,570.0234128474833,1220.0613258669691,10570.0,9999.976587152516,9349.93867413303,26379,1177,15714527,False,1315.881955,665.8440419805144,0.5060059068752214,50.60059068752214
1666,650.8328628035467,570.0234128474833,1220.85627565103,10570.0,9999.976587152516,9349.143724348967,19250,1178,15740906,False,1317.251746,666.4188831964532,0.5059161130134142,50.59161130134142
1667,651.1065733058198,570.0234128474833,1221.129986153303,10570.0,9999.976587152516,9348.870013846696,6628,1179,15760156,False,1317.67846,666.5718866941803,0.5058683942470914,50.58683942470914
1668,651.5583525597225,570.0234128474833,1221.5817654072057,10570.0,9999.976587152516,9348.418234592791,10940,1180,15766784,False,1318.378208,666.8198554402776,0.5057879835952792,50.57879835952792
1669,652.460754776933,570.0234128474833,1222.4841676244164,10570.0,9999.976587152516,9347.515832375582,21852,1181,15777724,False,1319.966242,667.505487223067,0.5056989080354579,50.56989080354579
1670,653.1553137596926,570.0234128474833,1223.178726607176,10570.0,9999.976587152516,9346.821273392825,16819,1182,15799576,False,1321.108164,667.9528502403074,0.5056004257954971,50.560042579549716
1671,653.2737096574018,570.0234128474833,1223.297122504885,10570.0,9999.976587152516,9346.702877495114,2867,1183,15816395,False,1321.276532,668.0028223425983,0.5055738190789256,50.55738190789256
1672,653.2537223485455,573.011738389971,1226.2654607385166,10572.999,9999.98726161003,9346.733539261484,5749,1179,15813029,False,1318.599346,665.3456236514545,0.504585130934423,50.458513093442306
1673,653.4484747216172,573.011738389971,1226.4602131115882,10572.999,9999.98726161003,9346.538786888412,4716,1180,15818778,False,1318.886271,665.4377962783828,0.504545244658463,50.4545244658463
1674,653.5236336102921,573.011738389971,1226.5353720002631,10572.999,9999.98726161003,9346.463627999738,1820,1181,15823494,False,1320.515128,666.9914943897079,0.5050994723550852,50.50994723550852
1675,653.9746695345266,573.011738389971,1226.9864079244976,10572.999,9999.98726161003,9346.012592075502,10922,1182,15825314,False,1321.199116,667.2244464654734,0.505014299801782,50.5014299801782
1676,654.014313783498,573.011738389971,1227.026052173469,10572.999,9999.98726161003,9345.97294782653,960,1183,15836236,False,1321.252694,667.238380216502,0.5050043668758658,50.50043668758658
1677,654.5080911636547,573.011738389971,1227.5198295536256,10572.999,9999.98726161003,9345.479170446377,11957,1184,15837196,False,1322.002344,667.4942528363453,0.5049115501691919,50.49115501691919
1678,655.7533335422821,573.011738389971,1228.7650719322532,10572.999,9999.98726161003,9344.233928067748,30154,1185,15849153,False,1324.378248,668.6249144577179,0.5048594806411513,50.48594806411513
1679,655.5857539981928,576.0080204479567,1231.5937744461494,10575.999,9999.990979552043,9344.40522555385,1260,1178,15873989,False,1321.610122,666.0243680018073,0.503949203259664,50.394920325966396
1680,655.6251917667007,576.0080204479567,1231.6332122146573,10575.999,9999.990979552043,9344.365787785342,955,1179,15875249,False,1321.664457,666.0392652332994,0.5039397569524708,50.393975695247086
1681,656.5191282849121,576.0080204479567,1232.527148732869,10575.999,9999.990979552043,9343.471851267132,21647,1180,15876204,False,1323.222278,666.7031497150879,0.5038481899827021,50.384818998270205
1682,656.8501164677302,576.0080204479567,1232.8581369156868,10575.999,9999.990979552043,9343.140863084313,8015,1181,15897851,False,1323.706787,666.8566705322698,0.5037797472079214,50.37797472079214
1683,656.9297766305071,576.0080204479567,1232.937797078464,10575.999,9999.990979552043,9343.061202921535,1929,1182,15905866,False,1323.819408,666.8896313694929,0.5037617875515336,50.376178755153354
1684,657.3427788533847,576.0080204479567,1233.350799301341,10575.999,9999.990979552043,9342.64820069866,10001,1183,15907795,False,1324.447221,667.1044421466152,0.5036851839538989,50.36851839538989
1685,657.3796975602393,576.0080204479567,1233.387718008196,10575.999,9999.990979552043,9342.611281991803,894,1184,15917796,False,1324.5021,667.1224024397607,0.5036778744554355,50.367787445543556
1686,657.8818167511172,579.0174702646023,1236.8992870157194,10579.0,9999.982529735398,9342.10071298428,30548,1178,15900301,False,1323.940223,666.0584062488829,0.503087975331408,50.308797533140805
1687,657.9677952160738,579.0174702646023,1236.985265480676,10579.0,9999.982529735398,9342.014734519324,2082,1179,15930849,False,1324.055427,666.0876317839262,0.5030662751733325,50.30662751733325
1688,658.0083066829914,579.0174702646023,1237.0257769475936,10579.0,9999.982529735398,9341.974223052406,981,1180,15932931,False,1324.112114,666.1038073170087,0.5030569543728294,50.305695437282935
1689,658.3725795165084,579.0174702646023,1237.3900497811103,10579.0,9999.982529735398,9341.60995021889,8821,1181,15933912,False,1324.682541,666.3099614834915,0.5029959562843604,50.299595628436045
1690,659.821370335948,579.0174702646023,1238.8388406005502,10579.0,9999.982529735398,9340.16115939945,35083,1182,15942733,False,1327.550241,667.7288706640519,0.5029782301580343,50.29782301580343
1691,660.1158114767456,579.0174702646023,1239.133281741348,10579.0,9999.982529735398,9339.866718258652,7130,1183,15977816,False,1327.957667,667.8418555232543,0.5029089948567271,50.29089948567271
1692,660.2233465020805,579.0174702646023,1239.2408167666829,10579.0,9999.982529735398,9339.759183233318,2604,1184,15984946,False,1328.120172,667.8968254979194,0.5028888496529209,50.28888496529209
1693,660.4797539415213,579.0174702646023,1239.4972242061235,10579.0,9999.982529735398,9339.502775793875,6209,1185,15987550,False,1328.489906,668.0101520584788,0.5028341947059392,50.28341947059391
1694,661.8644119290312,579.0174702646023,1240.8818821936334,10579.0,9999.982529735398,9338.118117806369,33530,1186,15993759,False,1331.185023,669.3206110709688,0.5028005870758424,50.28005870758424
1695,659.6281459183053,582.0028052405985,1241.6309511589038,10582.0,9999.997194759402,9340.369048841098,7956,1183,15965181,False,1328.706055,669.0779090816948,0.5035560021450303,50.35560021450303
1696,659.9014021635589,582.0028052405985,1241.9042074041574,10582.0,9999.997194759402,9340.095792595845,6617,1184,15973137,False,1329.119293,669.217890836441,0.5035047601528128,50.350476015281274
1697,660.4052557903293,582.0028052405985,1242.408061030928,10582.0,9999.997194759402,9339.591938969072,12201,1185,15979754,False,1329.969806,669.5645502096708,0.5034434219401148,50.34434219401148
1698,660.6153290137847,582.0028052405985,1242.6181342543832,10582.0,9999.997194759402,9339.381865745618,5087,1186,15991955,False,1330.279159,669.6638299862152,0.5034009782500211,50.340097825002104
1699,660.9229023120542,582.0028052405985,1242.9257075526527,10582.0,9999.997194759402,9339.074292447349,7448,1187,15997042,False,1330.755423,669.8325206879458,0.5033475792102377,50.334757921023765
1700,658.0809465100128,585.0197039627526,1243.1006504727654,10585.0,9999.980296037247,9341.899349527232,1075,1182,15934596,False,1327.813154,669.7322074899871,0.5043873872407707,50.43873872407707
1701,658.2939104599558,585.0197039627526,1243.3136144227085,10585.0,9999.980296037247,9341.686385577292,5157,1183,15935671,False,1328.123387,669.8294765400443,0.5043428066221112,50.434280662211115
1702,658.437620862477,585.0197039627526,1243.4573248252295,10585.0,9999.980296037247,9341.542675174773,3480,1184,15940828,False,1328.330926,669.893305137523,0.5043120596121113,50.431205961211134
1703,658.4747873458876,585.0197039627526,1243.49449130864,10585.0,9999.980296037247,9341.50550869136,900,1185,15944308,False,1328.387656,669.9128686541125,0.5043052497727458,50.43052497727458
1704,659.1390349966213,585.0197039627526,1244.1587389593735,10585.0,9999.980296037247,9340.841261040629,16085,1186,15945208,False,1329.490366,670.3513310033787,0.5042167646691911,50.42167646691911
1705,662.7100320188088,585.0197039627526,1247.7297359815614,10585.0,9999.980296037247,9337.270264018438,86473,1187,15961293,False,1339.925201,677.2151689811913,0.505412666674064,50.541266667406404
1706,663.2030247732047,585.0197039627526,1248.2227287359574,10585.0,9999.980296037247,9336.777271264042,11938,1188,16047766,False,1340.642567,677.4395422267954,0.5053095872844946,50.53095872844946
1707,663.256792285872,585.0197039627526,1248.2764962486249,10585.0,9999.980296037247,9336.723503751376,1302,1189,16059704,False,1340.722282,677.4654897141279,0.5052988965794841,50.52988965794841
1708,663.6233777005791,585.0197039627526,1248.6430816633317,10585.0,9999.980296037247,9336.356918336667,8877,1190,16061006,False,1341.259277,677.635899299421,0.5052236438692838,50.52236438692837
1709,659.8127394525782,588.0085349830489,1247.821274435627,10587.999,9999.99046501695,9340.177725564372,901,1183,15976706,False,1338.313147,678.5004075474219,0.5069817994901771,50.69817994901771
1710,659.8696041721965,588.0085349830489,1247.8781391552454,10587.999,9999.99046501695,9340.120860844754,1377,1184,15977607,False,1338.385942,678.5163378278033,0.5069661272845344,50.69661272845344
1711,660.9912060493444,588.0085349830489,1248.999741032393,10587.999,9999.99046501695,9338.999258967606,27160,1185,15978984,False,1338.570295,677.5790889506555,0.5061961194579292,50.61961194579292
1712,661.5824422082225,588.0085349830489,1249.5909771912711,10587.999,9999.99046501695,9338.408022808728,14317,1186,16006144,False,1339.490102,677.9076597917775,0.5060938179233948,50.609381792339484
1713,662.0205524554486,588.0085349830489,1250.0290874384975,10587.999,9999.99046501695,9337.9699125615,10609,1187,16020461,False,1340.153486,678.1329335445513,0.5060113939401053,50.60113939401053
1714,663.5329805537059,588.0085349830489,1251.5415155367548,10587.999,9999.99046501695,9336.457484463244,36624,1188,16031070,False,1343.081321,679.548340446294,0.5059621705857185,50.596217058571845
1715,662.5141646512346,591.0196278753825,1253.5337925266172,10591.0,9999.980372124615,9337.466207473382,7598,1184,16035425,False,1340.546363,678.0321983487653,0.5057879511391172,50.578795113911724
1716,662.6476749188643,591.0196278753825,1253.6673027942468,10591.0,9999.980372124615,9337.332697205751,3233,1185,16043023,False,1340.710667,678.0629920811358,0.5057489350766355,50.57489350766355
1717,662.9787869899604,591.0196278753825,1253.998414865343,10591.0,9999.980372124615,9337.001585134656,8018,1186,16046256,False,1341.174835,678.1960480100396,0.5056731086145376,50.56731086145376
1718,663.2152071205448,591.0196278753825,1254.2348349959277,10591.0,9999.980372124615,9336.765165004072,5725,1187,16054274,False,1341.512799,678.2975918794552,0.5056214091919783,50.56214091919783
1719,664.1809988400167,591.0196278753825,1255.2006267153993,10591.0,9999.980372124615,9335.7993732846,23387,1188,16059999,False,1343.171274,678.9902751599833,0.5055128026509471,50.55128026509471
1720,664.8826607507172,591.0196278753825,1255.9022886260996,10591.0,9999.980372124615,9335.0977113739,16991,1189,16083386,False,1344.294824,679.4121632492829,0.5054041354021332,50.54041354021332
1721,669.1308723967393,591.0196278753825,1260.150500272122,10591.0,9999.980372124615,9330.849499727878,102872,1190,16100377,False,1357.406412,688.2755396032608,0.5070519289717785,50.70519289717785
1722,670.3539387735983,591.0196278753825,1261.3735666489808,10591.0,9999.980372124615,9329.62643335102,29617,1191,16203249,False,1359.476093,689.1221542264017,0.5069027383230355,50.690273832303546
1723,672.0076408049086,594.0398875592559,1266.0475283641645,10594.0,9999.960112440744,9327.952471635836,4076,1191,16268835,False,1356.680088,684.6724471950914,0.5046675728870073,50.46675728870073
1724,672.887454059424,594.0398875592559,1266.92734161868,10594.0,9999.960112440744,9327.07265838132,21305,1192,16272911,False,1358.032411,685.1449569405759,0.5045129640433713,50.45129640433713
1725,673.5455485923485,594.0398875592559,1267.5854361516044,10594.0,9999.960112440744,9326.414563848395,15936,1193,16294216,False,1358.97274,685.4271914076514,0.5043715530361937,50.43715530361938
1726,673.7666065764565,594.0398875592559,1267.8064941357125,10594.0,9999.960112440744,9326.193505864288,5353,1194,16310152,False,1359.261767,685.4951604235434,0.5043143102130258,50.43143102130257
1727,673.8038556520524,594.0398875592559,1267.8437432113085,10594.0,9999.960112440744,9326.15625678869,902,1195,16315505,False,1359.311214,685.5073583479476,0.504304938624561,50.4304938624561
1728,674.3006476469748,594.0398875592559,1268.3405352062307,10594.0,9999.960112440744,9325.659464793767,12030,1196,16316407,False,1359.979666,685.6790183530252,0.5041832870705768,50.41832870705768
1729,674.5368612970958,594.0398875592559,1268.5767488563515,10594.0,9999.960112440744,9325.423251143648,5720,1197,16328437,False,1360.301496,685.7646347029042,0.5041269429750772,50.41269429750772
1730,674.6399363444214,594.0398875592559,1268.6798239036773,10594.0,9999.960112440744,9325.320176096322,2496,1198,16334157,False,1360.428577,685.7886406555785,0.5040974971048249,50.40974971048249
1731,674.7525094930629,594.0398875592559,1268.7923970523188,10594.0,9999.960112440744,9325.20760294768,2726,1199,16336653,False,1360.555253,685.8027435069371,0.504060928062094,50.4060928062094
1732,674.7930209599805,594.0398875592559,1268.8329085192363,10594.0,9999.960112440744,9325.167091480764,981,1200,16339379,False,1360.605297,685.8122760400196,0.5040493944512547,50.40493944512547
1733,675.7166493688277,594.0398875592559,1269.7565369280835,10594.0,9999.960112440744,9324.243463071916,22366,1201,16340360,False,1362.104302,686.3876526311723,0.503917102106893,50.3917102106893
1734,676.0177391805466,594.0398875592559,1270.0576267398026,10594.0,9999.960112440744,9323.942373260195,7291,1202,16362726,False,1362.496704,686.4789648194533,0.503838991172674,50.3838991172674
1735,676.5408367865051,594.0398875592559,1270.5807243457612,10594.0,9999.960112440744,9323.419275654238,12667,1203,16370017,False,1363.282792,686.7419552134949,0.503741380176898,50.374138017689795
1736,679.6588569681022,594.0398875592559,1273.698744527358,10594.0,9999.960112440744,9320.30125547264,75504,1204,16382684,False,1371.403171,691.7443140318977,0.5044062378297489,50.44062378297489
1737,679.7217509172516,594.0398875592559,1273.7616384765074,10594.0,9999.960112440744,9320.238361523492,1523,1205,16458188,False,1371.480264,691.7585130827484,0.5043882374691966,50.43882374691966
1738,680.8348457993078,597.007128535728,1277.841974335036,10597.0,9999.992871464272,9319.158025664963,15029,1204,16471636,False,1369.382245,688.5473992006922,0.5028160703227843,50.28160703227843
1739,683.6023447462499,597.007128535728,1280.609473281978,10597.0,9999.992871464272,9316.390526718022,67016,1205,16486665,False,1375.867011,692.2646662537502,0.5031479501427992,50.31479501427992
1740,684.0108043989328,597.007128535728,1281.0179329346608,10597.0,9999.992871464272,9315.98206706534,9891,1206,16553681,False,1376.44214,692.4313356010673,0.5030588031844675,50.30588031844675
1741,684.0833203376762,597.007128535728,1281.0904488734045,10597.0,9999.992871464272,9315.909551126597,1756,1207,16563572,False,1376.517381,692.4340606623236,0.5030332854637044,50.30332854637044
1742,688.0235044284095,597.007128535728,1285.0306329641376,10597.0,9999.992871464272,9311.969367035865,95413,1208,16565328,False,1387.927298,699.9037935715905,0.5042798672381112,50.427986723811124
1743,688.484451414887,597.007128535728,1285.491579950615,10597.0,9999.992871464272,9311.508420049386,11162,1209,16660741,False,1388.591441,700.1069895851131,0.5041850100134047,50.418501001340466
1744,688.522856781078,597.007128535728,1285.529985316806,10597.0,9999.992871464272,9311.470014683196,930,1210,16671903,False,1388.643251,700.120394218922,0.5041758520158047,50.41758520158047
1745,688.7055506950876,597.007128535728,1285.7126792308156,10597.0,9999.992871464272,9311.287320769185,4424,1211,16672833,False,1388.863122,700.1575713049124,0.5041228039064547,50.41228039064547
1746,689.1811577944658,597.007128535728,1286.188286330194,10597.0,9999.992871464272,9310.811713669806,11517,1212,16677257,False,1389.557094,700.3759362055342,0.5040281822385733,50.402818223857324
1747,689.7290743521241,597.007128535728,1286.7362028878522,10597.0,9999.992871464272,9310.263797112148,13268,1213,16688774,False,1390.407711,700.6786366478759,0.5039375365258427,50.39375365258427
1748,690.3582616201736,597.007128535728,1287.3653901559017,10597.0,9999.992871464272,9309.6346098441,15236,1214,16702042,False,1391.374473,701.0162113798265,0.5038300076530342,50.38300076530342
1749,691.1065055234153,597.007128535728,1288.1136340591434,10597.0,9999.992871464272,9308.886365940856,18119,1215,16717278,False,1392.573528,701.4670224765846,0.5037199173849186,50.371991738491865
1750,691.4295648564392,597.007128535728,1288.4366933921674,10597.0,9999.992871464272,9308.563306607834,7823,1216,16735397,False,1393.041411,701.6118461435607,0.5036546943998643,50.365469439986434
1751,688.4789590345607,600.0096751507647,1288.4886341853253,10600.0,9999.990324849236,9311.511365814677,904,1213,16670866,False,1390.067915,701.5889559654394,0.5047155958314737,50.471559583147375
1752,688.5161255179713,600.0096751507647,1288.525800668736,10600.0,9999.990324849236,9311.474199331264,900,1214,16671770,False,1390.121973,701.6058474820287,0.5047081199413778,50.470811994137776
1753,688.9340006797851,600.0096751507647,1288.9436758305496,10600.0,9999.990324849236,9311.05632416945,10119,1215,16672670,False,1390.770121,701.836120320215,0.5046384803087203,50.46384803087203
1754,689.1266882482229,600.0096751507647,1289.1363633989877,10600.0,9999.990324849236,9310.863636601012,4666,1216,16682789,False,1391.028331,701.9016427517771,0.5045919102504441,50.45919102504441
1755,689.8330579134886,600.0096751507647,1289.8427330642533,10600.0,9999.990324849236,9310.157266935748,17105,1217,16687455,False,1392.168085,702.3350270865114,0.5044901076629058,50.449010766290584
1756,692.6198834318042,600.0096751507647,1292.6295585825687,10600.0,9999.990324849236,9307.370441417432,67484,1218,16704560,False,1399.256673,706.6367895681959,0.5050086972629331,50.50086972629331
1757,692.1308138062127,603.0004737594566,1295.1312875656693,10602.999,9999.998526240544,9307.86771243433,11907,1218,16748294,False,1397.046057,704.9152431937873,0.504575521803135,50.457552180313506
1758,692.3326278111325,603.0004737594566,1295.333101570589,10602.999,9999.998526240544,9307.66589842941,4887,1219,16760201,False,1397.345102,705.0124741888675,0.5045371205579733,50.453712055797325
1759,692.6445784952259,603.0004737594566,1295.6450522546825,10602.999,9999.998526240544,9307.353947745316,7554,1220,16765088,False,1397.806758,705.162179504774,0.5044775863823474,50.44775863823474
1760,693.2685624555979,603.0004737594566,1296.2690362150545,10602.999,9999.998526240544,9306.729963784945,15110,1221,16772642,False,1398.817959,705.549396544402,0.5043897184797311,50.438971847973114
1761,693.6216440479991,603.0004737594566,1296.6221178074557,10602.999,9999.998526240544,9306.376882192544,8550,1222,16787752,False,1399.349376,705.7277319520008,0.5043256130711998,50.43256130711998
1762,693.6651701296822,603.0004737594566,1296.665643889139,10602.999,9999.998526240544,9306.33335611086,1054,1223,16796302,False,1400.470808,706.8056378703178,0.5046914464998387,50.46914464998387
1763,694.0657835247563,603.0004737594566,1297.066257284213,10602.999,9999.998526240544,9305.932742715786,9701,1224,16797356,False,1401.099637,707.0338534752437,0.5046278186104788,50.46278186104788
1764,694.3032360576576,603.0004737594566,1297.3037098171142,10602.999,9999.998526240544,9305.695290182884,5750,1225,16807057,False,1401.42782,707.1245839423425,0.504574387528815,50.4574387528815
1765,694.4127945915337,603.0004737594566,1297.4132683509902,10602.999,9999.998526240544,9305.58573164901,2653,1226,16812807,False,1401.599167,707.1863724084664,0.504556787032156,50.455678703215604
1766,695.0345072668084,603.0004737594566,1298.034981026265,10602.999,9999.998526240544,9304.964018973737,15055,1227,16815460,False,1402.617683,707.5831757331915,0.5044733032452376,50.44733032452376
1767,684.1786730156709,606.0182262316201,1290.1968992472912,10606.0,9999.98177376838,9315.80310075271,7406,1223,16560231,False,1400.077102,715.898428984329,0.5113278604168823,51.13278604168823
1768,685.315802223666,606.0182262316201,1291.334028455286,10606.0,9999.98177376838,9314.665971544717,27536,1224,16567637,False,1402.146822,716.831019776334,0.5112382016840844,51.12382016840844
1769,685.4678957330009,606.0182262316201,1291.486121964621,10606.0,9999.98177376838,9314.51387803538,3683,1225,16595173,False,1402.372257,716.9043612669991,0.5112083169704341,51.120831697043414
1770,685.838569460883,606.0182262316201,1291.856795692503,10606.0,9999.98177376838,9314.143204307498,8976,1226,16598856,False,1402.915919,717.077349539117,0.5111335182868625,51.11335182868625
1771,686.0276642692579,606.0182262316201,1292.0458905008782,10606.0,9999.98177376838,9313.954109499122,4579,1227,16607832,False,1403.170325,717.1426607307421,0.5110873911410164,51.108739114101645
1772,686.7337035657821,606.0182262316201,1292.7519297974022,10606.0,9999.98177376838,9313.2480702026,17097,1228,16612411,False,1404.307172,717.573468434218,0.51098041991216,51.098041991216
1773,687.8291650162646,606.0182262316201,1293.8473912478848,10606.0,9999.98177376838,9312.152608752116,26527,1229,16629508,False,1406.314484,718.4853189837354,0.5108994660569359,51.08994660569359
1774,689.0998870840746,606.0182262316201,1295.1181133156947,10606.0,9999.98177376838,9310.881886684308,30771,1230,16656035,False,1408.736424,719.6365369159254,0.510838312019059,51.0838312019059
1775,689.8674988547824,606.0182262316201,1295.8857250864023,10606.0,9999.98177376838,9310.114274913598,18588,1231,16686806,False,1410.027463,720.1599641452175,0.5107417997469299,51.07417997469299
1776,690.0393318964176,606.0182262316201,1296.0575581280375,10606.0,9999.98177376838,9309.942441871965,4161,1232,16705394,False,1410.255725,720.2163931035824,0.5106991450813521,51.069914508135206
1777,693.9748908247709,606.0182262316201,1299.993117056391,10606.0,9999.98177376838,9306.00688294361,95301,1233,16709555,False,1422.011251,728.036360175229,0.511976511904004,51.19765119040039
1778,694.7762827992898,608.999323877905,1303.775606677195,10608.999,9999.999676122095,9305.223393322804,29106,1227,16795156,False,1421.178698,726.4024152007102,0.5111267261625604,51.11267261625604
1779,695.9349272715704,608.999323877905,1304.9342511494754,10608.999,9999.999676122095,9304.064748850526,28057,1228,16824262,False,1423.199797,727.2648697284296,0.5110068672448171,51.10068672448171
1780,695.9719285706103,608.999323877905,1304.971252448515,10608.999,9999.999676122095,9304.027747551483,896,1229,16852319,False,1423.251843,727.2799144293897,0.5109987512093387,51.099875120933866
1781,696.2496860899658,608.999323877905,1305.2490099678707,10608.999,9999.999676122095,9303.749990032127,6726,1230,16853215,False,1423.620912,727.3712259100342,0.5109304167836178,51.093041678361786
1782,696.3177833467927,608.999323877905,1305.3171072246978,10608.999,9999.999676122095,9303.681892775305,1649,1231,16859941,False,1423.699063,727.3812796532073,0.5109094320259501,51.09094320259501
1783,696.9143879977189,608.999323877905,1305.913711875624,10608.999,9999.999676122095,9303.085288124375,14447,1232,16861590,False,1424.610961,727.6965730022812,0.5108037161889288,51.08037161889288
1784,696.9513892967589,608.999323877905,1305.950713174664,10608.999,9999.999676122095,9303.048286825337,896,1233,16876037,False,1424.663198,727.7118087032411,0.5107956812001829,51.079568120018294
1785,697.2014371379271,608.999323877905,1306.200761015832,10608.999,9999.999676122095,9302.798238984167,6055,1234,16876933,False,1425.002983,727.801545862073,0.510736857778264,51.073685777826405
1786,697.8467298821213,608.999323877905,1306.8460537600265,10608.999,9999.999676122095,9302.152946239974,15626,1235,16882988,False,1426.000614,728.1538841178788,0.5106266273444107,51.06266273444107
1787,698.0221143877269,608.999323877905,1307.0214382656318,10608.999,9999.999676122095,9301.97756173437,4247,1236,16898614,False,1426.22253,728.2004156122731,0.5105798010442824,51.05798010442824
1788,698.3742461699965,608.999323877905,1307.3735700479017,10608.999,9999.999676122095,9301.6254299521,8527,1237,16902861,False,1426.718652,728.3444058300036,0.510503177910373,51.0503177910373
1789,700.5953152186166,612.0019229494075,1312.597238168024,10612.0,9999.998077050592,9299.402761831974,121471,1234,16843701,False,1440.944097,740.3487817813834,0.5137942431790145,51.379424317901446
1790,701.4990802068855,612.0019229494075,1313.5010031562929,10612.0,9999.998077050592,9298.498996843706,21885,1235,16965172,False,1442.427068,740.9279877931144,0.5136675567385529,51.366755673855295
1791,701.9088613345342,612.0019229494075,1313.9107842839417,10612.0,9999.998077050592,9298.089215716058,9923,1236,16987057,False,1443.020285,741.1114236654658,0.5135835104809118,51.35835104809118
1792,702.1189345579897,612.0019229494075,1314.1208575073972,10612.0,9999.998077050592,9297.879142492602,5087,1237,16996980,False,1443.301963,741.1830284420101,0.5135328901662487,51.35328901662487
1793,702.6205581957554,612.0019229494075,1314.622481145163,10612.0,9999.998077050592,9297.377518854835,12147,1238,17002067,False,1444.036151,741.4155928042446,0.5134328474330866,51.34328474330866
1794,702.6575594947954,612.0019229494075,1314.6594824442027,10612.0,9999.998077050592,9297.340517555796,896,1239,17014214,False,1444.088053,741.4304935052046,0.5134247125477774,51.34247125477774
1795,705.7020313353321,612.0019229494075,1317.7039542847397,10612.0,9999.998077050592,9294.29604571526,73723,1240,17015110,False,1451.882956,746.1809246646678,0.5139401365523488,51.394013655234886
1796,706.00464910248,612.0019229494075,1318.0065720518874,10612.0,9999.998077050592,9293.993427948111,7328,1241,17088833,False,1452.29105,746.28640089752,0.5138683467735479,51.386834677354784
1797,706.045243161583,612.0019229494075,1318.0471661109905,10612.0,9999.998077050592,9293.952833889009,983,1242,17096161,False,1452.34382,746.298576838417,0.5138580593391564,51.38580593391564
1798,706.2321492770459,612.0019229494075,1318.2340722264537,10612.0,9999.998077050592,9293.765927773546,4526,1243,17097144,False,1452.594716,746.3625667229542,0.5138133565418767,51.381335654187666
1799,706.0620093752104,615.0236770226566,1321.085686397867,10615.0,9999.976322977343,9293.914313602134,15364,1241,17082186,False,1450.565837,744.5038276247897,0.5132506285716348,51.32506285716348
1800,706.1106974684784,615.0236770226566,1321.134374491135,10615.0,9999.976322977343,9293.865625508864,1179,1242,17097550,False,1450.646043,744.5353455315216,0.5132439778292088,51.32439778292088
1801,706.1488137620207,615.0236770226566,1321.1724907846774,10615.0,9999.976322977343,9293.827509215324,923,1243,17098729,False,1450.673106,744.5242922379792,0.5132267835935047,51.32267835935047
1802,706.186021541524,615.0236770226566,1321.2096985641806,10615.0,9999.976322977343,9293.79030143582,901,1244,17099652,False,1450.725662,744.539640458476,0.5132187704131727,51.321877041317265
1803,706.9678391681133,615.0236770226566,1321.9915161907695,10615.0,9999.976322977343,9293.00848380923,18932,1245,17100553,False,1452.003863,745.0360238318866,0.5131088441407863,51.31088441407863
1804,707.3472676676433,615.0236770226566,1322.3709446903,10615.0,9999.976322977343,9292.6290553097,9188,1246,17119485,False,1452.536542,745.1892743323567,0.5130261806056213,51.30261806056213
1805,707.4181317626796,615.0236770226566,1322.4418087853362,10615.0,9999.976322977343,9292.558191214664,1716,1247,17128673,False,1452.766705,745.3485732373204,0.5130545535439707,51.30545535439707
1806,707.5919883128561,615.0236770226566,1322.6156653355126,10615.0,9999.976322977343,9292.384334664488,4210,1248,17130389,False,1452.996619,745.4046306871439,0.5130119512598424,51.30119512598424
1807,708.7338665715091,615.0236770226566,1323.7575435941658,10615.0,9999.976322977343,9291.242456405836,27651,1249,17134599,False,1455.125895,746.3920284284908,0.512939829462997,51.2939829462997
1808,709.4381301360482,615.0236770226566,1324.4618071587047,10615.0,9999.976322977343,9290.538192841295,17054,1250,17162250,False,1456.296193,746.8580628639517,0.512847638038117,51.28476380381169
1809,709.6447344877188,615.0236770226566,1324.668411510375,10615.0,9999.976322977343,9290.331588489626,5003,1251,17179304,False,1456.592384,746.9476495122813,0.5128048572250954,51.28048572250954
1810,709.9124157604607,615.0236770226566,1324.9360927831171,10615.0,9999.976322977343,9290.063907216883,6482,1252,17184307,False,1456.980636,747.0682202395393,0.5127509602945329,51.275096029453294
1811,709.9503668696323,615.0236770226566,1324.9740438922888,10615.0,9999.976322977343,9290.025956107713,919,1253,17190789,False,1457.035472,747.0851051303678,0.5127432512709393,51.27432512709393
1812,707.3236463026312,618.0233293318097,1325.346975634441,10618.0,9999.976670668191,9292.65302436556,9274,1252,17118827,False,1454.692963,747.3693166973687,0.5137643033318012,51.376430333180124
1813,707.4764418455417,618.0233293318097,1325.4997711773512,10618.0,9999.976670668191,9292.50022882265,3700,1253,17128101,False,1454.916849,747.4404071544583,0.5137341062949353,51.373410629493534
1814,707.7536625156923,618.0233293318097,1325.776991847502,10618.0,9999.976670668191,9292.2230081525,6713,1254,17131801,False,1455.378953,747.6252904843076,0.513698022733676,51.369802273367604
1815,707.7834369985136,618.0233293318097,1325.8067663303232,10618.0,9999.976670668191,9292.193233669675,721,1255,17138514,False,1455.470851,747.6874140014864,0.5137082707549782,51.370827075497814
1816,708.1726526720084,618.0233293318097,1326.1959820038182,10618.0,9999.976670668191,9291.804017996184,9425,1256,17139235,False,1456.109127,747.9364743279915,0.5136541351601538,51.36541351601538
1817,711.143534875392,618.0233293318097,1329.1668642072018,10618.0,9999.976670668191,9288.8331357928,71941,1257,17148660,False,1463.983509,752.8399741246079,0.514240747587962,51.4240747587962
1818,711.480965248668,618.0233293318097,1329.5042945804776,10618.0,9999.976670668191,9288.495705419524,8171,1258,17220601,False,1464.496398,753.015432751332,0.5141804607916366,51.41804607916366
1819,711.6858764605387,621.0239682376271,1332.709844698166,10621.0,9999.976031762371,9288.290155301836,7378,1259,17226356,False,1461.936954,750.2510775394613,0.5131897620391237,51.31897620391237
1820,711.9794916794829,621.0239682376271,1333.00345991711,10621.0,9999.976031762371,9287.99654008289,7110,1260,17233734,False,1462.344461,750.364969320517,0.5131246360432702,51.31246360432702
1821,712.3935676007701,621.0239682376271,1333.4175358383973,10621.0,9999.976031762371,9287.582464161604,10027,1261,17240844,False,1462.947015,750.5534473992299,0.5130421264089526,51.304212640895265
1822,712.4490282532373,621.0239682376271,1333.4729964908645,10621.0,9999.976031762371,9287.527003509136,1343,1262,17250871,False,1463.034956,750.5859277467626,0.5130334888230536,51.30334888230536
1823,712.6801211878662,621.0239682376271,1333.7040894254933,10621.0,9999.976031762371,9287.295910574509,5596,1263,17252214,False,1463.354765,750.6746438121338,0.5129819929975311,51.29819929975311
1824,713.4176281070114,621.0239682376271,1334.4415963446386,10621.0,9999.976031762371,9286.55840365536,17859,1264,17257810,False,1464.550713,751.1330848929887,0.5128761184065523,51.28761184065523
1825,713.4853124029115,621.0239682376271,1334.5092806405387,10621.0,9999.976031762371,9286.49071935946,1639,1265,17275669,False,1464.630798,751.1454855970884,0.5128565414729784,51.28565414729784
1826,713.6145278769025,621.0239682376271,1334.6384961145295,10621.0,9999.976031762371,9286.361503885471,3129,1266,17277308,False,1466.666048,753.0515201230976,0.5134444348459463,51.34444348459463
1827,714.4480069154325,621.0239682376271,1335.4719751530597,10621.0,9999.976031762371,9285.52802484694,20183,1267,17280437,False,1468.05092,753.6029130845674,0.5133356771334385,51.333567713343854
1828,714.4852559910286,621.0239682376271,1335.5092242286555,10621.0,9999.976031762371,9285.490775771344,902,1268,17300620,False,1468.105345,753.6200890089714,0.5133283463449085,51.33283463449085
1829,714.5335724194624,621.0239682376271,1335.5575406570897,10621.0,9999.976031762371,9285.44245934291,1170,1269,17301522,False,1468.187113,753.6535405805375,0.5133225417301001,51.33225417301001
1830,713.6143626925318,624.0263982562742,1337.640760948806,10624.0,9999.973601743726,9286.359239051197,27849,1264,17252584,False,1467.222587,753.6082243074682,0.5136291050755669,51.36291050755669
1831,713.9546012001099,624.0263982562742,1337.980999456384,10624.0,9999.973601743726,9286.019000543616,8239,1265,17280433,False,1467.721269,753.76666779989,0.5135625433250365,51.356254332503646
1832,714.0289341669312,624.0263982562742,1338.0553324232055,10624.0,9999.973601743726,9285.944667576796,1800,1266,17288672,False,1467.800473,753.7715388330688,0.5135381495636491,51.35381495636491
1833,714.1158624420194,624.0263982562742,1338.1422606982935,10624.0,9999.973601743726,9285.857739301708,2105,1267,17290472,False,1467.910027,753.7941645579805,0.5135152364198549,51.35152364198549
1834,714.8946654538432,624.0263982562742,1338.921063710117,10624.0,9999.973601743726,9285.078936289883,18859,1268,17292577,False,1469.188844,754.2941785461568,0.5134085938826778,51.34085938826778
1835,715.0798784295063,624.0263982562742,1339.1062766857804,10624.0,9999.973601743726,9284.89372331422,4485,1269,17311436,False,1469.447869,754.3679905704938,0.5133683245829348,51.33683245829348
1836,715.1600341453952,624.0263982562742,1339.1864324016694,10624.0,9999.973601743726,9284.81356759833,1941,1270,17315921,False,1469.557571,754.3975368546048,0.5133501073668415,51.33501073668415
1837,715.7548630643363,624.0263982562742,1339.7812613206106,10624.0,9999.973601743726,9284.21873867939,14404,1271,17317862,False,1470.469073,754.7142099356637,0.5132472513657985,51.32472513657985
1838,715.9261592567666,624.0263982562742,1339.9525575130408,10624.0,9999.973601743726,9284.04744248696,4148,1272,17332266,False,1470.684283,754.7581237432335,0.5132020056701955,51.32020056701955
1839,715.9776554843368,624.0263982562742,1340.004053740611,10624.0,9999.973601743726,9283.995946259389,1247,1273,17336414,False,1470.760784,754.7831285156633,0.5131923129354143,51.319231293541435
1840,716.1227286579162,624.0263982562742,1340.1491269141904,10624.0,9999.973601743726,9283.85087308581,3513,1274,17337661,False,1470.94611,754.8233813420838,0.5131550205752159,51.31550205752159
1841,716.9160678943629,624.0263982562742,1340.942466150637,10624.0,9999.973601743726,9283.057533849364,19211,1275,17341174,False,1472.262466,755.346398105637,0.5130514534937801,51.30514534937801
1842,717.1744575462521,624.0263982562742,1341.2008558025263,10624.0,9999.973601743726,9282.799144197474,6257,1276,17360385,False,1472.596957,755.4224994537478,0.5129865954583444,51.29865954583443
1843,715.8500918540528,627.0075236865977,1342.8576155406504,10627.0,9999.992476313402,9284.14238445935,15306,1273,17319266,False,1470.590875,754.7407831459473,0.5132228113042978,51.32228113042978
1844,716.4641234560894,627.0075236865977,1343.471647142687,10627.0,9999.992476313402,9283.528352857313,14869,1274,17334572,False,1471.585164,755.1210405439107,0.5131344478163756,51.313444781637564
1845,716.5012486434074,627.0075236865977,1343.508772330005,10627.0,9999.992476313402,9283.491227669994,899,1275,17349441,False,1471.640101,755.1388523565926,0.5131273956475263,51.31273956475263
1846,717.4722849666495,627.0075236865977,1344.4798086532471,10627.0,9999.992476313402,9282.520191346754,23514,1276,17350340,False,1473.342874,755.8705890333505,0.5130310142819821,51.303101428198204
1847,718.328063895226,627.0075236865977,1345.3355875818238,10627.0,9999.992476313402,9281.664412418177,20723,1277,17373854,False,1474.777279,756.4492151047739,0.512924375684509,51.2924375684509
1848,719.0118033017038,627.0075236865977,1346.0193269883016,10627.0,9999.992476313402,9280.980673011698,16557,1278,17394577,False,1475.882536,756.8707326982963,0.5128258612976069,51.28258612976069
1849,719.0491349694852,627.0075236865977,1346.0566586560828,10627.0,9999.992476313402,9280.943341343916,904,1279,17411134,False,1475.908675,756.8595400305147,0.512809195345718,51.2809195345718
1850,719.5859841743056,627.0075236865977,1346.5935078609032,10627.0,9999.992476313402,9280.406492139096,13000,1280,17412038,False,1476.701408,757.1154238256943,0.5127071862490526,51.270718624905264
1851,719.8615942968419,627.0075236865977,1346.8691179834395,10627.0,9999.992476313402,9280.13088201656,6674,1281,17425038,False,1477.095645,757.2340507031582,0.5126506555390719,51.265065553907185
1852,720.0229381309368,627.0075236865977,1347.0304618175346,10627.0,9999.992476313402,9279.969538182466,3907,1282,17431712,False,1477.311733,757.2887948690632,0.5126127261788038,51.26127261788038
1853,719.6750598462131,630.0372982202812,1349.7123580664943,10629.999,9999.96170177972,9280.286641933506,17029,1281,17410166,False,1475.413551,755.738491153787,0.5122214653929168,51.22214653929168
1854,719.9844914686531,630.0372982202812,1350.0217896889344,10629.999,9999.96170177972,9279.977210311066,7493,1282,17427195,False,1475.840707,755.856215531347,0.5121529796178382,51.215297961783826
1855,720.1538880408203,630.0372982202812,1350.1911862611014,10629.999,9999.96170177972,9279.807813738898,4102,1283,17434688,False,1476.055999,755.9021109591796,0.5121093721859394,51.21093721859394
1856,721.2642986768524,630.0372982202812,1351.3015968971335,10629.999,9999.96170177972,9278.697403102866,26889,1284,17438790,False,1477.983365,756.7190663231477,0.5119943053778198,51.19943053778198
1857,721.3273165142797,630.0372982202812,1351.3646147345607,10629.999,9999.96170177972,9278.63438526544,1526,1285,17465679,False,1478.086936,756.7596194857202,0.5119858656850481,51.19858656850481
1858,721.8127520837155,630.0372982202812,1351.8500503039968,10629.999,9999.96170177972,9278.148949696004,11755,1286,17467205,False,1478.821145,757.0083929162844,0.5118998977501666,51.18998977501666
1859,721.906576806281,630.0372982202812,1351.9438750265622,10629.999,9999.96170177972,9278.055124973438,2272,1287,17478960,False,1478.961363,757.0547861937189,0.51188273414937,51.188273414937
1860,722.8106308671986,630.0372982202812,1352.8479290874798,10629.999,9999.96170177972,9277.15107091252,21892,1288,17481232,False,1480.469588,757.6589571328013,0.5117693489106656,51.17693489106656
1861,722.8754244366112,630.0372982202812,1352.9127226568924,10629.999,9999.96170177972,9277.086277343107,1569,1289,17503124,False,1480.547062,757.6716375633889,0.5117511337598999,51.17511337598999
1862,722.9426957715845,630.0372982202812,1352.9799939918655,10629.999,9999.96170177972,9277.019006008137,1629,1290,17504693,False,1480.623874,757.6811782284154,0.5117310287463428,51.17310287463428
1863,723.7423120141182,630.0372982202812,1353.7796102343991,10629.999,9999.96170177972,9276.219389765602,19363,1291,17506322,False,1481.917697,758.1753849858819,0.511617741336604,51.1617741336604
1864,723.2342461858947,633.0195707792614,1356.253816965156,10632.999,9999.97942922074,9276.745183034844,5584,1289,17507798,False,1481.12843,757.8941838141053,0.5117005172968729,51.170051729687295
1865,723.6897420881385,633.0195707792614,1356.7093128673998,10632.999,9999.97942922074,9276.2896871326,11030,1290,17513382,False,1481.787401,758.0976589118616,0.5116102744565457,51.161027445654575
1866,724.7216488519887,633.0195707792614,1357.74121963125,10632.999,9999.97942922074,9275.25778036875,24988,1291,17524412,False,1483.551667,758.8300181480113,0.5114955110950048,51.14955110950048
1867,724.7742600740611,633.0195707792614,1357.7938308533226,10632.999,9999.97942922074,9275.20516914668,1274,1292,17549400,False,1483.629349,758.855088925939,0.511485627752932,51.14856277529321
1868,724.8340568162596,633.0195707792614,1357.853627595521,10632.999,9999.97942922074,9275.14537240448,1448,1293,17550674,False,1483.708045,758.8739881837405,0.5114712363669501,51.147123636695014
1869,726.4632702646115,633.0195707792614,1359.482841043873,10632.999,9999.97942922074,9273.516158956128,39452,1294,17552122,False,1486.949421,760.4861507353885,0.5114404968959523,51.14404968959523
1870,727.0903101358418,633.0195707792614,1360.109880915103,10632.999,9999.97942922074,9272.889119084895,15184,1295,17591574,False,1487.891048,760.8007378641581,0.511328258132082,51.13282581320821
1871,727.1349512120273,633.0195707792614,1360.154521991289,10632.999,9999.97942922074,9272.844478008712,1081,1296,17606758,False,1487.967002,760.8320507879728,0.5113232012304886,51.132320123048856
1872,728.6241709061992,633.0195707792614,1361.6437416854606,10632.999,9999.97942922074,9271.35525831454,36062,1297,17607839,False,1490.761228,762.1370570938009,0.5112401924460306,51.12401924460306
1873,728.9910866896477,633.0195707792614,1362.010657468909,10632.999,9999.97942922074,9270.98834253109,8885,1298,17643901,False,1491.283505,762.2924183103524,0.5111653255430814,51.11653255430814
1874,729.0545587840944,633.0195707792614,1362.0741295633557,10632.999,9999.97942922074,9270.924870436644,1537,1299,17652786,False,1491.360855,762.3062962159055,0.5111481192899525,51.11481192899525
1875,729.0917665635977,633.0195707792614,1362.111337342859,10632.999,9999.97942922074,9270.887662657142,901,1300,17654323,False,1491.411366,762.3195994364023,0.5111397276533846,51.11397276533845
1876,730.1045532365379,636.0276295407492,1366.1321827772872,10636.0,9999.97237045925,9269.867817222712,5024,1300,17674725,False,1488.67955,758.5749967634622,0.5095623143096593,50.95623143096593
1877,730.3027744813946,636.0276295407492,1366.3304040221435,10636.0,9999.97237045925,9269.669595977855,4800,1301,17679749,False,1488.948025,758.6452505186053,0.5095176176607006,50.95176176607006
1878,730.3647599165051,636.0276295407492,1366.3923894572545,10636.0,9999.97237045925,9269.607610542746,1501,1302,17684549,False,1489.025642,758.6608820834949,0.5095015563764851,50.95015563764851
1879,730.6873649925095,636.0276295407492,1366.7149945332587,10636.0,9999.97237045925,9269.28500546674,7812,1303,17686050,False,1489.454934,758.7675690074906,0.5094263355587303,50.94263355587303
1880,731.1703640924771,636.0276295407492,1367.1979936332264,10636.0,9999.97237045925,9268.802006366774,11696,1304,17693862,False,1490.179771,759.0094069075229,0.5093408336889328,50.934083368893276
1881,731.5358758087746,636.0276295407492,1367.563505349524,10636.0,9999.97237045925,9268.436494650476,8851,1305,17705558,False,1490.670678,759.1348021912254,0.5092572178381746,50.92572178381746
1882,732.0833381094134,636.0276295407492,1368.1109676501626,10636.0,9999.97237045925,9267.889032349838,13257,1306,17714409,False,1491.485099,759.4017608905866,0.5091581279623543,50.91581279623543
1883,732.1210414420289,636.0276295407492,1368.1486709827782,10636.0,9999.97237045925,9267.85132901722,913,1307,17727666,False,1491.53536,759.4143185579712,0.5091493898997951,50.91493898997951
1884,732.4532272115347,636.0276295407492,1368.480856752284,10636.0,9999.97237045925,9267.519143247717,8044,1308,17728579,False,1491.98151,759.5282827884654,0.5090735224918875,50.907352249188754
1885,732.8022617868533,636.0276295407492,1368.8298913276026,10636.0,9999.97237045925,9267.170108672395,8452,1309,17736623,False,1492.455312,759.6530502131468,0.5089955083446724,50.89955083446724
1886,730.5769805367798,639.0241732549581,1369.601153791738,10639.0,9999.975826745042,9269.398846208262,17265,1304,17673924,False,1490.519553,759.9425724632202,0.5098507905741108,50.98507905741108
1887,730.6139405397271,639.0241732549581,1369.638113794685,10639.0,9999.975826745042,9269.361886205315,895,1305,17691189,False,1490.568936,759.9549954602728,0.5098422334626413,50.98422334626414
1888,730.899874685433,639.0241732549581,1369.9240479403911,10639.0,9999.975826745042,9269.07595205961,6924,1306,17692084,False,1490.950916,760.051041314567,0.509776031630653,50.9776031630653
1889,731.0888043094371,639.0241732549581,1370.1129775643954,10639.0,9999.975826745042,9268.887022435603,4575,1307,17699008,False,1491.186901,760.0980966905629,0.5097269136288926,50.97269136288926
1890,731.3335249546499,639.0241732549581,1370.357698209608,10639.0,9999.975826745042,9268.64230179039,5926,1308,17703583,False,1491.521117,760.1875920453501,0.5096726981474914,50.96726981474914
1891,731.5198116287226,639.0241732549581,1370.5439848836809,10639.0,9999.975826745042,9268.45601511632,4511,1309,17709509,False,1491.765323,760.2455113712775,0.5096280893849934,50.962808938499336
1892,731.9339288461025,639.0241732549581,1370.9581021010606,10639.0,9999.975826745042,9268.041897898938,10028,1310,17714020,False,1492.384336,760.4504071538976,0.5095539994691405,50.95539994691405
1893,730.3095883366866,642.001244981511,1372.3108333181976,10642.0,9999.998755018489,9269.689166681805,16896,1310,17667818,False,1490.484052,760.1744636633134,0.5100185155575978,51.00185155575978
1894,730.3821455715228,642.001244981511,1372.3833905530337,10642.0,9999.998755018489,9269.616609446966,1757,1311,17684714,False,1490.563129,760.1809834284771,0.5099958322050224,50.999583220502245
1895,730.7703701387933,642.001244981511,1372.7716151203044,10642.0,9999.998755018489,9269.228384879696,9401,1312,17686471,False,1491.155755,760.3853848612067,0.5099302217837108,50.993022178371085
1896,731.0219872314833,642.001244981511,1373.0232322129943,10642.0,9999.998755018489,9268.976767787006,6093,1313,17695872,False,1491.495043,760.4730557685166,0.5098730024867516,50.98730024867516
1897,731.4719907534009,642.001244981511,1373.473235734912,10642.0,9999.998755018489,9268.526764265089,10897,1314,17701965,False,1492.155164,760.6831732465992,0.5097882523205202,50.97882523205202
1898,731.5736617335754,642.001244981511,1373.5749067150864,10642.0,9999.998755018489,9268.425093284914,2462,1315,17712862,False,1492.28717,760.7135082664247,0.5097634849104979,50.97634849104979
1899,731.8435316992293,642.001244981511,1373.8447766807403,10642.0,9999.998755018489,9268.15522331926,6535,1316,17715324,False,1492.652053,760.8085213007707,0.5097025256299103,50.97025256299103
1900,731.9276931361081,642.001244981511,1373.928938117619,10642.0,9999.998755018489,9268.07106188238,2038,1317,17721859,False,1492.756364,760.828670863892,0.5096804068047449,50.96804068047449
1901,732.0549676937433,642.001244981511,1374.0562126752543,10642.0,9999.998755018489,9267.943787324746,3082,1318,17723897,False,1492.943299,760.8883313062568,0.5096565501288048,50.96565501288048
1902,732.314844004969,642.001244981511,1374.31608898648,10642.0,9999.998755018489,9267.68391101352,6293,1319,17726979,False,1493.28074,760.9658959950309,0.5095933240222672,50.95933240222672
1903,733.1399399366853,642.001244981511,1375.1411849181964,10642.0,9999.998755018489,9266.858815081803,19980,1320,17733272,False,1494.649352,761.5094120633146,0.5094903437012394,50.94903437012393
1904,733.40534992433,642.001244981511,1375.406594905841,10642.0,9999.998755018489,9266.593405094158,6427,1321,17753252,False,1495.020692,761.61534207567,0.5094346494006051,50.943464940060515
1905,738.7397726960747,645.0059565583766,1383.7457292544514,10645.0,9999.994043441624,9261.254270745549,19223,1322,17869631,False,1493.320142,754.5803693039253,0.5053038180368462,50.53038180368462
1906,739.4834327330291,645.0059565583766,1384.4893892914056,10645.0,9999.994043441624,9260.510610708596,18008,1323,17888854,False,1494.550297,755.0668642669709,0.5052134182319666,50.521341823196664
1907,741.6602736663906,645.0059565583766,1386.666230224767,10645.0,9999.994043441624,9258.333769775234,52713,1324,17906862,False,1499.326294,757.6660203336094,0.5053376462252648,50.533764622526476
1908,741.8510616145652,645.0059565583766,1386.857018172942,10645.0,9999.994043441624,9258.14298182706,4620,1325,17959575,False,1499.59382,757.7427583854349,0.505298667065349,50.5298667065349
1909,741.9187046143726,645.0059565583766,1386.9246611727492,10645.0,9999.994043441624,9258.075338827251,1638,1326,17964195,False,1499.671544,757.7528393856275,0.5052792009138952,50.527920091389525
1910,743.1630797750537,645.0059565583766,1388.1690363334303,10645.0,9999.994043441624,9256.83096366657,30133,1327,17965833,False,1501.892629,758.7295492249463,0.5051822843888172,50.51822843888172
1911,743.3778194569819,645.0059565583766,1388.3837760153583,10645.0,9999.994043441624,9256.616223984642,5200,1328,17995966,False,1502.197903,758.8200835430181,0.5051398900421832,50.51398900421832
1912,743.4149033482072,645.0059565583766,1388.4208599065837,10645.0,9999.994043441624,9256.579140093418,898,1329,18001166,False,1502.22404,758.8091366517929,0.5051238140562527,50.51238140562527
1913,743.4801098785465,645.0059565583766,1388.486066436923,10645.0,9999.994043441624,9256.513933563076,1579,1330,18002064,False,1502.328305,758.8481951214535,0.5051147559397501,50.51147559397501
1914,744.67703582874,645.0059565583766,1389.6829923871169,10645.0,9999.994043441624,9255.317007612884,28984,1331,18003643,False,1504.466298,759.78926217126,0.5050224542625547,50.50224542625546
1915,744.7292340898856,645.0059565583766,1389.7351906482622,10645.0,9999.994043441624,9255.264809351738,1264,1332,18032627,False,1504.518129,759.7888949101144,0.5050048120158707,50.500481201587064
1916,744.7661527967402,645.0059565583766,1389.7721093551168,10645.0,9999.994043441624,9255.227890644885,894,1333,18033891,False,1504.569662,759.8035092032599,0.5049972283724407,50.499722837244065
1917,754.2431105133428,648.0673729452277,1402.3104834585706,10648.0,9999.932627054772,9245.689516541428,2720,1334,18261553,False,1501.741453,747.4983424866573,0.4977543511190919,49.77543511190919
1918,754.4938603880867,648.0673729452277,1402.5612333333142,10648.0,9999.932627054772,9245.438766666684,6072,1335,18264273,False,1502.100778,747.6069176119133,0.49770756300874064,49.77075630087406
1919,754.7329234686024,648.0673729452277,1402.80029641383,10648.0,9999.932627054772,9245.19970358617,5789,1336,18270345,False,1502.456159,747.7232355313977,0.49766725707927806,49.766725707927804
1920,754.8091147595942,648.0673729452277,1402.876487704822,10648.0,9999.932627054772,9245.123512295177,1845,1337,18276134,False,1502.539457,747.7303422404059,0.4976443971284049,49.76443971284049
1921,755.7487660524007,648.0673729452277,1403.8161389976285,10648.0,9999.932627054772,9244.183861002371,22754,1338,18277979,False,1504.233779,748.4850129475992,0.4975855637580382,49.75855637580382
1922,756.115970908498,648.0673729452277,1404.1833438537255,10648.0,9999.932627054772,9243.816656146271,8892,1339,18300733,False,1504.794705,748.6787340915021,0.49752882011337357,49.752882011337356
1923,756.1728769242088,648.0673729452277,1404.2402498694364,10648.0,9999.932627054772,9243.759750130564,1378,1340,18309625,False,1504.850342,748.6774650757911,0.49750958230223213,49.75095823022321
1924,756.2296177555492,648.0673729452277,1404.2969907007769,10648.0,9999.932627054772,9243.703009299225,1374,1341,18311003,False,1504.93258,748.7029622444508,0.4974993379733003,49.74993379733003
1925,756.4815652169806,648.0673729452277,1404.5489381622083,10648.0,9999.932627054772,9243.451061837792,6101,1342,18312377,False,1505.317645,748.8360797830195,0.49746050760138366,49.74605076013837
1926,756.8867211822494,648.0673729452277,1404.9540941274772,10648.0,9999.932627054772,9243.045905872525,9811,1343,18318478,False,1505.940476,749.0537548177506,0.49739931076648386,49.73993107664839
1927,757.281222755607,648.0673729452277,1405.3485957008347,10648.0,9999.932627054772,9242.651404299164,9553,1344,18328289,False,1506.530918,749.2496952443929,0.4973344299093853,49.73344299093853
1928,758.0253783456735,648.0673729452277,1406.092751290901,10648.0,9999.932627054772,9241.907248709098,18020,1345,18337842,False,1507.808975,749.7835966543264,0.49726696755756244,49.726696755756244
1929,758.9298040714252,648.0673729452277,1406.997177016653,10648.0,9999.932627054772,9241.002822983346,21901,1346,18355862,False,1509.4544,750.5245959285749,0.49721581250057956,49.72158125005796
1930,759.0126440333383,648.0673729452277,1407.0800169785662,10648.0,9999.932627054772,9240.919983021431,2006,1347,18377763,False,1509.57068,750.5580359666617,0.4971996647196815,49.71996647196815
1931,759.0498931089343,648.0673729452277,1407.117266054162,10648.0,9999.932627054772,9240.882733945837,902,1348,18379769,False,1509.599145,750.5492518910656,0.49718447070998156,49.71844707099816
1932,759.5386736618769,648.0673729452277,1407.6060466071046,10648.0,9999.932627054772,9240.393953392895,11836,1349,18380671,False,1510.411401,750.8727273381231,0.49713126294001214,49.71312629400121
1933,760.7547609990733,648.0673729452277,1408.822133944301,10648.0,9999.932627054772,9239.1778660557,29448,1350,18392507,False,1512.721836,751.9670750009267,0.4970954058475868,49.709540584758685
1934,760.8187286466323,648.0673729452277,1408.88610159186,10648.0,9999.932627054772,9239.11389840814,1549,1351,18421955,False,1512.837387,752.0186583533678,0.49709153463257694,49.70915346325769
1935,760.247562388796,651.0240071349793,1411.2715695237753,10650.999,9999.97499286502,9239.727430476223,27255,1348,18382418,False,1511.836367,751.5888046112041,0.497136344260995,49.7136344260995
1936,760.4982296713545,651.0240071349793,1411.5222368063337,10650.999,9999.97499286502,9239.476763193665,6070,1349,18409673,False,1512.201409,751.7031793286455,0.49709197125119564,49.709197125119566
1937,760.7191637671845,651.0240071349793,1411.743170902164,10650.999,9999.97499286502,9239.255829097836,5350,1350,18415743,False,1512.478155,751.7589912328156,0.4970379167114751,49.70379167114751
1938,761.2223153603792,651.0240071349793,1412.2463224953583,10650.999,9999.97499286502,9238.75267750464,12184,1351,18421093,False,1513.255258,752.0329426396207,0.49696370699121056,49.696370699121054
1939,761.5513213307488,651.0240071349793,1412.575328465728,10650.999,9999.97499286502,9238.42367153427,7967,1352,18433277,False,1513.717512,752.1661906692511,0.49689997288559556,49.68999728855955
1940,764.9902121524578,651.0240071349793,1416.0142192874373,10650.999,9999.97499286502,9234.984780712562,83274,1353,18441244,False,1523.270773,758.2805608475421,0.49779761700157177,49.779761700157174
1941,765.259421380629,651.0240071349793,1416.2834285156082,10650.999,9999.97499286502,9234.71557148439,6519,1354,18524518,False,1523.656807,758.3973856193711,0.49774816883640327,49.77481688364033
1942,765.3519246282287,651.0240071349793,1416.375931763208,10650.999,9999.97499286502,9234.623068236791,2240,1355,18531037,False,1523.766387,758.4144623717712,0.4977235807550145,49.77235807550145
1943,765.6343073099644,651.0240071349793,1416.6583144449437,10650.999,9999.97499286502,9234.340685555057,6838,1356,18533277,False,1524.17536,758.5410526900356,0.49767308447371544,49.76730844737155
1944,765.6713912011896,651.0240071349793,1416.695398336169,10650.999,9999.97499286502,9234.30360166383,898,1357,18540115,False,1524.228179,758.5567877988103,0.4976661619630182,49.76661619630182
1945,765.86350062433,651.0240071349793,1416.8875077593093,10650.999,9999.97499286502,9234.11149224069,4652,1358,18541013,False,1524.480563,758.6170623756701,0.49762330907177993,49.76233090717799
1946,765.9816900415758,651.0240071349793,1417.0056971765553,10650.999,9999.97499286502,9233.993302823445,2862,1359,18545665,False,1524.643482,758.6617919584241,0.497599472214465,49.759947221446495
1947,766.4444953522237,651.0240071349793,1417.468502487203,10650.999,9999.97499286502,9233.530497512797,11207,1360,18548527,False,1525.346449,758.9019536477762,0.49752759718639905,49.75275971863991
1948,767.7499474339763,651.0240071349793,1418.7739545689556,10650.999,9999.97499286502,9232.225045431043,31612,1361,18559734,False,1527.758103,760.0081555660236,0.4974662900321882,49.746629003218814
1949,768.507441661978,651.0240071349793,1419.5314487969572,10650.999,9999.97499286502,9231.467551203044,18343,1362,18591346,False,1528.992735,760.4852933380221,0.49737665584004365,49.73766558400436
1950,767.8370408934353,654.0186705214659,1421.8557114149012,10653.999,9999.980329478534,9232.1432885851,16091,1356,18577364,False,1527.079412,759.2423711065647,0.497185912625325,49.7185912625325
1951,768.466599826319,654.0186705214659,1422.485270347785,10653.999,9999.980329478534,9231.513729652215,15245,1357,18593455,False,1528.062159,759.5955591736811,0.4970972906434502,49.70972906434502
1952,768.5785122374776,654.0186705214659,1422.5971827589435,10653.999,9999.980329478534,9231.401817241056,2710,1358,18608700,False,1528.227627,759.6491147625223,0.4970785119581681,49.70785119581681
1953,769.5924552010127,654.0186705214659,1423.6111257224786,10653.999,9999.980329478534,9230.38787427752,24553,1359,18611410,False,1529.997446,760.4049907989873,0.4969975556410094,49.69975556410094
1954,769.6298281648868,654.0186705214659,1423.6484986863527,10653.999,9999.980329478534,9230.350501313647,905,1360,18635963,False,1530.051109,760.4212808351132,0.49699077132926883,49.69907713292688
1955,771.2862144422213,654.0186705214659,1425.304884963687,10653.999,9999.980329478534,9228.694115036313,40110,1361,18636868,False,1533.456408,762.1701935577787,0.4970276230752682,49.70276230752682
1956,772.0736896335075,654.0186705214659,1426.0923601549734,10653.999,9999.980329478534,9227.906639845029,19069,1362,18676978,False,1534.759697,762.6860073664925,0.49694164425695925,49.694164425695924
1957,772.1670600990535,654.0186705214659,1426.1857306205193,10653.999,9999.980329478534,9227.81326937948,2261,1363,18696047,False,1534.898092,762.7310319009464,0.49692617110957127,49.69261711095713
1958,770.0163595923575,657.0148282383883,1427.0311878307457,10657.0,9999.985171761611,9229.968812169254,1829,1359,18644399,False,1531.980054,761.9636944076426,0.497371811348428,49.7371811348428
1959,770.672141544092,657.0148282383883,1427.6869697824804,10657.0,9999.985171761611,9229.31303021752,15880,1360,18646228,False,1533.132487,762.460345455908,0.4973218896090798,49.73218896090798
1960,770.7145113351802,657.0148282383883,1427.7293395735685,10657.0,9999.985171761611,9229.270660426431,1026,1361,18662108,False,1533.193643,762.4791316648199,0.49731430543429395,49.7314305434294
1961,770.7537839193175,657.0148282383883,1427.7686121577058,10657.0,9999.985171761611,9229.231387842294,951,1362,18663134,False,1533.253671,762.4998870806825,0.49730837206042633,49.73083720604264
1962,770.8296448415679,657.0148282383883,1427.844473079956,10657.0,9999.985171761611,9229.155526920043,1837,1363,18664085,False,1533.373881,762.5442361584321,0.4972983077428799,49.72983077428799
1963,771.2495848080155,657.0148282383883,1428.2644130464037,10657.0,9999.985171761611,9228.735586953597,10169,1364,18665922,False,1534.081035,762.8314501919845,0.4972562940209899,49.72562940209899
1964,771.4343848227517,657.0148282383883,1428.44921306114,10657.0,9999.985171761611,9228.55078693886,4475,1365,18676091,False,1534.361844,762.9274591772484,0.4972278619679025,49.722786196790246
1965,771.4860462346925,657.0148282383883,1428.5008744730808,10657.0,9999.985171761611,9228.499125526918,1251,1366,18680566,False,1534.421132,762.9350857653075,0.4972136200776121,49.72136200776121
1966,771.7979143266004,657.0148282383883,1428.8127425649886,10657.0,9999.985171761611,9228.18725743501,7552,1367,18681817,False,1534.938547,763.1406326733995,0.4971799256491013,49.717992564910126
1967,772.3570634214673,657.0148282383883,1429.3718916598557,10657.0,9999.985171761611,9227.628108340145,13540,1368,18689369,False,1535.873844,763.5167805785327,0.4971220673893661,49.71220673893661
1968,774.2523475949469,657.0148282383883,1431.2671758333352,10657.0,9999.985171761611,9225.732824166664,45895,1369,18702909,False,1540.288738,766.0363904050531,0.49733298147704375,49.733298147704375
1969,771.6207540890098,660.0155026522824,1431.636256741292,10660.0,9999.984497347716,9228.363743258707,1329,1367,18683750,False,1537.349713,765.7289589109903,0.49808378174198176,49.808378174198175
1970,771.9529398585156,660.0155026522824,1431.968442510798,10660.0,9999.984497347716,9228.0315574892,8044,1368,18685079,False,1537.913881,765.9609411414843,0.49805190693995977,49.805190693995975
1971,772.3954274915657,660.0155026522824,1432.410930143848,10660.0,9999.984497347716,9227.589069856152,10715,1369,18693123,False,1538.629857,766.2344295084342,0.49799789469991695,49.799789469991694
1972,773.3469307629708,660.0155026522824,1433.3624334152532,10660.0,9999.984497347716,9226.637566584746,23041,1370,18703838,False,1540.345349,766.9984182370291,0.49793925676145834,49.79392567614583
1973,773.9340786086738,660.0155026522824,1433.9495812609562,10660.0,9999.984497347716,9226.050418739043,14218,1371,18726879,False,1541.266332,767.3322533913262,0.4978583113507771,49.785831135077714
1974,774.1770235219013,660.0155026522824,1434.1925261741835,10660.0,9999.984497347716,9225.807473825816,5883,1372,18741097,False,1541.576956,767.3999324780988,0.49780189661715385,49.78018966171538
1975,774.2397935827726,660.0155026522824,1434.255296235055,10660.0,9999.984497347716,9225.744703764944,1520,1373,18746980,False,1541.682244,767.4424504172275,0.49779547854559547,49.779547854559546
1976,774.2874079776309,660.0155026522824,1434.3029106299132,10660.0,9999.984497347716,9225.697089370087,1153,1374,18748500,False,1541.739948,767.452540022369,0.4977833914324759,49.77833914324759
1977,774.4725796572013,660.0155026522824,1434.4880823094836,10660.0,9999.984497347716,9225.511917690515,4484,1375,18749653,False,1542.007048,767.5344683427986,0.4977502984427336,49.77502984427336
1978,774.7912616044013,660.0155026522824,1434.8067642566837,10660.0,9999.984497347716,9225.193235743316,7717,1376,18754137,False,1542.501327,767.7100653955987,0.4977046385358466,49.770463853584666
1979,774.8284280878119,660.0155026522824,1434.8439307400945,10660.0,9999.984497347716,9225.156069259903,900,1377,18761854,False,1542.529122,767.7006939121881,0.4976895949405538,49.76895949405538
1980,775.2380440310899,660.0155026522824,1435.2535466833724,10660.0,9999.984497347716,9224.746453316628,9919,1378,18762754,False,1543.155122,767.91707796891,0.49762792283231655,49.762792283231654
1981,775.619000486049,660.0155026522824,1435.6345031383314,10660.0,9999.984497347716,9224.365496861668,9225,1379,18772673,False,1543.745028,768.126027513951,0.49757311834655576,49.757311834655575
1982,776.1007607032363,660.0155026522824,1436.1162633555186,10660.0,9999.984497347716,9223.88373664448,11666,1380,18781898,False,1544.518909,768.4181482967635,0.49751294323374556,49.75129432337456
1983,776.3042265518633,660.0155026522824,1436.3197292041457,10660.0,9999.984497347716,9223.680270795854,4927,1381,18793564,False,1544.815665,768.5114384481368,0.49747776117232523,49.747776117232526
1984,773.5452758961056,663.011454716352,1436.5567306124576,10663.0,9999.988545283648,9226.443269387542,5124,1375,18726558,False,1542.109303,768.5640271038943,0.4983849235645875,49.83849235645875
1985,773.7831826860265,663.011454716352,1436.7946374023786,10663.0,9999.988545283648,9226.205362597622,5761,1376,18731682,False,1542.46599,768.6828073139734,0.49834668141627775,49.83466814162777
1986,774.5820143027993,663.011454716352,1437.5934690191511,10663.0,9999.988545283648,9225.406530980848,19344,1377,18737443,False,1543.880399,769.2983846972006,0.49828884750106905,49.82888475010691
1987,776.7157834114971,663.011454716352,1439.727238127849,10663.0,9999.988545283648,9223.272761872153,51670,1378,18756787,False,1548.920605,772.2048215885029,0.4985438369763974,49.85438369763974
1988,776.9759900914644,663.011454716352,1439.9874448078162,10663.0,9999.988545283648,9223.012555192185,6301,1379,18808457,False,1549.331166,772.3551759085356,0.49850877130586013,49.850877130586014
1989,777.6277250261164,663.011454716352,1440.6391797424683,10663.0,9999.988545283648,9222.36082025753,15782,1380,18814758,False,1550.460963,772.8332379738836,0.4984538510911761,49.845385109117615
1990,778.0026522515444,663.011454716352,1441.0141069678964,10663.0,9999.988545283648,9221.985893032104,9079,1381,18830540,False,1551.052647,773.0499947484556,0.4984034528058515,49.840345280585154
1991,778.1685799519266,663.011454716352,1441.1800346682785,10663.0,9999.988545283648,9221.81996533172,4018,1382,18839619,False,1551.297982,773.1294020480734,0.49837581884256804,49.83758188425681
1992,778.5046062580516,663.011454716352,1441.5160609744034,10663.0,9999.988545283648,9221.483939025597,8137,1383,18843637,False,1551.849375,773.3447687419484,0.49833751986525654,49.833751986525655
1993,772.7965364397519,666.01585522396,1438.812391663712,10666.0,9999.98414477604,9227.18760833629,900,1381,18712651,False,1548.90841,776.1118735602481,0.5010702172895092,50.10702172895092
1994,773.2028899917083,666.01585522396,1439.2187452156682,10666.0,9999.98414477604,9226.781254784331,9840,1382,18713551,False,1549.570442,776.3675520082917,0.5010211417083107,50.10211417083107
1995,774.1667407948244,666.01585522396,1440.1825960187844,10666.0,9999.98414477604,9225.817403981217,23340,1383,18723391,False,1551.376135,777.2093942051756,0.500980630467914,50.098063046791395
1996,774.7278308060471,666.01585522396,1440.7436860300072,10666.0,9999.98414477604,9225.256313969994,13587,1384,18746731,False,1552.342226,777.6143951939529,0.5009297448525071,50.09297448525071
1997,774.8010074822733,666.01585522396,1440.8168627062332,10666.0,9999.98414477604,9225.183137293769,1772,1385,18760318,False,1552.431156,777.6301485177268,0.5009111969392391,50.091119693923915
1998,775.0315635676974,666.01585522396,1441.0474187916575,10666.0,9999.98414477604,9224.952581208345,5583,1386,18762090,False,1552.804671,777.7731074323027,0.500882771644047,50.0882771644047
1999,775.7037400682253,669.0355262165242,1444.7392662847496,10669.0,9999.964473783475,9224.26073371525,8773,1387,18775177,False,1550.321263,774.6175229317747,0.499649679984925,49.9649679984925
2000,775.7658493916138,669.0355262165242,1444.801375608138,10669.0,9999.964473783475,9224.198624391862,1504,1388,18783950,False,1550.399519,774.6336696083863,0.49963487482763225,49.96348748276323
2001,776.206767773142,669.0355262165242,1445.2422939896662,10669.0,9999.964473783475,9223.757706010332,10677,1389,18785454,False,1551.063244,774.8564762268579,0.49956472066773955,49.956472066773955
2002,776.7913552610988,669.0355262165242,1445.826881477623,10669.0,9999.964473783475,9223.173118522376,14156,1390,18796131,False,1551.941752,775.1503967389011,0.4994713208404623,49.94713208404623
2003,776.8683724739442,669.0355262165242,1445.9038986904684,10669.0,9999.964473783475,9223.096101309531,1865,1391,18810287,False,1552.046463,775.1780905260557,0.49945546670535196,49.945546670535194
2004,777.2323149387198,669.0355262165242,1446.267841155244,10669.0,9999.964473783475,9222.732158844756,8813,1392,18812152,False,1552.570777,775.3384620612801,0.49939009129068523,49.93900912906852
2005,778.0827666713408,669.0355262165242,1447.118292887865,10669.0,9999.964473783475,9221.881707112134,20594,1393,18820965,False,1553.925266,775.8424993286592,0.49927915859542965,49.92791585954296
2006,778.1198918586587,669.0355262165242,1447.1554180751828,10669.0,9999.964473783475,9221.844581924815,899,1394,18841559,False,1553.975667,775.8557751413413,0.4992715083107806,49.92715083107806
2007,779.695379090436,669.0355262165242,1448.7309053069605,10669.0,9999.964473783475,9220.26909469304,38151,1395,18842458,False,1556.989363,777.293983909564,0.4992288337871991,49.92288337871991
2008,780.6480799485289,672.0366778503975,1452.6847577989265,10672.0,9999.963322149602,9219.315242201072,910,1396,18902769,False,1554.04029,773.392210051471,0.4976654820522517,49.76654820522517
2009,781.5012985193592,672.0366778503975,1453.5379763697567,10672.0,9999.963322149602,9218.462023630243,20661,1397,18903679,False,1555.45158,773.9502814806407,0.4975727251378926,49.75727251378926
2010,781.539869069921,672.0366778503975,1453.5765469203184,10672.0,9999.963322149602,9218.423453079682,934,1398,18924340,False,1555.477259,773.937389930079,0.49755622298691476,49.75562229869148
2011,781.9472137281017,672.0366778503975,1453.9838915784992,10672.0,9999.963322149602,9218.0161084215,9864,1399,18925274,False,1556.052787,774.1055732718984,0.49748027813654006,49.748027813654005
2012,782.0779571575217,672.0366778503975,1454.114635007919,10672.0,9999.963322149602,9217.88536499208,3166,1400,18935138,False,1556.236532,774.1585748424782,0.4974555981201437,49.74555981201437
2013,782.1167754846396,672.0366778503975,1454.153453335037,10672.0,9999.963322149602,9217.846546664963,940,1401,18938304,False,1556.287513,774.1707375153604,0.49744711761069077,49.74471176106908
2014,782.3546822745603,672.0366778503975,1454.3913601249578,10672.0,9999.963322149602,9217.60863987504,5761,1402,18939244,False,1556.602396,774.2477137254397,0.4973959411311607,49.73959411311607
2015,782.391724869693,672.0366778503975,1454.4284027200906,10672.0,9999.963322149602,9217.57159727991,897,1403,18945005,False,1556.654758,774.2630331303069,0.4973890512017482,49.73890512017482
2016,783.5536730293878,672.0366778503975,1455.590350879785,10672.0,9999.963322149602,9216.409649120214,28137,1404,18945902,False,1558.728742,775.1750689706122,0.49731235979904204,49.731235979904206
2017,784.5226858440888,675.040748462276,1459.5634343063648,10675.0,9999.959251537724,9215.436565693635,5097,1405,18992407,False,1555.99623,771.4735441559112,0.4958068209174975,49.58068209174975
2018,784.7301161176127,675.040748462276,1459.770864579889,10675.0,9999.959251537724,9215.229135420112,5023,1406,18997504,False,1556.267277,771.5371608823872,0.4957613465790216,49.57613465790216
2019,788.3530223282972,675.040748462276,1463.3937707905734,10675.0,9999.959251537724,9211.606229209428,87730,1407,19002527,False,1566.436815,778.0837926717028,0.4967221053673351,49.67221053673351
2020,788.5243185207275,675.040748462276,1463.5650669830036,10675.0,9999.959251537724,9211.434933016995,4148,1408,19090257,False,1566.68284,778.1585214792724,0.49669180105353833,49.66918010535383
2021,788.562930367382,675.040748462276,1463.603678829658,10675.0,9999.959251537724,9211.396321170345,935,1409,19094405,False,1566.734783,778.1718526326181,0.4966838427768652,49.66838427768652
2022,788.6130638238936,675.040748462276,1463.6538122861698,10675.0,9999.959251537724,9211.34618771383,1214,1410,19095340,False,1566.787057,778.1739931761064,0.49666863770633407,49.666863770633405
2023,789.0844587218187,675.040748462276,1464.1252071840947,10675.0,9999.959251537724,9210.874792815906,11415,1411,19096554,False,1567.480855,778.3963962781813,0.4965906880426819,49.659068804268195
2024,789.122822791917,675.040748462276,1464.163571254193,10675.0,9999.959251537724,9210.836428745808,929,1412,19107969,False,1567.532188,778.4093652080829,0.4965826993327954,49.65826993327954
2025,790.5102476176364,675.040748462276,1465.5509960799125,10675.0,9999.959251537724,9209.449003920088,33597,1413,19108898,False,1570.176999,779.6667513823636,0.4965470465297292,49.65470465297292
2026,791.2660900019309,675.040748462276,1466.306838464207,10675.0,9999.959251537724,9208.693161535792,18303,1414,19142495,False,1571.336402,780.070311998069,0.4964374980463725,49.64374980463725
2027,791.9289335855135,678.0153038761383,1469.944237461652,10678.0,9999.984696123862,9208.055762538348,5715,1415,19171134,False,1568.660755,776.7318214144866,0.4951560233394674,49.51560233394674
2028,791.965852292368,678.0153038761383,1469.9811561685065,10678.0,9999.984696123862,9208.018843831494,894,1416,19176849,False,1568.710755,776.744902707632,0.49514857996089406,49.514857996089404
2029,794.1114733796646,678.0153038761383,1472.126777255803,10678.0,9999.984696123862,9205.873222744198,51957,1417,19177743,False,1573.360459,779.2489856203354,0.495276833202998,49.5276833202998
2030,794.7363658540756,678.0153038761383,1472.751669730214,10678.0,9999.984696123862,9205.248330269786,15132,1418,19229700,False,1574.3018,779.5654341459243,0.495181695241614,49.5181695241614
2031,795.2002861592258,678.0153038761383,1473.215590035364,10678.0,9999.984696123862,9204.784409964635,11234,1419,19244832,False,1574.991838,779.7915518407741,0.49510831296179336,49.51083129617933
2032,796.3904395502201,678.0153038761383,1474.4057434263584,10678.0,9999.984696123862,9203.594256573642,28820,1420,19256066,False,1577.128968,780.7385284497799,0.49503784680326784,49.50378468032678
2033,797.002117274974,678.0153038761383,1475.0174211511123,10678.0,9999.984696123862,9202.982578848889,14812,1421,19284886,False,1578.044721,781.042603725026,0.4949432632239235,49.494326322392354
2034,798.5136368591923,678.0153038761383,1476.5289407353307,10678.0,9999.984696123862,9201.47105926467,36602,1422,19299698,False,1580.920764,782.4071271408077,0.49490597185983176,49.49059718598318
2035,798.7484877382549,678.0153038761383,1476.763791614393,10678.0,9999.984696123862,9201.236208385606,5687,1423,19336300,False,1581.254497,782.506009261745,0.49486405303278963,49.486405303278964
2036,798.9678938786557,678.0153038761383,1476.983197754794,10678.0,9999.984696123862,9201.016802245204,5313,1424,19341987,False,1581.538186,782.5702921213443,0.49481593239339233,49.48159323933923
2037,799.2568426391272,678.0153038761383,1477.2721465152654,10678.0,9999.984696123862,9200.727853484736,6997,1425,19347300,False,1581.943094,782.6862513608728,0.494762583009116,49.4762583009116
2038,799.4766204443621,678.0153038761383,1477.4919243205004,10678.0,9999.984696123862,9200.5080756795,5322,1426,19354297,False,1582.25346,782.7768395556378,0.4947227857890972,49.472278578909716
2039,799.8558424634288,681.0091674649864,1480.865009928415,10681.0,9999.990832535012,9200.134990071583,5951,1427,19362851,False,1579.592437,779.7365945365713,0.4936315066293086,49.36315066293086
2040,801.5093380142757,681.0091674649864,1482.518505479262,10681.0,9999.990832535012,9198.481494520738,40040,1428,19368802,False,1582.892031,781.3826929857244,0.4936424453991861,49.36424453991861
2041,801.546421905501,681.0091674649864,1482.5555893704873,10681.0,9999.990832535012,9198.444410629512,898,1429,19408842,False,1582.945839,781.399417094499,0.49363623052835165,49.363623052835166
2042,801.7528610728008,681.0091674649864,1482.762028537787,10681.0,9999.990832535012,9198.237971462211,4999,1430,19409740,False,1583.230494,781.4776329271991,0.4935968804850465,49.35968804850465
2043,802.550990655998,681.0091674649864,1483.5601581209844,10681.0,9999.990832535012,9197.439841879015,19327,1431,19414739,False,1584.561253,782.0102623440021,0.49351848081823696,49.3518480818237
2044,803.219037547258,681.0091674649864,1484.2282050122444,10681.0,9999.990832535012,9196.771794987755,16177,1432,19434066,False,1585.622337,782.403299452742,0.49343609836693536,49.34360983669354
2045,804.333577792558,681.0091674649864,1485.3427452575445,10681.0,9999.990832535012,9195.657254742457,26989,1433,19450243,False,1587.666678,783.333100207442,0.49338637074263897,49.3386370742639
2046,804.370702979876,681.0091674649864,1485.3798704448625,10681.0,9999.990832535012,9195.620129555138,899,1434,19477232,False,1587.69397,783.323267020124,0.49337169619666943,49.337169619666945
2047,805.9350815627228,681.0091674649864,1486.9442490277092,10681.0,9999.990832535012,9194.055750972291,37882,1435,19478131,False,1590.810058,784.8749764372773,0.4933806977710706,49.33806977710706
2048,806.3034014133223,681.0091674649864,1487.3125688783086,10681.0,9999.990832535012,9193.68743112169,8919,1436,19516013,False,1591.357509,785.0541075866777,0.4933235323594892,49.33235323594892
2049,806.4440972010779,681.0091674649864,1487.453264666064,10681.0,9999.990832535012,9193.546735333935,3407,1437,19524932,False,1591.551353,785.1072557989222,0.4932968416752822,49.32968416752822
2050,806.9476204591067,681.0091674649864,1487.956787924093,10681.0,9999.990832535012,9193.043212075909,12193,1438,19528339,False,1592.325076,785.3774555408934,0.4932268337529424,49.32268337529424
2051,804.9422409025464,684.0302572348025,1488.9724981373488,10683.999,9999.968742765195,9195.02650186265,17442,1433,19474529,False,1590.43466,785.4924190974535,0.49388537539634203,49.3885375396342
2052,805.0533686879442,684.0302572348025,1489.0836259227467,10683.999,9999.968742765195,9194.915374077253,2691,1434,19491971,False,1590.596487,785.5431183120559,0.49386700192809857,49.386700192809855
2053,805.0904938752622,684.0302572348025,1489.1207511100647,10683.999,9999.968742765195,9194.878248889934,899,1435,19494662,False,1590.648668,785.5581741247379,0.4938602658954591,49.386026589545914
2054,805.5746492658249,684.0302572348025,1489.6049065006273,10683.999,9999.968742765195,9194.394093499372,11724,1436,19495561,False,1591.35007,785.7754207341751,0.4937791096676642,49.37791096676642
2055,805.8351037223481,684.0302572348025,1489.8653609571506,10683.999,9999.968742765195,9194.13363904285,6307,1437,19507285,False,1591.717162,785.8820582776518,0.49373222645296316,49.373222645296316
2056,806.5612955120994,684.0302572348025,1490.591552746902,10683.999,9999.968742765195,9193.407447253096,17585,1438,19513592,False,1592.861749,786.3004534879005,0.49364011282306247,49.364011282306244
2057,806.6042847445777,684.0302572348025,1490.6345419793802,10683.999,9999.968742765195,9193.36445802062,1041,1439,19531177,False,1592.913094,786.3088092554223,0.49362944671444975,49.36294467144498
2058,806.869116586925,687.0452434610487,1493.9143600479738,10687.0,9999.954756538951,9193.085639952027,4877,1440,19533754,False,1590.185991,783.3168744130751,0.4925945007982875,49.259450079828746
2059,807.8773606896704,687.0452434610487,1494.922604150719,10687.0,9999.954756538951,9192.07739584928,24415,1441,19538631,False,1591.906056,784.0286953103297,0.4925093992546063,49.25093992546063
2060,807.9505373658967,687.0452434610487,1494.9957808269455,10687.0,9999.954756538951,9192.004219173054,1772,1442,19563046,False,1592.010689,784.0601516341032,0.49249678852759465,49.249678852759466
2061,808.0345749144974,687.0452434610487,1495.079818375546,10687.0,9999.954756538951,9191.920181624451,2035,1443,19564818,False,1592.115608,784.0810330855027,0.49247744896519013,49.247744896519016
2062,808.7688607384138,687.0452434610487,1495.8141041994625,10687.0,9999.954756538951,9191.185895800538,17781,1444,19566853,False,1593.298328,784.5294672615863,0.49239332865325536,49.23933286532554
2063,808.8101981271849,687.0452434610487,1495.8554415882336,10687.0,9999.954756538951,9191.144558411766,1001,1445,19584634,False,1593.349668,784.5394698728152,0.49238374076268054,49.23837407626805
2064,809.4166725442614,687.0452434610487,1496.46191600531,10687.0,9999.954756538951,9190.53808399469,14686,1446,19585635,False,1594.303213,784.8865404557386,0.49230694265416286,49.23069426541629
2065,809.6280259465899,687.0452434610487,1496.6732694076386,10687.0,9999.954756538951,9190.326730592362,5118,1447,19600321,False,1594.616238,784.9882120534102,0.4922740615246451,49.22740615246451
2066,807.7036693238647,690.0182692691567,1497.7219385930214,10689.999,9999.980730730844,9192.27706140698,3929,1443,19554911,False,1591.844991,784.1413216761352,0.4925990445737661,49.25990445737661
2067,808.2963095498937,690.0182692691567,1498.3145788190504,10689.999,9999.980730730844,9191.68442118095,14351,1444,19558840,False,1592.754289,784.4579794501062,0.49251663289673064,49.25166328967306
2068,809.1434988911931,690.0182692691567,1499.1617681603498,10689.999,9999.980730730844,9190.83723183965,20515,1445,19573191,False,1594.105971,784.9624721088069,0.4924154895526747,49.241548955267476
2069,809.2071774661033,690.0182692691567,1499.22544673526,10689.999,9999.980730730844,9190.77355326474,1542,1446,19593706,False,1594.181684,784.9745065338966,0.49239965206744696,49.2399652067447
2070,809.5640170029382,690.0182692691567,1499.5822862720947,10689.999,9999.980730730844,9190.416713727906,8641,1447,19595248,False,1594.714757,785.1507399970618,0.49234556622157216,49.234556622157214
2071,809.6469395570366,690.0182692691567,1499.6652088261933,10689.999,9999.980730730844,9190.333791173807,2008,1448,19603889,False,1594.822186,785.1752464429635,0.49232776753142277,49.232776753142275
2072,810.0087346249929,690.0182692691567,1500.0270038941496,10689.999,9999.980730730844,9189.97199610585,8761,1449,19605897,False,1595.322455,785.313720375007,0.49226018095194873,49.226018095194874
2073,811.1312863122724,690.0182692691567,1501.149555581429,10689.999,9999.980730730844,9188.84944441857,27183,1450,19614658,False,1597.28422,786.1529336877276,0.4921809931157572,49.21809931157572
2074,811.1681637230344,690.0182692691567,1501.186432992191,10689.999,9999.980730730844,9188.81256700781,893,1451,19641841,False,1597.333923,786.1657592769656,0.4921737076743756,49.217370767437565
2075,809.4129145998276,693.0261189873287,1502.4390335871562,10692.999,9999.97288101267,9190.559966412844,924,1449,19599306,False,1594.383902,784.9709874001725,0.4923349931064297,49.23349931064297
2076,809.4538803237647,693.0261189873287,1502.4799993110933,10692.999,9999.97288101267,9190.519000688906,992,1450,19600230,False,1594.433615,784.9797346762352,0.4923251286797759,49.23251286797759
2077,809.9137536118324,693.0261189873287,1502.939872599161,10692.999,9999.97288101267,9190.059127400838,11136,1451,19601222,False,1595.07205,785.1582963881676,0.4922400191189907,49.224001911899066
2078,810.4590272195592,693.0261189873287,1503.4851462068875,10692.999,9999.97288101267,9189.513853793113,13204,1452,19612358,False,1595.88281,785.4237827804409,0.4921563023668642,49.21563023668642
2079,811.0642214577625,693.0261189873287,1504.0903404450912,10692.999,9999.97288101267,9188.908659554909,14655,1453,19625562,False,1596.772079,785.7078575422375,0.4920601179564072,49.20601179564072
2080,811.1431795869638,693.0261189873287,1504.1692985742925,10692.999,9999.97288101267,9188.829701425708,1912,1454,19640217,False,1596.873788,785.7306084130363,0.49204302451299065,49.204302451299064
2081,809.4288548916014,696.0014874224951,1505.4303423140964,10696.0,9999.998512577506,9190.569657685905,4609,1450,19596007,False,1594.112527,784.6836721083986,0.492238570877499,49.2238570877499
2082,811.6873794962811,696.0014874224951,1507.688866918776,10696.0,9999.998512577506,9188.311133081224,54691,1451,19600616,False,1599.074745,787.3873655037188,0.4924018517369048,49.240185173690485
2083,811.7273541139939,696.0014874224951,1507.728841536489,10696.0,9999.998512577506,9188.27115846351,968,1452,19655307,False,1599.125017,787.3976628860062,0.49239281139080954,49.23928113908095
2084,811.9968524148137,696.0014874224951,1507.9983398373088,10696.0,9999.998512577506,9188.001660162692,6526,1453,19656275,False,1599.494081,787.4972285851863,0.492341445923229,49.2341445923229
2085,812.9526504798575,696.0014874224951,1508.9541379023526,10696.0,9999.998512577506,9187.045862097648,23145,1454,19662801,False,1601.065944,788.1132935201424,0.49224286886720664,49.22428688672066
2086,813.0560971920171,696.0014874224951,1509.057584614512,10696.0,9999.998512577506,9186.942415385489,2505,1455,19685946,False,1601.195947,788.1398498079828,0.49221948836720536,49.221948836720536
2087,813.5387659232434,696.0014874224951,1509.5402533457386,10696.0,9999.998512577506,9186.459746654262,11688,1456,19688451,False,1601.924636,788.3858700767565,0.4921491637992117,49.21491637992117
2088,814.2367524816954,699.0026936722013,1513.2394461538966,10699.0,9999.9973063278,9185.760553846105,1228,1454,19715813,False,1598.97676,784.7400075183047,0.4907763684559772,49.07763684559772
2089,814.8148151870089,699.0026936722013,1513.8175088592102,10699.0,9999.9973063278,9185.182491140791,13998,1455,19717041,False,1599.846957,785.0321418129911,0.490692024245286,49.069202424528605
2090,815.0973217570224,699.0026936722013,1514.1000154292235,10699.0,9999.9973063278,9184.899984570777,6841,1456,19731039,False,1600.245194,785.1478722429777,0.49064223106985794,49.06422310698579
2091,815.5773062422246,699.0026936722013,1514.579999914426,10699.0,9999.9973063278,9184.420000085574,11623,1457,19737880,False,1600.943812,785.3665057577754,0.49056469057252294,49.05646905725229
2092,815.935756326674,699.0026936722013,1514.9384499988753,10699.0,9999.9973063278,9184.061550001126,8680,1458,19749503,False,1601.464094,785.528337673326,0.4905063689010351,49.05063689010351
2093,816.2213601036384,699.0026936722013,1515.2240537758398,10699.0,9999.9973063278,9183.77594622416,6916,1459,19758183,False,1601.838055,785.6166948963615,0.4904470164409732,49.04470164409732
2094,816.4038888332774,699.0026936722013,1515.4065825054786,10699.0,9999.9973063278,9183.59341749452,4420,1460,19765099,False,1602.084489,785.6806001667227,0.4904114642899602,49.041146428996015
2095,817.1272724887266,699.0026936722013,1516.1299661609278,10699.0,9999.9973063278,9182.870033839074,17517,1461,19769519,False,1603.228821,786.1015485112733,0.49032398757711293,49.03239875771129
2096,817.9011612655216,699.0026936722013,1516.9038549377228,10699.0,9999.9973063278,9182.096145062278,18740,1462,19787036,False,1604.488163,786.5870017344783,0.4902416981772887,49.02416981772887
2097,818.4366064031909,699.0026936722013,1517.439300075392,10699.0,9999.9973063278,9181.560699924608,12966,1463,19805776,False,1605.289038,786.852431596809,0.4901624648089131,49.01624648089131
2098,819.3327316143143,699.0026936722013,1518.3354252865156,10699.0,9999.9973063278,9180.664574713484,21700,1464,19818742,False,1606.744065,787.4113333856858,0.4900664334401545,49.00664334401545
2099,816.8543053161218,702.0264442671781,1518.8807495832998,10702.0,9999.973555732822,9183.1192504167,1457,1461,19778969,False,1603.821743,786.9674376838782,0.49068260928538754,49.068260928538756
2100,818.0337217230195,702.0264442671781,1520.0601659901977,10702.0,9999.973555732822,9181.939834009803,28560,1462,19780426,False,1605.937435,787.9037132769805,0.4906191836028659,49.06191836028659
2101,818.1811487738818,702.0264442671781,1520.20759304106,10702.0,9999.973555732822,9181.79240695894,3570,1463,19808986,False,1606.126407,787.9452582261182,0.4905873253761391,49.058732537613906
2102,818.3673528557691,702.0264442671781,1520.3937971229473,10702.0,9999.973555732822,9181.606202877054,4509,1464,19812556,False,1606.370593,788.003240144231,0.49054884568858076,49.05488456885808
2103,819.0657936712405,702.0264442671781,1521.0922379384187,10702.0,9999.973555732822,9180.907762061584,16913,1465,19817065,False,1607.463989,788.3981953287596,0.49046087546833345,49.04608754683334
2104,819.6114389438015,702.0264442671781,1521.6378832109797,10702.0,9999.973555732822,9180.36211678902,13213,1466,19833978,False,1608.264451,788.6530120561985,0.49037520636971316,49.037520636971315
2105,819.660705182367,702.0264442671781,1521.6871494495451,10702.0,9999.973555732822,9180.312850550456,1193,1467,19847191,False,1608.342084,788.6813788176331,0.4903691737370674,49.03691737370674
2106,819.9312771815964,702.0264442671781,1521.9577214487745,10702.0,9999.973555732822,9180.042278551226,6552,1468,19848384,False,1608.710811,788.7795338184035,0.4903177926230792,49.031779262307914
2107,819.9698890282508,702.0264442671781,1521.996333295429,10702.0,9999.973555732822,9180.003666704572,935,1469,19854936,False,1608.762881,788.7929919717493,0.49031028828899814,49.031028828899814
2108,820.0288598485957,702.0264442671781,1522.055304115774,10702.0,9999.973555732822,9179.944695884227,1428,1470,19855871,False,1608.814802,788.7859421514044,0.4902900825942328,49.02900825942328
2109,820.512437093861,702.0264442671781,1522.538881361039,10702.0,9999.973555732822,9179.46111863896,11710,1471,19857299,False,1609.533023,789.020585906139,0.49021708447801077,49.021708447801075
2110,823.2525154352644,702.0264442671781,1525.2789597024423,10702.0,9999.973555732822,9176.721040297558,66352,1472,19869009,False,1616.274234,793.0217185647356,0.4906479988870104,49.06479988870104
2111,823.2924487568846,702.0264442671781,1525.3188930240626,10702.0,9999.973555732822,9176.681106975935,967,1473,19935361,False,1616.32591,793.0334612431154,0.49063957728866414,49.06395772886641
2112,824.7973609662743,705.0296933867548,1529.827054353029,10705.0,9999.970306613246,9175.172945646971,94991,1470,19877779,False,1624.945963,800.1486020337256,0.49241551427130487,49.24155142713049
2113,824.88717996785,705.0296933867548,1529.9168733546048,10705.0,9999.970306613246,9175.083126645395,2175,1471,19972770,False,1625.05527,800.1680900321501,0.4923943848581532,49.23943848581532
2114,824.9609760854664,705.0296933867548,1529.9906694722213,10705.0,9999.970306613246,9175.00933052778,1787,1472,19974945,False,1625.135491,800.1745149145336,0.4923740324089283,49.23740324089283
2115,825.2066465408109,705.0296933867548,1530.2363399275655,10705.0,9999.970306613246,9174.763660072436,5949,1473,19976732,False,1625.475364,800.268717459189,0.49232903505216646,49.23290350521665
2116,825.4258462007483,705.0296933867548,1530.4555395875032,10705.0,9999.970306613246,9174.544460412497,5308,1474,19982681,False,1625.784549,800.3587027992517,0.49229075481836904,49.2290754818369
2117,825.6317072227506,705.0296933867548,1530.6614006095056,10705.0,9999.970306613246,9174.338599390496,4985,1475,19987989,False,1626.064918,800.4332107772494,0.49225169420772746,49.225169420772744
2118,829.0905027611307,705.0296933867548,1534.1201961478855,10705.0,9999.970306613246,9170.879803852116,83756,1476,19992974,False,1635.541769,806.4512662388693,0.4930789794087303,49.30789794087303
2119,831.2044084492502,705.0296933867548,1536.234101836005,10705.0,9999.970306613246,9168.765898163996,51189,1477,20076730,False,1640.123557,808.9191485507497,0.49320622528608055,49.320622528608055
2120,831.5556730135735,705.0296933867548,1536.5853664003284,10705.0,9999.970306613246,9168.414633599672,8506,1478,20127919,False,1640.635393,809.0797199864265,0.4931502291359056,49.31502291359056
2121,831.6324837459555,705.0296933867548,1536.6621771327104,10705.0,9999.970306613246,9168.33782286729,1860,1479,20136425,False,1640.71735,809.0848662540444,0.4931287319257302,49.31287319257302
2122,830.9506439597408,708.0100384044251,1538.960682364166,10708.0,9999.989961595576,9169.039317635834,25469,1478,20096305,False,1639.543613,808.5929690402593,0.4931817382769794,49.31817382769794
2123,831.2466130559676,708.0100384044251,1539.2566514603927,10708.0,9999.989961595576,9168.743348539609,7167,1479,20121774,False,1639.952092,808.7054789440324,0.4931275022539088,49.31275022539088
2124,831.8310353595537,708.0100384044251,1539.8410737639788,10708.0,9999.989961595576,9168.15892623602,14152,1480,20128941,False,1640.844186,809.0131506404464,0.49304690691724606,49.30469069172461
2125,831.8950030071127,708.0100384044251,1539.9050414115377,10708.0,9999.989961595576,9168.094958588465,1549,1481,20143093,False,1640.924697,809.0296939928872,0.49303279758783913,49.303279758783916
2126,832.1305559197508,708.0100384044251,1540.140594324176,10708.0,9999.989961595576,9167.859405675825,5704,1482,20144642,False,1641.24046,809.1099040802492,0.49298681320606075,49.29868132060607
2127,832.2968965810597,708.0100384044251,1540.306934985485,10708.0,9999.989961595576,9167.693065014517,4028,1483,20150346,False,1641.459367,809.1624704189402,0.4929530920389455,49.29530920389455
2128,832.6000511974127,708.0100384044251,1540.610089601838,10708.0,9999.989961595576,9167.389910398162,7341,1484,20154374,False,1641.885402,809.2853508025875,0.4929000220215049,49.29000220215049
2129,833.6134160156502,708.0100384044251,1541.6234544200752,10708.0,9999.989961595576,9166.376545579924,24539,1485,20161715,False,1643.594714,809.9812979843499,0.4928108438686241,49.28108438686241
2130,833.0945719072377,711.0044550933063,1544.099027000544,10711.0,9999.995544906693,9166.900972999456,16984,1480,20156706,False,1641.692723,808.5981510927622,0.49253927958890165,49.253927958890166
2131,833.9198743194173,711.0044550933063,1544.9243294127236,10711.0,9999.995544906693,9166.075670587275,19985,1481,20173690,False,1643.034591,809.1147166805828,0.4924514195334934,49.24514195334934
2132,835.1956345105341,711.0044550933063,1546.2000896038403,10711.0,9999.995544906693,9164.79991039616,30893,1482,20193675,False,1645.330601,810.1349664894658,0.49238430622823254,49.23843062282325
2133,835.6738845598437,711.0044550933063,1546.67833965315,10711.0,9999.995544906693,9164.32166034685,11581,1483,20224568,False,1646.031478,810.3575934401564,0.4923099006738171,49.23099006738171
2134,835.8743770897978,711.0044550933063,1546.878832183104,10711.0,9999.995544906693,9164.121167816897,4855,1484,20236149,False,1646.305132,810.4307549102022,0.4922725071783365,49.22725071783365
2135,836.388141778811,711.0044550933063,1547.392596872117,10711.0,9999.995544906693,9163.607403127882,12441,1485,20241004,False,1647.060114,810.6719722211891,0.49219331178654785,49.219331178654784
2136,836.7669921330436,711.0044550933063,1547.77144722635,10711.0,9999.995544906693,9163.22855277365,9174,1486,20253445,False,1647.57709,810.8100978669564,0.4921227072093825,49.21227072093825
2137,837.4050167649262,711.0044550933063,1548.4094718582326,10711.0,9999.995544906693,9162.590528141767,15450,1487,20262619,False,1648.557535,811.1525182350737,0.4920377366356666,49.20377366356666
2138,837.6015861660759,711.0044550933063,1548.6060412593822,10711.0,9999.995544906693,9162.393958740617,4760,1488,20278069,False,1648.833206,811.2316198339241,0.49200344636552895,49.2003446365529
2139,835.0873148594384,714.0271973612141,1549.1145122206526,10714.0,9999.972802638786,9164.885487779347,901,1485,20221044,False,1645.859438,810.7721231405616,0.4926132234753826,49.26132234753826
2140,835.600625291432,714.0271973612141,1549.627822652646,10714.0,9999.972802638786,9164.372177347352,12430,1486,20221945,False,1646.620507,811.019881708568,0.4925360022305176,49.253600223051755
2141,837.464648322754,714.0271973612141,1551.4918456839682,10714.0,9999.972802638786,9162.508154316032,45138,1487,20234375,False,1650.525462,813.0608136772461,0.49260725289995316,49.260725289995314
2142,837.5015670296086,714.0271973612141,1551.5287643908227,10714.0,9999.972802638786,9162.471235609177,894,1488,20279513,False,1650.578532,813.0769649703914,0.4926011996443386,49.26011996443386
2143,837.5403440606337,714.0271973612141,1551.567541421848,10714.0,9999.972802638786,9162.432458578152,939,1489,20280407,False,1650.631653,813.0913089393662,0.49259403662930135,49.25940366293013
2144,837.5857284664874,714.0271973612141,1551.6129258277017,10714.0,9999.972802638786,9162.3870741723,1099,1490,20281346,False,1650.684298,813.0985695335125,0.49258272494545324,49.258272494545324
2145,835.6304410703459,717.0054552471262,1552.635896317472,10717.0,9999.994544752872,9164.364103682528,4054,1488,20231043,False,1647.902411,812.2719699296541,0.49291266552413227,49.29126655241323
2146,835.6686399560735,717.0054552471262,1552.6740952031996,10717.0,9999.994544752872,9164.3259047968,925,1489,20235097,False,1647.959332,812.2906920439264,0.49290700096228246,49.29070009622825
2147,836.4341456260548,717.0054552471262,1553.439600873181,10717.0,9999.994544752872,9163.560399126818,18537,1490,20236022,False,1649.23523,812.8010843739452,0.49283514539884354,49.28351453988435
2148,836.6723001925317,717.0054552471262,1553.677755439658,10717.0,9999.994544752872,9163.322244560342,5767,1491,20254559,False,1649.579094,812.9067938074683,0.4927964938233318,49.279649382333176
2149,836.8951752047176,717.0054552471262,1553.900630451844,10717.0,9999.994544752872,9163.099369548156,5397,1492,20260326,False,1649.892519,812.9973437952824,0.49275776114679287,49.27577611467929
2150,837.6722437806488,717.0054552471262,1554.677699027775,10717.0,9999.994544752872,9162.322300972224,18817,1493,20265723,False,1651.146496,813.4742522193512,0.49267236686147514,49.26723668614751
2151,837.9304682481675,717.0054552471262,1554.9359234952935,10717.0,9999.994544752872,9162.064076504706,6253,1494,20284540,False,1651.483655,813.5531867518325,0.4926195813617256,49.26195813617256
2152,838.2731845213062,717.0054552471262,1555.2786397684324,10717.0,9999.994544752872,9161.721360231568,8299,1495,20290793,False,1651.975775,813.7025904786939,0.49256327047452847,49.25632704745285
2153,838.9886393269612,717.0054552471262,1555.9940945740873,10717.0,9999.994544752872,9161.005905425913,17325,1496,20299092,False,1653.102983,814.1143436730388,0.49247648334383215,49.247648334383214
2154,839.0782931441662,717.0054552471262,1556.0837483912924,10717.0,9999.994544752872,9160.916251608707,2171,1497,20316417,False,1653.20616,814.1278668558338,0.4924539277399219,49.245392773992194
2155,838.2643471574731,720.0246689807846,1558.2890161382577,10720.0,9999.975331019215,9161.710983861742,34977,1492,20263901,False,1652.884623,814.6202758425268,0.4928476340738072,49.28476340738072
2156,838.3206750278865,720.0246689807846,1558.345344008671,10720.0,9999.975331019215,9161.65465599133,1364,1493,20298878,False,1652.959523,814.6388479721135,0.4928365375176301,49.28365375176301
2157,838.5241408765135,720.0246689807846,1558.548809857298,10720.0,9999.975331019215,9161.4511901427,4927,1494,20300242,False,1653.223602,814.6994611234866,0.4927944774910651,49.27944774910651
2158,838.8960121910834,720.0246689807846,1558.920681171868,10720.0,9999.975331019215,9161.079318828131,9005,1495,20305169,False,1653.731881,814.8358688089165,0.49272550053046754,49.27255005304676
2159,839.0890301282626,720.0246689807846,1559.113699109047,10720.0,9999.975331019215,9160.886300890952,4674,1496,20314174,False,1653.997294,814.9082638717374,0.49269020380376594,49.269020380376595
2160,839.1700530620978,720.0246689807846,1559.1947220428824,10720.0,9999.975331019215,9160.805277957115,1962,1497,20318848,False,1654.023326,814.8532729379021,0.4926492027827074,49.26492027827074
2161,839.220640775629,720.0246689807846,1559.2453097564137,10720.0,9999.975331019215,9160.754690243586,1225,1498,20320810,False,1654.097538,814.876897224371,0.4926413820853961,49.264138208539606
2162,840.1323346136921,720.0246689807846,1560.1570035944767,10720.0,9999.975331019215,9159.842996405525,22077,1499,20322035,False,1655.559833,815.4274983863079,0.4925388271281572,49.253882712815724
2163,840.5756894646885,720.0246689807846,1560.600358445473,10720.0,9999.975331019215,9159.399641554526,10736,1500,20344112,False,1656.20092,815.6252305353115,0.49246756277330866,49.24675627733087
2164,841.1244319442003,720.0246689807846,1561.1491009249849,10720.0,9999.975331019215,9158.850899075016,13288,1501,20354848,False,1656.982822,815.8583900557996,0.49237588900954804,49.237588900954805
2165,836.8694064428862,723.0246236422853,1559.8940300851714,10723.0,9999.975376357716,9163.10596991483,2804,1495,20262295,False,1654.137477,817.2680705571138,0.4940750584040566,49.407505840405655
2166,837.3882505512988,723.0246236422853,1560.4128741935842,10723.0,9999.975376357716,9162.587125806416,12564,1496,20265099,False,1654.887068,817.4988174487012,0.4939906977680855,49.39906977680855
2167,837.4252931464314,723.0246236422853,1560.4499167887166,10723.0,9999.975376357716,9162.550083211285,897,1497,20277663,False,1654.937379,817.5120858535686,0.49398369764755223,49.39836976475522
2168,838.3909196815326,723.0246236422853,1561.415543323818,10723.0,9999.975376357716,9161.584456676184,23383,1498,20278560,False,1656.535514,818.1445943184673,0.4938889552345977,49.388895523459766
2169,838.4283339414994,723.0246236422853,1561.4529575837846,10723.0,9999.975376357716,9161.547042416216,906,1499,20301943,False,1656.560913,818.1325790585006,0.49387412961282434,49.387412961282436
2170,840.588986806531,723.0246236422853,1563.6136104488164,10723.0,9999.975376357716,9159.386389551184,52321,1500,20302849,False,1661.297773,820.708786193469,0.4940166654840083,49.40166654840083
2171,840.8560073417901,723.0246236422853,1563.8806309840754,10723.0,9999.975376357716,9159.119369015923,6466,1501,20355170,False,1661.632899,820.7768916582098,0.4939580169315183,49.39580169315183
2172,841.1558995668213,723.0246236422853,1564.1805232091065,10723.0,9999.975376357716,9158.819476790894,7262,1502,20361636,False,1662.052475,820.8965754331787,0.49390532957341116,49.390532957341115
2173,841.1931073463246,723.0246236422853,1564.21773098861,10723.0,9999.975376357716,9158.782269011392,901,1503,20368898,False,1662.102807,820.9096996536754,0.4938982692264206,49.38982692264206
2174,841.5773674886981,726.0006516121848,1567.578019100883,10725.999,9999.998348387817,9158.420980899116,9305,1504,20369799,False,1659.68201,818.1046425113019,0.49292854750609844,49.29285475060984
2175,841.6610333724647,726.0006516121848,1567.6616849846496,10725.999,9999.998348387817,9158.337315015351,2026,1505,20379104,False,1659.791519,818.1304856275354,0.49291159537942875,49.291159537942875
2176,842.0586321527733,726.0006516121848,1568.059283764958,10725.999,9999.998348387817,9157.93971623504,9628,1506,20381130,False,1660.366578,818.3079458472266,0.492847758254037,49.2847758254037
2177,842.3495631256933,726.0006516121848,1568.350214737878,10725.999,9999.998348387817,9157.64878526212,7045,1507,20390758,False,1660.80588,818.4563168743066,0.4928067311962471,49.280673119624716
2178,842.4431400717027,726.0006516121848,1568.4437916838874,10725.999,9999.998348387817,9157.555208316113,2266,1508,20397803,False,1660.914959,818.4718189282972,0.4927837000282549,49.27837000282549
2179,843.205300758177,726.0006516121848,1569.205952370362,10725.999,9999.998348387817,9156.79304762964,18456,1509,20400069,False,1662.20197,818.996669241823,0.49271790313292857,49.271790313292854
2180,843.5553264397199,726.0006516121848,1569.5559780519047,10725.999,9999.998348387817,9156.443021948096,8476,1510,20418525,False,1662.707781,819.1524545602801,0.4926617075597123,49.26617075597123
2181,840.3353049092069,729.0064565022202,1569.3417614114271,10729.0,9999.99354349778,9159.658238588572,901,1502,20348126,False,1659.76133,819.4260250907931,0.4937011185161141,49.37011185161141
2182,840.8504323692786,729.0064565022202,1569.8568888714988,10729.0,9999.99354349778,9159.143111128502,12474,1503,20349027,False,1660.558661,819.7082286307215,0.49363400877213665,49.363400877213664
2183,841.0308549981909,729.0064565022202,1570.037311500411,10729.0,9999.99354349778,9158.962688499589,4369,1504,20361501,False,1660.817084,819.7862290018091,0.49360416441971594,49.360416441971594
2184,841.7246706512823,729.0064565022202,1570.7311271535025,10729.0,9999.99354349778,9158.268872846498,16801,1505,20365870,False,1661.960668,820.2359973487177,0.49353514384656766,49.35351438465677
2185,841.8367482468117,729.0064565022202,1570.843204749032,10729.0,9999.99354349778,9158.156795250969,2714,1506,20382671,False,1662.099831,820.2630827531883,0.4935101174155575,49.35101174155575
2186,842.1687688319467,729.0064565022202,1571.175225334167,10729.0,9999.99354349778,9157.824774665833,8040,1507,20385385,False,1662.610572,820.4418031680533,0.4934660088087382,49.34660088087382
2187,842.3745885578564,729.0064565022202,1571.3810450600768,10729.0,9999.99354349778,9157.618954939924,4984,1508,20393425,False,1662.895676,820.5210874421437,0.49342908234379435,49.342908234379436
2188,842.6433022329154,729.0064565022202,1571.6497587351355,10729.0,9999.99354349778,9157.350241264863,6507,1509,20398409,False,1663.271657,820.6283547670846,0.4933820349270129,49.33820349270129
2189,842.7111517131862,729.0064565022202,1571.7176082154065,10729.0,9999.99354349778,9157.282391784593,1643,1510,20404916,False,1663.351604,820.6404522868138,0.4933655940892782,49.33655940892782
2190,846.5888961117896,729.0064565022202,1575.5953526140097,10729.0,9999.99354349778,9153.40464738599,93901,1511,20406559,False,1674.987997,828.3991008882103,0.49457017147103194,49.457017147103194
2191,847.4044113500045,729.0064565022202,1576.4108678522248,10729.0,9999.99354349778,9152.589132147776,19748,1512,20500460,False,1676.363782,828.9593706499954,0.49449849701536647,49.44984970153665
2192,847.4745321153725,729.0064565022202,1576.4809886175926,10729.0,9999.99354349778,9152.519011382406,1698,1513,20520208,False,1676.44581,828.9712778846274,0.49448140401545543,49.448140401545544
2193,844.4759402338017,732.0193460506579,1576.4952862844596,10731.999,9999.979653949342,9155.50371371554,23432,1506,20425862,False,1675.0963,830.6203597661982,0.495864243605695,49.586424360569495
2194,844.7050096598892,732.0193460506579,1576.7243557105471,10731.999,9999.979653949342,9155.274644289451,5547,1507,20449294,False,1675.407448,830.7024383401107,0.49582114448145315,49.58211444814531
2195,845.2854262424855,732.0193460506579,1577.3047722931433,10731.999,9999.979653949342,9154.694227706856,14055,1508,20454841,False,1676.282643,830.9972167575145,0.49573812639991316,49.57381263999132
2196,845.8273961627981,732.0193460506579,1577.846742213456,10731.999,9999.979653949342,9154.152257786543,13124,1509,20468896,False,1677.099054,831.2716578372019,0.4956604416743067,49.56604416743067
2197,846.3511132101468,732.0193460506579,1578.3704592608046,10731.999,9999.979653949342,9153.628540739195,12682,1510,20482020,False,1677.906111,831.5549977898532,0.49559089888185837,49.55908988818584
2198,846.8454274395084,732.0193460506579,1578.8647734901665,10731.999,9999.979653949342,9153.134226509834,11970,1511,20494702,False,1678.636754,831.7913265604917,0.4955159742442358,49.55159742442358
2199,847.9961430619946,732.0193460506579,1580.0154891126526,10731.999,9999.979653949342,9151.983510887349,27865,1512,20506672,False,1680.640942,832.6447989380054,0.4954328899944206,49.54328899944206
2200,848.1234176196298,732.0193460506579,1580.1427636702876,10731.999,9999.979653949342,9151.856236329711,3082,1513,20534537,False,1680.799752,832.6763343803701,0.4954048412903206,49.54048412903206
2201,848.8769061266416,732.0193460506579,1580.8962521772996,10731.999,9999.979653949342,9151.1027478227,18246,1514,20537619,False,1682.014342,833.1374358733583,0.4953212437432108,49.53212437432108
2202,846.692879673154,735.0259183632305,1581.718798036385,10735.0,9999.97408163677,9153.281201963617,4056,1513,20498922,False,1679.239181,832.5463013268459,0.49578780125357613,49.57878012535761
2203,846.730004860472,735.0259183632305,1581.755923223703,10735.0,9999.97408163677,9153.244076776298,899,1514,20502978,False,1679.292302,832.562297139528,0.4957816433434279,49.57816433434279
2204,846.847533540235,735.0259183632305,1581.8734519034656,10735.0,9999.97408163677,9153.126548096536,2846,1515,20503877,False,1679.428428,832.580894459765,0.4957525313843056,49.57525313843056
2205,847.2508724774259,735.0259183632305,1582.2767908406563,10735.0,9999.97408163677,9152.723209159343,9767,1516,20506723,False,1680.028959,832.7780865225741,0.49569269747484995,49.569269747484995
2206,847.3253293325251,735.0259183632305,1582.3512476957558,10735.0,9999.97408163677,9152.648752304243,1803,1517,20516490,False,1680.135303,832.8099736674749,0.4956803015688284,49.56803015688284
2207,847.8472706478886,735.0259183632305,1582.8731890111192,10735.0,9999.97408163677,9152.126810988882,12639,1518,20518293,False,1680.912274,833.0650033521114,0.4956029033982242,49.56029033982242
2208,848.1900695132128,735.0259183632305,1583.2159878764433,10735.0,9999.97408163677,9151.784012123557,8301,1519,20530932,False,1681.41153,833.2214604867872,0.49554879672246993,49.55487967224699
2209,848.3690054827888,735.0259183632305,1583.3949238460193,10735.0,9999.97408163677,9151.60507615398,4333,1520,20539233,False,1681.673223,833.3042175172112,0.4955208931915135,49.55208931915135
2210,848.4418930863663,735.0259183632305,1583.4678114495969,10735.0,9999.97408163677,9151.532188550404,1765,1521,20543566,False,1681.76194,833.3200469136337,0.49550416565714034,49.55041656571403
2211,848.802614455913,735.0259183632305,1583.8285328191437,10735.0,9999.97408163677,9151.171467180857,8735,1522,20545331,False,1682.339529,833.536914544087,0.4954629551143876,49.54629551143876
2212,850.161586273777,735.0259183632305,1585.1875046370074,10735.0,9999.97408163677,9149.812495362994,32908,1523,20554066,False,1684.994216,834.8326297262231,0.4954513325915316,49.54513325915316
2213,850.3861957218553,735.0259183632305,1585.4121140850857,10735.0,9999.97408163677,9149.587885914914,5439,1524,20586974,False,1685.296451,834.9102552781446,0.49540854060585965,49.540854060585964
2214,851.3180007570528,735.0259183632305,1586.343919120283,10735.0,9999.97408163677,9148.656080879717,22564,1525,20592413,False,1686.833028,835.5150272429472,0.49531578607609955,49.53157860760996
2215,851.3554976092049,735.0259183632305,1586.3814159724354,10735.0,9999.97408163677,9148.618584027565,908,1526,20614977,False,1686.88413,835.528632390795,0.4953088463703758,49.53088463703758
2216,851.5032963249013,735.0259183632305,1586.5292146881318,10735.0,9999.97408163677,9148.470785311869,3579,1527,20615885,False,1687.071016,835.5677196750988,0.49527714704992526,49.527714704992526
2217,853.0389328272438,738.0194931496237,1591.0584259768675,10738.0,9999.980506850376,9146.941574023132,31218,1528,20625432,False,1686.436953,833.3980201727561,0.49417680197900415,49.41768019790042
2218,853.2248478364824,738.0194931496237,1591.2443409861062,10738.0,9999.980506850376,9146.755659013894,4502,1529,20656650,False,1686.682725,833.4578771635175,0.4941402818740066,49.41402818740066
2219,854.5527649926521,738.0194931496237,1592.5722581422758,10738.0,9999.980506850376,9145.427741857724,32156,1530,20661152,False,1689.149411,834.596646007348,0.49409284967471,49.409284967471
2220,855.0811072023807,738.0194931496237,1593.1006003520044,10738.0,9999.980506850376,9144.899399647997,12794,1531,20693308,False,1689.917424,834.8363167976192,0.4940101243654727,49.40101243654727
2221,855.5703420123428,738.0194931496237,1593.589835161967,10738.0,9999.980506850376,9144.410164838033,11847,1532,20706102,False,1690.645782,835.0754399876572,0.4939387356467892,49.39387356467892
2222,855.7235918122727,738.0194931496237,1593.7430849618963,10738.0,9999.980506850376,9144.256915038102,3711,1533,20717949,False,1690.861956,835.1383641877272,0.49391280064244775,49.391280064244775
2223,856.0412413571557,741.0513054594907,1597.0925468166463,10741.0,9999.94869454051,9143.907453183354,7180,1534,20722172,False,1688.261574,832.2203326428444,0.49294513685522307,49.294513685522304
2224,857.1768839058144,741.0513054594907,1598.228189365305,10741.0,9999.94869454051,9142.771810634697,27500,1535,20729352,False,1690.25742,833.0805360941855,0.4928719887496104,49.28719887496104
2225,858.3609254750922,741.0513054594907,1599.412230934583,10741.0,9999.94869454051,9141.587769065418,28672,1536,20756852,False,1692.390556,834.0296305249078,0.4928115602914696,49.28115602914696
2226,858.3980506624101,741.0513054594907,1599.4493561219008,10741.0,9999.94869454051,9141.5506438781,899,1537,20785524,False,1692.44118,834.0431293375899,0.4928047953415964,49.28047953415964
2227,858.6007318852762,741.0513054594907,1599.652037344767,10741.0,9999.94869454051,9141.347962655233,4908,1538,20786423,False,1692.719072,834.1183401147239,0.4927683240014465,49.27683240014465
2228,859.5918794056528,741.0513054594907,1600.6431848651434,10741.0,9999.94869454051,9140.356815134855,24001,1539,20791331,False,1694.377205,834.7853255943472,0.49267974281697635,49.26797428169763
2229,859.1311801957315,744.0254503895285,1603.15663058526,10744.0,9999.974549610472,9140.84336941474,4537,1539,20799639,False,1691.616913,832.4857328042685,0.49212426667447756,49.21242666744776
2230,859.5280356463718,744.0254503895285,1603.5534860359005,10744.0,9999.974549610472,9140.4465139641,9610,1540,20804176,False,1692.167085,832.6390493536283,0.4920548666467107,49.20548666467107
2231,859.8386235594068,744.0254503895285,1603.8640739489351,10744.0,9999.974549610472,9140.135926051064,7521,1541,20813786,False,1692.576188,832.7375644405932,0.4919941390789513,49.19941390789513
2232,861.041743923502,744.0254503895285,1605.0671943130303,10744.0,9999.974549610472,9138.932805686967,29134,1542,20821307,False,1694.64252,833.600776076498,0.49190361166937907,49.190361166937905
2233,861.237115737964,744.0254503895285,1605.2625661274924,10744.0,9999.974549610472,9138.737433872508,4731,1543,20850441,False,1694.878369,833.641253262036,0.4918590434037429,49.18590434037429
2234,861.2812199649447,744.0254503895285,1605.3066703544732,10744.0,9999.974549610472,9138.693329645526,1068,1544,20855172,False,1694.927214,833.6459940350553,0.4918476658756718,49.18476658756718
2235,862.0319003376544,744.0254503895285,1606.057350727183,10744.0,9999.974549610472,9137.942649272816,18178,1545,20856240,False,1696.053165,834.0212646623456,0.491742406354547,49.1742406354547
2236,862.5319547238983,744.0254503895285,1606.5574051134267,10744.0,9999.974549610472,9137.442594886574,12109,1546,20874418,False,1696.753007,834.2210522761018,0.49165732951967694,49.1657329519677
2237,860.2579440844643,747.0091185251648,1607.2670626096292,10747.0,9999.990881474836,9139.732937390372,3197,1543,20828264,False,1693.93182,833.6738759155357,0.4921531469404334,49.215314694043336
2238,861.297614513738,747.0091185251648,1608.3067330389028,10747.0,9999.990881474836,9138.693266961098,25176,1544,20831461,False,1695.665345,834.3677304862618,0.49205919844181395,49.205919844181395
2239,861.3529925740199,747.0091185251648,1608.3621110991849,10747.0,9999.990881474836,9138.637888900816,1341,1545,20856637,False,1695.715758,834.3627654259801,0.49204164170182824,49.20416417018282
2240,862.085007112839,747.0091185251648,1609.0941256380038,10747.0,9999.990881474836,9137.905874361995,17726,1546,20857978,False,1696.81823,834.7332228871611,0.4919402727581263,49.19402727581263
2241,862.7404173997393,747.0091185251648,1609.7495359249042,10747.0,9999.990881474836,9137.250464075096,15871,1547,20875704,False,1697.811184,835.0707666002606,0.4918513757418273,49.18513757418273
2242,863.1292614084,747.0091185251648,1610.138379933565,10747.0,9999.990881474836,9136.861620066436,9416,1548,20891575,False,1698.361812,835.2325505916001,0.49178717084319373,49.17871708431937
2243,863.7800052368277,747.0091185251648,1610.7891237619924,10747.0,9999.990881474836,9136.210876238008,15758,1549,20900991,False,1699.338121,835.5581157631723,0.49169621127046576,49.169621127046575
2244,864.1082678775291,747.0091185251648,1611.117386402694,10747.0,9999.990881474836,9135.882613597309,7949,1550,20916749,False,1699.792996,835.6847281224708,0.4916391172860621,49.16391172860621
2245,864.39535831383,750.0432223030276,1614.4385806168575,10750.0,9999.956777696972,9135.561419383142,1320,1551,20930330,False,1696.844068,832.4487096861701,0.4905864512744197,49.05864512744197
2246,864.4322357245919,750.0432223030276,1614.4754580276194,10750.0,9999.956777696972,9135.52454197238,893,1552,20931650,False,1696.899397,832.467161275408,0.49058132895040923,49.05813289504092
2247,864.6407809926184,750.0432223030276,1614.684003295646,10750.0,9999.956777696972,9135.315996704354,5050,1553,20932543,False,1696.958016,832.3172350073817,0.4904760325003713,49.04760325003713
2248,865.435772072772,750.0432223030276,1615.4789943757996,10750.0,9999.956777696972,9134.5210056242,19251,1554,20937593,False,1698.252654,832.8168819272279,0.4903963376507274,49.039633765072736
2249,865.686108986589,750.0432223030276,1615.7293312896168,10750.0,9999.956777696972,9134.270668710384,6062,1555,20956844,False,1698.590168,832.9040590134109,0.49035021790695477,49.035021790695474
2250,865.8678943865598,750.0432223030276,1615.9111166895873,10750.0,9999.956777696972,9134.088883310413,4402,1556,20962906,False,1698.835717,832.9678226134401,0.49031687659851586,49.031687659851585
2251,868.9267785634413,750.0432223030276,1618.970000866469,10750.0,9999.956777696972,9131.02999913353,74072,1557,20967308,False,1706.564539,837.6377604365587,0.49083274689827516,49.08327468982752
2252,868.963821158574,750.0432223030276,1619.0070434616016,10750.0,9999.956777696972,9130.9929565384,897,1558,21041380,False,1706.615578,837.6517568414259,0.49082626904359944,49.08262690435994
2253,869.0063974301255,750.0432223030276,1619.0496197331531,10750.0,9999.956777696972,9130.950380266848,1031,1559,21042277,False,1706.666712,837.6603145698745,0.49081657753097047,49.08165775309705
2254,869.5998635780081,750.0432223030276,1619.643085881036,10750.0,9999.956777696972,9130.356914118964,14371,1560,21043308,False,1707.565697,837.9658334219919,0.4907370971987802,49.073709719878025
2255,870.0924846675699,750.0432223030276,1620.1357069705975,10750.0,9999.956777696972,9129.864293029405,11929,1561,21057679,False,1708.292624,838.20013933243,0.49066543258248596,49.06654325824859
2256,870.1643811649232,750.0432223030276,1620.2076034679508,10750.0,9999.956777696972,9129.79239653205,1741,1562,21069608,False,1708.372962,838.2085808350768,0.49064729978738497,49.0647299787385
2257,870.2021257936314,750.0432223030276,1620.245348096659,10750.0,9999.956777696972,9129.75465190334,914,1563,21071349,False,1708.424893,838.2227672063688,0.4906406893512577,49.06406893512577
2258,871.1777459831608,750.0432223030276,1621.2209682861885,10750.0,9999.956777696972,9128.779031713811,23625,1564,21072263,False,1710.066512,838.8887660168393,0.4905591449982381,49.055914499823814
2259,871.5045219645257,750.0432223030276,1621.5477442675533,10750.0,9999.956777696972,9128.452255732447,7913,1565,21095888,False,1710.529649,839.0251270354744,0.49050604152110455,49.05060415211045
2260,872.1491539712371,750.0432223030276,1622.1923762742647,10750.0,9999.956777696972,9127.807623725736,15610,1566,21103801,False,1711.519805,839.3706510287628,0.49042415318633303,49.0424153186333
2261,872.2248497091167,750.0432223030276,1622.2680720121443,10750.0,9999.956777696972,9127.731927987856,1833,1567,21119411,False,1711.625009,839.4001592908834,0.49041124947180725,49.04112494718073
2262,872.3795448722904,753.0602655514288,1625.439810423719,10753.0,9999.939734448571,9127.56018957628,3746,1568,21121244,False,1708.841677,836.4621321277095,0.4894907137308248,48.94907137308248
2263,872.7942402349678,753.0602655514288,1625.8545057863969,10753.0,9999.939734448571,9127.145494213604,10042,1569,21124990,False,1709.438614,836.6443737650321,0.4894263923331687,48.94263923331687
2264,872.9078457859264,753.0602655514288,1625.9681113373551,10753.0,9999.939734448571,9127.031888662645,2751,1570,21135032,False,1709.571701,836.6638552140737,0.48939968690676966,48.93996869067696
2265,873.3899363718551,753.0602655514288,1626.450201923284,10753.0,9999.939734448571,9126.549798076716,11674,1571,21137783,False,1710.297603,836.9076666281449,0.4893345258510222,48.93345258510222
2266,873.4453144321369,753.0602655514288,1626.5055799835657,10753.0,9999.939734448571,9126.494420016435,1341,1572,21149457,False,1710.38297,836.937655567863,0.48932763611874774,48.932763611874776
2267,873.9926528444977,753.0602655514288,1627.0529183959266,10753.0,9999.939734448571,9125.947081604074,13254,1573,21150798,False,1711.242333,837.2496801555022,0.4892642403765863,48.92642403765863
2268,874.0515410726573,753.0602655514288,1627.111806624086,10753.0,9999.939734448571,9125.888193375917,1426,1574,21164052,False,1711.326074,837.2745329273428,0.48925482153750127,48.925482153750124
2269,874.092424204409,753.0602655514288,1627.152689755838,10753.0,9999.939734448571,9125.847310244162,990,1575,21165478,False,1711.381013,837.288588795591,0.48924732858164005,48.924732858164006
2270,874.8271642853448,753.0602655514288,1627.8874298367737,10753.0,9999.939734448571,9125.112570163226,17792,1576,21166468,False,1712.596469,837.7693047146553,0.489180796456877,48.9180796456877
2271,875.7541789737917,753.0602655514288,1628.8144445252206,10753.0,9999.939734448571,9124.18555547478,22448,1577,21184260,False,1714.186653,838.4324740262083,0.4891138736606464,48.91138736606464
2272,875.9386899158792,753.0602655514288,1628.998955467308,10753.0,9999.939734448571,9124.001044532692,4468,1578,21206708,False,1714.436024,838.4973340841209,0.48908056197267635,48.90805619726763
2273,876.4069050146679,753.0602655514288,1629.467170566097,10753.0,9999.939734448571,9123.532829433903,11338,1579,21211176,False,1715.138556,838.7316509853322,0.4890168482605857,48.90168482605857
2274,875.7619839353079,755.99967715755,1631.7616610928578,10755.999,9999.99932284245,9124.237338907142,19569,1578,21187328,False,1713.494057,837.7320730646923,0.488902817983157,48.8902817983157
2275,878.1735105633613,755.99967715755,1634.1731877209113,10755.999,9999.99932284245,9121.825812279088,58396,1579,21206897,False,1719.031144,840.8576334366387,0.4891462475077989,48.914624750779886
2276,881.884749116285,755.99967715755,1637.8844262738348,10755.999,9999.99932284245,9118.114573726163,89869,1580,21265293,False,1729.399741,847.514991883715,0.49006309633980394,49.00630963398039
2277,882.0225541775532,759.0304633362712,1641.0530175138242,10759.0,9999.969536663728,9117.946982486175,9693,1579,21348806,False,1726.988195,844.9656408224467,0.48927123142404966,48.927123142404966
2278,882.8918369284355,759.0304633362712,1641.9223002647068,10759.0,9999.969536663728,9117.077699735291,21050,1580,21358499,False,1728.322879,845.4310420715645,0.48916267460436974,48.91626746043698
2279,883.1710398110348,759.0304633362712,1642.201503147306,10759.0,9999.969536663728,9116.798496852693,6761,1581,21379549,False,1728.673829,845.5027891889653,0.489104870453248,48.9104870453248
2280,883.5856525815269,759.0304633362712,1642.6161159177982,10759.0,9999.969536663728,9116.3838840822,10040,1582,21386310,False,1729.243576,845.6579234184732,0.4890334335516844,48.90334335516844
2281,885.8356288950221,759.0304633362712,1644.8660922312934,10759.0,9999.969536663728,9114.133907768706,54484,1583,21396350,False,1734.140419,848.304790104978,0.489178835122335,48.9178835122335
2282,885.8860101280898,759.0304633362712,1644.916473464361,10759.0,9999.969536663728,9114.083526535638,1220,1584,21450834,False,1734.217746,848.3317358719103,0.48917256084398886,48.917256084398886
2283,886.2498287045873,759.0304633362712,1645.2802920408585,10759.0,9999.969536663728,9113.71970795914,8810,1585,21452054,False,1734.715795,848.4659662954127,0.48910949490456024,48.91094949045603
2284,883.9017328748881,762.0387528722321,1645.9404857471202,10762.0,9999.961247127769,9116.05951425288,34766,1585,21369238,False,1734.397353,850.4956201251119,0.4903695330565417,49.036953305654166
2285,884.161980850948,762.0387528722321,1646.20073372318,10762.0,9999.961247127769,9115.79926627682,6302,1586,21404004,False,1734.766496,850.604515149052,0.49032795889842457,49.032795889842454
2286,884.7910029346268,762.0387528722321,1646.8297558068589,10762.0,9999.961247127769,9115.17024419314,15232,1587,21410306,False,1735.720094,850.9290910653732,0.4902455724323562,49.02455724323562
2287,885.2888273318661,762.0387528722321,1647.327580204098,10762.0,9999.961247127769,9114.672419795905,12055,1588,21425538,False,1736.4705,851.1816726681338,0.49017917244671527,49.01791724467153
2288,885.6560321879632,762.0387528722321,1647.6947850601953,10762.0,9999.961247127769,9114.305214939806,8892,1589,21437593,False,1736.989729,851.3336968120367,0.49012016743596803,49.0120167435968
2289,885.7190500253906,762.0387528722321,1647.7578028976227,10762.0,9999.961247127769,9114.242197102378,1526,1590,21446485,False,1737.068576,851.3495259746093,0.490107033042436,49.010703304243606
2290,886.6172813372406,762.0387528722321,1648.6560342094726,10762.0,9999.961247127769,9113.343965790527,21751,1591,21448011,False,1738.582045,851.9647636627595,0.4900342587299407,49.00342587299407
2291,881.2199233202539,765.0219266480827,1646.2418499683367,10764.999,9999.977073351916,9118.757150031664,9872,1588,21329191,False,1736.150866,854.9309426797461,0.4924289469436846,49.24289469436846
2292,881.7974491763626,765.0219266480827,1646.8193758244454,10764.999,9999.977073351916,9118.179624175553,13985,1589,21339063,False,1737.068138,855.2706888236374,0.49236450206747007,49.23645020674701
2293,883.0210524024264,765.0219266480827,1648.042979050509,10764.999,9999.977073351916,9116.95602094949,29630,1590,21353048,False,1739.290043,856.2689905975735,0.4923094880257263,49.230948802572634
2294,883.3023200896597,765.0219266480827,1648.3242467377424,10764.999,9999.977073351916,9116.674753262256,6811,1591,21382678,False,1739.696736,856.3944159103404,0.49226649575684456,49.226649575684455
2295,883.4666372424275,765.0219266480827,1648.4885638905102,10764.999,9999.977073351916,9116.51043610949,3979,1592,21389489,False,1739.920274,856.4536367575726,0.49223728785493337,49.223728785493336
2296,884.4558851425409,765.0219266480827,1649.4778117906235,10764.999,9999.977073351916,9115.521188209375,23955,1593,21393468,False,1741.63325,857.1773648574592,0.49216869559504517,49.21686955950452
2297,885.3143896132341,765.0219266480827,1650.3363162613168,10764.999,9999.977073351916,9114.662683738685,20789,1594,21417423,False,1743.057216,857.7428263867658,0.4920910332221509,49.20910332221509
2298,885.8166326923899,765.0219266480827,1650.8385593404728,10764.999,9999.977073351916,9114.160440659529,12162,1595,21438212,False,1743.847032,858.03039930761,0.49203306457650925,49.203306457650925
2299,885.8575571202343,765.0219266480827,1650.8794837683172,10764.999,9999.977073351916,9114.119516231682,991,1596,21450374,False,1743.901465,858.0439078797656,0.4920254527567391,49.202545275673906
2300,886.8268177114912,765.0219266480827,1651.848744359574,10764.999,9999.977073351916,9113.150255640425,23471,1597,21451365,False,1745.579237,858.7524192885087,0.49195842909107007,49.19584290910701
2301,886.8641493792726,765.0219266480827,1651.886076027355,10764.999,9999.977073351916,9113.112923972643,904,1598,21474836,False,1745.632746,858.7685966207274,0.4919526163727954,49.19526163727954
2302,885.8479351306403,768.0427199005056,1653.8906550311458,10767.999,9999.956280099494,9114.108344968854,4336,1599,21446796,False,1742.882556,857.0346208693597,0.49173400578194765,49.173400578194766
2303,886.1449366291839,768.0427199005056,1654.1876565296895,10767.999,9999.956280099494,9113.81134347031,7192,1600,21451132,False,1743.364635,857.219698370816,0.4917041915163181,49.17041915163181
2304,886.563018271461,768.0427199005056,1654.6057381719663,10767.999,9999.956280099494,9113.393261828032,10124,1601,21458324,False,1744.016356,857.453337728539,0.4916544129753213,49.16544129753213
2305,887.3416973950068,768.0427199005056,1655.3844172955123,10767.999,9999.956280099494,9112.614582704487,18856,1602,21468448,False,1745.405451,858.0637536049933,0.4916128531129431,49.161285311294314
2306,889.6118674978217,768.0427199005056,1657.6545873983273,10767.999,9999.956280099494,9110.344412601671,54973,1603,21487304,False,1750.732139,861.1202715021783,0.4918629482600584,49.18629482600584
2307,889.8282177273643,768.0427199005056,1657.8709376278698,10767.999,9999.956280099494,9110.128062372129,5239,1604,21542277,False,1751.020131,861.1919132726357,0.49182296538236414,49.182296538236415
2308,892.9744018441681,768.0427199005056,1661.0171217446737,10767.999,9999.956280099494,9106.981878255325,76186,1605,21547516,False,1759.31568,866.3412781558318,0.49243082864800697,49.2430828648007
2309,893.6365846902679,768.0427199005056,1661.6793045907734,10767.999,9999.956280099494,9106.319695409224,16035,1606,21623702,False,1760.352731,866.716146309732,0.4923536806270516,49.235368062705156
2310,894.6084056392709,768.0427199005056,1662.6511255397766,10767.999,9999.956280099494,9105.347874460223,23533,1607,21639737,False,1762.030087,867.4216813607292,0.4922853972587865,49.22853972587865
2311,898.3564390107712,768.0427199005056,1666.3991589112768,10767.999,9999.956280099494,9101.599841088722,90760,1608,21663270,False,1772.906579,874.5501399892288,0.49328608193360923,49.32860819336092
2312,898.5867886157318,768.0427199005056,1666.6295085162374,10767.999,9999.956280099494,9101.369491483762,5578,1609,21754030,False,1773.226661,874.6398723842681,0.49324764375639407,49.324764375639404
2313,898.7937233361438,771.0051702968638,1669.7988936330075,10771.0,9999.994829703135,9101.201106366992,20531,1610,21744088,False,1771.679598,872.8858746638562,0.49268833690314706,49.26883369031471
2314,898.8455086363625,771.0051702968638,1669.8506789332264,10771.0,9999.994829703135,9101.149321066774,1254,1611,21764619,False,1771.734592,872.8890833636375,0.49267485508553954,49.26748550855395
2315,899.5593941904957,771.0051702968638,1670.5645644873591,10771.0,9999.994829703135,9100.435435512642,17287,1612,21765873,False,1772.883517,873.3241228095043,0.49260096020707955,49.260096020707955
2316,899.6668466236451,771.0051702968638,1670.672016920509,10771.0,9999.994829703135,9100.327983079493,2602,1613,21783160,False,1773.054114,873.3872673763549,0.4925891773297309,49.25891773297309
2317,899.7759096044091,771.0051702968638,1670.7810799012727,10771.0,9999.994829703135,9100.218920098729,2641,1614,21785762,False,1776.44985,876.6739403955909,0.4934977142166951,49.34977142166951
2318,902.1425060836284,771.0051702968638,1673.1476763804922,10771.0,9999.994829703135,9097.852323619509,57308,1615,21788403,False,1781.909588,879.7670819163716,0.49372150407687887,49.37215040768789
2319,902.4142343734528,771.0051702968638,1673.4194046703165,10771.0,9999.994829703135,9097.580595329684,6580,1616,21845711,False,1782.290921,879.8766866265472,0.4936773656081185,49.36773656081185
2320,902.5000889501314,771.0051702968638,1673.5052592469951,10771.0,9999.994829703135,9097.494740753003,2079,1617,21852291,False,1782.399937,879.8998480498685,0.49366016559159503,49.366016559159505
2321,900.016500640354,774.0176936467117,1674.0341942870657,10773.999,9999.981306353287,9099.964805712934,894,1612,21793335,False,1779.455056,879.438555359646,0.4942179081142502,49.42179081142502
2322,900.0732414716942,774.0176936467117,1674.090935118406,10773.999,9999.981306353287,9099.908064881593,1374,1613,21794229,False,1779.509018,879.4357765283057,0.49420135983166213,49.42013598316621
2323,900.69867079531,774.0176936467117,1674.7163644420216,10773.999,9999.981306353287,9099.282635557978,15145,1614,21795603,False,1780.486914,879.78824320469,0.4941278906836661,49.41278906836661
2324,900.8175209500388,774.0176936467117,1674.8352145967506,10773.999,9999.981306353287,9099.163785403249,2878,1615,21810748,False,1780.652695,879.8351740499612,0.4941082427362183,49.41082427362183
2325,901.1680008886012,774.0176936467117,1675.185694535313,10773.999,9999.981306353287,9098.813305464686,8487,1616,21813626,False,1781.161498,879.9934971113987,0.49405598431108616,49.405598431108615
2326,901.2050021876412,774.0176936467117,1675.2226958343526,10773.999,9999.981306353287,9098.776304165647,896,1617,21822113,False,1781.213844,880.0088418123589,0.494050079824306,49.4050079824306
2327,901.2419621905884,774.0176936467117,1675.2596558373,10773.999,9999.981306353287,9098.7393441627,895,1618,21823009,False,1781.269105,880.0271428094117,0.4940450268514659,49.40450268514659
2328,901.6489764800276,774.0176936467117,1675.6666701267393,10773.999,9999.981306353287,9098.33232987326,9856,1619,21823904,False,1781.858097,880.2091205199724,0.4939838486588376,49.39838486588376
2329,902.3483671056306,774.0176936467117,1676.3660607523425,10773.999,9999.981306353287,9097.632939247656,16936,1620,21833760,False,1783.012057,880.6636898943693,0.4939190884531239,49.391908845312386
2330,900.6815329168485,777.0228871805144,1677.7044200973628,10777.0,9999.977112819486,9099.29557990264,9758,1618,21800575,False,1780.639366,879.9578330831516,0.49418082621630166,49.41808262163016
2331,901.0982517880672,777.0228871805144,1678.1211389685816,10777.0,9999.977112819486,9098.87886103142,10091,1619,21810333,False,1781.271007,880.1727552119329,0.49412624567123653,49.41262456712365
2332,903.281369727516,777.0228871805144,1680.3042569080303,10777.0,9999.977112819486,9096.69574309197,52865,1620,21820424,False,1786.245344,882.9639742724839,0.49431282059788756,49.43128205978876
2333,903.6487397679838,777.0228871805144,1680.6716269484982,10777.0,9999.977112819486,9096.328373051503,8896,1621,21873289,False,1786.794655,883.1459152320161,0.49426268024739317,49.426268024739315
2334,903.6866495810626,777.0228871805144,1680.709536761577,10777.0,9999.977112819486,9096.290463238423,918,1622,21882185,False,1786.848791,883.1621414189373,0.49425678650999927,49.42567865099993
2335,903.7240225449366,777.0228871805144,1680.7469097254511,10777.0,9999.977112819486,9096.25309027455,905,1623,21883103,False,1786.902503,883.1784804550634,0.4942510735601468,49.42510735601468
2336,903.8707475622232,777.0228871805144,1680.8936347427375,10777.0,9999.977112819486,9096.106365257265,3553,1624,21884008,False,1787.097781,883.2270334377768,0.4942242348617055,49.42242348617055
2337,904.4222981760372,777.0228871805144,1681.4451853565515,10777.0,9999.977112819486,9095.554814643448,13356,1625,21887561,False,1787.964015,883.5417168239628,0.494160793736088,49.4160793736088
2338,905.6916987688816,777.0228871805144,1682.714585949396,10777.0,9999.977112819486,9094.285414050604,30739,1626,21900917,False,1790.321142,884.6294432311184,0.49411774372662715,49.41177437266271
2339,906.9402035388306,777.0228871805144,1683.963090719345,10777.0,9999.977112819486,9093.036909280656,30233,1627,21931656,False,1792.872407,885.9322034611695,0.4941412450781108,49.41412450781108
2340,907.4314205612412,777.0228871805144,1684.4543077417557,10777.0,9999.977112819486,9092.545692258243,11895,1628,21961889,False,1793.635019,886.2035984387588,0.4940824577192083,49.408245771920825
2341,906.810286031264,780.028912420904,1686.839198452168,10780.0,9999.971087579095,9093.16080154783,17849,1625,21940894,False,1791.861868,885.051581968736,0.49392846500862975,49.39284650086297
2342,907.2127577505086,780.028912420904,1687.2416701714126,10780.0,9999.971087579095,9092.758329828586,9746,1626,21958743,False,1792.454163,885.2414052494915,0.49387115359640665,49.38711535964067
2343,907.959514994414,780.028912420904,1687.9884274153178,10780.0,9999.971087579095,9092.01157258468,18083,1627,21968489,False,1793.727518,885.7680030055859,0.49381413515538536,49.38141351553853
2344,908.0900932394632,780.028912420904,1688.1190056603673,10780.0,9999.971087579095,9091.880994339632,3162,1628,21986572,False,1793.92538,885.8352867605367,0.4937971760901988,49.37971760901988
2345,909.6083853828808,780.028912420904,1689.6372978037848,10780.0,9999.971087579095,9090.362702196217,36766,1629,21989734,False,1794.250299,884.6419136171193,0.49304264522634433,49.30426452263443
2346,908.7811420543452,783.0041474324112,1691.7852894867565,10782.999,9999.994852567588,9091.213710513242,13524,1625,21992944,False,1792.148151,883.3670089456549,0.49290958922829303,49.290958922829304
2347,909.2345318558624,783.0041474324112,1692.2386792882735,10782.999,9999.994852567588,9090.760320711726,10979,1626,22006468,False,1792.859209,883.6246771441375,0.4928578176738124,49.285781767381245
2348,909.7035728765048,783.0041474324112,1692.707720308916,10782.999,9999.994852567588,9090.291279691084,11358,1627,22017447,False,1793.599996,883.8964231234951,0.4928057677825146,49.28057677825146
2349,910.1004283271452,783.0041474324112,1693.1045757595562,10782.999,9999.994852567588,9089.894424240443,9610,1628,22028805,False,1794.186491,884.0860626728547,0.49275037300058167,49.275037300058166
2350,910.8078716908204,783.0041474324112,1693.8120191232315,10782.999,9999.994852567588,9089.186980876768,17131,1629,22038415,False,1795.365185,884.5573133091797,0.49268935406541237,49.26893540654124
2351,911.5898545017805,783.0041474324112,1694.5940019341915,10782.999,9999.994852567588,9088.404998065807,18936,1630,22055546,False,1796.613662,885.0238074982195,0.49260663336657823,49.26066333665782
2352,911.7537173975288,783.0041474324112,1694.75786482994,10782.999,9999.994852567588,9088.24113517006,3968,1631,22074482,False,1796.830374,885.0766566024711,0.49257663350389863,49.25766335038986
2353,913.1380037202046,783.0041474324112,1696.1421511526155,10782.999,9999.994852567588,9086.856848847385,33521,1632,22078450,False,1799.44079,886.3027862797956,0.492543456392247,49.2543456392247
2354,913.1751702036152,783.0041474324112,1696.1793176360263,10782.999,9999.994852567588,9086.819682363974,900,1633,22111971,False,1799.493705,886.3185347963849,0.49253772454646344,49.253772454646345
2355,913.2122953909331,783.0041474324112,1696.2164428233443,10782.999,9999.994852567588,9086.782557176655,899,1634,22112871,False,1799.546196,886.3339006090669,0.4925318964187718,49.253189641877185
2356,913.290799263115,783.0041474324112,1696.294946695526,10782.999,9999.994852567588,9086.704053304473,1901,1635,22113770,False,1799.652726,886.361926736885,0.49251831418995945,49.25183141899595
2357,914.5555333974866,783.0041474324112,1697.5596808298978,10782.999,9999.994852567588,9085.439319170102,30626,1636,22115671,False,1801.970741,887.4152076025135,0.4924692656829956,49.24692656829956
2358,917.659512907573,783.0041474324112,1700.6636603399843,10782.999,9999.994852567588,9082.335339660016,75164,1637,22146297,False,1810.014019,892.354506092427,0.49300972076748706,49.30097207674871
2359,918.2773024540433,783.0041474324112,1701.2814498864543,10782.999,9999.994852567588,9081.717550113544,14960,1638,22221461,False,1810.91927,892.6419675459568,0.4929220105686748,49.292201056867476
2360,917.1867139424968,786.0389200053112,1703.225633947808,10786.0,9999.96107999469,9082.774366052192,44083,1634,22165929,False,1811.556008,894.3692940575032,0.49370225933279743,49.37022593327974
2361,917.2238391298148,786.0389200053112,1703.262759135126,10786.0,9999.96107999469,9082.737240864875,899,1635,22210012,False,1811.581412,894.3575728701852,0.49368886595210065,49.368886595210064
2362,917.4412217616745,786.0389200053112,1703.4801417669855,10786.0,9999.96107999469,9082.519858233016,5264,1636,22210911,False,1811.879782,894.4385602383255,0.49365226607419893,49.36522660741989
2363,917.5199321143195,786.0389200053112,1703.558852119631,10786.0,9999.96107999469,9082.44114788037,1906,1637,22216175,False,1811.982814,894.4628818856804,0.49363761895242814,49.36376189524282
2364,917.9779883743096,786.0389200053112,1704.0169083796209,10786.0,9999.96107999469,9081.98309162038,11092,1638,22218081,False,1812.640508,894.6625196256904,0.49356864512138027,49.356864512138024
2365,918.728049305629,786.0389200053112,1704.76696931094,10786.0,9999.96107999469,9081.23303068906,18163,1639,22229173,False,1813.801026,895.072976694371,0.49347914344733146,49.34791434473315
2366,919.3289487501938,786.0389200053112,1705.367868755505,10786.0,9999.96107999469,9080.632131244496,14551,1640,22247336,False,1814.69321,895.3642612498061,0.4933970416133348,49.33970416133348
2367,918.6858034028188,789.0042223270824,1707.6900257299012,10788.999,9999.994777672917,9081.308974270098,895,1640,22245418,False,1811.719702,893.0338985971813,0.49292056470509216,49.292056470509216
2368,918.8859242679388,789.0042223270824,1707.8901465950212,10788.999,9999.994777672917,9081.108853404978,4846,1641,22246313,False,1811.986054,893.1001297320612,0.49288465976905427,49.28846597690543
2369,920.0849563188592,789.0042223270824,1709.0891786459415,10788.999,9999.994777672917,9079.909821354058,29035,1642,22251159,False,1814.087232,894.0022756811409,0.4928110732004429,49.281107320044285
2370,920.502418519746,789.0042223270824,1709.5066408468283,10788.999,9999.994777672917,9079.492359153171,10109,1643,22280194,False,1814.673451,894.1710324802539,0.49274486932484135,49.27448693248414
2371,921.2442615286224,789.0042223270824,1710.2484838557048,10788.999,9999.994777672917,9078.750516144297,17964,1644,22290303,False,1815.840719,894.5964574713777,0.49266240596479194,49.26624059647919
2372,922.6097581291295,789.0042223270824,1711.613980456212,10788.999,9999.994777672917,9077.385019543788,33066,1645,22308267,False,1818.373345,895.7635868708704,0.49261808051353195,49.26180805135319
2373,927.5850287828492,789.0042223270824,1716.589251109932,10788.999,9999.994777672917,9072.409748890068,120478,1646,22341333,False,1835.11718,907.5321512171507,0.4945363495627842,49.45363495627842
2374,927.8870684047,789.0042223270824,1716.8912907317822,10788.999,9999.994777672917,9072.107709268215,7314,1647,22461811,False,1835.554108,907.6670395953,0.4944921185593838,49.44921185593838
2375,928.8849884842756,789.0042223270824,1717.8892108113582,10788.999,9999.994777672917,9071.109789188642,24165,1648,22469125,False,1837.231511,908.3465225157244,0.49441048505711394,49.44104850571139
2376,929.3560530134594,789.0042223270824,1718.3602753405416,10788.999,9999.994777672917,9070.638724659457,11407,1649,22493290,False,1837.946975,908.5909219865407,0.4943509983396233,49.43509983396233
2377,930.1348147291905,789.0042223270824,1719.1390370562726,10788.999,9999.994777672917,9069.859962943729,18858,1650,22504697,False,1839.202855,909.0680402708095,0.49427285184961806,49.427285184961804
2378,929.468213201174,792.036081895244,1721.504295096418,10792.0,9999.963918104757,9070.495704903582,1398,1650,22506015,False,1836.282972,906.814758798826,0.49383170928779163,49.383170928779165
2379,931.0263147779336,792.036081895244,1723.0623966731778,10792.0,9999.963918104757,9068.937603326824,37730,1651,22507413,False,1839.352972,908.3266572220663,0.49382944494574493,49.382944494574495
2380,931.3230684999214,792.036081895244,1723.3591503951654,10792.0,9999.963918104757,9068.640849604835,7186,1652,22545143,False,1839.760346,908.4372775000786,0.493780224948972,49.3780224948972
2381,931.860165481298,792.036081895244,1723.896247376542,10792.0,9999.963918104757,9068.10375262346,13006,1653,22552329,False,1840.579116,908.7189505187021,0.4937136049297117,49.37136049297117
2382,929.538870815747,795.022633850825,1724.561504666572,10795.0,9999.977366149174,9070.438495333428,11630,1650,22497494,False,1838.28696,908.7480891842529,0.49434506633515635,49.43450663351563
2383,929.9084295491268,795.022633850825,1724.9310633999517,10795.0,9999.977366149174,9070.068936600048,8949,1651,22509124,False,1838.831677,908.9232474508731,0.4942938817182847,49.42938817182847
2384,931.6276271834254,795.022633850825,1726.6502610342504,10795.0,9999.977366149174,9068.34973896575,41631,1652,22518073,False,1842.259918,910.6322908165746,0.49430174424311313,49.43017442431131
2385,931.6902733560186,795.022633850825,1726.7129072068435,10795.0,9999.977366149174,9068.287092793156,1517,1653,22559704,False,1842.337252,910.6469786439815,0.49428896780728043,49.428896780728046
2386,931.7285548339316,795.022633850825,1726.7511886847565,10795.0,9999.977366149174,9068.248811315245,927,1654,22561221,False,1842.387856,910.6593011660684,0.4942820797479618,49.42820797479618
2387,932.3911919370508,795.022633850825,1727.4138257878758,10795.0,9999.977366149174,9067.586174212123,16046,1655,22562148,False,1843.388214,910.9970220629492,0.4941970525493168,49.41970525493168
2388,932.93758053928,795.022633850825,1727.9602143901047,10795.0,9999.977366149174,9067.039785609895,13231,1656,22578194,False,1844.21725,911.2796694607199,0.4941281562466244,49.412815624662436
2389,932.9968404322736,795.022633850825,1728.0194742830986,10795.0,9999.977366149174,9066.9805257169,1435,1657,22591425,False,1844.295382,911.2985415677264,0.4941174556211768,49.41174556211768
2390,933.3460401919629,795.022633850825,1728.368674042788,10795.0,9999.977366149174,9066.631325957213,8456,1658,22592860,False,1844.765742,911.4197018080372,0.4940571483184216,49.40571483184216
2391,933.8622000543514,795.022633850825,1728.8848339051765,10795.0,9999.977366149174,9066.115166094824,12499,1659,22601316,False,1845.568251,911.7060509456485,0.4939974722970289,49.39974722970289
2392,934.4013618403618,795.022633850825,1729.4239956911867,10795.0,9999.977366149174,9065.576004308812,13056,1660,22613815,False,1846.380721,911.9793591596382,0.49392812045053747,49.392812045053745
2393,934.7221085921956,795.022633850825,1729.7447424430206,10795.0,9999.977366149174,9065.25525755698,7767,1661,22626871,False,1846.818105,912.0959964078045,0.49387429868617433,49.38742986861743
2394,936.610867983032,795.022633850825,1731.6335018338568,10795.0,9999.977366149174,9063.366498166142,45737,1662,22634638,False,1850.713168,914.102300016968,0.4939189474751541,49.39189474751541
2395,937.0621516838228,795.022633850825,1732.0847855346476,10795.0,9999.977366149174,9062.915214465353,10928,1663,22680375,False,1851.372055,914.3099033161773,0.49385530090880475,49.38553009088047
2396,936.3344319386422,798.0176110711548,1734.352043009797,10798.0,9999.982388928844,9063.647956990204,33106,1660,22640575,False,1850.896599,914.5621670613577,0.49411845456708725,49.411845456708726
2397,936.683177441312,798.0176110711548,1734.7007885124667,10798.0,9999.982388928844,9063.299211487534,8445,1661,22673681,False,1851.388248,914.705070558688,0.4940644251938063,49.406442519380626
2398,936.7411571554328,798.0176110711548,1734.7587682265876,10798.0,9999.982388928844,9063.241231773412,1404,1662,22682126,False,1851.466297,914.7251398445671,0.49405443746220523,49.40544374622052
2399,936.9264527232812,798.0176110711548,1734.9440637944358,10798.0,9999.982388928844,9063.055936205565,4487,1663,22683530,False,1851.719525,914.7930722767188,0.4940235602239593,49.402356022395935
2400,937.8393028519392,798.0176110711548,1735.856913923094,10798.0,9999.982388928844,9062.143086076909,22105,1664,22688017,False,1853.249542,915.4102391480608,0.49394872001973533,49.39487200197353
2401,938.051399583936,798.0176110711548,1736.0690106550908,10798.0,9999.982388928844,9061.93098934491,5136,1665,22710122,False,1853.531104,915.4797044160639,0.4939111636381064,49.39111636381064
2402,938.0884421790686,798.0176110711548,1736.106053250223,10798.0,9999.982388928844,9061.893946749777,897,1666,22715258,False,1853.58318,915.4947378209315,0.49390539777175335,49.390539777175334
2403,938.5433186399224,798.0176110711548,1736.560929711077,10798.0,9999.982388928844,9061.439070288923,11015,1667,22716155,False,1854.248325,915.7050063600776,0.49384162520954555,49.384162520954554
2404,938.7396815606083,798.0176110711548,1736.7572926317632,10798.0,9999.982388928844,9061.242707368236,4755,1668,22727170,False,1854.551732,915.8120504393916,0.49381855174875844,49.381855174875845
2405,939.4950696878836,798.0176110711548,1737.5126807590382,10798.0,9999.982388928844,9060.48731924096,18292,1669,22731925,False,1855.842792,916.3477223121163,0.49376365620095924,49.376365620095925
2406,939.727112432644,801.0045603048823,1740.7316727375264,10800.999,9999.994439695118,9060.267327262474,1819,1667,22754017,False,1852.929222,913.2021095673559,0.49284241336626505,49.28424133662651
2407,939.7647744691668,801.0045603048823,1740.7693347740492,10800.999,9999.994439695118,9060.22966522595,912,1668,22755836,False,1852.984572,913.2197975308333,0.49283723746558705,49.28372374655871
2408,939.801858360392,801.0045603048823,1740.8064186652744,10800.999,9999.994439695118,9060.192581334726,898,1669,22756748,False,1853.039496,913.2376376396081,0.49283225727834573,49.283225727834576
2409,942.5595701333692,801.0045603048823,1743.5641304382516,10800.999,9999.994439695118,9057.434869561748,66779,1670,22757646,False,1859.973082,917.4135118666308,0.4932402090895586,49.32402090895586
2410,943.7834211359892,801.0045603048823,1744.7879814408716,10800.999,9999.994439695118,9056.211018559128,29636,1671,22824425,False,1862.152056,918.3686348640107,0.4931759637484785,49.31759637484785
2411,944.3268364195455,801.0045603048823,1745.3313967244278,10800.999,9999.994439695118,9055.667603275571,13159,1672,22854061,False,1862.985494,918.6586575804545,0.4931110094733,49.31110094733
2412,944.901306364796,801.0045603048823,1745.9058666696783,10800.999,9999.994439695118,9055.093133330322,13911,1673,22867220,False,1863.86332,918.9620136352039,0.4930415249736252,49.304152497362516
2413,945.4068531313662,801.0045603048823,1746.4114134362485,10800.999,9999.994439695118,9054.587586563752,12242,1674,22881131,False,1864.593706,919.1868528686339,0.49296897759057107,49.29689775905711
2414,945.7430446218618,801.0045603048823,1746.747604926744,10800.999,9999.994439695118,9054.251395073255,8141,1675,22893373,False,1865.08543,919.3423853781383,0.4929223994732178,49.29223994732178
2415,946.2466917681688,801.0045603048823,1747.251252073051,10800.999,9999.994439695118,9053.74774792695,12196,1676,22901514,False,1865.81596,919.5692682318311,0.4928510034997402,49.28510034997402
2416,946.9773022398368,801.0045603048823,1747.981862544719,10800.999,9999.994439695118,9053.01713745528,17692,1677,22913710,False,1866.955152,919.9778497601632,0.4927691213014008,49.27691213014008
2417,947.0143448349694,801.0045603048823,1748.0189051398515,10800.999,9999.994439695118,9052.980094860148,897,1678,22931402,False,1867.008052,919.9937071650305,0.4927636526149436,49.27636526149436
2418,947.17701014403,801.0045603048823,1748.1815704489122,10800.999,9999.994439695118,9052.817429551087,3939,1679,22932299,False,1867.228257,920.05124685597,0.4927363558294577,49.273635582945765
2419,947.16837926066,804.0025185819993,1751.1708978426595,10804.0,9999.997481418,9052.82910215734,904,1675,22935125,False,1864.279784,917.1114047393401,0.49193871682263546,49.19387168226355
2420,947.514688293862,804.0025185819993,1751.5172068758611,10804.0,9999.997481418,9052.482793124138,8386,1676,22936029,False,1864.778221,917.263532706138,0.49188880606630486,49.188880606630484
2421,948.125705281133,804.0025185819993,1752.1282238631325,10804.0,9999.997481418,9051.871776136868,14796,1677,22944415,False,1865.696677,917.5709717188669,0.4918114412865339,49.18114412865339
2422,948.1631195410996,804.0025185819993,1752.1656381230991,10804.0,9999.997481418,9051.8343618769,906,1678,22959211,False,1865.753832,917.5907124589005,0.49180695583794487,49.18069558379449
2423,948.2307625409072,804.0025185819993,1752.2332811229064,10804.0,9999.997481418,9051.766718877094,1638,1679,22960117,False,1865.869538,917.6387754590927,0.4918022170203267,49.180221702032675
2424,948.3370586834616,804.0025185819993,1752.3395772654608,10804.0,9999.997481418,9051.66042273454,2574,1680,22961755,False,1866.01765,917.6805913165384,0.4917855901933931,49.17855901933931
2425,950.014505968062,804.0025185819993,1754.0170245500613,10804.0,9999.997481418,9049.98297544994,40620,1681,22964329,False,1869.572903,919.558397031938,0.4918547950477746,49.185479504777454
2426,950.4488582708544,804.0025185819993,1754.4513768528536,10804.0,9999.997481418,9049.548623147146,10518,1682,23004949,False,1870.197564,919.7487057291456,0.49179227020378347,49.17922702037835
2427,950.5703513755146,804.0025185819993,1754.5728699575138,10804.0,9999.997481418,9049.427130042486,2942,1683,23015467,False,1870.357846,919.7874946244855,0.4917708643784765,49.17708643784765
2428,951.2105647003092,804.0025185819993,1755.2130832823086,10804.0,9999.997481418,9048.78691671769,15503,1684,23018409,False,1871.402731,920.1921662996907,0.49171252721640424,49.17125272164042
2429,951.2680901574104,804.0025185819993,1755.27060873941,10804.0,9999.997481418,9048.72939126059,1393,1685,23033912,False,1871.486561,920.2184708425896,0.49170455723223844,49.170455723223846
2430,951.3054218251918,804.0025185819993,1755.3079404071912,10804.0,9999.997481418,9048.69205959281,904,1686,23035305,False,1871.541749,920.2363271748081,0.49169959882888414,49.16995988288841
2431,951.3610063659372,804.0025185819993,1755.3635249479364,10804.0,9999.997481418,9048.636475052062,1346,1687,23036209,False,1871.62447,920.2634636340628,0.4916923658484027,49.16923658484027
2432,951.3980489610695,804.0025185819993,1755.400567543069,10804.0,9999.997481418,9048.599432456933,897,1688,23037555,False,1871.652056,920.2540070389304,0.491680066329022,49.1680066329022
2433,950.1547474987982,807.0449424025952,1757.1996899013934,10807.0,9999.955057597404,9049.800310098606,7509,1689,23000836,False,1869.129494,918.9747465012018,0.49165921861013756,49.16592186101376
2434,950.4562089753512,807.0449424025952,1757.5011513779464,10807.0,9999.955057597404,9049.498848622054,7300,1690,23008345,False,1869.577572,919.1213630246488,0.49161980588021775,49.16198058802178
2435,950.8842016798712,807.0449424025952,1757.9291440824663,10807.0,9999.955057597404,9049.070855917533,10364,1691,23015645,False,1870.22953,919.3453283201288,0.491568181109903,49.1568181109903
2436,951.572690137007,807.0449424025952,1758.6176325396025,10807.0,9999.955057597404,9048.382367460395,16672,1692,23026009,False,1871.350585,919.7778948629929,0.4915048533586201,49.15048533586201
2437,952.1563691109249,807.0449424025952,1759.20131151352,10807.0,9999.955057597404,9047.79868848648,14134,1693,23042681,False,1872.272455,920.1160858890752,0.4914434773805798,49.14434773805798
2438,952.5926210339804,807.0449424025952,1759.637563436576,10807.0,9999.955057597404,9047.362436563424,10564,1694,23056815,False,1872.908873,920.3162519660196,0.4913833583861822,49.13833583861822
2439,952.9305469603688,807.0449424025952,1759.9754893629638,10807.0,9999.955057597404,9047.024510637037,8183,1695,23067379,False,1873.409197,920.4786500396311,0.4913388124247749,49.13388124247749
2440,953.136779647205,807.0449424025952,1760.1817220498,10807.0,9999.955057597404,9046.8182779502,4994,1696,23075562,False,1873.690562,920.553782352795,0.491305128510753,49.130512851075295
2441,953.6525265486669,807.0449424025952,1760.697468951262,10807.0,9999.955057597404,9046.302531048736,12489,1697,23080556,False,1874.468911,920.8163844513331,0.4912412145369175,49.12412145369175
2442,953.8599568221908,807.0449424025952,1760.904899224786,10807.0,9999.955057597404,9046.095100775214,5023,1698,23093045,False,1874.748968,920.8890111778093,0.4912065705309988,49.12065705309988
2443,953.0425419637128,810.0502498194617,1763.0927917831746,10810.0,9999.949750180538,9046.907208216826,4398,1699,23073876,False,1871.998571,918.9560290362873,0.49089568938366845,49.089568938366845
2444,953.0853660118204,810.0502498194617,1763.135615831282,10810.0,9999.949750180538,9046.864384168715,1037,1700,23078274,False,1872.077822,918.9924559881796,0.49089436624295396,49.089436624295395
2445,953.6049534499012,810.0502498194617,1763.6552032693628,10810.0,9999.949750180538,9046.344796730637,12582,1701,23079311,False,1872.857798,919.2528445500988,0.4908289596421878,49.08289596421878
2446,953.8119294664058,810.0502498194617,1763.8621792858676,10810.0,9999.949750180538,9046.137820714132,5012,1702,23091893,False,1873.170104,919.3581745335943,0.49080335660406965,49.080335660406966
2447,954.3296998764088,810.0502498194617,1764.3799496958704,10810.0,9999.949750180538,9045.62005030413,12538,1703,23096905,False,1873.960036,919.6303361235912,0.49074170124062944,49.074170124062945
2448,954.3668250637268,810.0502498194617,1764.4170748831884,10810.0,9999.949750180538,9045.58292511681,899,1704,23109443,False,1874.013172,919.6463469362732,0.4907363302867293,49.07363302867293
2449,954.5000049626148,810.0502498194617,1764.5502547820763,10810.0,9999.949750180538,9045.449745217924,3225,1705,23110342,False,1874.207367,919.7073620373852,0.4907180380522884,49.07180380522884
2450,954.8665490812292,810.0502498194617,1764.916798900691,10810.0,9999.949750180538,9045.083201099307,8876,1706,23113567,False,1874.746523,919.8799739187708,0.49066898518460184,49.066898518460185
2451,955.4562985807707,810.0502498194617,1765.5065484002323,10810.0,9999.949750180538,9044.493451599768,14281,1707,23122443,False,1875.67856,920.2222614192293,0.49060765583375293,49.06076558337529
2452,955.750285464549,810.0502498194617,1765.8005352840107,10810.0,9999.949750180538,9044.199464715988,7119,1708,23136724,False,1876.088896,920.3386105354509,0.49056236753903315,49.05623675390331
2453,956.95241472242,810.0502498194617,1767.0026645418816,10810.0,9999.949750180538,9042.997335458118,29110,1709,23143843,False,1878.346653,921.39423827758,0.49053471402947685,49.053471402947686
2454,957.5378281322304,810.0502498194617,1767.588077951692,10810.0,9999.949750180538,9042.411922048308,14176,1710,23172953,False,1879.272542,921.7347138677695,0.4904742091782074,49.04742091782074
2455,957.6165384848756,810.0502498194617,1767.6667883043374,10810.0,9999.949750180538,9042.333211695664,1906,1711,23187129,False,1879.380393,921.7638545151243,0.49046156805102115,49.046156805102115
2456,957.6535810800082,810.0502498194617,1767.7038308994695,10810.0,9999.949750180538,9042.29616910053,897,1712,23189035,False,1879.433642,921.7800609199918,0.4904562950884923,49.04562950884923
2457,958.4047157097372,810.0502498194617,1768.454965529199,10810.0,9999.949750180538,9041.5450344708,18189,1713,23189932,False,1880.674261,922.2695452902627,0.4903930278706902,49.03930278706902
2458,959.6015177716528,810.0502498194617,1769.6517675911143,10810.0,9999.949750180538,9040.348232408884,28981,1714,23208121,False,1882.916346,923.3148282283472,0.49036423216028907,49.03642321602891
2459,959.3443670025438,813.0377591641528,1772.3821261666967,10813.0,9999.962240835846,9040.617873833302,12925,1715,23217950,False,1880.760052,921.4156849974563,0.4899166610954029,48.99166610954029
2460,959.5875596923274,813.0377591641528,1772.62531885648,10813.0,9999.962240835846,9040.37468114352,5889,1716,23230875,False,1881.117139,921.5295793076725,0.4898842077413407,48.98842077413407
2461,959.656482871008,813.0377591641528,1772.6942420351606,10813.0,9999.962240835846,9040.305757964838,1669,1717,23236764,False,1881.22887,921.5723871289919,0.4898778675074192,48.98778675074192
2462,960.4708005225352,813.0377591641528,1773.508559686688,10813.0,9999.962240835846,9039.491440313312,19719,1718,23238433,False,1882.622105,922.1513044774647,0.48982283912865493,48.98228391286549
2463,960.530019119436,813.0377591641528,1773.567778283589,10813.0,9999.962240835846,9039.43222171641,1434,1719,23258152,False,1882.677065,922.1470458805641,0.48980627799837995,48.980627799838
2464,960.773955138888,813.0377591641528,1773.8117143030408,10813.0,9999.962240835846,9039.18828569696,5907,1720,23259586,False,1883.025259,922.251303861112,0.4897710742079387,48.97710742079387
2465,961.725995259498,813.0377591641528,1774.7637544236509,10813.0,9999.962240835846,9038.236245576349,23054,1721,23265493,False,1884.694579,922.968583740502,0.48971785350505964,48.97178535050596
2466,963.0599829412914,813.0377591641528,1776.0977421054442,10813.0,9999.962240835846,9036.902257894557,32303,1722,23288547,False,1887.299782,924.2397990587086,0.4897154166357598,48.97154166357598
2467,963.4924356238206,813.0377591641528,1776.5301947879734,10813.0,9999.962240835846,9036.469805212026,10472,1723,23320850,False,1887.966738,924.4743023761795,0.4896666258832042,48.96666258832042
2468,963.6649294029388,813.0377591641528,1776.7026885670916,10813.0,9999.962240835846,9036.297311432909,4177,1724,23331322,False,1888.198051,924.5331215970613,0.48963779043592565,48.96377904359257
2469,964.1144373717442,813.0377591641528,1777.152196535897,10813.0,9999.962240835846,9035.847803464105,10885,1725,23335499,False,1888.894256,924.7798186282558,0.48958792462348183,48.958792462348185
2470,966.267863420557,813.0377591641528,1779.30562258471,10813.0,9999.962240835846,9033.69437741529,52146,1726,23346384,False,1893.675208,927.4073445794431,0.48973939177189835,48.973939177189834
2471,966.3220025980584,813.0377591641528,1779.3597617622113,10813.0,9999.962240835846,9033.640238237787,1311,1727,23398530,False,1893.754462,927.4324594019417,0.48973215800240405,48.9732158002404
2472,966.6666184914606,813.0377591641528,1779.7043776556134,10813.0,9999.962240835846,9033.295622344383,8345,1728,23399841,False,1894.256256,927.5896375085393,0.4896854026853162,48.96854026853162
2473,966.7809673720872,813.0377591641528,1779.81872653624,10813.0,9999.962240835846,9033.18127346376,2769,1729,23408186,False,1894.389819,927.6088516279128,0.4896610203055113,48.96610203055113
2474,967.298366117256,816.0012156787417,1783.2995817959977,10816.0,9999.998784321258,9032.700418204002,32134,1729,23391350,False,1893.860763,926.5623968827439,0.4892452576159866,48.92452576159866
2475,967.402556159084,816.0012156787417,1783.4037718378258,10816.0,9999.998784321258,9032.596228162174,2523,1730,23423484,False,1893.994799,926.592242840916,0.4892263924537398,48.92263924537398
2476,967.9355648272854,816.0012156787417,1783.936780506027,10816.0,9999.998784321258,9032.063219493974,12907,1731,23426007,False,1894.800337,926.8647721727145,0.48916223734697095,48.9162237346971
2477,968.2548249197828,816.0012156787417,1784.2560405985246,10816.0,9999.998784321258,9031.743959401476,7731,1732,23438914,False,1895.237322,926.9824970802172,0.48911156735874856,48.911156735874854
2478,968.8199206519952,816.0012156787417,1784.8211363307369,10816.0,9999.998784321258,9031.178863669264,13684,1733,23446645,False,1896.082051,927.2621303480049,0.48904114136778193,48.90411413677819
2479,969.6385330971611,816.0012156787417,1785.6397487759027,10816.0,9999.998784321258,9030.360251224098,19823,1734,23460329,False,1897.4293,927.7907669028389,0.48897250975456047,48.897250975456046
2480,965.784781728404,819.0216605422199,1784.8064422706238,10819.0,9999.97833945778,9034.193557729375,9292,1734,23377540,False,1894.998372,929.213590271596,0.49035060082447185,49.03506008244719
2481,966.4747981409688,819.0216605422199,1785.4964586831888,10819.0,9999.97833945778,9033.503541316812,16709,1735,23386832,False,1896.074301,929.5995028590313,0.49027588337058065,49.02758833705806
2482,966.5119646243796,819.0216605422199,1785.5336251665994,10819.0,9999.97833945778,9033.4663748334,900,1736,23403541,False,1896.126286,929.6143213756203,0.490270256912424,49.0270256912424
2483,966.5970345752972,819.0216605422199,1785.6186951175173,10819.0,9999.97833945778,9033.381304882483,2060,1737,23404441,False,1896.231906,929.6348714247027,0.4902537861973422,49.02537861973422
2484,967.0229211790904,819.0216605422199,1786.0445817213104,10819.0,9999.97833945778,9032.95541827869,10313,1738,23406501,False,1896.913071,929.8901498209095,0.4902123160186235,49.02123160186235
2485,967.060005070316,819.0216605422199,1786.0816656125355,10819.0,9999.97833945778,9032.918334387465,898,1739,23416814,False,1896.969809,929.9098039296839,0.4902080146546412,49.02080146546412
2486,967.3734424137456,819.0216605422199,1786.3951029559655,10819.0,9999.97833945778,9032.604897044035,7590,1740,23417712,False,1897.434718,930.0612755862544,0.49016773371080186,49.016773371080184
2487,967.6947673108772,819.0216605422199,1786.716427853097,10819.0,9999.97833945778,9032.283572146904,7781,1741,23425302,False,1897.92855,930.2337826891229,0.49013108669929795,49.01310866992979
2488,968.3785480134476,819.0216605422199,1787.4002085556676,10819.0,9999.97833945778,9031.599791444332,16558,1742,23433083,False,1899.099598,930.7210499865524,0.4900854336269268,49.00854336269268
2489,968.5494312449512,819.0216605422199,1787.571091787171,10819.0,9999.97833945778,9031.428908212829,4138,1743,23449641,False,1899.335633,930.7862017550488,0.4900588319321279,49.00588319321279
2490,969.46645227897,819.0216605422199,1788.4881128211898,10819.0,9999.97833945778,9030.51188717881,22206,1744,23453779,False,1900.967866,931.50141372103,0.49001428713315764,49.00142871331576
2491,969.5419002402934,819.0216605422199,1788.5635607825134,10819.0,9999.97833945778,9030.436439217488,1827,1745,23475985,False,1901.080333,931.5384327597067,0.49000477075563253,49.00047707556325
2492,968.5785862863822,822.0602168318818,1790.638803118264,10822.0,9999.939783168118,9031.361196881737,897,1746,23453588,False,1898.1355,929.5569137136179,0.48972105190257376,48.97210519025737
2493,968.638093955932,822.0602168318818,1790.6983107878136,10822.0,9999.939783168118,9031.301689212189,1441,1747,23454485,False,1898.218341,929.580247044068,0.48971197199282984,48.97119719928298
2494,969.3678785057464,822.0602168318818,1791.428095337628,10822.0,9999.939783168118,9030.571904662373,17672,1748,23455926,False,1899.445975,930.0780964942537,0.4896575679096394,48.96575679096394
2495,969.7677898672448,822.0602168318818,1791.8280066991265,10822.0,9999.939783168118,9030.171993300874,9684,1749,23473598,False,1900.03488,930.2670901327551,0.4896052698426016,48.96052698426016
2496,969.8844100329688,822.0602168318818,1791.9446268648508,10822.0,9999.939783168118,9030.05537313515,2824,1750,23483282,False,1900.203217,930.3188069670312,0.48958911270332367,48.958911270332365
2497,970.9303574683298,822.0602168318818,1792.9905743002116,10822.0,9999.939783168118,9029.009425699787,25328,1751,23486106,False,1902.077495,931.1471375316702,0.4895421663835364,48.95421663835364
2498,971.003038591444,822.0602168318818,1793.0632554233257,10822.0,9999.939783168118,9028.936744576677,1760,1752,23511434,False,1902.190099,931.1870604085559,0.48953417479046396,48.953417479046394
2499,971.1163963658464,822.0602168318818,1793.1766131977283,10822.0,9999.939783168118,9028.823386802273,2745,1753,23513194,False,1902.331336,931.2149396341536,0.4895124850291346,48.95124850291346
2500,971.1532324805156,822.0602168318818,1793.2134493123976,10822.0,9999.939783168118,9028.786550687602,892,1754,23515939,False,1902.385606,931.2323735194844,0.489507684762983,48.9507684762983
2501,971.521965292042,822.0602168318818,1793.5821821239238,10822.0,9999.939783168118,9028.417817876076,8929,1755,23516831,False,1902.936407,931.414441707958,0.48946167527287104,48.9461675272871
2502,971.559586032472,822.0602168318818,1793.619802864354,10822.0,9999.939783168118,9028.380197135646,911,1756,23525760,False,1902.990861,931.431274967528,0.48945651503448184,48.94565150344818
2503,971.596463443234,822.0602168318818,1793.6566802751158,10822.0,9999.939783168118,9028.343319724883,893,1757,23526671,False,1903.044979,931.448515556766,0.4894516555495276,48.94516555495276
2504,971.7906789671008,822.0602168318818,1793.8508957989827,10822.0,9999.939783168118,9028.149104201017,4703,1758,23527564,False,1903.333369,931.5426900328991,0.48942697333275154,48.942697333275156
2505,972.8664834774684,822.0602168318818,1794.92670030935,10822.0,9999.939783168118,9027.07329969065,26051,1759,23532267,False,1905.314339,932.4478555225317,0.4893931864344887,48.93931864344887
2506,972.8336943798816,825.0074976570218,1797.8411920369035,10825.0,9999.99250234298,9027.158807963096,19257,1756,23538267,False,1903.693544,930.8598496201183,0.48897568232763744,48.897568232763746
2507,972.871149935941,825.0074976570218,1797.8786475929628,10825.0,9999.99250234298,9027.121352407035,907,1757,23557524,False,1903.749848,930.8786980640589,0.4889711214117764,48.89711214117764
2508,973.0820077851574,825.0074976570218,1798.0895054421792,10825.0,9999.99250234298,9026.910494557822,5106,1758,23558431,False,1904.045447,930.9634392148425,0.48893971553129767,48.89397155312977
2509,973.6607725240466,825.0074976570218,1798.6682701810682,10825.0,9999.99250234298,9026.331729818932,14015,1759,23563537,False,1905.010253,931.3494804759533,0.4888947337733585,48.889473377335854
2510,972.8638818236296,828.0064913485077,1800.8703731721373,10828.0,9999.993508651492,9027.129626827862,15900,1754,23542355,False,1903.101224,930.2373421763704,0.4888007692103562,48.880076921035624
2511,973.2129163989484,828.0064913485077,1801.219407747456,10828.0,9999.993508651492,9026.780592252544,8452,1755,23558255,False,1903.667162,930.4542456010515,0.4887693942377578,48.87693942377578
2512,973.251982502622,828.0064913485077,1801.2584738511298,10828.0,9999.993508651492,9026.74152614887,946,1756,23566707,False,1903.695691,930.4437084973779,0.48875653440630595,48.87565344063059
2513,973.2919984164276,828.0064913485077,1801.2984897649353,10828.0,9999.993508651492,9026.701510235063,969,1757,23567653,False,1903.751839,930.4598405835724,0.48875059318252473,48.875059318252475
2514,973.3700067354972,828.0064913485077,1801.376498084005,10828.0,9999.993508651492,9026.623501915996,1889,1758,23568622,False,1903.864752,930.4947452645027,0.488739940317201,48.8739940317201
2515,970.5382923644402,831.0005974615952,1801.5388898260355,10831.0,9999.999402538404,9029.461110173965,898,1753,23501042,False,1900.920129,930.3818366355599,0.48943762677972036,48.94376267797204
2516,970.57529366348,831.0005974615952,1801.5758911250755,10831.0,9999.999402538404,9029.424108874924,896,1754,23501940,False,1900.975387,930.40009333652,0.4894330035513079,48.943300355130795
2517,970.6288959917767,831.0005974615952,1801.629493453372,10831.0,9999.999402538404,9029.370506546627,1298,1755,23502836,False,1901.058581,930.4296850082233,0.48942715090809885,48.942715090809884
2518,971.6468859723944,831.0005974615952,1802.6474834339897,10831.0,9999.999402538404,9028.35251656601,24651,1756,23504134,False,1904.285711,932.6388250276055,0.4897578234401852,48.97578234401852
2519,971.80839499086,831.0005974615952,1802.8089924524552,10831.0,9999.999402538404,9028.191007547544,3911,1757,23528785,False,1904.519869,932.7114740091399,0.48973575397713004,48.973575397713006
2520,971.8477501671828,831.0005974615952,1802.848347628778,10831.0,9999.999402538404,9028.151652371222,953,1758,23532696,False,1904.575594,932.7278438328171,0.4897300200481395,48.97300200481395
2521,972.585876527718,831.0005974615952,1803.5864739893127,10831.0,9999.999402538404,9027.413526010683,17874,1759,23533649,False,1905.853189,933.2673124722819,0.489684786770993,48.9684786770993
2522,972.8417884140466,831.0005974615952,1803.8423858756416,10831.0,9999.999402538404,9027.157614124357,6197,1760,23551523,False,1906.208845,933.3670565859535,0.48964574843631753,48.96457484363175
2523,973.8902962071536,831.0005974615952,1804.890893668749,10831.0,9999.999402538404,9026.10910633125,25390,1761,23557720,False,1908.144382,934.2540857928464,0.4896139383402521,48.96139383402521
2524,974.02884459809,834.0187873262048,1808.0476319242948,10833.999,9999.980212673796,9025.951368075706,3957,1761,23582508,False,1905.37986,931.35101540191,0.488800703184671,48.8800703184671
2525,974.4069103265616,834.0187873262048,1808.4256976527663,10833.999,9999.980212673796,9025.573302347237,9155,1762,23586465,False,1905.977135,931.5702246734385,0.4887625394695191,48.876253946951906
2526,974.6364340096688,834.0187873262048,1808.6552213358736,10833.999,9999.980212673796,9025.343778664128,5558,1763,23595620,False,1906.30516,931.668725990331,0.48873010761316465,48.873010761316465
2527,974.724518575352,834.0187873262048,1808.7433059015568,10833.999,9999.980212673796,9025.255694098443,2133,1764,23601178,False,1906.417144,931.692625424648,0.48871393564463667,48.871393564463666
2528,972.4370454097048,837.0027377383617,1809.4397831480665,10837.0,9999.99726226164,9027.560216851934,14016,1762,23533903,False,1904.373334,931.9362885902954,0.48936638208057126,48.936638208057126
2529,972.7155875548212,837.0027377383617,1809.718325293183,10837.0,9999.99726226164,9027.281674706815,6745,1763,23547919,False,1904.761804,932.0462164451787,0.4893242895189738,48.93242895189738
2530,972.794215315281,837.0027377383617,1809.7969530536427,10837.0,9999.99726226164,9027.203046946355,1904,1764,23554664,False,1904.871788,932.0775726847189,0.4893124978575823,48.93124978575823
2531,973.0173794001156,837.0027377383617,1810.0201171384772,10837.0,9999.99726226164,9026.979882861524,5404,1765,23556568,False,1905.190748,932.1733685998844,0.4892808605009478,48.928086050094784
2532,973.077960768075,837.0027377383617,1810.0806985064369,10837.0,9999.99726226164,9026.919301493564,1467,1766,23561972,False,1905.272161,932.1942002319252,0.4892708870225943,48.92708870225943
2533,973.218986924572,837.0027377383617,1810.2217246629336,10837.0,9999.99726226164,9026.778275337068,3415,1767,23563439,False,1905.468024,932.249037075428,0.4892493735572799,48.92493735572799
2534,970.620388996685,840.0018940308688,1810.6222830275535,10839.999,9999.99710596913,9029.376716972443,27296,1765,23476632,False,1904.556899,933.9365100033149,0.49036944524665255,49.03694452466525
2535,970.726602547054,840.0018940308688,1810.728496577923,10839.999,9999.99710596913,9029.270503422076,2572,1766,23503928,False,1904.695451,933.9688484529461,0.490350752905193,49.035075290519295
2536,972.0341607295334,840.0018940308688,1812.0360547604023,10839.999,9999.99710596913,9027.962945239597,31663,1767,23506500,False,1907.16001,935.1258492704667,0.49032375069067574,49.03237506906758
2537,973.618072364217,840.0018940308688,1813.6199663950856,10839.999,9999.99710596913,9026.379033604911,38355,1768,23538163,False,1910.259775,936.641702635783,0.4903216383938059,49.03216383938059
2538,974.268774896552,840.0018940308688,1814.270668927421,10839.999,9999.99710596913,9025.728331072578,15757,1769,23576518,False,1911.275458,937.006683103448,0.4902520351953622,49.02520351953622
2539,974.9124157970392,840.0018940308688,1814.914309827908,10839.999,9999.99710596913,9025.08469017209,15586,1770,23592275,False,1912.257405,937.3449892029608,0.49017720457093006,49.017720457093006
2540,974.9493757999865,840.0018940308688,1814.9512698308552,10839.999,9999.99710596913,9025.047730169144,895,1771,23607861,False,1912.309017,937.3596412000136,0.49017163694104654,49.01716369410465
2541,974.9863358029336,840.0018940308688,1814.9882298338025,10839.999,9999.99710596913,9025.010770166196,895,1772,23608756,False,1912.335063,937.3487271970664,0.49015925364386126,49.01592536438613
2542,975.1008085718385,840.0018940308688,1815.1027026027075,10839.999,9999.99710596913,9024.896297397292,2772,1773,23609651,False,1912.491548,937.3907394281615,0.4901411148239812,49.01411148239812
2543,975.4756945011738,840.0018940308688,1815.4775885320428,10839.999,9999.99710596913,9024.521411467957,9078,1774,23612423,False,1913.008264,937.5325694988262,0.49008286432516224,49.00828643251622
2544,976.167982198836,840.0018940308688,1816.1698762297049,10839.999,9999.99710596913,9023.829123770294,16764,1775,23621501,False,1914.105199,937.9372168011641,0.4900134105958113,49.00134105958113
2545,975.0548460206873,843.032364959597,1818.087210980284,10842.999,9999.966635040402,9024.911789019716,34528,1773,23576782,False,1913.847687,938.7928409793127,0.49052641302448263,49.052641302448265
2546,975.4436074371628,843.032364959597,1818.4759723967595,10842.999,9999.966635040402,9024.52302760324,9414,1774,23611310,False,1914.408823,938.9652155628372,0.49047267453114807,49.047267453114806
2547,976.2764670343024,843.032364959597,1819.3088319938995,10842.999,9999.966635040402,9023.6901680061,20168,1775,23620724,False,1915.753774,939.4773069656976,0.49039564463658347,49.039564463658344
2548,976.313385741157,843.032364959597,1819.345750700754,10842.999,9999.966635040402,9023.653249299245,894,1776,23640892,False,1915.805336,939.4919502588428,0.4903900895382217,49.03900895382217
2549,976.5239545177247,843.032364959597,1819.5563194773215,10842.999,9999.966635040402,9023.442680522678,5099,1777,23641786,False,1916.079584,939.5556294822753,0.49035313424761967,49.035313424761966
2550,977.4588154637804,846.0112613074076,1823.470076771188,10846.0,9999.988738692591,9022.529923228813,1038,1778,23668485,False,1913.134942,935.6761265362195,0.489080046574268,48.9080046574268
2551,977.4967252768594,846.0112613074076,1823.507986584267,10846.0,9999.988738692591,9022.492013415733,918,1779,23669523,False,1913.190292,935.6935667231406,0.4890750128911592,48.90750128911592
2552,978.5596454063112,846.0112613074076,1824.5709067137184,10846.0,9999.988738692591,9021.429093286282,25739,1780,23670441,False,1915.124848,936.5652025936887,0.48903610830999394,48.9036108309994
2553,979.7697861061616,846.0112613074076,1825.7810474135692,10846.0,9999.988738692591,9020.21895258643,29304,1781,23696180,False,1917.310567,937.5407808938384,0.4889874374190722,48.89874374190722
2554,979.8066222208312,846.0112613074076,1825.8178835282388,10846.0,9999.988738692591,9020.182116471762,892,1782,23725484,False,1917.362564,937.5559417791688,0.488982083713599,48.8982083713599
2555,979.8729437456726,846.0112613074076,1825.88420505308,10846.0,9999.988738692591,9020.11579494692,1606,1783,23726376,False,1917.44122,937.5682762543273,0.4889684577941468,48.89684577941468
2556,979.9956757331132,846.0112613074076,1826.0069370405208,10846.0,9999.988738692591,9019.99306295948,2972,1784,23727982,False,1917.601332,937.6056562668867,0.4889471240036074,48.89471240036074
2557,981.4540885421468,846.0112613074076,1827.4653498495545,10846.0,9999.988738692591,9018.534650150446,35316,1785,23730954,False,1920.400359,938.9462704578532,0.48893256349253433,48.893256349253434
2558,981.9677706389748,846.0112613074076,1827.9790319463823,10846.0,9999.988738692591,9018.02096805362,12439,1786,23766270,False,1921.188811,939.2210403610252,0.4888749273280174,48.88749273280174
2559,982.2298769392052,846.0112613074076,1828.2411382466128,10846.0,9999.988738692591,9017.758861753387,6347,1787,23778709,False,1921.566906,939.3370290607949,0.48883909591061353,48.883909591061354
2560,986.618784372983,849.015265258727,1835.63404963171,10849.0,9999.984734741272,9013.36595036829,118438,1781,23772897,False,1935.101743,948.482958627017,0.49014629957212386,49.014629957212385
2561,986.6618561976468,849.015265258727,1835.6771214563737,10849.0,9999.984734741272,9013.322878543626,1043,1782,23891335,False,1935.15462,948.4927638023532,0.49013797347229715,49.01379734722971
2562,986.8674281470002,849.015265258727,1835.8826934057272,10849.0,9999.984734741272,9013.117306594271,4978,1783,23892378,False,1935.405029,948.5376008529998,0.49009772457969564,49.00977245796956
2563,986.0206517666276,852.0391984789661,1838.0598502455937,10852.0,9999.960801521034,9013.940149754406,27594,1778,23849257,False,1934.401296,948.3806442333724,0.4902708896000308,49.02708896000308
2564,986.248853974769,852.0391984789661,1838.288052453735,10852.0,9999.960801521034,9013.711947546266,5526,1779,23876851,False,1934.708723,948.459869025231,0.49023393431261797,49.023393431261795
2565,986.457068874054,852.0391984789661,1838.49626735302,10852.0,9999.960801521034,9013.50373264698,5042,1780,23882377,False,1934.988945,948.531876125946,0.4902001526039447,49.02001526039447
2566,986.4965892347471,852.0391984789661,1838.5357877137133,10852.0,9999.960801521034,9013.464212286286,957,1781,23887419,False,1935.04111,948.5445207652527,0.4901934723057397,49.01934723057397
2567,986.713063352568,852.0391984789661,1838.752261831534,10852.0,9999.960801521034,9013.247738168466,5242,1782,23888376,False,1935.317195,948.604131647432,0.490154344775215,49.0154344775215
2568,986.9216086205944,852.0391984789661,1838.9608070995605,10852.0,9999.960801521034,9013.03919290044,5050,1783,23893618,False,1935.620263,948.6986543794056,0.49012643260358635,49.01264326035864
2569,986.9834701674268,852.0391984789661,1839.022668646393,10852.0,9999.960801521034,9012.977331353608,1498,1784,23898668,False,1935.699358,948.7158878325732,0.4901153084086383,49.011530840863834
2570,990.2498259139252,852.0391984789661,1842.2890243928912,10852.0,9999.960801521034,9009.71097560711,79096,1785,23900166,False,1944.404895,954.1550690860747,0.4907183023143309,49.07183023143309
2571,990.436979805944,852.0391984789661,1842.47617828491,10852.0,9999.960801521034,9009.52382171509,4532,1786,23979262,False,1944.659546,954.2225661940561,0.4906887522583637,49.06887522583637
2572,991.2764880740052,852.0391984789661,1843.3156865529716,10852.0,9999.960801521034,9008.68431344703,20329,1787,23983794,False,1946.03658,954.7600919259947,0.49061775186466167,49.061775186466164
2573,991.3137371496013,852.0391984789661,1843.3529356285671,10852.0,9999.960801521034,9008.647064371433,902,1788,24004123,False,1946.08834,954.7746028503988,0.4906121593896394,49.06121593896394
2574,991.3505732642705,852.0391984789661,1843.3897717432365,10852.0,9999.960801521034,9008.610228256764,892,1789,24005025,False,1946.140196,954.7896227357296,0.4906068045345124,49.06068045345124
2575,991.4111546322296,852.0391984789661,1843.450353111196,10852.0,9999.960801521034,9008.549646888803,1467,1790,24005917,False,1946.218204,954.8070493677704,0.4905960942125534,49.05960942125534
2576,992.621336628173,855.0468088783607,1847.6681455065336,10855.0,9999.95319112164,9007.331854493466,25209,1791,24011480,False,1944.987927,952.3665903718269,0.4896516719467673,48.96516719467673
2577,992.6594116256224,855.0468088783607,1847.7062205039836,10855.0,9999.95319112164,9007.293779496018,922,1792,24036689,False,1945.039332,952.3799203743777,0.4896455843877905,48.96455843877905
2578,993.0406158571376,855.0468088783607,1848.0874247354984,10855.0,9999.95319112164,9006.912575264501,9231,1793,24037611,False,1945.562919,952.5223031428624,0.4895869950237587,48.95869950237587
2579,993.1851108854198,855.0468088783607,1848.2319197637803,10855.0,9999.95319112164,9006.76808023622,3499,1794,24046842,False,1945.7414,952.5562891145803,0.4895595525256235,48.95595525256235
2580,994.363081929074,855.0468088783607,1849.4098908074347,10855.0,9999.95319112164,9005.590109192566,28525,1795,24050341,False,1947.779019,953.415937070926,0.48948876015740983,48.948876015740986
2581,996.6348625795032,855.0468088783607,1851.681671457864,10855.0,9999.95319112164,9003.318328542136,55012,1796,24078866,False,1952.795175,956.1603124204968,0.48963676511567417,48.963676511567414
2582,993.7197301012357,858.0287295347551,1851.748459635991,10858.0,9999.971270465245,9006.25154036401,4236,1796,24059051,False,1950.006338,956.2866078987643,0.49040179473445605,49.040179473445605
2583,995.1985431800524,858.0287295347551,1853.227272714808,10858.0,9999.971270465245,9004.772727285192,35810,1797,24063287,False,1952.737347,957.5388038199476,0.4903571928354928,49.03571928354928
2584,996.8265177456242,858.0287295347551,1854.8552472803797,10858.0,9999.971270465245,9003.144752719621,39422,1798,24099097,False,1955.832195,959.0056772543758,0.4903312665094849,49.03312665094849
2585,997.3157525555864,858.0287295347551,1855.3444820903412,10858.0,9999.971270465245,9002.655517909658,11847,1799,24138519,False,1956.493578,959.1778254444137,0.4902535005634522,49.02535005634522
2586,998.2307913771564,858.0287295347551,1856.2595209119115,10858.0,9999.971270465245,9001.740479088088,22158,1800,24150366,False,1957.93571,959.7049186228436,0.4901616093527625,49.01616093527625
2587,1002.83964180054,858.0287295347551,1860.868371335295,10858.0,9999.971270465245,8997.131628664705,111605,1801,24172524,False,1972.35897,969.51932819946,0.4915531822280099,49.15531822280099
2588,1004.0431338294692,858.0287295347551,1862.0718633642248,10858.0,9999.971270465245,8995.928136635775,29143,1802,24284129,False,1974.495972,970.4528381705308,0.4914939569046286,49.14939569046286
2589,1004.8888778075248,858.0287295347551,1862.91760734228,10858.0,9999.971270465245,8995.08239265772,20480,1803,24313272,False,1975.845535,970.9566571924752,0.491413240556011,49.141324055601096
2590,1005.3152186683376,858.0287295347551,1863.3439482030929,10858.0,9999.971270465245,8994.656051796906,10324,1804,24333752,False,1976.439511,971.1242923316624,0.49135037370322154,49.13503737032215
2591,1003.16125577032,861.010725429427,1864.171981199747,10861.0,9999.989274570573,8996.828018800254,10049,1805,24281868,False,1974.035524,970.8742682296798,0.49182208548222656,49.182208548222654
2592,1003.4743627450084,861.010725429427,1864.4850881744355,10861.0,9999.989274570573,8996.514911825565,7582,1806,24291917,False,1974.469507,970.9951442549916,0.49177520382693435,49.17752038269344
2593,1003.5509257008345,861.010725429427,1864.5616511302612,10861.0,9999.989274570573,8996.438348869739,1854,1807,24299499,False,1974.574187,971.0232612991655,0.4917633724233252,49.176337242332515
2594,1003.6477237420728,861.010725429427,1864.6584491715,10861.0,9999.989274570573,8996.3415508285,2344,1808,24301353,False,1974.681786,971.0340622579273,0.4917420463095958,49.17420463095958
2595,1003.8034513075633,861.010725429427,1864.8141767369905,10861.0,9999.989274570573,8996.18582326301,3771,1809,24303697,False,1974.899275,971.0958236924367,0.49171916562298434,49.171916562298435
2596,1004.0394997733137,861.010725429427,1865.0502252027404,10861.0,9999.989274570573,8995.94977479726,5716,1810,24307468,False,1975.206887,971.1673872266864,0.4916788178587828,49.16788178587828
2597,1004.0768727371876,861.010725429427,1865.0875981666145,10861.0,9999.989274570573,8995.912401833386,905,1811,24313184,False,1975.258281,971.1814082628123,0.49167312325917156,49.16731232591716
2598,1003.2383555753509,864.0226236412637,1867.2609792166145,10864.0,9999.977376358736,8996.739020783385,7447,1809,24286337,False,1972.689913,969.4515574246491,0.4914363636352457,49.143636363524564
2599,1003.2861764506724,864.0226236412637,1867.308800091936,10864.0,9999.977376358736,8996.691199908064,1158,1810,24293784,False,1972.741576,969.4553995493275,0.49142544129628435,49.14254412962843
2600,1004.2964440619592,864.0226236412637,1868.319067703223,10864.0,9999.977376358736,8995.680932296777,24464,1811,24294942,False,1974.500866,970.2044219380409,0.49136692652027475,49.13669265202748
2601,1004.3474860325098,864.0226236412637,1868.3701096737736,10864.0,9999.977376358736,8995.629890326227,1236,1812,24319406,False,1974.578802,970.2313159674902,0.4913611525580888,49.13611525580888
2602,1001.6374712465762,867.0112149962572,1868.6486862428333,10867.0,9999.988785003745,8998.351313757166,17436,1809,24237582,False,1972.762556,971.1250847534237,0.492266584135949,49.2266584135949
2603,1001.7526460490566,867.0112149962572,1868.7638610453137,10867.0,9999.988785003745,8998.236138954686,2789,1810,24255018,False,1972.903084,971.1504379509435,0.49224437116392256,49.22443711639225
2604,1003.1372214443812,867.0112149962572,1870.1484364406383,10867.0,9999.988785003745,8996.851563559361,33528,1811,24257807,False,1975.545735,972.4085135556187,0.49222272930857697,49.2222729308577
2605,1003.6097726329012,867.0112149962572,1870.6209876291584,10867.0,9999.988785003745,8996.379012370842,11443,1812,24291335,False,1976.27355,972.6637773670986,0.49217061948083995,49.217061948083995
2606,1003.9326254854616,867.0112149962572,1870.9438404817188,10867.0,9999.988785003745,8996.05615951828,7818,1813,24302778,False,1976.755902,972.8232765145385,0.492131211309538,49.2131211309538
2607,1004.3180006223372,867.0112149962572,1871.3292156185944,10867.0,9999.988785003745,8995.670784381406,9332,1814,24310596,False,1977.306803,972.9888023776628,0.4920778105357395,49.20778105357395
2608,1004.7988523254858,867.0112149962572,1871.810067321743,10867.0,9999.988785003745,8995.189932678257,11644,1815,24319928,False,1978.050431,973.2515786745141,0.4920256649788694,49.20256649788694
2609,1005.09478012562,867.0112149962572,1872.1059951218767,10867.0,9999.988785003745,8994.894004878122,7166,1816,24331572,False,1978.460256,973.3654758743801,0.49198131371226295,49.198131371226296
2610,1005.4288242192962,870.0303940759894,1875.4592182952856,10869.999,9999.96860592401,8994.539781704714,25894,1816,24320933,False,1977.339967,971.9111427807037,0.4915245526823986,49.15245526823986
2611,1006.7480691960034,870.0303940759894,1876.778463271993,10869.999,9999.96860592401,8993.220536728008,31946,1817,24346827,False,1979.723603,972.9755338039965,0.49147039128572567,49.147039128572565
2612,1007.4173962661364,870.0303940759894,1877.447790342126,10869.999,9999.96860592401,8992.551209657873,16208,1818,24378773,False,1980.722244,973.3048477338637,0.4913888611501167,49.13888611501167
2613,1007.6200774890024,870.0303940759894,1877.650471564992,10869.999,9999.96860592401,8992.348528435008,4908,1819,24394981,False,1980.993347,973.3732695109977,0.49135615270241373,49.135615270241374
2614,1008.0211038450034,870.0303940759894,1878.051497920993,10869.999,9999.96860592401,8991.947502079007,9711,1820,24399889,False,1981.543196,973.5220921549967,0.4912949130355454,49.12949130355454
2615,1008.0761928326364,870.0303940759894,1878.106586908626,10869.999,9999.96860592401,8991.892413091373,1334,1821,24409600,False,1981.618813,973.5426201673637,0.49128652482537954,49.12865248253795
2616,1008.7372193881412,870.0303940759894,1878.7676134641304,10869.999,9999.96860592401,8991.231386535868,16007,1822,24410934,False,1982.622642,973.8854226118589,0.49121068325409495,49.121068325409496
2617,1008.9662888142288,870.0303940759894,1878.9966828902184,10869.999,9999.96860592401,8991.002317109782,5547,1823,24426941,False,1982.929009,973.9627201857711,0.49117377161018233,49.11737716101823
2618,1009.0999229701364,870.0303940759894,1879.1303170461256,10869.999,9999.96860592401,8990.868682953875,3236,1824,24432488,False,1983.116607,974.0166840298635,0.4911545194023296,49.115451940232965
2619,1009.26386845807,870.0303940759894,1879.2942625340595,10869.999,9999.96860592401,8990.70473746594,3970,1825,24435724,False,1983.334968,974.0710995419299,0.4911278806949013,49.11278806949013
2620,1010.422843299092,870.0303940759894,1880.4532373750812,10869.999,9999.96860592401,8989.545762624919,28065,1826,24439694,False,1985.375058,974.952214700908,0.4910670206983672,49.10670206983672
2621,1006.1731036976408,873.0068801377917,1879.1799838354325,10873.0,9999.993119862207,8993.82001616457,13292,1823,24351558,False,1983.161787,976.9886833023592,0.49264194666653244,49.264194666653246
2622,1006.5521605323366,873.0068801377917,1879.5590406701283,10873.0,9999.993119862207,8993.440959329871,9179,1824,24364850,False,1983.721596,977.1694354676634,0.49259404013044955,49.25940401304496
2623,1007.222354820416,873.0068801377917,1880.229234958208,10873.0,9999.993119862207,8992.770765041792,16229,1825,24374029,False,1984.737824,977.5154691795841,0.4925161688154456,49.25161688154456
2624,1007.477688561447,873.0068801377917,1880.4845686992387,10873.0,9999.993119862207,8992.515431300762,6183,1826,24390258,False,1985.089854,977.612165438553,0.4924775387213041,49.24775387213041
2625,1008.3964440313582,873.0068801377917,1881.40332416915,10873.0,9999.993119862207,8991.596675830851,22248,1827,24396441,False,1986.587969,978.1915249686417,0.49239778969417575,49.23977896941757
2626,1008.6350528548546,873.0068801377917,1881.6419329926464,10873.0,9999.993119862207,8991.358067007353,5778,1828,24418689,False,1986.911974,978.2769211451455,0.49236047391455573,49.23604739145557
2627,1009.284929465336,873.0068801377917,1882.291809603128,10873.0,9999.993119862207,8990.708190396872,15737,1829,24424467,False,1987.872418,978.587488534664,0.49227882014642654,49.22788201464265
2628,1010.1062674526188,876.0591363284915,1886.1654037811104,10876.0,9999.940863671509,8989.83459621889,9521,1830,24450572,False,1985.410182,975.3039145473813,0.49123547536404305,49.1235475364043
2629,1010.9325609710228,876.0591363284915,1886.9916972995145,10876.0,9999.940863671509,8989.008302700486,20009,1831,24460093,False,1986.707545,975.7749840289772,0.491151798605052,49.1151798605052
2630,1011.1342510876644,876.0591363284915,1887.193387416156,10876.0,9999.940863671509,8988.806612583845,4884,1832,24480102,False,1986.981035,975.8467839123356,0.49112033115723,49.112033115722994
2631,1011.3577455412404,876.0591363284915,1887.416881869732,10876.0,9999.940863671509,8988.58311813027,5412,1833,24484986,False,1987.25592,975.8981744587596,0.49107825752948797,49.1078257529488
2632,1014.0902254015912,879.0236477788021,1893.1138731803933,10879.0,9999.976352221198,8985.886126819607,36056,1834,24520510,False,1987.123421,973.0331955984088,0.48966923006158297,48.9669230061583
2633,1014.476096091579,879.0236477788021,1893.4997438703813,10879.0,9999.976352221198,8985.500256129619,9344,1835,24556566,False,1987.640793,973.164696908421,0.4896079313403491,48.96079313403491
2634,1014.5130560945264,879.0236477788021,1893.5367038733284,10879.0,9999.976352221198,8985.463296126673,895,1836,24565910,False,1987.690178,973.1771219054737,0.48960201779770207,48.96020177977021
2635,1014.816499783528,879.0236477788021,1893.84014756233,10879.0,9999.976352221198,8985.15985243767,7348,1837,24566805,False,1988.102641,973.286141216472,0.48955527805491805,48.955527805491805
2636,1015.1295654621237,879.0236477788021,1894.1532132409257,10879.0,9999.976352221198,8984.846786759073,7581,1838,24574153,False,1988.527305,973.3977395378764,0.48950685117088516,48.95068511708852
2637,1015.3859316054716,879.0236477788021,1894.409579384274,10879.0,9999.976352221198,8984.590420615727,6208,1839,24581734,False,1988.857225,973.4712933945284,0.4894626326907546,48.94626326907546
2638,1015.630321881943,879.0236477788021,1894.653969660745,10879.0,9999.976352221198,8984.346030339255,5918,1840,24587942,False,1989.185039,973.5547171180569,0.4894239088021097,48.942390880210965
2639,1017.9025567893918,882.0741119373367,1899.9766687267288,10882.0,9999.925888062664,8982.023331273273,34447,1841,24614436,False,1988.78184,970.8792832106083,0.4881778703342385,48.81778703342385
2640,1018.0162862286284,882.0741119373367,1900.090398165965,10882.0,9999.925888062664,8981.909601834035,2754,1842,24648883,False,1988.909002,970.8927157713717,0.4881534121445802,48.815341214458016
2641,1018.6683928281144,882.0741119373367,1900.7425047654517,10882.0,9999.925888062664,8981.25749523455,15791,1843,24651637,False,1989.893706,971.2253131718857,0.48807899147749034,48.80789914774903
2642,1018.7053528310618,882.0741119373367,1900.7794647683984,10882.0,9999.925888062664,8981.220535231601,895,1844,24667428,False,1989.944918,971.2395651689382,0.48807359258219335,48.807359258219336
2643,1019.0160646323748,882.0741119373367,1901.0901765697115,10882.0,9999.925888062664,8980.90982343029,7524,1845,24668323,False,1990.37018,971.3541153676251,0.48802686310725635,48.80268631072563
2644,1019.09477498502,882.0741119373367,1901.1688869223567,10882.0,9999.925888062664,8980.831113077644,1906,1846,24675847,False,1990.473684,971.3789090149801,0.4880139420195319,48.801394201953194
2645,1020.359839488133,882.0741119373367,1902.4339514254696,10882.0,9999.925888062664,8979.56604857453,30634,1847,24677753,False,1992.730926,972.3710865118669,0.4879590484720901,48.79590484720901
2646,1020.3967581949876,882.0741119373367,1902.4708701323243,10882.0,9999.925888062664,8979.529129867677,894,1848,24708387,False,1992.781996,972.3852378050124,0.48795364458170887,48.79536445817089
2647,1020.572431773242,882.0741119373367,1902.6465437105787,10882.0,9999.925888062664,8979.353456289422,4254,1849,24709281,False,1993.040957,972.468525226758,0.487932032611389,48.7932032611389
2648,1020.8441600630664,882.0741119373367,1902.9182720004032,10882.0,9999.925888062664,8979.081727999597,6580,1850,24713535,False,1993.425235,972.5810749369335,0.48789443308965313,48.78944330896531
2649,1021.1414093381662,882.0741119373367,1903.2155212755029,10882.0,9999.925888062664,8978.784478724498,7198,1851,24720115,False,1993.875367,972.7339576618339,0.48786096350917696,48.786096350917695
2650,1021.7148468810998,882.0741119373367,1903.7889588184369,10882.0,9999.925888062664,8978.211041181565,13886,1852,24727313,False,1994.787087,973.0722401189001,0.4878075692691208,48.780756926912076
2651,1019.5605536143408,885.0152716026075,1904.5758252169485,10885.0,9999.984728397392,8980.424174783051,4113,1850,24684919,False,1992.015319,972.4547653856592,0.488176348901692,48.817634890169195
2652,1020.175906691343,885.0152716026075,1905.1911782939503,10885.0,9999.984728397392,8979.808821706049,14901,1851,24689032,False,1992.99178,972.815873308657,0.4881183570705229,48.81183570705229
2653,1020.3850714007596,885.0152716026075,1905.4003430033672,10885.0,9999.984728397392,8979.599656996632,5065,1852,24703933,False,1993.308617,972.9235455992404,0.48809478738095496,48.8094787380955
2654,1020.7075112923932,885.0152716026075,1905.7227828950008,10885.0,9999.984728397392,8979.277217104998,7808,1853,24708998,False,1993.756907,973.0493957076068,0.48804816288849945,48.80481628884994
2655,1021.0539029177804,885.0152716026075,1906.069174520388,10885.0,9999.984728397392,8978.930825479612,8388,1854,24716806,False,1994.265497,973.2115940822197,0.4880050301959467,48.80050301959467
2656,1021.773404740518,885.0152716026075,1906.7886763431252,10885.0,9999.984728397392,8978.211323656875,17423,1855,24725194,False,1995.47132,973.6979152594821,0.487953851052834,48.7953851052834
2657,1022.3469248756368,885.0152716026075,1907.3621964782444,10885.0,9999.984728397392,8977.637803521755,13888,1856,24742617,False,1996.384071,974.0371461243632,0.48790068017145743,48.79006801714574
2658,1023.351369737856,885.0152716026075,1908.3666413404635,10885.0,9999.984728397392,8976.633358659536,24323,1857,24756505,False,1998.163459,974.8120892621441,0.48785402659199767,48.78540265919977
2659,1024.0484064861762,885.0152716026075,1909.063678088784,10885.0,9999.984728397392,8975.936321911217,16879,1858,24780828,False,1999.290361,975.2419545138239,0.4877940561000003,48.77940561000003
2660,1024.0853664891235,885.0152716026075,1909.100638091731,10885.0,9999.984728397392,8975.899361908268,895,1859,24797707,False,1999.344223,975.2588565108765,0.48778936877988344,48.77893687798834
2661,1024.385754267267,885.0152716026075,1909.4010258698745,10885.0,9999.984728397392,8975.598974130125,7274,1860,24798602,False,1999.791858,975.4061037327331,0.4877538128934282,48.77538128934282
2662,1024.5814564504703,885.0152716026075,1909.5967280530776,10885.0,9999.984728397392,8975.403271946921,4739,1861,24805876,False,2000.048017,975.4665605495297,0.487721570811432,48.772157081143206
2663,1024.9470094628605,885.0152716026075,1909.962281065468,10885.0,9999.984728397392,8975.037718934533,8852,1862,24810615,False,2000.582081,975.6350715371395,0.48767560241740443,48.76756024174044
2664,1025.7604598964413,885.0152716026075,1910.7757314990488,10885.0,9999.984728397392,8974.224268500951,19698,1863,24819467,False,2001.922595,976.1621351035587,0.48761232704082585,48.76123270408259
2665,1026.2514704383889,885.0152716026075,1911.266742040996,10885.0,9999.984728397392,8973.733257959004,11890,1864,24839165,False,2002.64748,976.3960095616112,0.48755261188634713,48.75526118863471
2666,1026.5977794715905,885.0152716026075,1911.613051074198,10885.0,9999.984728397392,8973.386948925801,8386,1865,24851055,False,2003.139637,976.5418575284095,0.487505633402036,48.7505633402036
2667,1026.6365565026156,885.0152716026075,1911.651828105223,10885.0,9999.984728397392,8973.348171894777,939,1866,24859441,False,2003.191085,976.5545284973844,0.4874994381763557,48.74994381763557
2668,1026.639323340825,888.0058706422747,1914.6451939831,10887.999,9999.993129357725,8973.3538060169,6435,1865,24854012,False,2000.558958,973.919634659175,0.4868237603118793,48.68237603118793
2669,1027.5007598340983,888.0058706422747,1915.5066304763727,10887.999,9999.993129357725,8972.492369523627,20860,1866,24860447,False,2001.978734,974.4779741659017,0.4867574053690731,48.675740536907306
2670,1027.5424275916112,888.0058706422747,1915.5482982338856,10887.999,9999.993129357725,8972.450701766113,1009,1867,24881307,False,2002.03083,974.4884024083888,0.4867499480057402,48.67499480057402
2671,1027.9045943244014,888.0058706422747,1915.910464966676,10887.999,9999.993129357725,8972.088535033323,8770,1868,24882316,False,2002.556945,974.6523506755987,0.4867039377377599,48.67039377377599
2672,1027.9415543273487,888.0058706422747,1915.9474249696236,10887.999,9999.993129357725,8972.051575030377,895,1869,24891086,False,2002.611744,974.6701896726513,0.4866995275508837,48.66995275508837
2673,1028.521227580277,888.0058706422747,1916.5270982225516,10887.999,9999.993129357725,8971.471901777448,14037,1870,24891981,False,2003.563109,975.041881419723,0.48665394019276836,48.66539401927684
2674,1028.7923777248038,888.0058706422747,1916.7982483670785,10887.999,9999.993129357725,8971.200751632921,6566,1871,24906018,False,2003.952985,975.1606072751961,0.4866185058105024,48.661850581050246
2675,1028.973708867755,888.0058706422747,1916.9795795100297,10887.999,9999.993129357725,8971.019420489969,4391,1872,24912584,False,2004.213507,975.2397981322449,0.4865947638443118,48.65947638443118
2676,1029.0369744817383,888.0058706422747,1917.0428451240127,10887.999,9999.993129357725,8970.956154875987,1532,1873,24916975,False,2004.296351,975.2593765182617,0.48658441953041387,48.65844195304139
2677,1029.3565236468846,888.0058706422747,1917.3623942891595,10887.999,9999.993129357725,8970.63660571084,7738,1874,24918507,False,2004.746393,975.3898693531153,0.4865402789893511,48.65402789893511
2678,1030.552582379132,888.0058706422747,1918.5584530214064,10887.999,9999.993129357725,8969.440546978592,28963,1875,24926245,False,2006.929464,976.3768816208681,0.4865028388565569,48.65028388565569
2679,1030.6210100047003,888.0058706422747,1918.626880646975,10887.999,9999.993129357725,8969.372119353024,1657,1876,24955208,False,2007.006994,976.3859839952997,0.48648858071458206,48.64885807145821
2680,1028.2983938641837,891.0088759395452,1919.307269803729,10891.0,9999.991124060454,8971.692730196271,27629,1871,24872993,False,2006.052865,977.7544711358164,0.4874021458730682,48.740214587306816
2681,1028.8660499541422,891.0088759395452,1919.8749258936875,10891.0,9999.991124060454,8971.125074106312,13746,1872,24900622,False,2006.9253,978.0592500458579,0.48734212979718666,48.73421297971866
2682,1028.9801097621205,891.0088759395452,1919.9889857016656,10891.0,9999.991124060454,8971.011014298334,2762,1873,24914368,False,2007.058485,978.0783752378795,0.487319319565259,48.7319319565259
2683,1029.6906090366538,891.0088759395452,1920.699484976199,10891.0,9999.991124060454,8970.3005150238,17205,1874,24917130,False,2008.201785,978.5111759633462,0.48725739777357396,48.7257397773574
2684,1030.016311319609,891.0088759395452,1921.0251872591543,10891.0,9999.991124060454,8969.974812740846,7887,1875,24934335,False,2008.661719,978.6454076803909,0.4872126542878527,48.72126542878527
2685,1030.2748248597763,891.0088759395452,1921.2837007993217,10891.0,9999.991124060454,8969.716299200678,6260,1876,24942222,False,2008.995424,978.7205991402236,0.48716915302452357,48.71691530245236
2686,1032.0544386776637,891.0088759395452,1923.0633146172088,10891.0,9999.991124060454,8967.93668538279,43094,1877,24948482,False,2012.603539,980.5491003223362,0.4872043009571277,48.72043009571277
2687,1033.051656723664,891.0088759395452,1924.060532663209,10891.0,9999.991124060454,8966.93946733679,24148,1878,24991576,False,2014.273873,981.222216276336,0.4871344604271377,48.71344604271377
2688,1033.6895574672683,891.0088759395452,1924.6984334068136,10891.0,9999.991124060454,8966.301566593185,15447,1879,25015724,False,2015.251642,981.5620845327317,0.4870667583521223,48.70667583521223
2689,1033.7268478389572,891.0088759395452,1924.7357237785025,10891.0,9999.991124060454,8966.264276221496,903,1880,25031171,False,2015.302817,981.5759691610428,0.48706127976451036,48.706127976451036
2690,1033.7639730262752,891.0088759395452,1924.77284896582,10891.0,9999.991124060454,8966.22715103418,899,1881,25032074,False,2015.353906,981.5899329737249,0.48705586152952574,48.70558615295258
2691,1033.841568384418,891.0088759395452,1924.850444323963,10891.0,9999.991124060454,8966.149555676036,1879,1882,25032973,False,2015.45741,981.615841615582,0.48704370369978794,48.7043703699788
2692,1030.6960450050972,894.0248538418778,1924.720898846975,10893.999,9999.974146158122,8969.278101153024,6612,1880,24952070,False,2012.824143,982.1280979949029,0.4879353725015921,48.79353725015921
2693,1030.809196299036,894.0248538418778,1924.8340501409136,10893.999,9999.974146158122,8969.164949859085,2740,1881,24958682,False,2012.954562,982.1453657009638,0.4879123375368887,48.791233753688864
2694,1031.4257882588188,894.0248538418778,1925.4506421006963,10893.999,9999.974146158122,8968.548357899303,14931,1882,24961422,False,2013.891069,982.4652807411812,0.4878443009477298,48.78443009477298
2695,1031.736087099205,894.0248538418778,1925.7609409410827,10893.999,9999.974146158122,8968.238059058916,7514,1883,24976353,False,2014.347986,982.611898900795,0.48780642953952597,48.780642953952594
2696,1031.9730027829014,894.0248538418778,1925.9978566247792,10893.999,9999.974146158122,8968.00114337522,5737,1884,24983867,False,2014.655231,982.6822282170986,0.48776694547847355,48.776694547847356
2697,1032.0115320373704,894.0248538418778,1926.036385879248,10893.999,9999.974146158122,8967.962614120752,933,1885,24989604,False,2014.706587,982.6950549626295,0.48776087858327405,48.77608785832741
2698,1032.2857793888484,894.0248538418778,1926.310633230726,10893.999,9999.974146158122,8967.688366769273,6641,1886,24990537,False,2015.069308,982.7835286111517,0.48771698556938753,48.77169855693875
2699,1032.600414318966,894.0248538418778,1926.625268160844,10893.999,9999.974146158122,8967.373731839156,7619,1887,24997178,False,2015.526693,982.9262786810341,0.48767713277863,48.767713277863
2700,1033.6191889253444,894.0248538418778,1927.644042767222,10893.999,9999.974146158122,8966.354957232777,24670,1888,25004797,False,2017.250507,983.6313180746556,0.48760990004036997,48.760990004037
2701,1033.65813114074,894.0248538418778,1927.6829849826177,10893.999,9999.974146158122,8966.31601501738,943,1889,25029467,False,2017.301833,983.6437018592601,0.48760363261874856,48.76036326187486
2702,1032.3568086682556,897.0379955407093,1929.3948042089648,10897.0,9999.96200445929,8967.605195791035,3144,1890,24995754,False,2014.459424,982.1026153317443,0.48752663053477535,48.752663053477534
2703,1032.6861450073663,897.0379955407093,1929.724140548076,10897.0,9999.96200445929,8967.275859451924,7975,1891,24998898,False,2014.916759,982.2306139926336,0.48747949988768424,48.747949988768426
2704,1032.7350395810977,897.0379955407093,1929.773035121807,10897.0,9999.96200445929,8967.226964878193,1184,1892,25006873,False,2014.993822,982.2587824189022,0.48747483575108563,48.74748357510856
2705,1033.0637564788185,897.0379955407093,1930.101752019528,10897.0,9999.96200445929,8966.898247980473,7960,1893,25008057,False,2015.451872,982.3881155211816,0.48742821853956014,48.742821853956016
2706,1033.1005925934878,897.0379955407093,1930.138588134197,10897.0,9999.96200445929,8966.861411865802,892,1894,25016017,False,2015.477878,982.3772854065121,0.4874165557110184,48.74165557110184
2707,1033.379547699531,897.0379955407093,1930.4175432402403,10897.0,9999.96200445929,8966.58245675976,6755,1895,25016909,False,2015.868543,982.488995300469,0.4873775121458746,48.73775121458746
2708,1033.6405803013515,897.0379955407093,1930.678575842061,10897.0,9999.96200445929,8966.321424157939,6321,1896,25023664,False,2016.231385,982.5908046986485,0.4873402983450972,48.73402983450972
2709,1033.8892240753692,897.0379955407093,1930.9272196160784,10897.0,9999.96200445929,8966.072780383922,6021,1897,25029985,False,2016.567088,982.6778639246309,0.48730234157457936,48.730234157457936
2710,1034.8859052721646,897.0379955407093,1931.9239008128736,10897.0,9999.96200445929,8965.076099187125,24135,1898,25036006,False,2018.250965,983.3650597278354,0.4872362638646554,48.72362638646554
2711,1034.924145453985,897.0379955407093,1931.9621409946944,10897.0,9999.96200445929,8965.037859005306,926,1899,25060141,False,2018.279807,983.355661546015,0.48722464453909836,48.722464453909836
2712,1035.117824128647,897.0379955407093,1932.1558196693563,10897.0,9999.96200445929,8964.844180330643,4690,1900,25061067,False,2018.369531,983.251706871353,0.487151481316804,48.7151481316804
2713,1036.1033140843265,897.0379955407093,1933.141309625036,10897.0,9999.96200445929,8963.858690374964,23864,1901,25065757,False,2020.031199,983.9278849156735,0.48708548927499684,48.708548927499685
2714,1035.3179036976742,900.0036989217349,1935.321602619409,10899.999,9999.995301078265,8964.67739738059,7690,1898,25062912,False,2017.456795,982.1388913023259,0.4868202846952794,48.682028469527935
2715,1036.0099436187804,900.0036989217349,1936.0136425405155,10899.999,9999.995301078265,8963.985357459484,16758,1899,25070602,False,2018.540759,982.5308153812196,0.4867530224497288,48.675302244972876
2716,1036.7652491538702,900.0036989217349,1936.768948075605,10899.999,9999.995301078265,8963.230051924395,18290,1900,25087360,False,2019.717356,982.9521068461299,0.48667805122635677,48.66780512263568
2717,1036.9306813011403,900.0036989217349,1936.9343802228752,10899.999,9999.995301078265,8963.064619777124,4006,1901,25105650,False,2019.931575,983.0008936988597,0.4866505904779768,48.66505904779768
2718,1037.226898173923,900.0036989217349,1937.230597095658,10899.999,9999.995301078265,8962.768402904341,7173,1902,25109656,False,2020.355964,983.1290658260771,0.4866118067034236,48.66118067034236
2719,1037.9348370907103,900.0036989217349,1937.9385360124452,10899.999,9999.995301078265,8962.060463987555,17143,1903,25116829,False,2021.449713,983.5148759092897,0.4865393729976451,48.65393729976451
2720,1038.3696023544298,900.0036989217349,1938.3733012761647,10899.999,9999.995301078265,8961.625698723834,10528,1904,25133972,False,2022.07118,983.7015776455701,0.48648217104086816,48.64821710408682
2721,1038.5638178782967,900.0036989217349,1938.567516800032,10899.999,9999.995301078265,8961.431483199967,4703,1905,25144500,False,2022.342502,983.7786841217032,0.48645503081144426,48.645503081144426
2722,1038.6119691223598,900.0036989217349,1938.6156680440947,10899.999,9999.995301078265,8961.383331955905,1166,1906,25149203,False,2022.39398,983.7820108776402,0.4864442935484016,48.644429354840156
2723,1039.452014239626,900.0036989217349,1939.4557131613608,10899.999,9999.995301078265,8960.543286838638,20342,1907,25150369,False,2023.783168,984.331153760374,0.4863817277090695,48.63817277090695
2724,1039.488974242573,900.0036989217349,1939.492673164308,10899.999,9999.995301078265,8960.506326835692,895,1908,25170711,False,2023.834366,984.345391757427,0.48637645861451245,48.63764586145125
2725,1040.197615192936,900.0036989217349,1940.2013141146708,10899.999,9999.995301078265,8959.797685885329,17160,1909,25171606,False,2025.031839,984.8342238070641,0.48633024174740597,48.6330241747406
2726,1040.413139500625,900.0036989217349,1940.41683842236,10899.999,9999.995301078265,8959.58216157764,5219,1910,25188766,False,2025.326322,984.9131824993749,0.48629851486193,48.629851486193
2727,1040.6552997880915,900.0036989217349,1940.6589987098264,10899.999,9999.995301078265,8959.340001290173,5864,1911,25193985,False,2025.680674,985.0253742119085,0.486268831437698,48.6268831437698
2728,1042.494379979436,900.0036989217349,1942.4980789011709,10899.999,9999.995301078265,8957.500921098828,44534,1912,25199849,False,2029.563176,987.0687960205642,0.4863454400892047,48.63454400892047
2729,1043.7169508031827,903.0265801655264,1946.7435309687091,10902.999,9999.972419834474,8956.255469031292,1309,1912,25272679,False,2026.640279,982.9233281968172,0.4850013780846291,48.50013780846291
2730,1044.3909443317884,903.0265801655264,1947.4175244973148,10902.999,9999.972419834474,8955.581475502686,16321,1913,25273988,False,2027.74553,983.3545856682115,0.48494969961453277,48.49496996145328
2731,1045.1817645065817,903.0265801655264,1948.208344672108,10902.999,9999.972419834474,8954.790655327892,19150,1914,25290309,False,2029.035844,983.8540794934183,0.484887481117075,48.4887481117075
2732,1045.2193439509192,903.0265801655264,1948.2459241164456,10902.999,9999.972419834474,8954.753075883555,910,1915,25309459,False,2029.086757,983.8674130490808,0.4848818857325384,48.48818857325384
2733,1045.9111360954694,903.0265801655264,1948.937716260996,10902.999,9999.972419834474,8954.061283739004,16752,1916,25310369,False,2030.241415,984.3302789045306,0.48483410476804334,48.48341047680434
2734,1045.9899703363926,903.0265801655264,1949.016550501919,10902.999,9999.972419834474,8953.982449498082,1909,1917,25327121,False,2030.382546,984.3925756636074,0.48483108643882494,48.483108643882495
2735,1047.6878591868688,903.0265801655264,1950.7144393523956,10902.999,9999.972419834474,8952.284560647606,41115,1918,25329030,False,2033.954718,986.2668588131312,0.48490108953012157,48.490108953012154
2736,1048.847329581003,903.0265801655264,1951.8739097465293,10902.999,9999.972419834474,8951.12509025347,28077,1919,25370145,False,2036.174388,987.327058418997,0.4848931723322497,48.48931723322497
2737,1049.8239821728494,903.0265801655264,1952.850562338376,10902.999,9999.972419834474,8950.148437661624,23650,1920,25398222,False,2037.881043,988.0570608271507,0.48484530744376264,48.484530744376265
2738,1050.1681851053247,903.0265801655264,1953.1947652708516,10902.999,9999.972419834474,8949.804234729148,8335,1921,25421872,False,2038.356259,988.1880738946752,0.4847965460068652,48.47965460068652
2739,1050.2053102926427,903.0265801655264,1953.2318904581691,10902.999,9999.972419834474,8949.767109541832,899,1922,25430207,False,2038.408536,988.2032257073572,0.4847915460786499,48.47915460786499
2740,1053.2776569957373,903.0265801655264,1956.304237161264,10902.999,9999.972419834474,8946.694762838737,74398,1923,25431106,False,2046.539423,993.2617660042627,0.4853372257780654,48.533722577806536
2741,1053.264855207007,906.0189806055812,1959.283835812588,10906.0,9999.98101939442,8946.716164187412,1564,1917,25503630,False,2043.621296,990.356440792993,0.48460859295772035,48.46085929577203
2742,1054.0499765210106,906.0189806055812,1960.068957126592,10906.0,9999.98101939442,8945.93104287341,19012,1918,25505194,False,2044.918175,990.8681984789894,0.48455151437978167,48.45515143797817
2743,1054.2126831261637,906.0189806055812,1960.231663731745,10906.0,9999.98101939442,8945.768336268256,3940,1919,25524206,False,2045.140926,990.9282428738363,0.48452809793012586,48.452809793012584
2744,1054.667353106554,906.0189806055812,1960.686333712135,10906.0,9999.98101939442,8945.313666287866,11010,1920,25528146,False,2045.817817,991.1504638934462,0.4844764062847372,48.44764062847372
2745,1055.311985113265,906.0189806055812,1961.3309657188463,10906.0,9999.98101939442,8944.669034281154,15610,1921,25539156,False,2046.826361,991.5143758867348,0.4844154808531581,48.44154808531581
2746,1055.480431875301,906.0189806055812,1961.4994124808825,10906.0,9999.98101939442,8944.500587519118,4079,1922,25554766,False,2047.049013,991.568581124699,0.4843892719850079,48.43892719850079
2747,1056.338316904604,906.0189806055812,1962.3572975101847,10906.0,9999.98101939442,8943.642702489815,20774,1923,25558845,False,2048.494884,992.1565670953962,0.48433441296082635,48.433441296082634
2748,1056.8175993562306,906.0189806055812,1962.836579961812,10906.0,9999.98101939442,8943.163420038189,11606,1924,25579619,False,2049.209935,992.3923356437692,0.4842804627744347,48.42804627744347
2749,1058.228397770406,906.0189806055812,1964.247378375987,10906.0,9999.98101939442,8941.752621624013,34163,1925,25591225,False,2051.849524,993.6211262295942,0.4842563329364274,48.42563329364274
2750,1059.0166575874532,906.0189806055812,1965.0356381930344,10906.0,9999.98101939442,8940.964361806966,19088,1926,25625388,False,2053.110957,994.0942994125467,0.4841892719062366,48.41892719062366
2751,1059.512375883966,906.0189806055812,1965.5313564895469,10906.0,9999.98101939442,8940.468643510454,12004,1927,25644476,False,2053.845503,994.3331271160341,0.4841323875937294,48.41323875937294
2752,1056.5094892087563,909.0029710937588,1965.5124603025151,10909.0,9999.99702890624,8943.487539697484,13942,1925,25569822,False,2051.727062,995.2175727912436,0.4850633357738709,48.50633357738709
2753,1057.0882952437382,909.0029710937588,1966.091266337497,10909.0,9999.99702890624,8942.908733662502,14016,1926,25583764,False,2052.598565,995.5102697562616,0.4849999833047051,48.49999833047051
2754,1061.2316561104496,909.0029710937588,1970.234627204209,10909.0,9999.99702890624,8938.765372795791,100333,1927,25597780,False,2064.998074,1003.7664178895504,0.4860858857583372,48.60858857583372
2755,1062.0644331154042,909.0029710937588,1971.0674042091632,10909.0,9999.99702890624,8937.932595790837,20166,1928,25698113,False,2066.339852,1004.2754188845959,0.48601657559503714,48.601657559503714
2756,1066.9569051033036,909.0029710937588,1975.9598761970624,10909.0,9999.99702890624,8933.040123802937,118473,1929,25718279,False,2082.526774,1015.5698688966963,0.48766233480208615,48.76623348020861
2757,1066.9941541788996,909.0029710937588,1975.9971252726584,10909.0,9999.99702890624,8933.00287472734,902,1930,25836752,False,2082.55304,1015.5588858211001,0.48765091035621366,48.76509103562137
2758,1060.9862334316613,912.0088761925808,1972.995109624242,10912.0,9999.99112380742,8939.00489037576,15835,1927,25676335,False,2080.577797,1019.5915635683386,0.4900521215974212,49.005212159742115
2759,1061.3431555606817,912.0088761925808,1973.3520317532625,10912.0,9999.99112380742,8938.647968246738,8643,1928,25692170,False,2081.081271,1019.7381154393183,0.49000398477917895,49.0003984779179
2760,1061.3962210397735,912.0088761925808,1973.4050972323544,10912.0,9999.99112380742,8938.594902767647,1285,1929,25700813,False,2081.134043,1019.7378219602265,0.48999141856823997,48.999141856824
2761,1061.433387523184,912.0088761925808,1973.442263715765,10912.0,9999.99112380742,8938.557736284236,900,1930,25702098,False,2081.185994,1019.752606476816,0.4899862911900877,48.99862911900877
2762,1061.8258655880006,912.0088761925808,1973.8347417805812,10912.0,9999.99112380742,8938.16525821942,9504,1931,25702998,False,2081.746943,1019.9210774119995,0.4899351868110318,48.99351868110318
2763,1062.4987028260114,912.0088761925808,1974.507579018592,10912.0,9999.99112380742,8937.492420981409,16293,1932,25712502,False,2082.768896,1020.2701931739887,0.4898624111073669,48.98624111073669
2764,1061.5610337456533,915.0008945266212,1976.5619282722744,10915.0,9999.999105473378,8938.438071727725,7109,1930,25698980,False,2080.164375,1018.6033412543466,0.48967444760433737,48.967444760433736
2765,1061.9581369728498,915.0008945266212,1976.9590314994712,10915.0,9999.999105473378,8938.040968500529,9616,1931,25706089,False,2080.725794,1018.7676570271501,0.4896212946294403,48.962129462944034
2766,1064.1720617974363,915.0008945266212,1979.1729563240576,10915.0,9999.999105473378,8935.827043675941,53611,1932,25715705,False,2085.656099,1021.4840372025635,0.48976628394888777,48.97662839488878
2767,1064.444822489578,915.0008945266212,1979.445717016199,10915.0,9999.999105473378,8935.5542829838,6605,1933,25769316,False,2086.032657,1021.5878345104222,0.48972763253841145,48.972763253841144
2768,1064.5593365545756,915.0008945266212,1979.560231081197,10915.0,9999.999105473378,8935.439768918803,2773,1934,25775921,False,2086.195955,1021.6366184454246,0.48971268302810245,48.971268302810245
2769,1065.405617381836,915.0008945266212,1980.406511908457,10915.0,9999.999105473378,8934.593488091543,20493,1935,25778694,False,2087.598893,1022.1932756181639,0.4896502288086641,48.96502288086641
2770,1065.907571388343,915.0008945266212,1980.9084659149644,10915.0,9999.999105473378,8934.091534085035,12155,1936,25799187,False,2088.342713,1022.435141611657,0.48959164376946634,48.95916437694663
2771,1068.9899943380512,915.0008945266212,1983.9908888646723,10915.0,9999.999105473378,8931.009111135327,74642,1937,25811342,False,2096.419279,1027.429284661949,0.49008769140495434,49.00876914049543
2772,1069.0457440631671,915.0008945266212,1984.0466385897885,10915.0,9999.999105473378,8930.953361410211,1350,1938,25885984,False,2096.501265,1027.4555209368327,0.49008104029779004,49.008104029779005
2773,1067.797652254145,918.015448736537,1985.813100990682,10917.999,9999.983551263464,8932.185899009319,7985,1931,25849126,False,2093.992465,1026.1948127458547,0.4900661439323063,49.00661439323063
2774,1068.86416514366,918.015448736537,1986.8796138801968,10917.999,9999.983551263464,8931.119386119804,25826,1932,25857111,False,2095.883057,1027.01889185634,0.49001726905812754,49.00172690581275
2775,1068.9401499541884,918.015448736537,1986.9555986907253,10917.999,9999.983551263464,8931.043401309274,1840,1933,25882937,False,2095.99727,1027.0571200458114,0.49000880618790665,49.00088061879067
2776,1069.9850236911395,918.015448736537,1988.0004724276764,10917.999,9999.983551263464,8929.998527572325,25302,1934,25884777,False,2097.886772,1027.9017483088603,0.48997007942850995,48.99700794285099
2777,1070.3849763487308,918.015448736537,1988.400425085268,10917.999,9999.983551263464,8929.598574914733,9685,1935,25910079,False,2098.484625,1028.0996486512693,0.4899247944936786,48.992479449367856
2778,1070.7055166201014,918.015448736537,1988.7209653566383,10917.999,9999.983551263464,8929.278034643363,7762,1936,25919764,False,2098.951322,1028.2458053798985,0.4898854940571597,48.98854940571597
2779,1070.913648927201,918.015448736537,1988.929097663738,10917.999,9999.983551263464,8929.069902336263,5040,1937,25927526,False,2099.231033,1028.317384072799,0.48985431708449745,48.985431708449745
2780,1072.9977388364066,918.015448736537,1991.0131875729437,10917.999,9999.983551263464,8926.985812427058,50467,1938,25932566,False,2103.885716,1030.8879771635932,0.48999238377052284,48.999238377052286
2781,1073.108907917897,918.015448736537,1991.124356654434,10917.999,9999.983551263464,8926.874643345567,2692,1939,25983033,False,2104.023747,1030.914839082103,0.48997300555757606,48.997300555757604
2782,1073.1471480997177,918.015448736537,1991.1625968362544,10917.999,9999.983551263464,8926.836403163747,926,1940,25985725,False,2104.075735,1030.9285869002822,0.48996743308780294,48.996743308780296
2783,1073.5712176754328,918.015448736537,1991.5866664119696,10917.999,9999.983551263464,8926.41233358803,10269,1941,25986651,False,2104.680765,1031.1095473245673,0.4899125627370701,48.99125627370701
2784,1074.8834836124774,918.015448736537,1992.8989323490143,10917.999,9999.983551263464,8925.100067650987,31777,1942,25996920,False,2107.152631,1032.2691473875225,0.48988817051075906,48.988817051075905
2785,1073.5781554190028,921.0303713508124,1994.608526769815,10921.0,9999.969628649187,8926.391473230184,919,1941,25996169,False,2104.203652,1030.6254965809974,0.48979360700253993,48.97936070025399
2786,1074.2436006564242,921.0303713508124,1995.2739720072364,10921.0,9999.969628649187,8925.726027992763,16114,1942,25997088,False,2105.245838,1031.0022373435756,0.48973009172317655,48.97300917231765
2787,1074.4592488523913,921.0303713508124,1995.489620203204,10921.0,9999.969628649187,8925.510379796797,5222,1943,26013202,False,2105.536038,1031.076789147609,0.48969800114511686,48.969800114511685
2788,1074.496497927987,921.0303713508124,1995.5268692787995,10921.0,9999.969628649187,8925.4731307212,902,1944,26018424,False,2105.589956,1031.0934580720127,0.4896933779218753,48.96933779218753
2789,1074.5338295957686,921.0303713508124,1995.564200946581,10921.0,9999.969628649187,8925.435799053419,904,1945,26019326,False,2105.642341,1031.1085114042316,0.48968834418220486,48.96883441822049
2790,1075.452832842236,921.0303713508124,1996.483204193048,10921.0,9999.969628649187,8924.51679580695,22254,1946,26020230,False,2107.16613,1031.7132971577641,0.4896212417564647,48.96212417564647
2791,1075.5778774108662,921.0303713508124,1996.6082487616784,10921.0,9999.969628649187,8924.391751238321,3028,1947,26042484,False,2107.329376,1031.751498589134,0.4896014407332657,48.960144073326575
2792,1076.4868870029054,921.0303713508124,1997.5172583537176,10921.0,9999.969628649187,8923.482741646281,22012,1948,26045512,False,2108.789963,1032.3030759970948,0.48952389479724334,48.95238947972433
2793,1074.7717776817822,924.003062523582,1998.7748402053644,10924.0,9999.99693747642,8925.225159794636,7847,1948,26018145,False,2106.231131,1031.4593533182178,0.48971802673360915,48.97180267336091
2794,1075.5270832168717,924.003062523582,1999.530145740454,10924.0,9999.99693747642,8924.469854259547,18290,1949,26025992,False,2107.364181,1031.8370977831282,0.4896339736084412,48.96339736084412
2795,1075.564951733858,924.003062523582,1999.56801425744,10924.0,9999.99693747642,8924.431985742562,917,1950,26044282,False,2107.412534,1031.8475822661421,0.4896277143742859,48.96277143742859
2796,1076.5809182059345,924.003062523582,2000.5839807295165,10924.0,9999.99693747642,8923.416019270484,24602,1951,26045199,False,2109.071821,1032.4909027940655,0.4895475310577702,48.95475310577702
2797,1077.073952256423,924.003062523582,2001.077014780005,10924.0,9999.99693747642,8922.922985219995,11939,1952,26069801,False,2109.738341,1032.6643887435773,0.489475101568331,48.947510156833104
2798,1077.6701439464225,924.003062523582,2001.6732064700043,10924.0,9999.99693747642,8922.326793529995,14437,1953,26081740,False,2110.60066,1032.9305160535775,0.4894012096317536,48.94012096317536
2799,1077.2486347284528,927.05269983088,2004.3013345593329,10927.0,9999.94730016912,8922.698665440668,4321,1954,26081649,False,2107.805775,1030.557140271547,0.48892414685197794,48.89241468519779
2800,1077.494718144724,927.05269983088,2004.547417975604,10927.0,9999.94730016912,8922.452582024396,5959,1955,26085970,False,2108.121165,1030.626446855276,0.48888387630000196,48.888387630000196
2801,1078.0022471237428,927.05269983088,2005.054946954623,10927.0,9999.94730016912,8921.945053045378,12290,1956,26091929,False,2108.814912,1030.812664876257,0.48881135039899465,48.88113503989946
2802,1078.9377275111888,927.05269983088,2005.9904273420689,10927.0,9999.94730016912,8921.009572657931,22653,1957,26104219,False,2110.303259,1031.365531488811,0.48872858774692873,48.87285877469287
2803,1079.441209473125,927.05269983088,2006.4939093040048,10927.0,9999.94730016912,8920.506090695995,12192,1958,26126872,False,2111.006834,1031.565624526875,0.4886604855618743,48.86604855618743
2804,1079.654545087902,927.05269983088,2006.7072449187824,10927.0,9999.94730016912,8920.292755081218,5166,1959,26139064,False,2111.298135,1031.643589912098,0.48862999157250614,48.86299915725061
2805,1078.8620730694015,930.0020164889808,2008.8640895583824,10930.0,9999.99798351102,8921.135910441617,2762,1960,26122278,False,2108.426563,1029.5644899305985,0.4883093905180507,48.830939051805075
2806,1078.9035756425435,930.0020164889808,2008.9055921315244,10930.0,9999.99798351102,8921.094407868475,1005,1961,26125040,False,2108.475797,1029.5722213574566,0.48830165507347134,48.83016550734713
2807,1079.613455475687,930.0020164889808,2009.615471964668,10930.0,9999.99798351102,8920.384528035333,17190,1962,26126045,False,2109.573699,1029.960243524313,0.4882314583332853,48.82314583332853
2808,1079.7016639296482,930.0020164889808,2009.703680418629,10930.0,9999.99798351102,8920.29631958137,2136,1963,26143235,False,2109.627184,1029.9255200703517,0.4882026207671164,48.82026207671164
2809,1079.8542116960025,930.0020164889808,2009.8562281849836,10930.0,9999.99798351102,8920.143771815015,3694,1964,26145371,False,2109.812371,1029.9581593039975,0.48817523940094365,48.81752394009437
2810,1079.9085986500602,930.0020164889808,2009.910615139041,10930.0,9999.99798351102,8920.08938486096,1317,1965,26149065,False,2109.888055,1029.9794563499397,0.48816782194159575,48.81678219415957
2811,1080.2820392161518,930.0020164889808,2010.2840557051327,10930.0,9999.99798351102,8919.715944294867,9043,1966,26150382,False,2110.402818,1030.1207787838482,0.4881157142123605,48.81157142123605
2812,1080.4960355684118,930.0020164889808,2010.498052057393,10930.0,9999.99798351102,8919.501947942606,5182,1967,26159425,False,2110.671465,1030.175429431588,0.48807947921520234,48.80794792152023
2813,1080.6775318957336,930.0020164889808,2010.6795483847145,10930.0,9999.99798351102,8919.320451615285,4395,1968,26164607,False,2110.909904,1030.2323721042665,0.4880513233426311,48.805132334263114
2814,1080.9226242057805,930.0020164889808,2010.9246406947611,10930.0,9999.99798351102,8919.075359305238,5935,1969,26169002,False,2111.236664,1030.3140397942195,0.488014469132116,48.8014469132116
2815,1081.544502065426,930.0020164889808,2011.546518554407,10930.0,9999.99798351102,8918.453481445593,15059,1970,26174937,False,2112.168212,1030.623709934574,0.4879458482895556,48.794584828955564
2816,1079.6575184065748,933.0245475283106,2012.6820659348853,10933.0,9999.97545247169,8920.317934065115,30611,1963,26113691,False,2111.471746,1031.8142275934254,0.4886706296440423,48.86706296440423
2817,1079.8481411703788,933.0245475283106,2012.8726886986888,10933.0,9999.97545247169,8920.127311301312,4616,1964,26144302,False,2111.715388,1031.8672468296213,0.4886393558020619,48.86393558020619
2818,1079.885101173326,933.0245475283106,2012.9096487016368,10933.0,9999.97545247169,8920.090351298364,895,1965,26148918,False,2111.766238,1031.8811368266743,0.4886341671055138,48.86341671055138
2819,1080.1360575285332,933.0245475283106,2013.160605056844,10933.0,9999.97545247169,8919.839394943157,6077,1966,26149813,False,2112.095892,1031.9598344714666,0.48859516198115244,48.859516198115244
2820,1082.8709325622594,933.0245475283106,2015.89548009057,10933.0,9999.97545247169,8917.10451990943,66226,1967,26155890,False,2118.755501,1035.8845684377407,0.48891180126674777,48.891180126674776
2821,1083.4349545960622,933.0245475283106,2016.4595021243729,10933.0,9999.97545247169,8916.540497875627,13658,1968,26222116,False,2119.622897,1036.187942403938,0.48885485426228525,48.88548542622853
2822,1084.4191643728689,933.0245475283106,2017.4437119011795,10933.0,9999.97545247169,8915.556288098822,23833,1969,26235774,False,2121.252139,1036.8329746271313,0.48878346688004504,48.878346688004505
2823,1085.1689362315396,933.0245475283106,2018.19348375985,10933.0,9999.97545247169,8914.80651624015,18156,1970,26259607,False,2122.441363,1037.2724267684603,0.488716647183275,48.8716647183275
2824,1086.387955591316,936.0157579299718,2022.403713521288,10936.0,9999.984242070028,8913.596286478712,67223,1970,26240059,False,2126.182941,1039.794985408684,0.48904304768791007,48.90430476879101
2825,1086.9165868736934,936.0157579299718,2022.9323448036653,10936.0,9999.984242070028,8913.067655196335,12801,1971,26307282,False,2126.979721,1040.0631341263067,0.48898591926270024,48.89859192627002
2826,1086.9535881727334,936.0157579299718,2022.969346102705,10936.0,9999.984242070028,8913.030653897295,896,1972,26320083,False,2127.005553,1040.0519648272666,0.48897472945491016,48.89747294549102
2827,1087.3412345947063,936.0157579299718,2023.3569925246784,10936.0,9999.984242070028,8912.64300747532,9387,1973,26320979,False,2127.553739,1040.2125044052937,0.4889241974654976,48.892419746549756
2828,1088.0599930877756,936.0157579299718,2024.0757510177475,10936.0,9999.984242070028,8911.924248982252,17405,1974,26330366,False,2128.691588,1040.6315949122245,0.48885972997616994,48.885972997616996
2829,1086.0828187625148,939.0288428740968,2025.111661636612,10939.0,9999.971157125903,8913.888338363387,6709,1974,26293184,False,2126.059647,1039.9768282374853,0.4891569386140958,48.91569386140958
2830,1086.5072187069716,939.0288428740968,2025.536061581068,10939.0,9999.971157125903,8913.463938418932,10277,1975,26299893,False,2126.681393,1040.1741742930283,0.48910672643150754,48.910672643150754
2831,1087.2796621205227,939.0288428740968,2026.3085049946196,10939.0,9999.971157125903,8912.69149500538,18705,1976,26310170,False,2127.904724,1040.6250618794772,0.48903743205350264,48.90374320535027
2832,1088.656886811351,939.0288428740968,2027.6857296854475,10939.0,9999.971157125903,8911.314270314553,33350,1977,26328875,False,2130.516606,1041.8597191886493,0.4890174130793183,48.90174130793183
2833,1088.76371980311,939.0288428740968,2027.792562677207,10939.0,9999.971157125903,8911.207437322793,2587,1978,26362225,False,2130.655407,1041.8916871968902,0.4890005600032207,48.90005600032207
2834,1088.8370203676143,939.0288428740968,2027.865863241711,10939.0,9999.971157125903,8911.134136758288,1775,1979,26364812,False,2130.73626,1041.8992396323858,0.4889855488883386,48.898554888833864
2835,1089.1627639466622,939.0288428740968,2028.1916068207588,10939.0,9999.971157125903,8910.80839317924,7888,1980,26366587,False,2131.204489,1042.041725053338,0.4889449747463149,48.894497474631486
2836,1089.4344096443017,939.0288428740968,2028.4632525183983,10939.0,9999.971157125903,8910.536747481601,6578,1981,26374475,False,2131.575464,1042.1410543556983,0.4889064787788805,48.89064787788805
2837,1088.238268319869,942.0165260086612,2030.25479432853,10942.0,9999.98347399134,8911.74520567147,14889,1973,26337199,False,2129.496716,1041.2584476801312,0.4889692667082428,48.89692667082428
2838,1089.020333723014,942.0165260086612,2031.0368597316751,10942.0,9999.98347399134,8910.963140268324,18938,1974,26352088,False,2130.72488,1041.7045462769863,0.48889678627913064,48.889678627913064
2839,1089.0575827986102,942.0165260086612,2031.0741088072716,10942.0,9999.98347399134,8910.925891192728,902,1975,26371026,False,2130.774917,1041.71733420139,0.48889130704995526,48.88913070499552
2840,1089.2439933609608,942.0165260086612,2031.2605193696215,10942.0,9999.98347399134,8910.739480630378,4514,1976,26371928,False,2131.019916,1041.7759226390394,0.4888625933606898,48.88625933606898
2841,1089.4415538683347,942.0165260086612,2031.458079876996,10942.0,9999.98347399134,8910.541920123003,4784,1977,26376442,False,2131.264158,1041.8226041316652,0.488828473101768,48.8828473101768
2842,1090.0045434998208,942.0165260086612,2032.021069508482,10942.0,9999.98347399134,8909.978930491518,13633,1978,26381226,False,2132.126917,1042.1223735001793,0.48877126647155367,48.877126647155364
2843,1090.1923994254153,942.0165260086612,2032.2089254340765,10942.0,9999.98347399134,8909.791074565923,4549,1979,26394859,False,2132.372394,1042.1799945745847,0.4887420215657626,48.87420215657626
2844,1091.0395474706218,942.0165260086612,2033.056073479283,10942.0,9999.98347399134,8908.943926520717,20514,1980,26399408,False,2133.748381,1042.7088335293781,0.4886746922993345,48.867469229933455
2845,1089.0796349121003,945.0280264718286,2034.107661383929,10944.999,9999.97097352817,8910.89133861607,7863,1975,26364599,False,2131.206887,1042.1272520878995,0.48898455539192315,48.89845553919231
2846,1089.6128500607651,945.0280264718286,2034.6408765325937,10944.999,9999.97097352817,8910.358123467406,12912,1976,26372462,False,2132.007247,1042.3943969392349,0.4889262915996246,48.89262915996246
2847,1089.9305409017409,945.0280264718286,2034.9585673735696,10944.999,9999.97097352817,8910.040432626429,7693,1977,26385374,False,2132.434684,1042.504143098259,0.4888797537014076,48.887975370140765
2848,1089.9909157892369,945.0280264718286,2035.0189422610656,10944.999,9999.97097352817,8909.980057738934,1462,1978,26393067,False,2132.517627,1042.5267112107633,0.4888713218644655,48.88713218644655
2849,1090.0523230790498,945.0280264718286,2035.0803495508785,10944.999,9999.97097352817,8909.91865044912,1487,1979,26394529,False,2132.604022,1042.5516989209502,0.4888632339458986,48.88632339458986
2850,1090.3193849104016,945.0280264718286,2035.3474113822303,10944.999,9999.97097352817,8909.65158861777,6467,1980,26396016,False,2132.698939,1042.3795540895983,0.48876075991220735,48.87607599122074
2851,1090.3565100977196,945.0280264718286,2035.3845365695483,10944.999,9999.97097352817,8909.614463430451,899,1981,26402483,False,2132.753083,1042.3965729022805,0.4887563315280789,48.87563315280789
2852,1090.3935526928522,945.0280264718286,2035.421579164681,10944.999,9999.97097352817,8909.577420835318,897,1982,26403382,False,2132.807293,1042.4137403071477,0.4887519579140654,48.87519579140654
2853,1093.167246053696,945.0280264718286,2038.1952725255248,10944.999,9999.97097352817,8906.803727474475,67166,1983,26404279,False,2139.731038,1046.5637919463038,0.48910997380517685,48.910997380517685
2854,1092.6472043585957,948.029045493905,2040.6762498525009,10948.0,9999.970954506094,8907.323750147498,12794,1980,26446058,False,2137.521339,1044.8741346414042,0.4888251244921978,48.88251244921978
2855,1094.2818275950883,948.029045493905,2042.3108730889933,10948.0,9999.970954506094,8905.689126911006,39583,1981,26458852,False,2140.709622,1046.4277944049115,0.4888228574538129,48.88228574538129
2856,1094.90564637109,948.029045493905,2042.9346918649949,10948.0,9999.970954506094,8905.065308135005,15106,1982,26498435,False,2141.651279,1046.7456326289102,0.4887563362405417,48.875633624054174
2857,1095.1720887610516,948.029045493905,2043.2011342549563,10948.0,9999.970954506094,8904.798865745042,6452,1983,26513541,False,2142.014785,1046.8426962389483,0.48871870706482934,48.87187070648294
2858,1095.2090900600915,948.029045493905,2043.2381355539965,10948.0,9999.970954506094,8904.761864446002,896,1984,26519993,False,2142.069334,1046.8602439399083,0.48871445350699766,48.871445350699766
2859,1095.4140012719622,948.029045493905,2043.4430467658672,10948.0,9999.970954506094,8904.556953234132,4962,1985,26520889,False,2142.128634,1046.714632728038,0.48863294954117953,48.863294954117954
2860,1095.538096030461,948.029045493905,2043.567141524366,10948.0,9999.970954506094,8904.432858475633,3005,1986,26525851,False,2142.291011,1046.7529149695388,0.48861378290567775,48.86137829056778
2861,1095.8957614891494,948.029045493905,2043.9248069830544,10948.0,9999.970954506094,8904.075193016944,8661,1987,26528856,False,2142.786584,1046.8908225108505,0.4885651377173503,48.856513771735024
2862,1096.3210286515523,948.029045493905,2044.3500741454573,10948.0,9999.970954506094,8903.649925854541,10298,1988,26537517,False,2143.417826,1047.0967973484476,0.48851735048901646,48.851735048901645
2863,1095.8640460899724,951.0191001448125,2046.8831462347848,10951.0,9999.980899855189,8904.116853765216,7184,1984,26529565,False,2140.820672,1044.9566259100275,0.4881103025475772,48.81103025475772
2864,1096.0201866163898,951.0191001448125,2047.0392867612024,10951.0,9999.980899855189,8903.960713238797,3781,1985,26536749,False,2141.039004,1045.0188173836104,0.4880895749359316,48.808957493593155
2865,1096.765663681422,951.0191001448125,2047.7847638262344,10951.0,9999.980899855189,8903.215236173764,18052,1986,26540530,False,2142.228678,1045.463014318578,0.48802586999938297,48.8025869999383
2866,1097.9052706549778,951.0191001448125,2048.9243707997903,10951.0,9999.980899855189,8902.07562920021,27596,1987,26558582,False,2144.226977,1046.321706345022,0.48797152426882373,48.79715242688237
2867,1098.1580853343555,951.0191001448125,2049.177185479168,10951.0,9999.980899855189,8901.822814520832,6122,1988,26586178,False,2144.562534,1046.4044486656446,0.4879337543559103,48.79337543559103
2868,1098.559813723932,951.0191001448125,2049.578913868744,10951.0,9999.980899855189,8901.421086131255,9728,1989,26592300,False,2145.11835,1046.5585362760683,0.48787915887068334,48.78791588706834
2869,1098.7273932680212,951.0191001448125,2049.7464934128334,10951.0,9999.980899855189,8901.253506587165,4058,1990,26602028,False,2145.365639,1046.638245731979,0.4878600769516561,48.78600769516561
2870,1099.1970950261464,951.0191001448125,2050.2161951709586,10951.0,9999.980899855189,8900.783804829041,11374,1991,26606086,False,2146.02719,1046.8300949738534,0.48779908281304374,48.77990828130437
2871,1099.4065901043043,951.0191001448125,2050.425690249117,10951.0,9999.980899855189,8900.574309750882,5073,1992,26617460,False,2146.331019,1046.9244288956959,0.48777398249756915,48.777398249756914
2872,1098.061782846229,954.015868818638,2052.0776516648675,10954.0,9999.984131181362,8901.922348335132,7033,1990,26582935,False,2143.729408,1045.667625153771,0.4877796709097396,48.77796709097396
2873,1099.0734132285745,954.015868818638,2053.089282047212,10954.0,9999.984131181362,8900.910717952787,24497,1991,26589968,False,2145.439737,1046.3663237714256,0.48771648335113577,48.771648335113575
2874,1099.1273872217052,954.015868818638,2053.143256040343,10954.0,9999.984131181362,8900.856743959655,1307,1992,26614465,False,2145.490106,1046.362718778295,0.4877033531182804,48.77033531182804
2875,1102.2162523618713,954.015868818638,2056.232121180509,10954.0,9999.984131181362,8897.76787881949,74798,1993,26615772,False,2153.338374,1051.1221216381286,0.4881360655295361,48.81360655295361
2876,1102.2621736169297,954.015868818638,2056.278042435568,10954.0,9999.984131181362,8897.721957564432,1112,1994,26690570,False,2153.41412,1051.1519463830703,0.48813274540201784,48.81327454020178
2877,1102.4724946169413,954.015868818638,2056.4883634355792,10954.0,9999.984131181362,8897.51163656442,5093,1995,26691682,False,2153.683374,1051.210879383059,0.4880990827498763,48.80990827498763
2878,1102.780935133157,954.015868818638,2056.796803951795,10954.0,9999.984131181362,8897.203196048205,7469,1996,26696775,False,2154.102219,1051.3212838668428,0.48805542958629805,48.80554295862981
2879,1103.8939061269352,954.015868818638,2057.909774945573,10954.0,9999.984131181362,8896.090225054426,26951,1997,26704244,False,2155.979271,1052.085364873065,0.48798491665695837,48.798491665695835
2880,1104.220393035651,954.015868818638,2058.2362618542893,10954.0,9999.984131181362,8895.76373814571,7906,1998,26731195,False,2156.435959,1052.2155659643488,0.4879419495732629,48.79419495732629
2881,1104.257807295618,954.015868818638,2058.273676114256,10954.0,9999.984131181362,8895.726323885743,906,1999,26739101,False,2156.486498,1052.2286907043822,0.4879366004286395,48.79366004286395
2882,1106.2184631838077,954.015868818638,2060.2343320024456,10954.0,9999.984131181362,8893.765667997553,47478,2000,26740007,False,2160.620847,1054.4023838161925,0.48800898375123025,48.800898375123026
2883,1106.2959346536725,954.015868818638,2060.3118034723107,10954.0,9999.984131181362,8893.68819652769,1876,2001,26787485,False,2160.700214,1054.4042793463275,0.48799193544501934,48.79919354450193
2884,1103.6256880049882,957.0102231381586,2060.6359111431466,10956.999,9999.98877686184,8896.363088856853,905,1996,26723795,False,2157.752728,1054.1270399950117,0.4885300462449522,48.85300462449522
2885,1103.942346443647,957.0102231381586,2060.9525695818056,10956.999,9999.98877686184,8896.046430418193,7668,1997,26724700,False,2158.181167,1054.2388205563532,0.4884848578406453,48.848485784064536
2886,1105.0478015485576,957.0102231381586,2062.058024686716,10956.999,9999.98877686184,8894.940975313284,26769,1998,26732368,False,2160.120482,1055.0726804514422,0.4884323301608518,48.84323301608518
2887,1105.5251430838284,957.0102231381586,2062.535366221987,10956.999,9999.98877686184,8894.463633778012,11559,1999,26759137,False,2160.79856,1055.2734169161718,0.48837195491104535,48.83719549110454
2888,1108.386301568965,957.0102231381586,2065.396524707124,10956.999,9999.98877686184,8891.602475292875,69284,2000,26770696,False,2167.861251,1059.4749494310347,0.4887189846408832,48.87189846408832
2889,1108.4661682122055,957.0102231381586,2065.476391350364,10956.999,9999.98877686184,8891.522608649635,1934,2001,26839980,False,2167.96582,1059.4996517877944,0.48870680617455237,48.870680617455236
2890,1108.5047387627671,957.0102231381586,2065.5149619009258,10956.999,9999.98877686184,8891.484038099074,934,2002,26841914,False,2168.019154,1059.514415237233,0.4887015934718227,48.870159347182266
2891,1107.5717774369746,960.0095891183882,2067.581366555363,10960.0,9999.990410881612,8892.418633444637,15004,1995,26805252,False,2165.969802,1058.3980245630255,0.4886485599133138,48.86485599133138
2892,1107.6380989618162,960.0095891183882,2067.6476880802047,10960.0,9999.990410881612,8892.352311919796,1606,1996,26820256,False,2166.047981,1058.409882038184,0.48863639740313947,48.86363974031395
2893,1107.702355682024,960.0095891183882,2067.7119448004123,10960.0,9999.990410881612,8892.288055199588,1556,1997,26821862,False,2166.125143,1058.4227873179761,0.4886249489039683,48.86249489039683
2894,1107.8198017696016,960.0095891183882,2067.8293908879896,10960.0,9999.990410881612,8892.17060911201,2844,1998,26823418,False,2166.283108,1058.4633062303985,0.4886080228025295,48.860802280252955
2895,1108.5155170429564,960.0095891183882,2068.5251061613444,10960.0,9999.990410881612,8891.474893838655,16847,1999,26826262,False,2167.368095,1058.8525779570434,0.48854303078455324,48.854303078455324
2896,1108.9457810325734,960.0095891183882,2068.9553701509617,10960.0,9999.990410881612,8891.044629849039,10419,2000,26843109,False,2168.027049,1059.0812679674264,0.48850002515232754,48.85000251523275
2897,1109.7093457861988,960.0095891183882,2069.718934904587,10960.0,9999.990410881612,8890.281065095412,18490,2001,26853528,False,2169.29984,1059.5904942138013,0.4884481502629905,48.844815026299045
2898,1109.898151521925,960.0095891183882,2069.907740640313,10960.0,9999.990410881612,8890.092259359686,4572,2002,26872018,False,2169.58969,1059.6915384780748,0.48842946819040006,48.84294681904001
2899,1110.0912520512895,960.0095891183882,2070.1008411696776,10960.0,9999.990410881612,8889.899158830322,4676,2003,26876590,False,2169.850402,1059.7591499487105,0.4884019418905131,48.84019418905131
2900,1110.1367190493286,960.0095891183882,2070.1463081677166,10960.0,9999.990410881612,8889.853691832282,1101,2004,26881266,False,2169.904562,1059.7678429506716,0.48839375773001004,48.839375773001
2901,1110.210680351316,960.0095891183882,2070.2202694697044,10960.0,9999.990410881612,8889.779730530296,1791,2005,26882367,False,2170.013838,1059.803157648684,0.48838543749815666,48.83854374981566
2902,1110.5922149515725,960.0095891183882,2070.601804069961,10960.0,9999.990410881612,8889.39819593004,9239,2006,26884158,False,2170.593504,1060.0012890484275,0.4883462919680918,48.83462919680918
2903,1110.7318370409184,960.0095891183882,2070.7414261593067,10960.0,9999.990410881612,8889.258573840692,3381,2007,26893397,False,2170.789384,1060.0575469590817,0.4883281421828999,48.83281421828999
2904,1111.5037023091722,960.0095891183882,2071.5132914275605,10960.0,9999.990410881612,8888.48670857244,18691,2008,26896778,False,2172.088738,1060.5850356908277,0.4882788705342607,48.827887053426075
2905,1110.0755182399791,963.00667049786,2073.082188737839,10962.999,9999.99232950214,8889.916811262161,1050,2003,26879835,False,2169.143831,1059.0683127600207,0.48824254879943957,48.82425487994396
2906,1110.1757438569098,963.00667049786,2073.1824143547697,10962.999,9999.99232950214,8889.81658564523,2427,2004,26880885,False,2169.281363,1059.1056191430903,0.48822879189742535,48.82287918974254
2907,1110.21398403873,963.00667049786,2073.22065453659,10962.999,9999.99232950214,8889.77834546341,926,2005,26883312,False,2169.335137,1059.1211529612701,0.48822385020045433,48.82238502004543
2908,1110.6804234055337,963.00667049786,2073.6870939033934,10962.999,9999.99232950214,8889.311906096606,11295,2006,26884238,False,2170.05414,1059.3737165944665,0.48817847309305673,48.81784730930568
2909,1111.7207132761978,963.00667049786,2074.7273837740577,10962.999,9999.99232950214,8888.271616225942,25191,2007,26895533,False,2171.9288,1060.2080867238024,0.4881412718150808,48.814127181508084
2910,1111.9467267914272,963.00667049786,2074.953397289287,10962.999,9999.99232950214,8888.045602710712,5473,2008,26920724,False,2172.239216,1060.2924892085728,0.4881103708094426,48.81103708094426
2911,1112.141850829333,963.00667049786,2075.1485213271926,10962.999,9999.99232950214,8887.850478672806,4725,2009,26926197,False,2172.517891,1060.376040170667,0.4880862176387329,48.80862176387329
2912,1112.6039541064054,963.00667049786,2075.610624604265,10962.999,9999.99232950214,8887.388375395734,11190,2010,26930922,False,2173.212646,1060.6086918935946,0.4880372354936106,48.80372354936106
2913,1112.6651962118476,963.00667049786,2075.6718667097075,10962.999,9999.99232950214,8887.327133290291,1483,2011,26942112,False,2173.290144,1060.6249477881524,0.48802731228332136,48.802731228332135
2914,1113.240739855508,963.00667049786,2076.247410353368,10962.999,9999.99232950214,8886.751589646632,13937,2012,26943595,False,2174.154915,1060.914175144492,0.48796622900465764,48.79662290046576
2915,1113.9881165408033,963.00667049786,2076.994787038663,10962.999,9999.99232950214,8886.004212961336,18098,2013,26957532,False,2175.354952,1061.3668354591969,0.48790512761303,48.790512761303
2916,1114.469422500971,963.00667049786,2077.4760929988306,10962.999,9999.99232950214,8885.522907001168,11655,2014,26975630,False,2176.080147,1061.6107244990292,0.4878546068087579,48.785460680875794
2917,1112.0115203608398,966.000010724014,2078.0115310848537,10966.0,9999.999989275986,8887.988468915146,2730,2013,26925036,False,2173.210836,1061.1993156391604,0.4883094166750972,48.83094166750972
2918,1112.5859490099976,966.000010724014,2078.585959734012,10966.0,9999.999989275986,8887.414040265989,13910,2014,26927766,False,2174.114547,1061.5285979900025,0.48825789765988925,48.82578976598892
2919,1112.8012255411306,966.000010724014,2078.801236265145,10966.0,9999.999989275986,8887.198763734856,5213,2015,26941676,False,2174.389049,1061.5878234588693,0.4882234961342786,48.82234961342786
2920,1113.3522393057397,966.000010724014,2079.3522500297536,10966.0,9999.999989275986,8886.647749970247,13343,2016,26946889,False,2175.255077,1061.9028376942601,0.488173938276141,48.8173938276141
2921,1113.4510608555192,966.000010724014,2079.451071579533,10966.0,9999.999989275986,8886.548928420467,2393,2017,26960232,False,2175.36037,1061.9093091444806,0.4881532842967442,48.81532842967442
2922,1113.7049905293993,966.000010724014,2079.705001253413,10966.0,9999.999989275986,8886.294998746587,6149,2018,26962625,False,2175.724037,1062.0190464706006,0.4881221278112858,48.81221278112858
2923,1115.302282098111,966.000010724014,2081.302292822125,10966.0,9999.999989275986,8884.697707177875,38679,2019,26968774,False,2178.871218,1063.5689359018893,0.4881284066334797,48.81284066334797
2924,1115.91111039247,966.000010724014,2081.911121116484,10966.0,9999.999989275986,8884.088878883516,14743,2020,27007453,False,2179.837349,1063.92623860753,0.4880759746114113,48.80759746114113
2925,1118.4248861459953,966.000010724014,2084.424896870009,10966.0,9999.999989275986,8881.575103129991,60872,2021,27022196,False,2185.799189,1067.3743028540046,0.48832221561136496,48.8322215611365
2926,1118.88579183638,966.000010724014,2084.885802560394,10966.0,9999.999989275986,8881.114197439605,11161,2022,27083068,False,2186.465115,1067.57932316362,0.4882672565135438,48.82672565135438
2927,1115.5770662987936,969.0220761788404,2084.599142477634,10969.0,9999.97792382116,8884.400857522365,2533,2019,27011574,False,2183.59793,1068.0208637012063,0.4891105862612749,48.91105862612749
2928,1115.7757830967626,969.0220761788404,2084.797859275603,10969.0,9999.97792382116,8884.202140724397,4812,2020,27014107,False,2183.874607,1068.0988239032376,0.48908431852252293,48.90843185225229
2929,1115.901488402876,969.0220761788404,2084.923564581716,10969.0,9999.97792382116,8884.076435418283,3044,2021,27018919,False,2184.03527,1068.1337815971237,0.4890643462901237,48.90643462901237
2930,1116.548804655611,969.0220761788404,2085.570880834452,10969.0,9999.97792382116,8883.429119165548,15675,2022,27021963,False,2185.066686,1068.517881344389,0.4890092774698909,48.90092774698909
2931,1117.7907433468245,969.0220761788404,2086.812819525665,10969.0,9999.97792382116,8882.187180474335,30074,2023,27037638,False,2187.437693,1069.6469496531754,0.48899539085211124,48.899539085211124
2932,1117.8687103698014,969.0220761788404,2086.8907865486417,10969.0,9999.97792382116,8882.109213451358,1888,2024,27067712,False,2187.52641,1069.6576996301985,0.48898047344269485,48.898047344269486
2933,1117.909221836719,969.0220761788404,2086.93129801556,10969.0,9999.97792382116,8882.06870198444,981,2025,27069600,False,2187.583766,1069.674544163281,0.488975352984623,48.8975352984623
2934,1118.8412746484726,969.0220761788404,2087.863350827313,10969.0,9999.97792382116,8881.136649172688,22570,2026,27070581,False,2189.309343,1070.4680683515273,0.4889524049098837,48.89524049098837
2935,1119.060763381059,969.0220761788404,2088.082839559899,10969.0,9999.97792382116,8880.9171604401,5315,2027,27093151,False,2189.650919,1070.5901556189413,0.48893188696391526,48.893188696391526
2936,1119.1386065157578,969.0220761788404,2088.160682694598,10969.0,9999.97792382116,8880.839317305401,1885,2028,27098466,False,2189.739169,1070.6005624842421,0.48891693478413645,48.89169347841364
2937,1119.9984737575094,969.0220761788404,2089.0205499363497,10969.0,9999.97792382116,8879.97945006365,20822,2029,27100351,False,2191.307234,1071.3087602424905,0.4888902585727012,48.88902585727012
2938,1120.3884327606725,969.0220761788404,2089.410508939513,10969.0,9999.97792382116,8879.589491060487,9443,2030,27121173,False,2191.912728,1071.5242952393273,0.48885353944590415,48.88535394459041
2939,1121.0890622690558,972.0034878617636,2093.0925501308197,10971.999,9999.995512138235,8878.90644986918,1750,2031,27145832,False,2188.998989,1067.9099267309443,0.48785309271376015,48.785309271376015
2940,1121.3427854624724,972.0034878617636,2093.346273324236,10971.999,9999.995512138235,8878.652726675766,6144,2032,27147582,False,2189.393546,1068.0507605375274,0.48782950077150156,48.782950077150154
2941,1121.405844595993,972.0034878617636,2093.409332457756,10971.999,9999.995512138235,8878.589667542245,1527,2033,27153726,False,2189.478136,1068.0722914040073,0.4878204873766354,48.782048737663544
2942,1121.8186403384068,972.0034878617636,2093.8221282001705,10971.999,9999.995512138235,8878.176871799831,9996,2034,27155253,False,2190.117145,1068.2985046615934,0.4877814445224999,48.77814445224999
2943,1122.0145902981662,972.0034878617636,2094.0180781599297,10971.999,9999.995512138235,8877.980921840071,4745,2035,27165249,False,2190.413611,1068.3990207018337,0.4877613138160114,48.77613138160114
2944,1122.5309153449257,972.0034878617636,2094.5344032066887,10971.999,9999.995512138235,8877.464596793312,12503,2036,27169994,False,2191.240992,1068.7100766550743,0.4877190964192561,48.77190964192561
2945,1123.2371611219132,972.0034878617636,2095.2406489836767,10971.999,9999.995512138235,8876.758351016324,17102,2037,27182497,False,2192.473091,1069.2359298780866,0.4876848588323617,48.76848588323617
2946,1123.7662053652173,972.0034878617636,2095.769693226981,10971.999,9999.995512138235,8876.22930677302,12811,2038,27199599,False,2193.327727,1069.5615216347826,0.4876432775952331,48.76432775952331
2947,1124.333076829415,972.0034878617636,2096.3365646911784,10971.999,9999.995512138235,8875.662435308823,13727,2039,27212410,False,2194.212162,1069.8790851705849,0.48759144794612846,48.759144794612844
2948,1124.8696369615868,972.0034878617636,2096.8731248233503,10971.999,9999.995512138235,8875.12587517665,12993,2040,27226137,False,2195.084168,1070.214531038413,0.48755056714454564,48.75505671445456
2949,1125.3682046884942,972.0034878617636,2097.3716925502576,10971.999,9999.995512138235,8874.627307449744,12073,2041,27239130,False,2195.851153,1070.4829483115059,0.48750250983496685,48.750250983496684
2950,1125.4211049832154,972.0034878617636,2097.424592844979,10971.999,9999.995512138235,8874.574407155022,1281,2042,27251203,False,2195.933375,1070.5122700167847,0.4874976090824179,48.74976090824179
2951,1128.32339437666,972.0034878617636,2100.3268822384234,10971.999,9999.995512138235,8871.672117761576,70280,2043,27252484,False,2203.60262,1075.2792256233402,0.48796421635373627,48.796421635373626
2952,1129.5141259129518,972.0034878617636,2101.5176137747158,10971.999,9999.995512138235,8870.481386225285,28834,2044,27322764,False,2205.903989,1076.389863087048,0.48795861853217226,48.795861853217225
2953,1129.739272210235,972.0034878617636,2101.7427600719984,10971.999,9999.995512138235,8870.256239928003,5452,2045,27351598,False,2206.246128,1076.5068557897653,0.48793597510611253,48.79359751061125
2954,1130.0667502251754,972.0034878617636,2102.070238086939,10971.999,9999.995512138235,8869.928761913063,7930,2046,27357050,False,2206.71747,1076.6507197748247,0.4878969484819571,48.78969484819571
2955,1115.3544803592565,975.007208020298,2090.3616883795544,10975.0,9999.992791979705,8884.638311620447,24392,2045,26984325,False,2205.448113,1090.0936326407434,0.49427308047520746,49.42730804752075
2956,1116.4414761107398,975.007208020298,2091.4486841310377,10975.0,9999.992791979705,8883.551315868963,26322,2046,27008717,False,2207.310303,1090.8688268892604,0.49420728268546493,49.42072826854649
2957,1116.6805391912558,975.007208020298,2091.687747211554,10975.0,9999.992791979705,8883.312252788448,5789,2047,27035039,False,2207.646288,1090.9657488087441,0.4941759713677213,49.41759713677213
2958,1116.7369909499473,975.007208020298,2091.744198970245,10975.0,9999.992791979705,8883.255801029756,1367,2048,27040828,False,2207.700567,1090.9635760500526,0.4941628372784907,49.41628372784907
2959,1117.2101615798574,975.007208020298,2092.2173696001555,10975.0,9999.992791979705,8882.782630399844,11458,2049,27042195,False,2208.408111,1091.1979494201428,0.49411064195287346,49.411064195287345
2960,1117.4322106701898,975.007208020298,2092.4394186904874,10975.0,9999.992791979705,8882.560581309514,5377,2050,27053653,False,2208.719277,1091.2870663298104,0.49408137905694127,49.408137905694126
2961,1117.549161204655,975.007208020298,2092.556369224953,10975.0,9999.992791979705,8882.443630775047,2832,2051,27059030,False,2208.881706,1091.332544795345,0.4940656359419118,49.40656359419118
2962,1115.2431047973027,978.0286199879178,2093.2717247852206,10977.999,9999.970380012082,8884.72727521478,9948,2048,26996072,False,2206.48495,1091.2418452026973,0.49456120024870204,49.4561200248702
2963,1115.8917012289112,978.0286199879178,2093.920321216829,10977.999,9999.970380012082,8884.078678783171,15706,2049,27006020,False,2207.484897,1091.5931957710886,0.49449633710046115,49.449633710046115
2964,1116.395100598662,978.0286199879178,2094.42372058658,10977.999,9999.970380012082,8883.57527941342,12190,2050,27021726,False,2208.258021,1091.862920401338,0.49444535467231887,49.44453546723189
2965,1119.9043186662025,978.0286199879178,2097.9329386541203,10977.999,9999.970380012082,8880.06606134588,84977,2051,27033916,False,2218.129848,1098.2255293337976,0.49511327315847814,49.511327315847815
2966,1120.766911450071,978.0286199879178,2098.7955314379888,10977.999,9999.970380012082,8879.203468562011,20888,2052,27118893,False,2219.60347,1098.8365585499291,0.4950598489332552,49.505984893325525
2967,1121.2563527404964,978.0286199879178,2099.2849727284142,10977.999,9999.970380012082,8878.714027271586,11852,2053,27139781,False,2220.308697,1099.0523442595036,0.49499979248133513,49.49997924813351
2968,1121.3287447909618,978.0286199879178,2099.3573647788794,10977.999,9999.970380012082,8878.64163522112,1753,2054,27151633,False,2220.413913,1099.085168209038,0.49499111934678197,49.4991119346782
2969,1116.913986003167,981.0179657294818,2097.9319517326494,10980.999,9999.98103427052,8883.067048267352,1227,2051,27045254,False,2217.465714,1100.5517279968328,0.49631059504031316,49.63105950403131
2970,1117.0021944571286,981.0179657294818,2098.02016018661,10980.999,9999.98103427052,8882.97883981339,2136,2052,27046481,False,2217.600948,1100.5987535428712,0.4963015345639505,49.63015345639505
2971,1117.165272727116,981.0179657294818,2098.183238456598,10980.999,9999.98103427052,8882.815761543403,3949,2053,27048617,False,2217.794613,1100.629340272884,0.49627198741549294,49.62719874154929
2972,1117.2612448465006,981.0179657294818,2098.2792105759827,10980.999,9999.98103427052,8882.719789424018,2324,2054,27052566,False,2217.928026,1100.6667811534994,0.4962590166365928,49.62590166365928
2973,1118.0363312099837,981.0179657294818,2099.054296939465,10980.999,9999.98103427052,8881.944703060535,18769,2055,27054890,False,2219.192396,1101.1560647900162,0.4961967546278562,49.619675462785615
2974,1118.7671481621148,981.0179657294818,2099.7851138915967,10980.999,9999.98103427052,8881.213886108404,17697,2056,27073659,False,2220.346865,1101.5797168378851,0.4961295616475154,49.612956164751544
2975,1120.476476030263,981.0179657294818,2101.494441759745,10980.999,9999.98103427052,8879.504558240256,41392,2057,27091356,False,2223.796936,1103.3204599697372,0.4961426298006812,49.61426298006812
2976,1121.8547744195005,981.0179657294818,2102.8727401489823,10980.999,9999.98103427052,8878.126259851018,33376,2058,27132748,False,2226.400731,1104.5459565804997,0.4961128251536222,49.61128251536222
2977,1121.9094091501142,981.0179657294818,2102.927374879596,10980.999,9999.98103427052,8878.071625120405,1323,2059,27166124,False,2226.453265,1104.5438558498859,0.49610017565308556,49.61001756530855
2978,1121.979695099853,981.0179657294818,2102.9976608293346,10980.999,9999.98103427052,8878.001339170665,1702,2060,27167447,False,2226.562214,1104.582518900147,0.49609326519368796,49.60932651936879
2979,1123.4626790840305,981.0179657294818,2104.4806448135123,10980.999,9999.98103427052,8876.518355186488,35911,2061,27169149,False,2229.44542,1105.9827409159695,0.49607975642479263,49.60797564247926
2980,1122.5509852459672,984.0405563323592,2106.5915415783265,10984.0,9999.959443667642,8877.408458421674,11923,2062,27171060,False,2227.177812,1104.6268267540327,0.4959760378369074,49.597603783690744
2981,1122.692176586835,984.0405563323592,2106.732732919194,10984.0,9999.959443667642,8877.267267080806,3419,2063,27182983,False,2227.361954,1104.6697774131649,0.49595431736155304,49.595431736155305
2982,1123.0830854001297,984.0405563323592,2107.123641732489,10984.0,9999.959443667642,8876.876358267513,9466,2064,27186402,False,2227.918766,1104.83568059987,0.49590483165752475,49.590483165752474
2983,1123.1727392173348,984.0405563323592,2107.2132955496936,10984.0,9999.959443667642,8876.786704450307,2171,2065,27195868,False,2230.212417,1107.0396777826654,0.4963830661797743,49.63830661797743
2984,1123.209946996838,984.0405563323592,2107.2505033291973,10984.0,9999.959443667642,8876.749496670804,901,2066,27198039,False,2230.264477,1107.0545300031622,0.49637813874536374,49.63781387453638
2985,1123.597469530533,984.0405563323592,2107.6380258628924,10984.0,9999.959443667642,8876.361974137108,9384,2067,27198940,False,2230.793093,1107.1956234694671,0.49632376348292156,49.632376348292155
2986,1124.4812472099454,984.0405563323592,2108.5218035423045,10984.0,9999.959443667642,8875.478196457696,21401,2068,27208324,False,2232.255341,1107.7740937900546,0.49625778621445554,49.625778621445555
2987,1124.6987950261755,984.0405563323592,2108.739351358535,10984.0,9999.959443667642,8875.260648641466,5268,2069,27229725,False,2232.561457,1107.8626619738243,0.4962294133047126,49.62294133047126
2988,1124.9210918930642,984.0405563323592,2108.9616482254232,10984.0,9999.959443667642,8875.038351774578,5383,2070,27234993,False,2232.86731,1107.946218106936,0.496198861949811,49.6198861949811
2989,1126.0401747085589,984.0405563323592,2110.0807310409177,10984.0,9999.959443667642,8873.919268959084,27099,2071,27240376,False,2234.82207,1108.7818952914413,0.49613877998414485,49.61387799841449
2990,1126.2585897427352,984.0405563323592,2110.2991460750945,10984.0,9999.959443667642,8873.700853924907,5289,2072,27267475,False,2235.127106,1108.8685162572647,0.49610982448407775,49.610982448407775
2991,1126.3622429353584,984.0405563323592,2110.402799267717,10984.0,9999.959443667642,8873.597200732283,2510,2073,27272764,False,2235.260632,1108.8983890646416,0.4960935531139626,49.60935531139626
2992,1125.1286460548663,987.0061882014306,2112.134834256297,10987.0,9999.99381179857,8874.865165743704,2858,2068,27242544,False,2232.39359,1107.2649439451338,0.4959989801552574,49.59989801552574
2993,1125.1666797562232,987.0061882014306,2112.1728679576536,10987.0,9999.99381179857,8874.827132042346,921,2069,27245402,False,2232.444726,1107.278046243777,0.49599348792287945,49.59934879228795
2994,1125.9108353462896,987.0061882014306,2112.9170235477204,10987.0,9999.99381179857,8874.08297645228,18020,2070,27246323,False,2233.718035,1107.8071996537103,0.4959476452692519,49.59476452692519
2995,1126.2227447342902,987.0061882014306,2113.228932935721,10987.0,9999.99381179857,8873.77106706428,7553,2071,27264343,False,2234.176386,1107.9536412657098,0.4959114455816783,49.591144558167834
2996,1126.3143394678511,987.0061882014306,2113.320527669281,10987.0,9999.99381179857,8873.679472330718,2218,2072,27271896,False,2234.28791,1107.9735705321489,0.49589561200827914,49.589561200827916
2997,1127.1799055703923,987.0061882014306,2114.186093771823,10987.0,9999.99381179857,8872.813906228177,20960,2073,27274114,False,2235.810171,1108.6302654296078,0.49585169609178226,49.58516960917822
2998,1127.342859952102,987.0061882014306,2114.3490481535327,10987.0,9999.99381179857,8872.650951846468,3946,2074,27295074,False,2236.040679,1108.6978190478983,0.4958307912107078,49.583079121070774
2999,1128.703607501951,987.0061882014306,2115.7097957033816,10987.0,9999.99381179857,8871.290204296618,32951,2075,27299020,False,2238.568695,1109.865087498049,0.49579228458658,49.579228458658
3000,1128.7407739853616,987.0061882014306,2115.746962186792,10987.0,9999.99381179857,8871.253037813207,900,2076,27331971,False,2238.623461,1109.8826870146386,0.4957880172125287,49.578801721252866
3001,1129.277003748792,987.0061882014306,2116.2831919502223,10987.0,9999.99381179857,8870.716808049778,12985,2077,27332871,False,2239.460779,1110.183775251208,0.49573709245622294,49.5737092456223
3002,1129.5919690476508,987.0061882014306,2116.5981572490814,10987.0,9999.99381179857,8870.401842750918,7627,2078,27345856,False,2239.943401,1110.3514319523492,0.49570512873523687,49.57051287352369
3003,1129.8453205762332,987.0061882014306,2116.851508777664,10987.0,9999.99381179857,8870.148491222337,6135,2079,27353483,False,2240.299292,1110.453971423767,0.49567215210447285,49.56721521044729
3004,1133.8831286300583,990.0024110511466,2123.885539681205,10990.0,9999.997588948854,8866.114460318795,122766,2077,27334629,False,2255.122051,1121.2389223699415,0.49719655832940174,49.71965583294018
3005,1134.235549484977,990.0024110511466,2124.2379605361234,10990.0,9999.997588948854,8865.762039463878,8534,2078,27457395,False,2255.667135,1121.4315855150232,0.4971618232647714,49.71618232647714
3006,1134.272385599646,990.0024110511466,2124.2747966507927,10990.0,9999.997588948854,8865.725203349208,892,2079,27465929,False,2255.694262,1121.421876400354,0.4971515401231951,49.71515401231951
3007,1134.7576559847112,990.0024110511466,2124.760067035858,10990.0,9999.997588948854,8865.239932964143,11751,2080,27466821,False,2256.441368,1121.6837120152886,0.49710297281488625,49.71029728148862
3008,1134.8110931286371,990.0024110511466,2124.813504179784,10990.0,9999.997588948854,8865.186495820217,1294,2081,27478572,False,2256.521731,1121.7106378713627,0.4970972016184686,49.70972016184686
3009,1132.4381370511453,993.0329825427636,2125.471119593909,10992.999,9999.966017457236,8867.52788040609,25718,2079,27396686,False,2255.369043,1122.9309059488548,0.4978923114308503,49.789231143085026
3010,1133.5420229045342,993.0329825427636,2126.575005447298,10992.999,9999.966017457236,8866.423994552702,26731,2080,27422404,False,2257.29995,1123.757927095466,0.4978327878381718,49.78327878381718
3011,1134.6784500789538,993.0329825427636,2127.711432621717,10992.999,9999.966017457236,8865.287567378282,27519,2081,27449135,False,2259.311722,1124.6332719210461,0.49777693842330545,49.77769384233054
3012,1135.0371892360515,993.0329825427636,2128.070171778815,10992.999,9999.966017457236,8864.928828221186,8687,2082,27476654,False,2259.815146,1124.7779567639484,0.4977300726366352,49.77300726366352
3013,1135.074149238999,993.0329825427636,2128.1071317817627,10992.999,9999.966017457236,8864.891868218238,895,2083,27485341,False,2259.868098,1124.7939487610008,0.49772548661421956,49.77254866142196
3014,1136.1758051033833,993.0329825427636,2129.208787646147,10992.999,9999.966017457236,8863.790212353853,26677,2084,27486236,False,2261.824631,1125.6488258966167,0.497672901103276,49.7672901103276
3015,1136.2127238102378,993.0329825427636,2129.2457063530014,10992.999,9999.966017457236,8863.753293646998,894,2085,27512913,False,2261.878269,1125.665545189762,0.4976684911020568,49.76684911020568
3016,1136.7245475828952,993.0329825427636,2129.757530125659,10992.999,9999.966017457236,8863.241469874341,12394,2086,27513807,False,2262.636676,1125.912128417105,0.49761065943982996,49.761065943983
3017,1137.1541921311225,993.0329825427636,2130.1871746738857,10992.999,9999.966017457236,8862.811825326115,10404,2087,27526201,False,2263.288539,1126.1343468688776,0.49756552355734684,49.756552355734684
3018,1137.475475732161,993.0329825427636,2130.5084582749246,10992.999,9999.966017457236,8862.490541725076,7780,2088,27536605,False,2263.735094,1126.2596182678392,0.49752270981395985,49.75227098139599
3019,1137.995393538983,993.0329825427636,2131.0283760817465,10992.999,9999.966017457236,8861.970623918252,12590,2089,27544385,False,2264.521877,1126.526483461017,0.49746769722243533,49.746769722243535
3020,1138.8437804669702,993.0329825427636,2131.8767630097336,10992.999,9999.966017457236,8861.122236990266,20544,2090,27556975,False,2265.946305,1127.1025245330297,0.4974091936980077,49.74091936980077
3021,1140.453254383022,996.0273977006487,2136.4806520836705,10996.0,9999.972602299353,8859.519347916328,35194,2089,27581299,False,2265.759881,1125.3066266169778,0.49665749493292305,49.6657494932923
3022,1140.4964913920562,996.0273977006487,2136.523889092705,10996.0,9999.972602299353,8859.476110907295,1047,2090,27616493,False,2265.815064,1125.3185726079437,0.49665067131354534,49.66506713135453
3023,1140.535722680101,996.0273977006487,2136.5631203807498,10996.0,9999.972602299353,8859.43687961925,950,2091,27617540,False,2265.869141,1125.3334183198992,0.4966453701837582,49.66453701837582
3024,1142.0988623801672,996.0273977006487,2138.126260080816,10996.0,9999.972602299353,8857.873739919183,37852,2092,27618490,False,2269.002468,1126.903605619833,0.4966515557002174,49.66515557002174
3025,1142.3786021119713,996.0273977006487,2138.40599981262,10996.0,9999.972602299353,8857.594000187379,6774,2093,27656342,False,2269.386463,1127.0078608880285,0.49661345886332126,49.66134588633213
3026,1140.3732225554108,999.0229729746987,2139.3961955301097,10999.0,9999.9770270253,8859.60380446989,6608,2090,27607947,False,2266.78073,1126.407507444589,0.4969194825670629,49.69194825670629
3027,1140.579744314896,999.0229729746987,2139.6027172895947,10999.0,9999.9770270253,8859.397282710404,5001,2091,27614555,False,2267.077816,1126.498071685104,0.49689431202351986,49.68943120235198
3028,1140.6169520943995,999.0229729746987,2139.6399250690984,10999.0,9999.9770270253,8859.3600749309,901,2092,27619556,False,2267.133048,1126.5160959056007,0.49689015688751964,49.689015688751965
3029,1140.6542011699953,999.0229729746987,2139.677174144694,10999.0,9999.9770270253,8859.322825855306,902,2093,27620457,False,2267.18795,1126.5337488300047,0.49688591050865666,49.68859105086567
3030,1140.940011427423,999.0229729746987,2139.962984402122,10999.0,9999.9770270253,8859.037015597878,6921,2094,27621359,False,2267.60457,1126.6645585725769,0.4968523055025316,49.68523055025316
3031,1141.0086868295475,999.0229729746987,2140.0316598042464,10999.0,9999.9770270253,8858.968340195754,1663,2095,27628280,False,2267.686694,1126.6780071704525,0.4968402425923713,49.684024259237134
3032,1141.0741824325355,999.0229729746987,2140.0971554072344,10999.0,9999.9770270253,8858.902844592765,1586,2096,27629943,False,2267.7783,1126.7041175674644,0.49683168657512267,49.68316865751227
3033,1141.6245767557548,999.0229729746987,2140.6475497304536,10999.0,9999.9770270253,8858.352450269547,13328,2097,27631529,False,2268.69375,1127.0691732442451,0.4967921180389575,49.679211803895754
3034,1141.8075184463205,999.0229729746987,2140.83049142102,10999.0,9999.9770270253,8858.16950857898,4430,2098,27644857,False,2268.972011,1127.1644925536793,0.4967732026173854,49.67732026173854
3035,1141.9525916199,999.0229729746987,2140.975564594599,10999.0,9999.9770270253,8858.024435405401,3513,2099,27649287,False,2269.194606,1127.2420143801,0.4967586347153956,49.67586347153956
3036,1142.6282782883054,1002.0046687078516,2144.632946996157,11002.0,9999.995331292148,8857.367053003843,5793,2097,27663369,False,2266.586554,1123.9582757116946,0.4958814715141448,49.58814715141448
3037,1143.2659312553542,1002.0046687078516,2145.2705999632058,11002.0,9999.995331292148,8856.729400036795,15441,2098,27669162,False,2267.712192,1124.4462607446458,0.4958505160890566,49.58505160890566
3038,1143.8210333331383,1002.0046687078516,2145.82570204099,11002.0,9999.995331292148,8856.174297959009,13442,2099,27684603,False,2268.713352,1124.892318666862,0.4958283150558466,49.582831505584664
3039,1143.908952714451,1002.0046687078516,2145.913621422302,11002.0,9999.995331292148,8856.086378577696,2129,2100,27698045,False,2268.8391,1124.930147285549,0.4958175074140555,49.58175074140555
3040,1143.9460366056762,1002.0046687078516,2145.950705313528,11002.0,9999.995331292148,8856.049294686472,898,2101,27700174,False,2268.899868,1124.9538313943237,0.4958146665088191,49.581466650881914
3041,1143.1841649918508,1005.0207882294588,2148.2049532213096,11005.0,9999.979211770542,8856.79504677869,7398,2097,27675225,False,2266.393226,1123.2090610081493,0.49559319544495906,49.55931954449591
3042,1143.2450767285516,1005.0207882294588,2148.2658649580103,11005.0,9999.979211770542,8856.73413504199,1475,2098,27682623,False,2266.483933,1123.2388562714484,0.495586507328419,49.558650732841905
3043,1143.321804868748,1005.0207882294588,2148.342593098206,11005.0,9999.979211770542,8856.657406901793,1858,2099,27684098,False,2266.574172,1123.2523671312522,0.49557273748518305,49.557273748518305
3044,1143.376274414991,1005.0207882294588,2148.3970626444498,11005.0,9999.979211770542,8856.60293735555,1319,2100,27685956,False,2266.662757,1123.286482585009,0.4955684206289754,49.55684206289754
3045,1141.8321309175567,1008.0196834723532,2149.85181438991,11008.0,9999.980316527646,8858.148185610089,11502,2098,27638381,False,2264.471095,1122.6389640824432,0.49576210822971145,49.57621082297115
3046,1142.0808159876667,1008.0196834723532,2150.10049946002,11008.0,9999.980316527646,8857.89950053998,6022,2099,27649883,False,2264.847797,1122.7669810123332,0.4957361737506343,49.57361737506343
3047,1142.9145840988456,1008.0196834723532,2150.9342675711987,11008.0,9999.980316527646,8857.0657324288,20190,2100,27655905,False,2266.364979,1123.4503949011544,0.4957058573137943,49.57058573137943
3048,1143.3481930719695,1008.0196834723532,2151.367876544323,11008.0,9999.980316527646,8856.632123455676,10500,2101,27676095,False,2267.103295,1123.7551019280304,0.4956788269887943,49.56788269887943
3049,1143.5845306103688,1008.0196834723532,2151.604214082722,11008.0,9999.980316527646,8856.395785917277,5723,2102,27686595,False,2267.478148,1123.8936173896313,0.49565797067590145,49.56579706759015
3050,1144.455878165885,1008.0196834723532,2152.475561638238,11008.0,9999.980316527646,8855.524438361761,21100,2103,27692318,False,2269.033739,1124.577860834115,0.49561971754978607,49.56197175497861
3051,1144.5027079349825,1008.0196834723532,2152.522391407336,11008.0,9999.980316527646,8855.477608592664,1134,2104,27713418,False,2269.121159,1124.6184510650173,0.4956185114243243,49.56185114243243
3052,1145.2290649091044,1008.0196834723532,2153.248748381457,11008.0,9999.980316527646,8854.751251618542,17589,2105,27714552,False,2270.37225,1125.1431850908955,0.49557652278867287,49.55765227886729
3053,1145.9922579978956,1008.0196834723532,2154.011941470249,11008.0,9999.980316527646,8853.98805852975,18481,2106,27732141,False,2271.743505,1125.7512470021043,0.49554504922073245,49.55450492207324
3054,1146.0830681056957,1011.0159002124096,2157.098968318105,11010.999,9999.98309978759,8853.900031681895,3096,2104,27749725,False,2268.925351,1122.8422828943042,0.4948784597075553,49.48784597075553
3055,1146.403897449715,1011.0159002124096,2157.4197976621244,11010.999,9999.98309978759,8853.579202337876,7769,2105,27752821,False,2269.4364,1123.032502550285,0.49485083721680195,49.4850837216802
3056,1146.5657781330146,1011.0159002124096,2157.5816783454243,11010.999,9999.98309978759,8853.417321654575,3920,2106,27760590,False,2269.677767,1123.1119888669855,0.49483323368474685,49.483323368474686
3057,1147.1845174896166,1011.0159002124096,2158.2004177020262,11010.999,9999.98309978759,8852.798582297974,14983,2107,27764510,False,2270.718121,1123.5336035103833,0.4947921950856635,49.47921950856635
3058,1147.5179421419027,1011.0159002124096,2158.5338423543126,11010.999,9999.98309978759,8852.465157645687,8074,2108,27779493,False,2271.262189,1123.7442468580973,0.4947664132747544,49.47664132747544
3059,1147.7961539182777,1011.0159002124096,2158.812054130687,11010.999,9999.98309978759,8852.186945869313,6737,2109,27787567,False,2271.670804,1123.8746500817222,0.4947348216576024,49.47348216576024
3060,1149.2062915949705,1011.0159002124096,2160.22219180738,11010.999,9999.98309978759,8850.77680819262,34147,2110,27794304,False,2274.518545,1125.3122534050294,0.49474745144583093,49.474745144583096
3061,1150.2595484387357,1011.0159002124096,2161.275448651145,11010.999,9999.98309978759,8849.723551348856,25505,2111,27828451,False,2276.473379,1126.2138305612643,0.49471864725076775,49.47186472507678
3062,1147.8242352612992,1014.0124488111904,2161.8366840724893,11014.0,9999.98755118881,8852.16331592751,1896,2108,27793088,False,2273.5819,1125.757664738701,0.4951471793203055,49.51471793203055
3063,1148.6852587936455,1014.0124488111904,2162.697707604836,11014.0,9999.98755118881,8851.302292395163,20850,2109,27794984,False,2275.051582,1126.3663232063545,0.4950948506478103,49.509485064781025
3064,1150.9324269728388,1014.0124488111904,2164.944875784029,11014.0,9999.98755118881,8849.05512421597,54416,2110,27815834,False,2280.237857,1129.3054300271613,0.49525773224067704,49.525773224067706
3065,1154.4200058878157,1014.0124488111904,2168.432454699006,11014.0,9999.98755118881,8845.567545300994,84453,2111,27870250,False,2290.086357,1135.6663511121844,0.4959054699578669,49.59054699578669
3066,1154.8814484274053,1014.0124488111904,2168.893897238596,11014.0,9999.98755118881,8845.106102761405,11174,2112,27954703,False,2290.783329,1135.9018805725946,0.4958574065878382,49.58574065878382
3067,1154.9183671342598,1014.0124488111904,2168.9308159454504,11014.0,9999.98755118881,8845.06918405455,894,2113,27965877,False,2290.839455,1135.92108786574,0.49585364237833074,49.585364237833076
3068,1155.5616363699128,1014.0124488111904,2169.574085181104,11014.0,9999.98755118881,8844.425914818898,15577,2114,27966771,False,2291.880566,1136.318929630087,0.4958019830908096,49.580198309080956
3069,1155.5989267416014,1014.0124488111904,2169.611375552792,11014.0,9999.98755118881,8844.388624447209,903,2115,27982348,False,2291.936041,1136.3371142583985,0.4957979166655107,49.579791666551074
3070,1156.4981491596757,1017.047352192436,2173.5455013521114,11016.999,9999.951647807564,8843.453498647888,10831,2116,27994195,False,2289.596127,1133.0979778403241,0.49488989105034603,49.488989105034605
3071,1156.9979970654565,1017.047352192436,2174.045349257892,11016.999,9999.951647807564,8842.953650742107,12104,2117,28005026,False,2290.387086,1133.3890889345437,0.4948460877475204,49.48460877475204
3072,1157.2189311612865,1017.047352192436,2174.2662833537224,11016.999,9999.951647807564,8842.732716646278,5350,2118,28017130,False,2290.713887,1133.4949558387134,0.4948217070108125,49.48217070108125
3073,1157.8116539795003,1017.047352192436,2174.8590061719365,11016.999,9999.951647807564,8842.139993828063,14353,2119,28022480,False,2291.707926,1133.8962720204997,0.49478219242345967,49.478219242345965
3074,1158.377286560918,1017.047352192436,2175.424638753354,11016.999,9999.951647807564,8841.574361246647,13697,2120,28036833,False,2292.620341,1134.2430544390818,0.49473653973790765,49.47365397379077
3075,1158.8948091943648,1017.047352192436,2175.9421613868008,11016.999,9999.951647807564,8841.0568386132,12532,2121,28050530,False,2293.4521,1134.5572908056351,0.49469412978175353,49.469412978175356
3076,1159.2614359051645,1017.047352192436,2176.3087880976004,11016.999,9999.951647807564,8840.6902119024,8878,2122,28063062,False,2294.021919,1134.7604830948353,0.49465982591373636,49.46598259137364
3077,1160.2213222833834,1017.047352192436,2177.26867447582,11016.999,9999.951647807564,8839.73032552418,23244,2123,28071940,False,2295.775393,1135.5540707166165,0.49462768621835146,49.462768621835146
3078,1160.7378125145135,1017.047352192436,2177.785164706949,11016.999,9999.951647807564,8839.21383529305,12507,2124,28095184,False,2296.600927,1135.8631144854864,0.49458445354249675,49.458445354249676
3079,1160.9342993234775,1017.047352192436,2177.9816515159137,11016.999,9999.951647807564,8839.017348484085,4758,2125,28107691,False,2296.900145,1135.9658456765226,0.49456474986487603,49.456474986487606
3080,1160.9906684899838,1020.0225467194284,2181.013215209412,11020.0,9999.977453280571,8838.986784790588,1365,2126,28112449,False,2293.964363,1132.9736945100162,0.493893328416112,49.3893328416112
3081,1164.0869256307394,1020.0225467194284,2184.109472350168,11020.0,9999.977453280571,8835.890527649832,74977,2127,28113814,False,2302.516921,1138.4299953692605,0.49442850342868794,49.442850342868795
3082,1164.486878288331,1020.0225467194284,2184.509425007759,11020.0,9999.977453280571,8835.49057499224,9685,2128,28188791,False,2303.103236,1138.616357711669,0.4943835516853353,49.43835516853353
3083,1164.7554680751116,1020.0225467194284,2184.77801479454,11020.0,9999.977453280571,8835.22198520546,6504,2129,28198476,False,2303.4783,1138.7228319248886,0.4943492768848261,49.43492768848261
3084,1164.88294911321,1020.0225467194284,2184.9054958326387,11020.0,9999.977453280571,8835.094504167362,3087,2130,28204980,False,2305.554451,1140.6715018867899,0.4947493221823673,49.47493221823673
3085,1165.0469771933292,1020.0225467194284,2185.0695239127576,11020.0,9999.977453280571,8834.930476087242,3972,2131,28208067,False,2305.779335,1140.732357806671,0.4947274617701745,49.47274617701745
3086,1165.275138105378,1020.0225467194284,2185.2976848248063,11020.0,9999.977453280571,8834.702315175193,5525,2132,28212039,False,2306.09279,1140.8176518946223,0.49469720248968047,49.469720248968045
3087,1165.430287525571,1020.0225467194284,2185.4528342449994,11020.0,9999.977453280571,8834.547165755,3757,2133,28217564,False,2306.314168,1140.883880474429,0.49467843379888954,49.467843379888954
3088,1165.4704686237471,1020.0225467194284,2185.493015343176,11020.0,9999.977453280571,8834.506984656824,973,2134,28221321,False,2306.34389,1140.873421376253,0.49466752392083774,49.46675239208378
3089,1168.1298956961496,1020.0225467194284,2188.1524424155778,11020.0,9999.977453280571,8831.847557584422,64399,2135,28222294,False,2312.988737,1144.8588413038506,0.49496948385004197,49.496948385004195
3090,1169.9695540327912,1020.0225467194284,2189.99210075222,11020.0,9999.977453280571,8830.00789924778,44548,2136,28286693,False,2316.799502,1146.8299479672087,0.4950061267611619,49.50061267611619
3091,1170.3024005397797,1020.0225467194284,2190.324947259208,11020.0,9999.977453280571,8829.675052740791,8060,2137,28331241,False,2317.271706,1146.9693054602203,0.4949653950766446,49.49653950766446
3092,1170.485920375643,1020.0225467194284,2190.5084670950714,11020.0,9999.977453280571,8829.491532904929,4444,2138,28339301,False,2317.489596,1147.003675624357,0.494933689283478,49.4933689283478
3093,1169.7204147056618,1023.0012873537108,2192.7217020593725,11023.0,9999.99871264629,8830.278297940627,13563,2136,28311645,False,2315.313187,1145.5927722943384,0.4947895510320601,49.47895510320601
3094,1171.3425252260731,1023.0012873537108,2194.343812579784,11023.0,9999.99871264629,8828.656187420216,39280,2137,28325208,False,2318.474095,1147.131569773927,0.49477868752030496,49.477868752030496
3095,1172.5019543241144,1023.0012873537108,2195.5032416778254,11023.0,9999.99871264629,8827.496758322175,28076,2138,28364488,False,2320.51913,1148.0171756758857,0.4947242885586061,49.47242885586061
3096,1173.7030924757612,1023.0012873537108,2196.704379829472,11023.0,9999.99871264629,8826.295620170527,29086,2139,28392564,False,2322.669004,1148.9659115242387,0.4946748372435071,49.46748372435071
3097,1173.7453383785714,1023.0012873537108,2196.746625732282,11023.0,9999.99871264629,8826.253374267719,1023,2140,28421650,False,2322.721168,1148.9758296214286,0.49466799779965176,49.46679977996518
3098,1173.782752638538,1023.0012873537108,2196.784039992249,11023.0,9999.99871264629,8826.21596000775,906,2141,28422673,False,2322.77259,1148.989837361462,0.49466307735337184,49.46630773533718
3099,1177.8879972117072,1023.0012873537108,2200.889284565418,11023.0,9999.99871264629,8822.110715434583,99410,2142,28423579,False,2335.131064,1157.243066788293,0.49557949214464003,49.557949214464
3100,1178.2732071642122,1023.0012873537108,2201.274494517923,11023.0,9999.99871264629,8821.725505482078,9328,2143,28522989,False,2335.703576,1157.4303688357877,0.49553820986905395,49.55382098690539
3101,1189.25053452001,1026.0198540660533,2215.2703885860637,11025.999,9999.979145933949,8810.728611413937,1242,2141,28796895,False,2332.758159,1143.50762447999,0.4901955310147476,49.01955310147476
3102,1189.52465798321,1026.0198540660533,2215.544512049263,11025.999,9999.979145933949,8810.454487950738,6638,2142,28798137,False,2333.165682,1143.6410240167897,0.4901670862210075,49.01670862210075
3103,1191.500015280393,1026.0198540660533,2217.5198693464463,11025.999,9999.979145933949,8808.479130653554,47834,2143,28804775,False,2337.377213,1145.8771977196072,0.49024059588947794,49.02405958894779
3104,1191.536892691155,1026.0198540660533,2217.556746757208,11025.999,9999.979145933949,8808.442253242793,893,2144,28852609,False,2337.431707,1145.8948143088453,0.49023670333434266,49.02367033343427
3105,1192.257468212302,1026.0198540660533,2218.2773222783558,11025.999,9999.979145933949,8807.721677721645,17449,2145,28853502,False,2338.632444,1146.3749757876978,0.49019031559612536,49.019031559612536
3106,1192.5800319922137,1026.0198540660533,2218.5998860582667,11025.999,9999.979145933949,8807.399113941734,7811,2146,28870951,False,2339.088815,1146.5087830077864,0.49015188121780934,49.01518812178093
3107,1193.7238924633152,1026.0198540660533,2219.7437465293688,11025.999,9999.979145933949,8806.255253470632,27699,2147,28878762,False,2341.166866,1147.4429735366848,0.4901158435994561,49.01158435994561
3108,1195.3425341119416,1029.01982953101,2224.362363642952,11028.999,9999.979170468989,8804.636636357047,2985,2147,28942672,False,2338.334783,1142.9922488880582,0.4888060756730651,48.88060756730651
3109,1196.5444155932566,1029.01982953101,2225.5642451242666,11028.999,9999.979170468989,8803.434754875732,29104,2148,28945657,False,2340.544657,1144.0002414067433,0.4887752250252166,48.87752250252166
3110,1197.1356104560418,1029.01982953101,2226.155439987052,11028.999,9999.979170468989,8802.843560012947,14316,2149,28974761,False,2341.49713,1144.3615195439584,0.4887306949395912,48.87306949395912
3111,1197.3968908344186,1029.01982953101,2226.416720365429,11028.999,9999.979170468989,8802.582279634571,6327,2150,28989077,False,2341.85499,1144.4580991655812,0.4886972524142416,48.86972524142416
3112,1197.4357917537218,1029.01982953101,2226.455621284732,11028.999,9999.979170468989,8802.543378715267,942,2151,28995404,False,2341.910173,1144.4743812462784,0.4886926896005581,48.86926896005581
3113,1197.5636444566544,1029.01982953101,2226.5834739876645,11028.999,9999.979170468989,8802.415526012333,3096,2152,28996346,False,2342.078731,1144.5150865433457,0.488674898667762,48.8674898667762
3114,1197.6211286176629,1029.01982953101,2226.640958148673,11028.999,9999.979170468989,8802.358041851327,1392,2153,28999442,False,2342.159786,1144.5386573823373,0.4886680508408051,48.86680508408051
3115,1197.8560207928183,1029.01982953101,2226.8758503238287,11028.999,9999.979170468989,8802.12314967617,5688,2154,29000834,False,2342.483696,1144.6276752071815,0.4886384810966819,48.86384810966819
3116,1198.047965031588,1029.01982953101,2227.067794562598,11028.999,9999.979170468989,8801.9312054374,4648,2155,29006522,False,2342.763577,1144.715611968412,0.48861764080960524,48.861764080960526
3117,1199.2028515594347,1029.01982953101,2228.222681090445,11028.999,9999.979170468989,8800.776318909553,27966,2156,29011170,False,2344.875514,1145.672662440565,0.4885857076848495,48.85857076848495
3118,1198.7907991466886,1032.0041177435232,2230.794916890212,11032.0,9999.995882256477,8801.205083109788,25239,2155,29003919,False,2343.797315,1145.0065158533112,0.4885262511930607,48.85262511930607
3119,1198.8346555971132,1032.0041177435232,2230.838773340636,11032.0,9999.995882256477,8801.161226659364,1062,2156,29029158,False,2343.853912,1145.0192564028869,0.4885198904849181,48.85198904849181
3120,1199.340243659776,1032.0041177435232,2231.3443614032994,11032.0,9999.995882256477,8800.655638596701,12243,2157,29030220,False,2344.677533,1145.337289340224,0.48848392720118416,48.84839272011842
3121,1200.3619502887348,1032.0041177435232,2232.366068032258,11032.0,9999.995882256477,8799.633931967743,24741,2158,29042463,False,2346.475427,1146.113476711265,0.4884404343311562,48.84404343311562
3122,1200.3987864034038,1032.0041177435232,2232.402904146927,11032.0,9999.995882256477,8799.597095853072,892,2159,29067204,False,2346.528164,1146.129377596596,0.4884362332318446,48.84362332318446
3123,1200.4362006633703,1032.0041177435232,2232.4403184068938,11032.0,9999.995882256477,8799.559681593106,906,2160,29068096,False,2346.580901,1146.1447003366295,0.4884317859436245,48.84317859436245
3124,1200.4753493592298,1032.0041177435232,2232.479467102753,11032.0,9999.995882256477,8799.520532897248,948,2161,29069002,False,2346.633936,1146.1585866407704,0.4884266647036039,48.84266647036039
3125,1200.5685133443126,1032.0041177435232,2232.572631087836,11032.0,9999.995882256477,8799.427368912164,2256,2162,29069950,False,2346.740279,1146.1717656556875,0.48841014743399624,48.841014743399626
3126,1201.6652136775754,1032.0041177435232,2233.669331421099,11032.0,9999.995882256477,8798.330668578901,26557,2163,29072206,False,2348.685391,1147.0201773224246,0.4883668888637561,48.83668888637561
3127,1199.9131030574122,1035.0160721816644,2234.9291752390764,11035.0,9999.983927818335,8800.070824760924,11412,2163,29044923,False,2346.39092,1146.4778169425877,0.48861330274095494,48.861330274095494
3128,1199.9555967367785,1035.0160721816644,2234.9716689184424,11035.0,9999.983927818335,8800.028331081558,1029,2164,29056335,False,2346.449454,1146.4938572632216,0.4886079499001309,48.86079499001309
3129,1200.9854799920872,1035.0160721816644,2236.0015521737514,11035.0,9999.983927818335,8798.998447826249,24939,2165,29057364,False,2348.370041,1147.384561007913,0.48858763353978285,48.85876335397828
3130,1201.7854678994552,1035.0160721816644,2236.80154008112,11035.0,9999.983927818335,8798.19845991888,19372,2166,29082303,False,2349.73282,1147.947352100545,0.4885437792457378,48.854377924573775
3131,1203.4828611968194,1035.0160721816644,2238.498933378484,11035.0,9999.983927818335,8796.501066621517,41103,2167,29101675,False,2353.238415,1149.7555538031804,0.48858438927157344,48.858438927157344
3132,1203.5507519731827,1035.0160721816644,2238.5668241548474,11035.0,9999.983927818335,8796.433175845152,1644,2168,29142778,False,2353.320542,1149.7697900268172,0.48857338790306504,48.85733879030651
3133,1204.5056415241877,1035.0160721816644,2239.521713705852,11035.0,9999.983927818335,8795.478286294148,23123,2169,29144422,False,2355.068821,1150.5631794758121,0.48854758265079684,48.85475826507968
3134,1203.310780378628,1038.0236451032558,2241.334425481884,11038.0,9999.976354896744,8796.665574518116,6833,2167,29131778,False,2352.48377,1149.172989621372,0.4884934826229947,48.84934826229947
3135,1203.347822973761,1038.0236451032558,2241.3714680770163,11038.0,9999.976354896744,8796.628531922983,897,2168,29138611,False,2352.514234,1149.1664110262393,0.48848436044202026,48.848436044202025
3136,1203.6560983056056,1038.0236451032558,2241.679743408861,11038.0,9999.976354896744,8796.320256591138,7465,2169,29139508,False,2353.003049,1149.3469506943943,0.4884596095967041,48.84596095967041
3137,1204.015828568928,1038.0236451032558,2242.039473672184,11038.0,9999.976354896744,8795.960526327815,8711,2170,29146973,False,2353.596527,1149.580698431072,0.4884357557649778,48.84357557649778
3138,1205.295718369313,1038.0236451032558,2243.3193634725685,11038.0,9999.976354896744,8794.680636527431,30993,2171,29155684,False,2356.131864,1150.836145630687,0.4884430125557213,48.844301255572134
3139,1206.0124946499332,1038.0236451032558,2244.0361397531888,11038.0,9999.976354896744,8793.963860246811,17357,2172,29186677,False,2357.299576,1151.2870813500667,0.48839235075231135,48.83923507523114
3140,1206.3415419163955,1038.0236451032558,2244.365187019652,11038.0,9999.976354896744,8793.634812980348,7968,2173,29204034,False,2357.772297,1151.4307550836045,0.4883553668641669,48.83553668641669
3141,1206.7353827522702,1038.0236451032558,2244.7590278555263,11038.0,9999.976354896744,8793.240972144475,9537,2174,29212002,False,2358.341545,1151.60616224773,0.48831186673927246,48.83118667392725
3142,1202.9533626964956,1041.0033213606775,2243.9566840571733,11040.999,9999.995678639323,8797.042315942828,904,2171,29129052,False,2355.395101,1152.4417383035045,0.4892774625430048,48.92774625430048
3143,1203.049541296344,1041.0033213606775,2244.0528626570213,11040.999,9999.995678639323,8796.946137342979,2329,2172,29129956,False,2355.501899,1152.452357703656,0.4892597871362005,48.92597871362005
3144,1203.1446049016895,1041.0033213606775,2244.147926262367,11040.999,9999.995678639323,8796.851073737633,2302,2173,29132285,False,2355.647472,1152.5028670983106,0.489250993961252,48.9250993961252
3145,1203.488312281053,1041.0033213606775,2244.4916336417305,11040.999,9999.995678639323,8796.50736635827,8323,2174,29134587,False,2356.183247,1152.694934718947,0.4892212590793228,48.922125907932276
3146,1204.892090359473,1041.0033213606775,2245.8954117201506,11040.999,9999.995678639323,8795.10358827985,33993,2175,29142910,False,2358.848823,1153.9567326405268,0.48920334418587996,48.920334418588
3147,1206.050941312217,1041.0033213606775,2247.0542626728948,11040.999,9999.995678639323,8793.944737327107,28062,2176,29176903,False,2360.92405,1154.873108687783,0.48916148263548886,48.916148263548884
3148,1206.33852730163,1041.0033213606775,2247.341848662308,11040.999,9999.995678639323,8793.657151337693,6964,2177,29204965,False,2361.325043,1154.9865156983699,0.4891264415808637,48.91264415808637
3149,1207.04126291074,1041.0033213606775,2248.044584271417,11040.999,9999.995678639323,8792.954415728584,17017,2178,29211929,False,2362.424488,1155.3832250892601,0.48906673248523325,48.906673248523326
3150,1208.0725502332,1041.0033213606775,2249.0758715938773,11040.999,9999.995678639323,8791.923128406122,24973,2179,29228946,False,2364.195746,1156.1231957667999,0.4890133136069013,48.90133136069013
3151,1207.629154086111,1044.0050912811132,2251.634245367224,11043.999,9999.993908718889,8792.364754632776,29666,2177,29213516,False,2363.396223,1155.7670689138893,0.48902805956370915,48.90280595637091
3152,1207.7198816017255,1044.0050912811132,2251.7249728828388,11043.999,9999.993908718889,8792.27402711716,2197,2178,29243182,False,2363.531706,1155.8118243982747,0.4890189632168508,48.90189632168508
3153,1208.133957523013,1044.0050912811132,2252.139048804126,11043.999,9999.993908718889,8791.859951195875,10027,2179,29245379,False,2364.137392,1156.0034344769872,0.48897472642190126,48.897472642190124
3154,1208.200237751762,1044.0050912811132,2252.205329032875,11043.999,9999.993908718889,8791.793670967125,1605,2180,29255406,False,2364.217634,1156.0173962482381,0.48896403597683263,48.89640359768326
3155,1210.316497317164,1044.0050912811132,2254.321588598277,11043.999,9999.993908718889,8789.677411401723,51246,2181,29257011,False,2368.902073,1158.5855756828362,0.4890812452266515,48.90812452266515
3156,1213.6934027037628,1044.0050912811132,2257.698493984876,11043.999,9999.993908718889,8786.300506015124,81773,2182,29308257,False,2378.158049,1164.4646462962373,0.4896498139751002,48.96498139751002
3157,1213.909876821583,1044.0050912811132,2257.9149681026965,11043.999,9999.993908718889,8786.084031897304,5242,2183,29390030,False,2378.437349,1164.5274721784167,0.4896187291492187,48.96187291492187
3158,1211.413940980095,1047.003034410984,2258.416975391079,11046.999,9999.995965589016,8788.58202460892,21045,2178,29313787,False,2376.869752,1165.455811019905,0.49033221531774746,49.03322153177474
3159,1211.4793126948052,1047.003034410984,2258.4823471057894,11046.999,9999.995965589016,8788.51665289421,1583,2179,29334832,False,2376.948756,1165.4694433051945,0.49032165307025016,49.03216530702502
3160,1212.5402093157156,1047.003034410984,2259.5432437267,11046.999,9999.995965589016,8787.4557562733,25690,2180,29336415,False,2378.779827,1166.2396176842842,0.4902679955694295,49.026799556942954
3161,1212.5798122685944,1047.003034410984,2259.5828466795783,11046.999,9999.995965589016,8787.416153320422,959,2181,29362105,False,2380.861314,1168.2815017314058,0.49069699896489044,49.06969989648904
3162,1212.8624014307934,1047.003034410984,2259.865435841777,11046.999,9999.995965589016,8787.133564158223,6843,2182,29363064,False,2381.242615,1168.3802135692067,0.49065987909392705,49.0659879093927
3163,1213.1983864408255,1047.003034410984,2260.2014208518094,11046.999,9999.995965589016,8786.797579148191,8136,2183,29369907,False,2381.708379,1168.5099925591746,0.4906184161176747,49.06184161176747
3164,1213.235594220329,1047.003034410984,2260.238628631313,11046.999,9999.995965589016,8786.760371368688,901,2184,29378043,False,2381.76135,1168.5257557796713,0.49061412293875334,49.061412293875335
3165,1213.37637260027,1047.003034410984,2260.379407011254,11046.999,9999.995965589016,8786.619592988747,3409,2185,29378944,False,2381.949864,1168.57349139973,0.49059533496534163,49.059533496534165
3166,1214.1803662286277,1047.003034410984,2261.183400639612,11046.999,9999.995965589016,8785.815599360389,19469,2186,29382353,False,2383.250453,1169.0700867713724,0.4905359758978602,49.053597589786015
3167,1213.3900829030392,1050.0186000010888,2263.408682904128,11050.0,9999.981399998913,8786.591317095872,6895,2187,29375790,False,2380.620177,1167.2300940969606,0.4903050496563781,49.03050496563781
3168,1214.3806109820257,1050.0186000010888,2264.3992109831142,11050.0,9999.981399998913,8785.600789016886,23986,2188,29382685,False,2382.291785,1167.9111740179742,0.49024690483830646,49.024690483830646
3169,1215.1722570786724,1050.0186000010888,2265.1908570797614,11050.0,9999.981399998913,8784.80914292024,19170,2189,29406671,False,2383.546548,1168.3742909213274,0.4901831230867691,49.01831230867691
3170,1215.2874731772454,1050.0186000010888,2265.3060731783344,11050.0,9999.981399998913,8784.693926821667,2790,2190,29425841,False,2383.705617,1168.4181438227547,0.49016880922286915,49.016880922286916
3171,1215.5007261998371,1050.0186000010888,2265.519326200926,11050.0,9999.981399998913,8784.480673799073,5164,2191,29428631,False,2383.987946,1168.487219800163,0.49013973487606005,49.013973487606
3172,1215.7851736862065,1050.0186000010888,2265.8037736872952,11050.0,9999.981399998913,8784.196226312704,6888,2192,29433795,False,2384.382387,1168.5972133137936,0.4901047833959669,49.010478339596695
3173,1215.824817935178,1050.0186000010888,2265.843417936266,11050.0,9999.981399998913,8784.156582063733,960,2193,29440683,False,2384.432849,1168.6080310648217,0.4900989480810587,49.00989480810587
3174,1215.1054400007183,1053.0330709536445,2268.1385109543626,11053.0,9999.966929046355,8784.861489045637,1828,2194,29422395,False,2381.534447,1166.4290069992817,0.4897804474206212,48.978044742062124
3175,1215.36139318314,1053.0330709536445,2268.3944641367843,11053.0,9999.966929046355,8784.605535863215,6198,2195,29424223,False,2381.858277,1166.4968838168597,0.4897423558239942,48.97423558239942
3176,1215.5981436824657,1053.0330709536445,2268.6312146361097,11053.0,9999.966929046355,8784.36878536389,5733,2196,29430421,False,2382.150192,1166.5520483175344,0.4897054989375474,48.970549893754736
3177,1215.7674163663548,1053.0330709536445,2268.800487319999,11053.0,9999.966929046355,8784.199512680001,4099,2197,29436154,False,2382.383688,1166.616271633645,0.4896844607818038,48.96844607818038
3178,1216.0058187093878,1053.0330709536445,2269.038889663032,11053.0,9999.966929046355,8783.961110336968,5773,2198,29440253,False,2382.676436,1166.6706172906124,0.4896471042661591,48.96471042661591
3179,1216.3403996522688,1053.0330709536445,2269.373470605913,11053.0,9999.966929046355,8783.626529394087,8102,2199,29446026,False,2383.14713,1166.806730347731,0.48960750918795815,48.96075091879582
3180,1216.663046024366,1053.0330709536445,2269.69611697801,11053.0,9999.966929046355,8783.303883021988,7813,2200,29454128,False,2383.56041,1166.897363975634,0.4895606417525764,48.95606417525764
3181,1216.856353034194,1053.0330709536445,2269.889423987838,11053.0,9999.966929046355,8783.11057601216,4681,2201,29461941,False,2383.82221,1166.9658569658059,0.48953560885138575,48.95356088513857
3182,1211.5268032013855,1056.0097844829031,2267.536587684289,11056.0,9999.990215517097,8788.463412315712,10605,2199,29326960,False,2381.425038,1169.8982347986143,0.49125973571737275,49.125973571737276
3183,1211.7619431530968,1056.0097844829031,2267.771727636,11056.0,9999.990215517097,8788.228272364,5694,2200,29337565,False,2381.748179,1169.9862358469034,0.49123003269729937,49.123003269729935
3184,1212.0323912640483,1056.0097844829031,2268.042175746952,11056.0,9999.990215517097,8787.957824253048,6549,2201,29343259,False,2382.116951,1170.0845597359516,0.4911952619474692,49.11952619474692
3185,1212.1322452161448,1056.0097844829031,2268.142029699048,11056.0,9999.990215517097,8787.857970300953,2418,2202,29349808,False,2382.249594,1170.117348783855,0.4911816762319722,49.118167623197216
3186,1215.2093409698975,1056.0097844829031,2271.2191254528007,11056.0,9999.990215517097,8784.7808745472,74513,2203,29352226,False,2390.28952,1175.0801790301023,0.49160579469473736,49.16057946947374
3187,1215.2596809068727,1056.0097844829031,2271.269465389776,11056.0,9999.990215517097,8784.730534610224,1219,2204,29426739,False,2390.370164,1175.1104830931272,0.49160188693399676,49.160188693399675
3188,1216.2138271282092,1056.0097844829031,2272.2236116111126,11056.0,9999.990215517097,8783.776388388887,23105,2205,29427958,False,2391.955487,1175.741659871791,0.49153994138344553,49.15399413834455
3189,1216.587804543506,1056.0097844829031,2272.597589026409,11056.0,9999.990215517097,8783.402410973591,9056,2206,29451063,False,2392.506742,1175.918937456494,0.49150078318002666,49.15007831800266
3190,1217.5358802392186,1056.0097844829031,2273.5456647221217,11056.0,9999.990215517097,8782.454335277878,22958,2207,29460119,False,2394.098261,1176.5623807607815,0.4914428116535779,49.14428116535779
3191,1217.8606327120424,1056.0097844829031,2273.8704171949457,11056.0,9999.990215517097,8782.129582805053,7864,2208,29483077,False,2394.529039,1176.6684062879576,0.49139867887313504,49.13986788731351
3192,1218.267068856184,1056.0097844829031,2274.276853339087,11056.0,9999.990215517097,8781.723146660912,9842,2209,29490941,False,2395.116583,1176.849514143816,0.4913537497493148,49.13537497493148
3193,1218.5762939981607,1056.0097844829031,2274.586078481064,11056.0,9999.990215517097,8781.413921518935,7488,2210,29500783,False,2395.544373,1176.9680790018394,0.4913154990019629,49.13154990019629
3194,1224.4511174386962,1059.0578362509102,2283.508953689606,11059.0,9999.94216374909,8775.491046310395,115637,2211,29534895,False,2408.531542,1184.080424561304,0.4916192310182766,49.16192310182766
3195,1224.97198505565,1059.0578362509102,2284.0298213065603,11059.0,9999.94216374909,8774.97017869344,12613,2212,29650532,False,2409.310114,1184.3381289443498,0.4915673254606816,49.15673254606816
3196,1225.3830876582645,1059.0578362509102,2284.4409239091747,11059.0,9999.94216374909,8774.559076090825,9955,2213,29663145,False,2409.898542,1184.5154543417354,0.49152088094077756,49.152088094077754
3197,1225.4244663431282,1059.0578362509102,2284.482302594038,11059.0,9999.94216374909,8774.517697405961,1002,2214,29673100,False,2409.950812,1184.5263456568719,0.49151473953687974,49.151473953687976
3198,1225.5603717841332,1059.0578362509102,2284.618208035044,11059.0,9999.94216374909,8774.381791964957,3291,2215,29674102,False,2410.133798,1184.5734262158667,0.4914969563925707,49.14969563925707
3199,1225.679841380252,1059.0578362509102,2284.737677631162,11059.0,9999.94216374909,8774.262322368839,2893,2216,29677393,False,2410.292024,1184.612182619748,0.49148077113653016,49.14807711365302
3200,1225.8317284091236,1059.0578362509102,2284.889564660034,11059.0,9999.94216374909,8774.110435339968,3678,2217,29680286,False,2410.478425,1184.6466965908762,0.49145708350029155,49.14570835002915
3201,1226.6138764044542,1062.0250216778077,2288.638898082262,11062.0,9999.974978322192,8773.361101917739,18940,2218,29683964,False,2408.702993,1182.0891165955456,0.49075752387523425,49.07575238752342
3202,1227.6393409778466,1062.0250216778077,2289.6643626556543,11062.0,9999.974978322192,8772.335637344346,24832,2219,29702904,False,2410.396361,1182.7570200221535,0.49068984635019264,49.06898463501926
3203,1228.8100439091893,1062.0250216778077,2290.835065586997,11062.0,9999.974978322192,8771.164934413004,28349,2220,29727736,False,2412.404004,1183.5939600908107,0.4906284180130264,49.06284180130264
3204,1228.9611463123,1062.0250216778077,2290.986167990108,11062.0,9999.974978322192,8771.013832009892,3659,2221,29756085,False,2412.584033,1183.6228866877002,0.4906037967995207,49.06037967995207
3205,1229.7407339498843,1062.0250216778077,2291.765755627692,11062.0,9999.974978322192,8770.234244372308,18878,2222,29759744,False,2413.790582,1184.0498480501158,0.49053544946266414,49.05354494626641
3206,1230.818272896145,1062.0250216778077,2292.8432945739523,11062.0,9999.974978322192,8769.156705426049,26093,2223,29778622,False,2415.58663,1184.768357103855,0.4904681713294029,49.04681713294029
3207,1232.4923339011457,1062.0250216778077,2294.5173555789534,11062.0,9999.974978322192,8767.482644421047,40538,2224,29804715,False,2418.846329,1186.3539950988543,0.4904627387343441,49.04627387343441
3208,1232.534001658658,1062.0250216778077,2294.559023336465,11062.0,9999.974978322192,8767.440976663534,1009,2225,29845253,False,2418.897025,1186.3630233413421,0.49045619184278505,49.04561918427851
3209,1233.2298408202907,1062.0250216778077,2295.254862498098,11062.0,9999.974978322192,8766.7451375019,16850,2226,29846262,False,2419.925485,1186.6956441797095,0.49038520050947326,49.03852005094733
3210,1234.2676116293012,1062.0250216778077,2296.292633307109,11062.0,9999.974978322192,8765.707366692892,25130,2227,29863112,False,2421.642133,1187.3745213706986,0.49031791493474924,49.03179149347493
3211,1234.843320457332,1062.0250216778077,2296.86834213514,11062.0,9999.974978322192,8765.13165786486,13941,2228,29888242,False,2422.494766,1187.6514455426677,0.4902596538954371,49.02596538954371
3212,1235.0761891239465,1062.0250216778077,2297.101210801754,11062.0,9999.974978322192,8764.898789198247,5639,2229,29902183,False,2422.795808,1187.7196188760533,0.4902268754775943,49.02268754775943
3213,1236.7343924293584,1065.028802610839,2301.7631950401974,11065.0,9999.97119738916,8763.236804959803,40154,2230,29907822,False,2423.000793,1186.2664005706417,0.48958564272770405,48.9585642727704
3214,1237.1214194099414,1065.028802610839,2302.1502220207803,11065.0,9999.97119738916,8762.84977797922,9372,2231,29947976,False,2423.518311,1186.3968915900584,0.48953494025820815,48.95349402582082
3215,1237.7853366919337,1065.028802610839,2302.8141393027727,11065.0,9999.97119738916,8762.185860697227,16077,2232,29957348,False,2424.515498,1186.7301613080665,0.4894710560881168,48.94710560881168
3216,1238.9497213210964,1065.028802610839,2303.978523931936,11065.0,9999.97119738916,8761.021476068065,28196,2233,29973425,False,2426.521284,1187.5715626789035,0.48941320667966726,48.94132066796673
3217,1239.2015448942498,1068.005854184787,2307.207399079037,11068.0,9999.994145815212,8760.792600920964,6098,2234,30001621,False,2423.851664,1184.65011910575,0.4887469545684831,48.87469545684831
3218,1239.642876236705,1068.005854184787,2307.648730421492,11068.0,9999.994145815212,8760.351269578508,10687,2235,30007719,False,2424.464758,1184.821881763295,0.48869420677439895,48.8694206774399
3219,1240.0512532972025,1068.005854184787,2308.057107481989,11068.0,9999.994145815212,8759.942892518011,9889,2236,30018406,False,2425.054178,1185.0029247027974,0.4886500827293259,48.86500827293259
3220,1243.8556971313017,1068.005854184787,2311.8615513160885,11068.0,9999.994145815212,8756.138448683912,92126,2237,30028295,False,2435.992742,1192.1370448686982,0.48938448145372115,48.938448145372114
3221,1244.4220317462946,1068.005854184787,2312.4278859310816,11068.0,9999.994145815212,8755.572114068918,13714,2238,30120421,False,2436.839776,1192.4177442537052,0.4893295636412434,48.932956364124344
3222,1247.2479646643767,1068.005854184787,2315.2538188491635,11068.0,9999.994145815212,8752.746181150836,68431,2239,30134135,False,2443.839684,1196.5917193356233,0.48963593118231047,48.963593118231046
3223,1248.1511102112554,1068.005854184787,2316.1569643960424,11068.0,9999.994145815212,8751.843035603957,21870,2240,30202566,False,2445.398184,1197.2470737887447,0.4895918716314646,48.95918716314646
3224,1248.2121045401416,1068.005854184787,2316.2179587249284,11068.0,9999.994145815212,8751.782041275072,1477,2241,30224436,False,2445.481998,1197.2698934598586,0.48958442320942347,48.958442320942346
3225,1248.2760721877005,1068.005854184787,2316.281926372488,11068.0,9999.994145815212,8751.718073627513,1549,2242,30225913,False,2445.565137,1197.2890648122996,0.4895756186159189,48.95756186159189
3226,1248.7897542845285,1071.0103586468,2319.8001129313284,11071.0,9999.9896413532,8751.199887068673,12439,2243,30227462,False,2443.359613,1194.5698587154716,0.48890464275488194,48.89046427548819
3227,1249.04987837231,1071.0103586468,2320.06023701911,11071.0,9999.9896413532,8750.93976298089,6299,2244,30239901,False,2443.707244,1194.65736562769,0.4888709024212763,48.88709024212763
3228,1249.104347918553,1071.0103586468,2320.114706565353,11071.0,9999.9896413532,8750.885293434647,1319,2245,30246200,False,2443.791417,1194.687069081447,0.48886621860225926,48.88662186022593
3229,1249.2644115737749,1071.0103586468,2320.274770220575,11071.0,9999.9896413532,8750.725229779426,3876,2246,30247519,False,2444.023748,1194.7593364262252,0.48884931556165273,48.88493155616527
3230,1250.0966517295246,1071.0103586468,2321.107010376325,11071.0,9999.9896413532,8749.892989623677,20153,2247,30251395,False,2445.444258,1195.3476062704754,0.48880591015723546,48.880591015723546
3231,1251.7944992839084,1071.0103586468,2322.8048579307087,11071.0,9999.9896413532,8748.195142069293,41114,2248,30271548,False,2448.919148,1197.1246487160915,0.488837963349573,48.8837963349573
3232,1251.9749219128207,1071.0103586468,2322.985280559621,11071.0,9999.9896413532,8748.01471944038,4369,2249,30312662,False,2449.172399,1197.1974770871793,0.48881715210248017,48.88171521024802
3233,1252.0159289328503,1071.0103586468,2323.0262875796507,11071.0,9999.9896413532,8747.97371242035,993,2250,30317031,False,2449.225523,1197.2095940671497,0.48881149686890213,48.88114968689021
3234,1252.85217480959,1071.0103586468,2323.8625334563903,11071.0,9999.9896413532,8747.13746654361,20250,2251,30318024,False,2450.623436,1197.7712611904099,0.48876185691974666,48.87618569197467
3235,1256.672187270629,1074.009392478879,2330.681579749508,11073.999,9999.989607521122,8743.317420250492,894,2248,30429883,False,2447.677377,1191.005189729371,0.48658585519515185,48.658585519515185
3236,1256.7826543185438,1074.009392478879,2330.7920467974227,11073.999,9999.989607521122,8743.206953202578,2675,2249,30430777,False,2447.819859,1191.0372046814564,0.4865706111102583,48.657061111025826
3237,1256.8195317293057,1074.009392478879,2330.8289242081846,11073.999,9999.989607521122,8743.170075791815,893,2250,30433452,False,2447.874623,1191.0550912706944,0.4865670325104287,48.65670325104287
3238,1257.0799035936436,1074.009392478879,2331.0892960725223,11073.999,9999.989607521122,8742.909703927478,6305,2251,30434345,False,2448.219262,1191.1393584063565,0.4865329576049861,48.65329576049861
3239,1257.1218191277123,1074.009392478879,2331.131211606591,11073.999,9999.989607521122,8742.867788393409,1015,2252,30440650,False,2448.29818,1191.1763608722874,0.4865323883352671,48.65323883352671
3240,1257.849373688522,1074.009392478879,2331.858766167401,11073.999,9999.989607521122,8742.1402338326,17618,2253,30441665,False,2449.451108,1191.6017343114781,0.4864770439465649,48.647704394656486
3241,1258.519485384416,1074.009392478879,2332.528877863295,11073.999,9999.989607521122,8741.470122136707,16227,2254,30459283,False,2450.486047,1191.966561615584,0.4864204646563262,48.642046465632625
3242,1258.856007243653,1074.009392478879,2332.865399722532,11073.999,9999.989607521122,8741.13360027747,8149,2255,30475510,False,2450.981323,1192.125315756347,0.4863869441066104,48.63869441066104
3243,1259.3610171610185,1074.009392478879,2333.370409639897,11073.999,9999.989607521122,8740.628590360104,12229,2256,30483659,False,2451.717606,1192.3565888389817,0.4863352067631975,48.633520676319755
3244,1254.6458705950804,1077.008254632604,2331.6541252276843,11077.0,9999.991745367395,8745.345874772314,908,2254,30380801,False,2448.768058,1194.1221874049197,0.48764201391135575,48.76420139113557
3245,1254.692659068085,1077.008254632604,2331.700913700689,11077.0,9999.991745367395,8745.29908629931,1133,2255,30381709,False,2448.824839,1194.1321799319148,0.4876347874760817,48.76347874760817
3246,1254.9437393115704,1077.008254632604,2331.9519939441743,11077.0,9999.991745367395,8745.048006055826,6080,2256,30382842,False,2449.222597,1194.2788576884295,0.48761548221516327,48.76154822151633
3247,1254.9822685660397,1077.008254632604,2331.990523198643,11077.0,9999.991745367395,8745.009476801355,933,2257,30388922,False,2449.279371,1194.2971024339604,0.48761162837310335,48.76116283731034
3248,1255.113879213406,1077.008254632604,2332.12213384601,11077.0,9999.991745367395,8744.877866153989,3187,2258,30389855,False,2449.452684,1194.3388047865938,0.48759415219085483,48.75941521908548
3249,1250.657659148562,1080.0142508000797,2330.6719099486418,11080.0,9999.98574919992,8749.328090051358,2635,2259,30282498,False,2446.594739,1195.937079851438,0.4888169915464851,48.88169915464851
3250,1250.6963948834943,1080.0142508000797,2330.710645683574,11080.0,9999.98574919992,8749.289354316426,938,2260,30285133,False,2446.649693,1195.9532981165055,0.48881264103242655,48.88126410324266
3251,1251.1697719938682,1080.0142508000797,2331.184022793948,11080.0,9999.98574919992,8748.815977206054,11463,2261,30286071,False,2447.417238,1196.2474660061318,0.48877953764176757,48.87795376417676
3252,1251.4601661175832,1080.0142508000797,2331.474416917663,11080.0,9999.98574919992,8748.525583082337,7032,2262,30297534,False,2447.840401,1196.3802348824167,0.4887492805469129,48.87492805469129
3253,1252.6472223016265,1080.0142508000797,2332.661473101706,11080.0,9999.98574919992,8747.338526898295,28745,2263,30304566,False,2450.121294,1197.4740716983736,0.4887407307674187,48.87407307674187
3254,1253.0195891693086,1080.0142508000797,2333.0338399693883,11080.0,9999.98574919992,8746.966160030612,9017,2264,30333311,False,2450.688923,1197.6693338306916,0.48870720497833314,48.87072049783331
3255,1253.5945133715786,1080.0142508000797,2333.6087641716585,11080.0,9999.98574919992,8746.391235828341,13922,2265,30342328,False,2451.625306,1198.0307926284213,0.4886679827037245,48.86679827037245
3256,1253.6317624471749,1080.0142508000797,2333.6460132472544,11080.0,9999.98574919992,8746.353986752747,902,2266,30356250,False,2451.681905,1198.050142552825,0.48866459393019224,48.86645939301923
3257,1255.3250674313635,1080.0142508000797,2335.339318231443,11080.0,9999.98574919992,8744.660681768557,41004,2267,30357152,False,2455.325943,1200.0008755686363,0.48873383959053307,48.87338395905331
3258,1252.6506911734116,1083.0447111364977,2335.695402309909,11083.0,9999.955288863504,8747.30459769009,2327,2268,30331068,False,2452.473796,1199.8231048265886,0.4892297348022668,48.92297348022668
3259,1253.3120893937505,1083.0447111364977,2336.356800530248,11083.0,9999.955288863504,8746.643199469752,16016,2269,30333395,False,2453.595467,1200.2833776062496,0.48919367261214847,48.919367261214845
3260,1253.3630074760229,1083.0447111364977,2336.4077186125205,11083.0,9999.955288863504,8746.59228138748,1233,2270,30349411,False,2453.682131,1200.3191235239772,0.4891909625778569,48.91909625778569
3261,1253.4001739594337,1083.0447111364977,2336.444885095932,11083.0,9999.955288863504,8746.55511490407,900,2271,30350644,False,2453.739553,1200.3393790405662,0.4891877695711441,48.91877695711441
3262,1253.4515875948184,1083.0447111364977,2336.496298731316,11083.0,9999.955288863504,8746.503701268684,1245,2272,30351544,False,2453.796704,1200.3451164051814,0.4891787141324571,48.91787141324571
3263,1253.9435479468973,1083.0447111364977,2336.988259083395,11083.0,9999.955288863504,8746.011740916605,11913,2273,30352789,False,2454.616981,1200.6734330531028,0.48914899650207494,48.914899650207495
3264,1254.9510487199746,1083.0447111364977,2337.9957598564724,11083.0,9999.955288863504,8745.004240143528,24397,2274,30364702,False,2456.492686,1201.5416372800255,0.48912892927702595,48.91289292770259
3265,1255.0311631397708,1083.0447111364977,2338.075874276268,11083.0,9999.955288863504,8744.924125723732,1940,2275,30389099,False,2456.612034,1201.5808708602294,0.4891211368462381,48.91211368462381
3266,1252.692895780129,1086.052357173105,2338.745252953234,11085.999,9999.946642826895,8747.253747046767,1218,2276,30333199,False,2453.701112,1201.0082162198712,0.48946801643698773,48.94680164369877
3267,1252.8200877455788,1086.052357173105,2338.872444918684,11085.999,9999.946642826895,8747.126555081317,3080,2277,30334417,False,2453.881758,1201.0616702544212,0.48945376701171156,48.945376701171156
3268,1252.8884740750543,1086.052357173105,2338.940831248159,11085.999,9999.946642826895,8747.05816875184,1656,2278,30337497,False,2453.965917,1201.0774429249457,0.4894434085674979,48.94434085674979
3269,1254.5431259164964,1086.052357173105,2340.5954830896017,11085.999,9999.946642826895,8745.403516910399,40068,2279,30339153,False,2457.319652,1202.7765260835038,0.4894668567455479,48.94668567455479
3270,1257.1451927161684,1086.052357173105,2343.197549889273,11085.999,9999.946642826895,8742.801450110726,63010,2280,30379221,False,2463.538314,1206.3931212838315,0.48969935414766663,48.96993541476667
3271,1257.425262816714,1086.052357173105,2343.477619989819,11085.999,9999.946642826895,8742.521380010181,6782,2281,30442231,False,2463.940608,1206.515345183286,0.48966900470974584,48.966900470974586
3272,1257.937871215132,1086.052357173105,2343.990228388237,11085.999,9999.946642826895,8742.008771611763,12413,2282,30449013,False,2464.717351,1206.7794797848678,0.48962185432550553,48.962185432550555
3273,1257.9756984360256,1086.052357173105,2344.0280556091307,11085.999,9999.946642826895,8741.970944390869,916,2283,30461426,False,2464.743602,1206.7679035639744,0.4896119428344395,48.96119428344395
3274,1258.6577859987965,1086.052357173105,2344.710143171901,11085.999,9999.946642826895,8741.2888568281,16517,2284,30462342,False,2465.829437,1207.1716510012034,0.48956007779268124,48.95600777926813
3275,1257.724246527706,1089.00272533549,2346.726971863196,11089.0,9999.99727466451,8742.273028136804,6101,2275,30450152,False,2463.211228,1205.486981472294,0.4893965112570094,48.93965112570094
3276,1257.7710762968036,1089.00272533549,2346.7738016322937,11089.0,9999.99727466451,8742.226198367707,1134,2276,30456253,False,2463.265892,1205.4948157031963,0.4893888311522954,48.938883115229544
3277,1257.822655116559,1089.00272533549,2346.825380452049,11089.0,9999.99727466451,8742.174619547952,1249,2277,30457387,False,2463.319652,1205.4969968834412,0.48937903609248723,48.93790360924872
3278,1258.163306585064,1089.00272533549,2347.166031920554,11089.0,9999.99727466451,8741.833968079447,8249,2278,30458636,False,2463.82529,1205.6619834149362,0.4893455669557382,48.934556695573825
3279,1258.3898156534055,1089.00272533549,2347.3925409888952,11089.0,9999.99727466451,8741.607459011106,5485,2279,30466885,False,2464.138077,1205.7482613465945,0.48931846498413345,48.93184649841334
3280,1258.465263614729,1089.00272533549,2347.467988950219,11089.0,9999.99727466451,8741.532011049781,1827,2280,30472370,False,2464.24404,1205.778776385271,0.48930980731326873,48.930980731326876
3281,1259.6476946363923,1089.00272533549,2348.6504199718825,11089.0,9999.99727466451,8740.349580028118,28633,2281,30474197,False,2466.358062,1206.7103673636075,0.4892681180221948,48.926811802219476
3282,1259.8515321498537,1089.00272533549,2348.854257485344,11089.0,9999.99727466451,8740.145742514658,4936,2282,30502830,False,2466.638405,1206.7868728501464,0.48924352690038747,48.924352690038745
3283,1259.8885334488934,1089.00272533549,2348.891258784384,11089.0,9999.99727466451,8740.108741215618,896,2283,30507766,False,2466.690926,1206.8023925511068,0.48923940159299334,48.923940159299335
3284,1256.116507047547,1092.001484519432,2348.117991566979,11092.0,9999.998515480567,8743.882008433022,895,2282,30416426,False,2463.717388,1207.600880952453,0.49015397903765295,49.0153979037653
3285,1256.2902810055382,1092.001484519432,2348.2917655249703,11092.0,9999.998515480567,8743.70823447503,4208,2283,30417321,False,2463.978739,1207.688457994462,0.4901375319839811,49.013753198398106
3286,1256.5687818545618,1092.001484519432,2348.570266373994,11092.0,9999.998515480567,8743.429733626008,6744,2284,30421529,False,2464.37908,1207.8102981454383,0.4901073491280563,49.01073491280563
3287,1257.025516639586,1092.001484519432,2349.027001159018,11092.0,9999.998515480567,8742.972998840984,11060,2285,30428273,False,2465.042985,1208.0174683604141,0.4900593927616293,49.00593927616293
3288,1258.7512390565278,1092.001484519432,2350.75272357596,11092.0,9999.998515480567,8741.247276424041,41789,2286,30439333,False,2468.514733,1209.7634939434722,0.4900774857734958,49.00774857734958
3289,1258.9175797178366,1092.001484519432,2350.9190642372687,11092.0,9999.998515480567,8741.080935762733,4028,2287,30481122,False,2468.736072,1209.8184922821636,0.49005582492342,49.005582492342
3290,1259.5046036752617,1092.001484519432,2351.5060881946933,11092.0,9999.998515480567,8740.493911805308,14215,2288,30485150,False,2469.656615,1210.1520113247382,0.4900082076085457,49.000820760854566
3291,1263.6323133228475,1092.001484519432,2355.63379784228,11092.0,9999.998515480567,8736.366202157722,99954,2289,30499365,False,2482.208766,1218.5764526771527,0.49092424028493364,49.09242402849336
3292,1264.6587690024644,1095.013428519942,2359.6721975224063,11094.999,9999.985571480058,8735.326802477593,24856,2290,30599319,False,2480.98632,1216.3275509975356,0.4902596766424474,49.02596766424474
3293,1265.738414049451,1095.013428519942,2360.751842569393,11094.999,9999.985571480058,8734.247157430607,26144,2291,30624175,False,2482.821322,1217.0829079505488,0.49020156914479285,49.02015691447929
3294,1266.137623377374,1095.013428519942,2361.151051897316,11094.999,9999.985571480058,8733.847948102684,9667,2292,30650319,False,2483.386108,1217.2484846226262,0.4901567584280882,49.01567584280882
3295,1266.2448280339677,1095.013428519942,2361.2582565539096,11094.999,9999.985571480058,8733.740743446091,2596,2293,30659986,False,2483.545579,1217.3007509660324,0.4901463300126663,49.01463300126663
3296,1266.7195679153997,1095.013428519942,2361.732996435341,11094.999,9999.985571480058,8733.266003564659,11496,2294,30662582,False,2484.213511,1217.4939430846002,0.4900923119907306,49.009231199073064
3297,1266.797617530562,1095.013428519942,2361.811046050504,11094.999,9999.985571480058,8733.187953949497,1890,2295,30674078,False,2484.319162,1217.5215444694377,0.49008258000524885,49.00825800052488
3298,1266.8683990334127,1095.013428519942,2361.881827553355,11094.999,9999.985571480058,8733.117172446646,1714,2296,30675968,False,2484.424852,1217.5564529665874,0.4900757823229935,49.007578232299345
3299,1267.654676638011,1095.013428519942,2362.668105157953,11094.999,9999.985571480058,8732.330894842047,19040,2297,30677682,False,2485.660039,1218.0053623619888,0.49001285101401143,49.001285101401145
3300,1267.7772847371737,1098.0413018683269,2365.8185866055005,11098.0,9999.958698131672,8732.181413394499,2969,2298,30696722,False,2492.532206,1224.7549212628262,0.4913697477266724,49.136974772667244
3301,1267.814492516677,1098.0413018683269,2365.855794385004,11098.0,9999.958698131672,8732.144205614997,901,2299,30699691,False,2492.586759,1224.7722664833227,0.4913659522827156,49.13659522827156
3302,1267.877427761919,1098.0413018683269,2365.918729630246,11098.0,9999.958698131672,8732.081270369754,1524,2300,30700592,False,2492.668072,1224.7906442380809,0.49135729622250357,49.13572962225036
3303,1268.0063128671686,1098.0413018683269,2366.047614735496,11098.0,9999.958698131672,8731.952385264505,3121,2301,30702116,False,2492.83219,1224.8258771328315,0.49133908092418827,49.13390809241883
3304,1268.065614056255,1098.0413018683269,2366.1069159245817,11098.0,9999.958698131672,8731.893084075418,1436,2302,30705237,False,2492.916281,1224.8506669437447,0.4913324511854094,49.13324511854094
3305,1268.295013851084,1098.0413018683269,2366.336315719411,11098.0,9999.958698131672,8731.66368428059,5555,2303,30706673,False,2493.243569,1224.9485551489163,0.4913072153797727,49.130721537977266
3306,1268.336640312504,1098.0413018683269,2366.377942180831,11098.0,9999.958698131672,8731.62205781917,1008,2304,30712228,False,2493.298456,1224.961815687496,0.4913017183080051,49.13017183080051
3307,1267.2116108596638,1101.0092081426822,2368.2208190023457,11101.0,9999.990791857315,8732.779180997653,47816,2301,30638177,False,2494.512294,1227.3006831403363,0.4920002543552653,49.20002543552653
3308,1267.2486121587035,1101.0092081426822,2368.257820301386,11101.0,9999.990791857315,8732.742179698613,896,2302,30685993,False,2494.564283,1227.3156708412967,0.49199600876402694,49.19960087640269
3309,1267.28879325688,1101.0092081426822,2368.298001399562,11101.0,9999.990791857315,8732.701998600438,973,2303,30686889,False,2494.618233,1227.3294397431202,0.4919908880274428,49.19908880274428
3310,1267.4988664803354,1101.0092081426822,2368.508074623018,11101.0,9999.990791857315,8732.491925376982,5087,2304,30687862,False,2494.899261,1227.4003945196646,0.49196390960799785,49.19639096079978
3311,1267.657815141055,1101.0092081426822,2368.667023283737,11101.0,9999.990791857315,8732.332976716261,3849,2305,30692949,False,2495.092359,1227.4345438589453,0.49193952257177553,49.19395225717756
3312,1268.0231616729816,1101.0092081426822,2369.0323698156635,11101.0,9999.990791857315,8731.967630184336,8847,2306,30696798,False,2495.614985,1227.5918233270186,0.49189952404738363,49.189952404738364
3313,1268.709915694225,1101.0092081426822,2369.719123836907,11101.0,9999.990791857315,8731.280876163091,16630,2307,30705645,False,2496.695973,1227.986057305775,0.4918444498591639,49.18444498591639
3314,1268.969874597636,1101.0092081426822,2369.9790827403185,11101.0,9999.990791857315,8731.02091725968,6295,2308,30722275,False,2497.03107,1228.061195402364,0.49180853620790715,49.180853620790714
3315,1268.2933207112842,1104.004652417183,2372.297973128467,11104.0,9999.995347582815,8731.702026871533,1743,2308,30710444,False,2494.134684,1225.841363288716,0.4914896421402381,49.14896421402381
3316,1269.744011150987,1104.004652417183,2373.74866356817,11104.0,9999.995347582815,8730.25133643183,35129,2309,30712187,False,2496.842325,1227.098313849013,0.4914600740152917,49.14600740152917
3317,1270.488910070722,1104.004652417183,2374.493562487905,11104.0,9999.995347582815,8729.506437512095,18038,2310,30747316,False,2498.012003,1227.5230929292777,0.4913999978603297,49.139999786032966
3318,1270.52603525804,1104.004652417183,2374.530687675223,11104.0,9999.995347582815,8729.469312324778,899,2311,30765354,False,2498.062648,1227.53661274196,0.4913954474779689,49.13954474779689
3319,1270.727518894218,1104.004652417183,2374.732171311401,11104.0,9999.995347582815,8729.267828688598,4879,2312,30766253,False,2498.33254,1227.6050211057818,0.4913697441997781,49.13697441997781
3320,1271.0708959048395,1104.004652417183,2375.0755483220228,11104.0,9999.995347582815,8728.924451677976,8315,2313,30771132,False,2498.787239,1227.7163430951607,0.49132488109971517,49.13248810997152
3321,1272.0952041876371,1104.004652417183,2376.09985660482,11104.0,9999.995347582815,8727.90014339518,24804,2314,30779447,False,2500.521214,1228.4260098123627,0.4912679816250352,49.12679816250352
3322,1267.8450516252592,1107.0046125736685,2374.849664198928,11106.999,9999.994387426332,8732.149335801072,1328,2307,30700004,False,2497.599046,1229.7539943747406,0.4923744651265136,49.23744651265136
3323,1268.6259194417169,1107.0046125736685,2375.630532015385,11106.999,9999.994387426332,8731.368467984616,18909,2308,30701332,False,2498.897858,1230.271938558283,0.4923258206091443,49.23258206091443
3324,1269.115278139957,1107.0046125736685,2376.119890713625,11106.999,9999.994387426332,8730.879109286376,11850,2309,30720241,False,2499.620806,1230.505527860043,0.49227687851948654,49.22768785194865
3325,1269.2758786443835,1107.0046125736685,2376.280491218052,11106.999,9999.994387426332,8730.718508781949,3889,2310,30732091,False,2499.834831,1230.5589523556166,0.4922561031215652,49.22561031215652
3326,1271.263542177185,1107.0046125736685,2378.268154750853,11106.999,9999.994387426332,8728.730845249147,48132,2311,30735980,False,2504.029227,1232.765684822815,0.49231281788981096,49.23128178898109
3327,1271.5252768125813,1107.0046125736685,2378.5298893862496,11106.999,9999.994387426332,8728.46911061375,6338,2312,30784112,False,2504.392687,1232.8674101874187,0.4922819877997107,49.22819877997107
3328,1271.7472846068208,1107.0046125736685,2378.7518971804893,11106.999,9999.994387426332,8728.24710281951,5376,2313,30790450,False,2504.695883,1232.948598393179,0.4922548109578935,49.22548109578935
3329,1276.4848136549906,1110.0494713467854,2386.534285001776,11110.0,9999.950528653217,8723.465714998225,1777,2314,30908770,False,2501.773702,1225.2888883450094,0.48976807429284,48.976807429284
3330,1276.5385398715653,1110.0494713467854,2386.5880112183504,11110.0,9999.950528653217,8723.411988781649,1301,2315,30910547,False,2501.852318,1225.313778128435,0.4897626327951924,48.97626327951924
3331,1277.3761485193631,1110.0494713467854,2387.4256198661487,11110.0,9999.950528653217,8722.574380133852,20283,2316,30911848,False,2503.207027,1225.8308784806368,0.4897041536151923,48.97041536151923
3332,1277.7049480092694,1110.0494713467854,2387.7544193560548,11110.0,9999.950528653217,8722.245580643945,7962,2317,30932131,False,2503.673615,1225.9686669907308,0.48966792622077887,48.96679262207789
3333,1278.0520829643249,1110.0494713467854,2388.1015543111102,11110.0,9999.950528653217,8721.89844568889,8406,2318,30940093,False,2504.171641,1226.119558035675,0.489630797650134,48.963079765013404
3334,1278.3383474787722,1110.0494713467854,2388.3878188255576,11110.0,9999.950528653217,8721.612181174443,6932,2319,30948499,False,2504.573095,1226.234747521228,0.48959830718026137,48.95983071802614
3335,1279.0116389738023,1110.0494713467854,2389.0611103205874,11110.0,9999.950528653217,8720.938889679412,16304,2320,30955431,False,2505.645761,1226.634122026198,0.4895481001818269,48.954810018182684
3336,1279.1114103337136,1110.0494713467854,2389.160881680499,11110.0,9999.950528653217,8720.839118319502,2416,2321,30971735,False,2505.7808,1226.6693896662864,0.48953579246288675,48.953579246288676
3337,1279.148494224939,1110.0494713467854,2389.197965571724,11110.0,9999.950528653217,8720.802034428276,898,2322,30974151,False,2505.806984,1226.6584897750608,0.48952632728996376,48.95263272899638
3338,1281.120919499542,1110.0494713467854,2391.170390846328,11110.0,9999.950528653217,8718.829609153672,47763,2323,30975049,False,2509.997115,1228.8761955004582,0.4895926725001268,48.95926725001268
3339,1282.318175818477,1110.0494713467854,2392.3676471652625,11110.0,9999.950528653217,8717.632352834738,28992,2324,31022812,False,2512.137651,1229.819475181523,0.48955099044511835,48.95509904451183
3340,1286.4467526840094,1113.06854408196,2399.5152967659697,11112.999,9999.93045591804,8713.483703234031,27367,2325,31124412,False,2511.14607,1224.6993173159904,0.4877053278370184,48.77053278370184
3341,1286.484043055698,1113.06854408196,2399.552587137658,11112.999,9999.93045591804,8713.446412862342,903,2326,31151779,False,2511.173137,1224.6890939443022,0.48769599988927487,48.76959998892749
3342,1287.495177884931,1113.06854408196,2400.563721966891,11112.999,9999.93045591804,8712.435278033108,24485,2327,31152682,False,2512.924875,1225.429697115069,0.48765074885697446,48.765074885697445
3343,1288.169914743205,1113.06854408196,2401.2384588251653,11112.999,9999.93045591804,8711.760541174835,16339,2328,31177167,False,2514.012215,1225.8423002567952,0.4876039555188856,48.76039555188856
3344,1289.6329940107114,1113.06854408196,2402.7015380926714,11112.999,9999.93045591804,8710.297461907328,35429,2329,31193506,False,2516.795559,1227.1625649892887,0.4875892921063791,48.75892921063791
3345,1290.2979849911133,1113.06854408196,2403.3665290730733,11112.999,9999.93045591804,8709.632470926927,16103,2330,31228935,False,2517.827311,1227.5293260088868,0.4875351540774858,48.75351540774858
3346,1290.6375627612083,1113.06854408196,2403.7061068431685,11112.999,9999.93045591804,8709.292893156831,8223,2331,31245038,False,2518.294564,1227.6570012387915,0.4874953942198128,48.74953942198128
3347,1290.6746466524337,1113.06854408196,2403.743190734393,11112.999,9999.93045591804,8709.255809265607,898,2332,31253261,False,2518.346646,1227.6719993475663,0.48749126785128305,48.749126785128304
3348,1291.4608003687542,1113.06854408196,2404.5293444507142,11112.999,9999.93045591804,8708.469655549286,19037,2333,31254159,False,2519.602441,1228.1416406312458,0.48743469233337106,48.74346923333711
3349,1291.6369695001208,1113.06854408196,2404.705513582081,11112.999,9999.93045591804,8708.293486417919,4266,2334,31273196,False,2519.818152,1228.181182499879,0.4874086574561191,48.74086574561191
3350,1291.3452126053471,1116.0270879580753,2407.3723005634224,11115.999,9999.971912041923,8708.626699436578,1399,2335,31268998,False,2516.895598,1225.550385394653,0.486929369008596,48.6929369008596
3351,1291.749583944855,1116.0270879580753,2407.7766719029305,11115.999,9999.971912041923,8708.22232809707,9792,2336,31270397,False,2517.45186,1225.7022760551451,0.48688211104666174,48.68821110466617
3352,1292.2536440520887,1116.0270879580753,2408.280732010164,11115.999,9999.971912041923,8707.718267989836,12206,2337,31280189,False,2518.20634,1225.9526959479115,0.4868356800133826,48.68356800133826
3353,1294.690485184954,1116.0270879580753,2410.7175731430293,11115.999,9999.971912041923,8705.281426856971,59009,2338,31292395,False,2523.755071,1229.064585815046,0.4869983620589805,48.69983620589805
3354,1294.9268640194457,1116.0270879580753,2410.953951977521,11115.999,9999.971912041923,8705.045048022479,5724,2339,31351404,False,2524.088965,1229.1621009805542,0.4869725742731712,48.69725742731712
3355,1294.9899644490586,1116.0270879580753,2411.0170524071336,11115.999,9999.971912041923,8704.981947592867,1528,2340,31357128,False,2524.167322,1229.1773575509412,0.4869635015229554,48.696350152295544
3356,1295.0270070441911,1116.0270879580753,2411.0540950022664,11115.999,9999.971912041923,8704.944904997734,897,2341,31358656,False,2524.193091,1229.166083955809,0.48695406398915975,48.69540639891598
3357,1295.1103425592164,1116.0270879580753,2411.137430517292,11115.999,9999.971912041923,8704.86156948271,2018,2342,31359553,False,2524.297014,1229.1866714407838,0.4869421722656222,48.694217226562216
3358,1295.6857210185058,1116.0270879580753,2411.712808976581,11115.999,9999.971912041923,8704.286191023419,13933,2343,31361571,False,2525.168407,1229.4826859814943,0.48689136240309944,48.68913624030994
3359,1295.1928108562954,1119.0604686910324,2414.253279547328,11119.0,9999.939531308968,8704.746720452673,4576,2344,31358992,False,2522.414336,1227.2215251437044,0.48652654230066367,48.65265423006637
3360,1295.522064603221,1119.0604686910324,2414.582533294253,11119.0,9999.939531308968,8704.417466705747,7973,2345,31363568,False,2522.87027,1227.348205396779,0.4864888298028812,48.64888298028812
3361,1295.5602634889483,1119.0604686910324,2414.620732179981,11119.0,9999.939531308968,8704.379267820019,925,2346,31371541,False,2522.922265,1227.3620015110519,0.48648427204357475,48.648427204357475
3362,1295.630797215243,1119.0604686910324,2414.6912659062755,11119.0,9999.939531308968,8704.308734093725,1708,2347,31372466,False,2523.027298,1227.3965007847569,0.48647769358568266,48.64776935856827
3363,1300.5673321340307,1119.0604686910324,2419.627800825063,11119.0,9999.939531308968,8699.372199174937,119540,2348,31374174,False,2539.732751,1239.1654188659693,0.48791173731884097,48.79117373188409
3364,1300.8457503908692,1119.0604686910324,2419.9062190819013,11119.0,9999.939531308968,8699.0937809181,6742,2349,31493714,False,2540.133412,1239.287661609131,0.48788290243124083,48.78829024312408
3365,1301.171659154288,1119.0604686910324,2420.23212784532,11119.0,9999.939531308968,8698.76787215468,7892,2350,31500456,False,2540.575711,1239.404051845712,0.4878437774869021,48.78437774869021
3366,1301.5799949186928,1119.0604686910324,2420.640463609725,11119.0,9999.939531308968,8698.359536390275,9888,2351,31508348,False,2541.176595,1239.596600081307,0.48780419374250816,48.78041937425082
3367,1301.9376603773812,1119.0604686910324,2420.9981290684136,11119.0,9999.939531308968,8698.001870931586,8661,2352,31518236,False,2541.674303,1239.7366426226185,0.48776377097542645,48.77637709754264
3368,1302.2307800432131,1119.0604686910324,2421.291248734245,11119.0,9999.939531308968,8697.708751265754,7098,2353,31526897,False,2542.071842,1239.8410619567867,0.48772856906409445,48.772856906409444
3369,1302.2728607616527,1119.0604686910324,2421.333329452685,11119.0,9999.939531308968,8697.666670547314,1019,2354,31533995,False,2542.153423,1239.8805622383475,0.48772845534049714,48.772845534049715
3370,1302.5561932535195,1119.0604686910324,2421.616661944552,11119.0,9999.939531308968,8697.383338055448,6861,2355,31535014,False,2542.535786,1239.9795927464804,0.48769405708041447,48.76940570804145
3371,1302.7288522170086,1119.0604686910324,2421.789320908041,11119.0,9999.939531308968,8697.210679091959,4181,2356,31541875,False,2542.782694,1240.0538417829914,0.4876759011727769,48.76759011727769
3372,1302.521091574743,1122.0314748814585,2424.552566456201,11122.0,9999.968525118542,8697.447433543799,1305,2357,31539720,False,2539.837368,1237.316276425257,0.48716358457218234,48.716358457218234
3373,1302.5592078682853,1122.0314748814585,2424.590682749744,11122.0,9999.968525118542,8697.409317250256,923,2358,31541025,False,2539.89061,1237.3314021317146,0.48715932775219584,48.715932775219585
3374,1303.5567975791198,1122.0314748814585,2425.588272460578,11122.0,9999.968525118542,8696.411727539422,24157,2359,31541948,False,2541.60541,1238.0486124208803,0.487112833309904,48.711283330990405
3375,1303.6827093656964,1122.0314748814585,2425.7141842471547,11122.0,9999.968525118542,8696.285815752846,3049,2360,31566105,False,2541.793928,1238.1112186343037,0.4871013361844429,48.71013361844429
3376,1303.7197106647363,1122.0314748814585,2425.751185546195,11122.0,9999.968525118542,8696.248814453806,896,2361,31569154,False,2541.819776,1238.1000653352635,0.48709199488707716,48.70919948870772
3377,1303.7883860668608,1122.0314748814585,2425.8198609483197,11122.0,9999.968525118542,8696.180139051681,1663,2362,31570050,False,2541.923783,1238.1353969331394,0.48708596426596296,48.708596426596294
3378,1304.211464536352,1122.0314748814585,2426.2429394178107,11122.0,9999.968525118542,8695.75706058219,10245,2363,31571713,False,2542.517852,1238.306387463648,0.48703940721185857,48.70394072118586
3379,1305.049940402096,1122.0314748814585,2427.081415283554,11122.0,9999.968525118542,8694.918584716446,20304,2364,31581958,False,2543.889717,1238.8397765979041,0.4869864319664232,48.69864319664232
3380,1309.0351785299415,1122.0314748814585,2431.0666534114,11122.0,9999.968525118542,8690.933346588601,96504,2365,31602262,False,2555.755887,1246.7207084700583,0.48780899412638556,48.780899412638554
3381,1309.436906919518,1122.0314748814585,2431.468381800976,11122.0,9999.968525118542,8690.531618199024,9728,2366,31698766,False,2556.305588,1246.8686810804822,0.48776198234421814,48.77619823442181
3382,1309.5010397514477,1122.0314748814585,2431.532514632906,11122.0,9999.968525118542,8690.467485367095,1553,2367,31708494,False,2556.38143,1246.8803902485522,0.4877520919280626,48.775209192806265
3383,1308.293211632787,1125.0121639330075,2433.3053755657947,11124.999,9999.986836066992,8691.693624434205,13460,2367,31667339,False,2554.21334,1245.9201283672128,0.4877901578758542,48.77901578758542
3384,1308.4092949493065,1125.0121639330075,2433.421458882314,11124.999,9999.986836066992,8691.577541117686,2811,2368,31680799,False,2554.370347,1245.9610520506935,0.4877761963976845,48.777619639768446
3385,1308.6615314833866,1125.0121639330075,2433.6736954163944,11124.999,9999.986836066992,8691.325304583605,6108,2369,31683610,False,2554.702176,1246.0406445166132,0.48774399467087365,48.77439946708736
3386,1309.9929175113414,1125.0121639330075,2435.005081444349,11124.999,9999.986836066992,8689.99391855565,32240,2370,31689718,False,2557.122839,1247.1299214886587,0.48770825650924415,48.770825650924415
3387,1310.5437247954872,1125.0121639330075,2435.5558887284947,11124.999,9999.986836066992,8689.443111271505,13338,2371,31721958,False,2557.959675,1247.415950204513,0.48766052193708365,48.76605219370836
3388,1310.5923715926624,1125.0121639330075,2435.60453552567,11124.999,9999.986836066992,8689.39446447433,1178,2372,31735296,False,2558.012409,1247.4200374073375,0.4876520665101033,48.76520665101033
3389,1310.7225781728775,1125.0121639330075,2435.734742105885,11124.999,9999.986836066992,8689.264257894114,3153,2373,31736474,False,2558.173258,1247.4506798271223,0.4876333828938502,48.763338289385025
3390,1310.896847683981,1125.0121639330075,2435.909011616988,11124.999,9999.986836066992,8689.08998838301,4220,2374,31739627,False,2558.419107,1247.5222593160192,0.48761450221455804,48.7614502214558
3391,1311.3517241448344,1125.0121639330075,2436.3638880778417,11124.999,9999.986836066992,8688.635111922158,11015,2375,31743847,False,2559.082914,1247.7311898551657,0.4875696613928335,48.75696613928335
3392,1311.5309904831518,1125.0121639330075,2436.5431544161597,11124.999,9999.986836066992,8688.45584558384,4341,2376,31754862,False,2559.308941,1247.777950516848,0.4875448721830758,48.75448721830758
3393,1311.5875248340287,1125.0121639330075,2436.599688767036,11124.999,9999.986836066992,8688.399311232963,1369,2377,31759203,False,2559.388492,1247.8009671659713,0.4875387113235372,48.75387113235372
3394,1312.9805246322596,1125.0121639330075,2437.992688565267,11124.999,9999.986836066992,8687.006311434732,33732,2378,31760572,False,2562.057809,1249.0772843677403,0.48752892303209555,48.752892303209556
3395,1313.0389173073072,1125.0121639330075,2438.0510812403145,11124.999,9999.986836066992,8686.947918759684,1414,2379,31794304,False,2562.138829,1249.0999116926928,0.4875223378040819,48.75223378040819
3396,1307.690164791403,1128.032404791829,2435.722569583232,11128.0,9999.96759520817,8692.277430416767,9449,2378,31656747,False,2559.681262,1251.991097208597,0.4891199212164241,48.91199212164241
3397,1307.8733542585248,1128.032404791829,2435.9057590503544,11128.0,9999.96759520817,8692.094240949646,4436,2379,31666196,False,2559.931196,1252.0578417414752,0.4890982397096719,48.909823970967196
3398,1308.710178280562,1128.032404791829,2436.7425830723914,11128.0,9999.96759520817,8691.257416927609,20264,2380,31670632,False,2561.322965,1252.6127867194377,0.48904913743255246,48.90491374325524
3399,1309.1231805034397,1128.032404791829,2437.155585295269,11128.0,9999.96759520817,8690.84441470473,10001,2381,31690896,False,2561.929595,1252.8064144965604,0.48900891614726844,48.900891614726845
3400,1309.637027784638,1128.032404791829,2437.6694325764674,11128.0,9999.96759520817,8690.330567423533,12443,2382,31700897,False,2562.792639,1253.155611215362,0.4889804942253707,48.89804942253707
3401,1309.897027984142,1128.032404791829,2437.9294327759712,11128.0,9999.96759520817,8690.07056722403,6296,2383,31713340,False,2563.138274,1253.241246015858,0.4889479661431087,48.89479661431087
3402,1309.9341944675523,1128.032404791829,2437.966599259382,11128.0,9999.96759520817,8690.033400740618,900,2384,31719636,False,2563.190353,1253.2561585324477,0.4889438496308384,48.894384963083844
3403,1310.7376512467054,1128.032404791829,2438.7700560385347,11128.0,9999.96759520817,8689.229943961465,19456,2385,31720536,False,2564.490943,1253.7532917532944,0.4888897327461899,48.88897327461899
3404,1310.8128101353802,1128.032404791829,2438.84521492721,11128.0,9999.96759520817,8689.154785072791,1820,2386,31739992,False,2564.60704,1253.7942298646196,0.4888835639570808,48.88835639570808
3405,1311.042788075507,1128.032404791829,2439.075192867336,11128.0,9999.96759520817,8688.924807132664,5569,2387,31741812,False,2564.941827,1253.8990389244932,0.4888606149758472,48.88606149758472
3406,1311.113528282265,1128.032404791829,2439.1459330740945,11128.0,9999.96759520817,8688.854066925905,1713,2388,31747381,False,2565.055815,1253.9422867177352,0.48885575096841904,48.885575096841904
3407,1311.275615446028,1128.032404791829,2439.3080202378574,11128.0,9999.96759520817,8688.691979762143,3925,2389,31749094,False,2565.291461,1254.0158455539718,0.4888395196486298,48.88395196486298
3408,1311.409332194121,1128.032404791829,2439.4417369859502,11128.0,9999.96759520817,8688.558263014049,3238,2390,31753019,False,2565.463651,1254.0543188058791,0.4888217060947472,48.88217060947472
3409,1311.9265244588264,1128.032404791829,2439.958929250656,11128.0,9999.96759520817,8688.041070749345,12524,2391,31756257,False,2566.317048,1254.3905235411735,0.48879016118400254,48.87901611840025
3410,1310.040986163219,1131.0456715029395,2441.0866576661588,11130.999,9999.95332849706,8689.91234233384,8549,2392,31714573,False,2563.8532,1253.812213836781,0.4890343229623213,48.90343229623213
3411,1310.0780700544444,1131.0456715029395,2441.123741557384,11130.999,9999.95332849706,8689.875258442617,898,2393,31723122,False,2563.909323,1253.8312529455554,0.4890310439990375,48.903104399903754
3412,1310.1150713534844,1131.0456715029395,2441.160742856424,11130.999,9999.95332849706,8689.838257143576,896,2394,31724020,False,2563.965356,1253.8502846465158,0.48902777945589204,48.90277794558921
3413,1310.2840962608177,1131.0456715029395,2441.329767763757,11130.999,9999.95332849706,8689.669232236243,4093,2395,31724916,False,2564.19948,1253.9153837391825,0.4890085165055811,48.90085165055811
3414,1310.6991219922363,1131.0456715029395,2441.744793495176,11130.999,9999.95332849706,8689.254206504824,10050,2396,31729009,False,2564.82785,1254.1287280077638,0.48897189260002916,48.89718926000292
3415,1310.9895161159511,1131.0456715029395,2442.035187618891,11130.999,9999.95332849706,8688.96381238111,7032,2397,31739059,False,2565.281104,1254.291587884049,0.48894898337973686,48.894898337973686
3416,1311.1193923274252,1131.0456715029395,2442.165063830365,11130.999,9999.95332849706,8688.833936169634,3145,2398,31746091,False,2565.44495,1254.3255576725749,0.4889309972028731,48.89309972028731
3417,1314.1886005274764,1131.0456715029395,2445.234272030416,11130.999,9999.95332849706,8685.764727969585,74322,2399,31749236,False,2573.336423,1259.1478224725238,0.48930556114563795,48.93055611456379
3418,1314.225519234331,1131.0456715029395,2445.2711907372704,11130.999,9999.95332849706,8685.72780926273,894,2400,31823558,False,2573.387793,1259.162273765669,0.4893014092904221,48.93014092904221
3419,1315.3866001760796,1131.0456715029395,2446.43227167902,11130.999,9999.95332849706,8684.56672832098,28116,2401,31824452,False,2575.426297,1260.0396968239204,0.48925480736594357,48.92548073659436
3420,1317.2615666719614,1131.0456715029395,2448.307238174901,11130.999,9999.95332849706,8682.6917618251,45403,2402,31852568,False,2579.270352,1262.0087853280386,0.4892890674874235,48.92890674874235
3421,1316.6273825766978,1134.0412771231977,2450.668659699895,11134.0,9999.958722876803,8683.331340300105,10915,2403,31871699,False,2576.929505,1260.3021224233023,0.4890712454407255,48.90712454407255
3422,1316.9928529969025,1134.0412771231977,2451.0341301201,11134.0,9999.958722876803,8682.965869879901,8850,2404,31882614,False,2577.458716,1260.4658630030976,0.489034355886497,48.9034355886497
3423,1317.0733803776254,1134.0412771231977,2451.114657500823,11134.0,9999.958722876803,8682.885342499178,1950,2405,31891464,False,2577.564431,1260.4910506223744,0.4890240707322883,48.90240707322883
3424,1317.2481867379336,1134.0412771231977,2451.289463861131,11134.0,9999.958722876803,8682.71053613887,4233,2406,31893414,False,2577.783486,1260.5352992620662,0.48899967980556236,48.899967980556234
3425,1317.285229333066,1134.0412771231977,2451.326506456264,11134.0,9999.958722876803,8682.673493543738,897,2407,31897647,False,2577.834717,1260.5494876669343,0.48899546559521884,48.89954655952188
3426,1318.2850903289975,1134.0412771231977,2452.326367452195,11134.0,9999.958722876803,8681.673632547805,24212,2408,31898544,False,2579.522567,1261.2374766710025,0.48894221465867194,48.89422146586719
3427,1319.3036997510055,1134.0412771231977,2453.344976874203,11134.0,9999.958722876803,8680.655023125797,24666,2409,31922756,False,2581.239234,1261.9355342489946,0.4888874760722758,48.88874760722758
3428,1318.5888230906482,1137.0542438918571,2455.6430669825054,11136.999,9999.944756108143,8681.355933017496,1249,2410,31928862,False,2578.317927,1259.7291039093518,0.4885856358975515,48.85856358975515
3429,1318.626113462337,1137.0542438918571,2455.680357354194,11136.999,9999.944756108143,8681.318642645807,903,2411,31930111,False,2578.371065,1259.744951537663,0.4885817129419512,48.85817129419512
3430,1318.664766605084,1137.0542438918571,2455.7190104969413,11136.999,9999.944756108143,8681.279989503058,936,2412,31931014,False,2578.423853,1259.7590863949158,0.488577192197933,48.8577192197933
3431,1318.701644015846,1137.0542438918571,2455.7558879077037,11136.999,9999.944756108143,8681.243112092297,893,2413,31931950,False,2578.450462,1259.748817984154,0.4885681678006789,48.85681678006789
3432,1319.818579434521,1137.0542438918571,2456.8728233263782,11136.999,9999.944756108143,8680.126176673622,27047,2414,31932843,False,2580.385523,1260.5669435654788,0.4885188404327747,48.85188404327747
3433,1320.092455121165,1137.0542438918571,2457.146699013022,11136.999,9999.944756108143,8679.852300986979,6632,2415,31959890,False,2580.77911,1260.686654878835,0.4884907235934791,48.849072359347915
3434,1320.225882796609,1137.0542438918571,2457.280126688466,11136.999,9999.944756108143,8679.718873311534,3231,2416,31966522,False,2580.940677,1260.714794203391,0.48847104679244474,48.847104679244474
3435,1320.5816486350343,1137.0542438918571,2457.6358925268914,11136.999,9999.944756108143,8679.36310747311,8615,2417,31969753,False,2581.431717,1260.8500683649656,0.48843053258455243,48.84305325845524
3436,1320.8862486146309,1137.0542438918571,2457.940492506488,11136.999,9999.944756108143,8679.058507493512,7376,2418,31978368,False,2581.846623,1260.960374385369,0.48839476487576355,48.839476487576356
3437,1321.2657184102536,1137.0542438918571,2458.319962302111,11136.999,9999.944756108143,8678.67903769789,9189,2419,31985744,False,2582.357476,1261.0917575897465,0.48834902576816847,48.834902576816845
3438,1322.2602522102295,1137.0542438918571,2459.314496102087,11136.999,9999.944756108143,8677.684503897914,24083,2420,31994933,False,2583.989372,1261.7291197897705,0.48828727140359557,48.828727140359554
3439,1321.865296379853,1140.0740194404668,2461.9393158203197,11140.0,9999.925980559534,8678.060684179682,6612,2421,32002840,False,2581.37401,1259.508713620147,0.48792182331615985,48.79218233161598
3440,1322.105185382222,1140.0740194404668,2462.179204822689,11140.0,9999.925980559534,8677.820795177311,5809,2422,32009452,False,2581.671585,1259.566399617778,0.4878879277039329,48.78879277039329
3441,1324.4032716436875,1140.0740194404668,2464.477291084155,11140.0,9999.925980559534,8675.522708915847,55649,2423,32015261,False,2586.755425,1262.3521533563123,0.48800599436504993,48.800599436504996
3442,1324.4416770098787,1140.0740194404668,2464.515696450346,11140.0,9999.925980559534,8675.484303549656,930,2424,32070910,False,2586.805484,1262.3638069901212,0.4880010556642694,48.800105566426936
3443,1324.968078303251,1140.0740194404668,2465.042097743718,11140.0,9999.925980559534,8674.957902256283,12747,2425,32071840,False,2587.552142,1262.584063696749,0.48794536086946566,48.794536086946565
3444,1325.1602290224844,1140.0740194404668,2465.234248462951,11140.0,9999.925980559534,8674.76575153705,4653,2426,32084587,False,2587.820038,1262.6598089775155,0.4879241177656866,48.79241177656866
3445,1325.1990060535095,1140.0740194404668,2465.273025493976,11140.0,9999.925980559534,8674.726974506024,939,2427,32089240,False,2587.870797,1262.6717909464905,0.48791917757650344,48.791917757650346
3446,1326.4527967233214,1140.0740194404668,2466.526816163788,11140.0,9999.925980559534,8673.473183836213,30361,2428,32090179,False,2590.074684,1263.6218872766788,0.4878708305527296,48.78708305527296
3447,1326.910109653643,1140.0740194404668,2466.98412909411,11140.0,9999.925980559534,8673.01587090589,11074,2429,32120540,False,2590.723665,1263.813555346357,0.4878226004649388,48.78226004649388
3448,1327.4207358396127,1140.0740194404668,2467.4947552800795,11140.0,9999.925980559534,8672.505244719921,12365,2430,32131614,False,2591.491275,1264.0705391603872,0.4877772699274811,48.77772699274811
3449,1327.4717778101633,1140.0740194404668,2467.54579725063,11140.0,9999.925980559534,8672.45420274937,1236,2431,32143979,False,2591.543749,1264.0719711898366,0.487767945911623,48.7767945911623
3450,1328.1379663772527,1140.0740194404668,2468.21198581772,11140.0,9999.925980559534,8671.78801418228,16132,2432,32145215,False,2592.601152,1264.4631856227475,0.4877199042541918,48.77199042541918
3451,1328.2851043554665,1140.0740194404668,2468.359123795933,11140.0,9999.925980559534,8671.640876204068,3563,2433,32161347,False,2592.790598,1264.5054936445335,0.4877005858552305,48.77005858552305
3452,1327.937680327762,1143.0292786289815,2470.966958956744,11143.0,9999.97072137102,8672.033041043256,14946,2432,32141551,False,2590.741802,1262.804121672238,0.4874295542293635,48.742955422936355
3453,1327.976870319714,1143.0292786289815,2471.006148948696,11143.0,9999.97072137102,8671.993851051306,949,2433,32156497,False,2590.793907,1262.8170366802863,0.4874247362047259,48.74247362047259
3454,1330.744369266656,1143.0292786289815,2473.7736478956376,11143.0,9999.97072137102,8669.226352104362,67016,2434,32157446,False,2597.623606,1266.8792367333442,0.4877070079772536,48.77070079772536
3455,1331.12648201221,1143.0292786289815,2474.155760641192,11143.0,9999.97072137102,8668.844239358808,9253,2435,32224462,False,2598.197716,1267.07123398779,0.48767313826235,48.767313826235
3456,1331.427695712207,1143.0292786289815,2474.4569743411885,11143.0,9999.97072137102,8668.543025658812,7294,2436,32233715,False,2598.606541,1267.1788452877931,0.4876378263868124,48.76378263868124
3457,1332.1168862029183,1143.0292786289815,2475.1461648319,11143.0,9999.97072137102,8667.8538351681,16689,2437,32241009,False,2599.700237,1267.5833507970817,0.4875882737387625,48.75882737387625
3458,1331.6552784789585,1146.0379453789492,2477.6932238579075,11146.0,9999.96205462105,8668.306776142092,7187,2436,32239333,False,2597.100376,1265.4450975210414,0.487253056991988,48.7253056991988
3459,1331.833595007144,1146.0379453789492,2477.8715403860933,11146.0,9999.96205462105,8668.128459613907,4318,2437,32246520,False,2597.345131,1265.5115359928561,0.48723272116925925,48.723272116925926
3460,1332.219300512761,1146.0379453789492,2478.25724589171,11146.0,9999.96205462105,8667.742754108289,9340,2438,32250838,False,2597.900461,1265.6811604872391,0.4871938626932786,48.719386269327856
3461,1332.8594312453704,1146.0379453789492,2478.89737662432,11146.0,9999.96205462105,8667.10262337568,15501,2439,32260178,False,2598.870483,1266.0110517546298,0.48713895518687517,48.713895518687515
3462,1332.9884402388982,1146.0379453789492,2479.026385617847,11146.0,9999.96205462105,8666.973614382152,3124,2440,32275679,False,2599.02838,1266.039939761102,0.48712047529127095,48.7120475291271
3463,1333.108033723295,1146.0379453789492,2479.1459791022444,11146.0,9999.96205462105,8666.854020897756,2896,2441,32278803,False,2599.184489,1266.0764552767052,0.4871052673001332,48.71052673001332
3464,1333.730613616516,1146.0379453789492,2479.7685589954654,11146.0,9999.96205462105,8666.231441004535,15076,2442,32281699,False,2600.147687,1266.4170733834842,0.4870558236807893,48.70558236807893
3465,1334.08666852759,1146.0379453789492,2480.1246139065397,11146.0,9999.96205462105,8665.87538609346,8622,2443,32296775,False,2600.672585,1266.5859164724097,0.4870224432624647,48.70224432624647
3466,1334.1277994358975,1146.0379453789492,2480.165744814847,11146.0,9999.96205462105,8665.834255185153,996,2444,32305397,False,2600.725027,1266.5972275641025,0.4870169719653728,48.70169719653728
3467,1334.1987461231197,1149.0074024719568,2483.206148595076,11149.0,9999.992597528044,8665.793851404924,8240,2444,32299871,False,2598.189197,1263.9904508768805,0.48648899484931557,48.648899484931555
3468,1335.0707544161185,1149.0074024719568,2484.0781568880752,11149.0,9999.992597528044,8664.921843111926,21116,2445,32308111,False,2599.650044,1264.5792895838815,0.48644212420149946,48.64421242014995
3469,1336.8563148713513,1149.0074024719568,2485.863717343308,11149.0,9999.992597528044,8663.136282656693,43238,2446,32329227,False,2603.28994,1266.4336251286488,0.48647428996274183,48.647428996274186
3470,1337.2819536985887,1149.0074024719568,2486.289356170545,11149.0,9999.992597528044,8662.710643829456,10307,2447,32372465,False,2603.91601,1266.6340563014112,0.48643429797161974,48.64342979716197
3471,1337.3189137015358,1149.0074024719568,2486.3263161734926,11149.0,9999.992597528044,8662.673683826508,895,2448,32382772,False,2603.941745,1266.6228312984642,0.48642517972246885,48.642517972246885
3472,1338.0207820926996,1149.0074024719568,2487.0281845646564,11149.0,9999.992597528044,8661.971815435345,16996,2449,32383667,False,2605.070555,1267.0497729073002,0.4863782942367564,48.63782942367564
3473,1338.0625324423977,1149.0074024719568,2487.0699349143542,11149.0,9999.992597528044,8661.930065085646,1011,2450,32400663,False,2605.122526,1267.0599935576024,0.48637251450245317,48.637251450245316
3474,1338.1183647596988,1149.0074024719568,2487.125767231656,11149.0,9999.992597528044,8661.874232768345,1352,2451,32401674,False,2605.178126,1267.059761240301,0.4863620451111914,48.63620451111914
3475,1338.2303184669502,1149.0074024719568,2487.237720938907,11149.0,9999.992597528044,8661.762279061093,2711,2452,32403026,False,2605.346756,1267.1164375330497,0.48635231936591006,48.635231936591005
3476,1337.5342728248545,1152.022790022729,2489.5570628475834,11151.999,9999.97620997727,8662.441937152416,5062,2449,32383820,False,2602.63768,1265.1034071751453,0.4860851039300812,48.60851039300812
3477,1337.6435835821742,1152.022790022729,2489.666373604903,11151.999,9999.97620997727,8662.332626395097,2647,2450,32388882,False,2602.806387,1265.162803417826,0.4860764172613143,48.607641726131426
3478,1337.873891891042,1152.022790022729,2489.8966819137718,11151.999,9999.97620997727,8662.102318086228,5577,2451,32391529,False,2603.129347,1265.2554551089581,0.486051704102646,48.6051704102646
3479,1338.1795655690485,1152.022790022729,2490.2023555917776,11151.999,9999.97620997727,8661.796644408223,7402,2452,32397106,False,2603.577869,1265.3983034309517,0.4860228374567397,48.60228374567397
3480,1339.1521298477196,1152.022790022729,2491.1749198704483,11151.999,9999.97620997727,8660.82408012955,23551,2453,32404508,False,2605.316153,1266.1640231522806,0.4859924664783209,48.59924664783209
3481,1340.1251896795031,1152.022790022729,2492.147979702232,11151.999,9999.97620997727,8659.851020297767,23563,2454,32428059,False,2607.064327,1266.939137320497,0.4859638959420647,48.59638959420647
3482,1340.551819612965,1152.022790022729,2492.5746096356934,11151.999,9999.97620997727,8659.424390364306,10331,2455,32451622,False,2607.686602,1267.1347823870353,0.48592295616167575,48.592295616167576
3483,1341.9045144247414,1152.022790022729,2493.9273044474703,11151.999,9999.97620997727,8658.07169555253,32756,2456,32461953,False,2610.194451,1268.2899365752585,0.48589864103395053,48.58986410339505
3484,1341.9626593232326,1152.022790022729,2493.9854493459616,11151.999,9999.97620997727,8658.013550654037,1408,2457,32494709,False,2610.271237,1268.3085776767673,0.48589148886092076,48.589148886092076
3485,1342.1648036968938,1152.022790022729,2494.187593719623,11151.999,9999.97620997727,8657.811406280376,4895,2458,32496117,False,2610.542911,1268.3781073031062,0.4858675572650283,48.58675572650283
3486,1342.3349435987293,1152.022790022729,2494.3577336214585,11151.999,9999.97620997727,8657.641266378541,4120,2459,32501012,False,2610.800882,1268.4659384012707,0.48585319054648257,48.58531905464826
3487,1338.0204104278655,1155.0217508536105,2493.042161281476,11155.0,9999.97824914639,8661.957838718525,43043,2455,32357611,False,2611.493724,1273.4733135721344,0.48764172851297055,48.764172851297054
3488,1338.1461983261645,1155.0217508536105,2493.167949179775,11155.0,9999.97824914639,8661.832050820227,3046,2456,32400654,False,2611.654545,1273.5083466738354,0.4876251145512185,48.762511455121846
3489,1338.7298360039892,1155.0217508536105,2493.7515868576,11155.0,9999.97824914639,8661.2484131424,14133,2457,32403700,False,2612.561436,1273.8315999960107,0.48757957705535493,48.757957705535496
3490,1338.9736068390705,1155.0217508536105,2493.995357692681,11155.0,9999.97824914639,8661.00464230732,5903,2458,32417833,False,2612.917079,1273.9434721609293,0.48755602785852103,48.755602785852105
3491,1340.147778642198,1155.0217508536105,2495.1695294958085,11155.0,9999.97824914639,8659.830470504192,28433,2459,32423736,False,2615.006347,1274.858568357802,0.48751643368680586,48.75164336868059
3492,1340.393531689728,1155.0217508536105,2495.4152825433384,11155.0,9999.97824914639,8659.584717456662,5951,2460,32452169,False,2615.341905,1274.9483733102722,0.4874882212810612,48.74882212810612
3493,1341.4950223697415,1155.0217508536105,2496.516773223352,11155.0,9999.97824914639,8658.483226776649,26673,2461,32458120,False,2617.292895,1275.7978726302586,0.48744940815279236,48.744940815279236
3494,1341.759152178513,1155.0217508536105,2496.780903032123,11155.0,9999.97824914639,8658.219096967878,6396,2462,32484793,False,2617.664814,1275.9056618214872,0.48742132873452265,48.74213287345226
3495,1341.9684820723005,1155.0217508536105,2496.9902329259107,11155.0,9999.97824914639,8658.00976707409,5069,2463,32491189,False,2617.944505,1275.9760229276994,0.4873961310068715,48.73961310068715
3496,1342.1847497096576,1155.0217508536105,2497.206500563268,11155.0,9999.97824914639,8657.793499436733,5237,2464,32496258,False,2618.222945,1276.0381952903424,0.4873680439349837,48.73680439349837
3497,1343.179159621356,1155.0217508536105,2498.2009104749663,11155.0,9999.97824914639,8656.799089525035,24080,2465,32501495,False,2619.953747,1276.7745873786441,0.48732714798519844,48.732714798519844
3498,1343.2163261047665,1155.0217508536105,2498.238076958377,11155.0,9999.97824914639,8656.761923041624,900,2466,32525575,False,2620.006896,1276.7905698952334,0.48732336233333085,48.732336233333086
3499,1343.2619582871762,1155.0217508536105,2498.2837091407864,11155.0,9999.97824914639,8656.716290859214,1105,2467,32526475,False,2620.059927,1276.7979687128236,0.4873163226364722,48.73163226364722
3500,1343.76370581322,1155.0217508536105,2498.78545666683,11155.0,9999.97824914639,8656.21454333317,12150,2468,32527580,False,2620.808409,1277.0447031867802,0.4872712933922749,48.72712933922749
3501,1344.8399232845145,1155.0217508536105,2499.8616741381247,11155.0,9999.97824914639,8655.138325861875,26061,2469,32539730,False,2622.720119,1277.8801957154856,0.48723467916306684,48.72346791630668
3502,1344.8768832874614,1155.0217508536105,2499.898634141072,11155.0,9999.97824914639,8655.101365858929,895,2470,32565791,False,2622.77321,1277.8963267125384,0.4872309667645791,48.723096676457914
3503,1345.8643967516823,1155.0217508536105,2500.8861476052925,11155.0,9999.97824914639,8654.113852394708,23913,2471,32566686,False,2624.474176,1278.6097792483179,0.48718703004998354,48.71870300499835
3504,1346.0054229081793,1155.0217508536105,2501.027173761789,11155.0,9999.97824914639,8653.97282623821,3415,2472,32590599,False,2624.636563,1278.6311400918207,0.4871650262428432,48.71650262428432
3505,1346.191709582252,1155.0217508536105,2501.2134604358625,11155.0,9999.97824914639,8653.786539564138,4511,2473,32594014,False,2624.881243,1278.6895334177477,0.487141860923324,48.7141860923324
3506,1350.6375643278336,1158.033718975189,2508.6712833030224,11158.0,9999.966281024812,8649.328716696979,96906,2474,32609277,False,2633.830981,1283.1934166721664,0.4871965687733576,48.71965687733576
3507,1350.836983159378,1158.033718975189,2508.870702134567,11158.0,9999.966281024812,8649.129297865435,4829,2475,32706183,False,2634.076268,1283.2392848406218,0.48716861407166434,48.716861407166434
3508,1350.8950867617766,1158.033718975189,2508.928805736966,11158.0,9999.966281024812,8649.071194263035,1407,2476,32711012,False,2634.15355,1283.2584632382234,0.4871616019644046,48.71616019644046
3509,1350.9820976290505,1158.033718975189,2509.0158166042397,11158.0,9999.966281024812,8648.984183395762,2107,2477,32712419,False,2634.257723,1283.2756253709497,0.48714885190105967,48.71488519010597
3510,1351.3729238501594,1158.033718975189,2509.406642825348,11158.0,9999.966281024812,8648.593357174652,9464,2478,32714526,False,2634.813444,1283.4405201498405,0.4871086881207824,48.71086881207824
3511,1351.5822950400395,1158.033718975189,2509.6160140152288,11158.0,9999.966281024812,8648.383985984772,5070,2479,32723990,False,2635.087577,1283.5052819599603,0.4870825900295914,48.70825900295914
3512,1351.6332957144973,1158.033718975189,2509.6670146896863,11158.0,9999.966281024812,8648.332985310315,1235,2480,32729060,False,2635.164694,1283.5313982855027,0.48707824645949915,48.70782464594991
3513,1351.6705860861862,1158.033718975189,2509.704305061375,11158.0,9999.966281024812,8648.295694938626,903,2481,32730295,False,2635.217337,1283.5467509138139,0.4870743421774224,48.70743421774224
3514,1351.8055417170594,1158.033718975189,2509.8392606922484,11158.0,9999.966281024812,8648.160739307752,3268,2482,32731198,False,2635.379963,1283.5744212829404,0.4870547850040478,48.70547850040478
3515,1351.9113836025945,1158.033718975189,2509.9451025777835,11158.0,9999.966281024812,8648.054897422218,2563,2483,32734466,False,2635.512915,1283.6015313974053,0.487040501335356,48.704050133535596
3516,1351.9551987569262,1161.0577527633832,2513.0129515203093,11161.0,9999.942247236617,8647.98704847969,1061,2484,32737029,False,2632.564659,1280.609460243074,0.4864493853417919,48.64493853417919
3517,1352.2081786206747,1161.0577527633832,2513.2659313840577,11161.0,9999.942247236617,8647.734068615942,6126,2485,32738090,False,2632.928377,1280.7201983793254,0.48642424517396027,48.64242451739603
3518,1352.3559360402785,1161.0577527633832,2513.413688803662,11161.0,9999.942247236617,8647.586311196339,3578,2486,32744216,False,2633.131672,1280.7757359597215,0.48640778187400935,48.64077818740093
3519,1353.026460697099,1161.0577527633832,2514.0842134604823,11161.0,9999.942247236617,8646.915786539517,16237,2487,32747794,False,2634.255654,1281.229193302901,0.48637238050809967,48.63723805080997
3520,1353.4222424493298,1161.0577527633832,2514.479995212713,11161.0,9999.942247236617,8646.520004787288,9584,2488,32764031,False,2634.856288,1281.4340455506701,0.4863392555361525,48.63392555361525
3521,1354.2077767242602,1161.0577527633832,2515.265529487643,11161.0,9999.942247236617,8645.734470512356,19022,2489,32773615,False,2636.221937,1282.0141602757396,0.4863073712733996,48.63073712733996
3522,1354.435153010548,1161.0577527633832,2515.492905773931,11161.0,9999.942247236617,8645.507094226068,5506,2490,32792637,False,2636.550263,1282.115109989452,0.48628510064154695,48.628510064154696
3523,1355.606557975466,1161.0577527633832,2516.664310738849,11161.0,9999.942247236617,8644.33568926115,28366,2491,32798143,False,2638.75356,1283.147002024534,0.48627011687462546,48.62701168746255
3524,1355.6539245937684,1161.0577527633832,2516.7116773571515,11161.0,9999.942247236617,8644.28832264285,1147,2492,32826509,False,2638.838435,1283.1845104062318,0.4862686905673449,48.62686905673449
3525,1356.00655192915,1161.0577527633832,2517.0643046925334,11161.0,9999.942247236617,8643.935695307468,8539,2493,32827656,False,2639.368823,1283.3622710708498,0.4862383233019078,48.62383233019078
3526,1356.5765618963912,1161.0577527633832,2517.634314659774,11161.0,9999.942247236617,8643.365685340226,13803,2494,32836195,False,2640.302834,1283.7262721036088,0.48620417914667463,48.62041791466746
3527,1356.6304945934294,1161.0577527633832,2517.688247356813,11161.0,9999.942247236617,8643.311752643187,1306,2495,32849998,False,2640.387385,1283.7568904065706,0.4862002059620394,48.620020596203936
3528,1357.3210478551994,1164.0653192945829,2521.386367149782,11164.0,9999.934680705415,8642.613632850218,16722,2496,32851304,False,2638.56614,1281.2450921448005,0.48558384522618053,48.558384522618056
3529,1358.5683963345532,1164.0653192945829,2522.633715629136,11164.0,9999.934680705415,8641.366284370864,30205,2497,32868026,False,2640.993655,1282.425258665447,0.4855843770156452,48.55843770156452
3530,1359.1621515550846,1164.0653192945829,2523.2274708496675,11164.0,9999.934680705415,8640.772529150332,14378,2498,32898231,False,2641.927104,1282.7649524449153,0.48554138776302713,48.554138776302715
3531,1359.6158304292503,1164.0653192945829,2523.681149723833,11164.0,9999.934680705415,8640.318850276166,10986,2499,32912609,False,2642.645159,1283.0293285707498,0.4855094995259444,48.55094995259444
3532,1360.0092583041985,1164.0653192945829,2524.0745775987816,11164.0,9999.934680705415,8639.925422401218,9527,2500,32923595,False,2643.232872,1283.2236136958015,0.48547505113495787,48.54750511349579
3533,1360.296390036592,1164.0653192945829,2524.361709331175,11164.0,9999.934680705415,8639.638290668825,6953,2501,32933122,False,2643.645887,1283.3494969634082,0.48544682299328246,48.544682299328244
3534,1360.3521397617085,1164.0653192945829,2524.417459056291,11164.0,9999.934680705415,8639.58254094371,1350,2502,32940075,False,2643.727541,1283.3754012382917,0.4854416279042318,48.54416279042318
3535,1361.0368289783175,1164.0653192945829,2525.1021482729,11164.0,9999.934680705415,8638.897851727099,16580,2503,32941425,False,2644.812496,1283.7756670216825,0.4853938299835084,48.53938299835084
3536,1361.5837544297517,1164.0653192945829,2525.649073724335,11164.0,9999.934680705415,8638.350926275665,13244,2504,32958005,False,2645.645162,1284.061407570248,0.4853490657074927,48.53490657074927
3537,1362.3220459746578,1167.0095681194382,2529.331614094096,11166.999,9999.989431880562,8637.667385905905,17878,2505,32971249,False,2643.821108,1281.4990620253423,0.4847147403988962,48.47147403988962
3538,1362.363507251707,1167.0095681194382,2529.373075371145,11166.999,9999.989431880562,8637.625924628856,1004,2506,32989127,False,2643.872794,1281.5092867482929,0.4847091318676707,48.47091318676707
3539,1362.4045555678294,1167.0095681194382,2529.4141236872674,11166.999,9999.989431880562,8637.584876312732,994,2507,32990131,False,2643.928166,1281.5236104321707,0.48470439814217353,48.47043981421735
3540,1363.236424058745,1167.0095681194382,2530.245992178183,11166.999,9999.989431880562,8636.753007821817,20144,2508,32991125,False,2645.634246,1282.3978219412552,0.48472226419057896,48.4722264190579
3541,1363.4790798993238,1167.0095681194382,2530.488648018762,11166.999,9999.989431880562,8636.510351981238,5876,2509,33011269,False,2645.937305,1282.4582251006761,0.4846895739658035,48.46895739658035
3542,1364.1857799333309,1167.0095681194382,2531.195348052769,11166.999,9999.989431880562,8635.803651947232,17113,2510,33017145,False,2647.056002,1282.870222066669,0.4846403782531946,48.46403782531946
3543,1364.962724620984,1167.0095681194382,2531.9722927404223,11166.999,9999.989431880562,8635.026707259578,18814,2511,33034258,False,2648.260667,1283.297942379016,0.484581430510298,48.4581430510298
3544,1365.3277407841697,1167.0095681194382,2532.337308903608,11166.999,9999.989431880562,8634.661691096393,8839,2512,33053072,False,2648.78113,1283.4533892158302,0.48454490055047705,48.45449005504771
3545,1365.4171468248182,1167.0095681194382,2532.4267149442567,11166.999,9999.989431880562,8634.572285055743,2165,2513,33061911,False,2648.885611,1283.468464175182,0.4845314795192875,48.45314795192875
3546,1366.5751718557087,1167.0095681194382,2533.584739975147,11166.999,9999.989431880562,8633.414260024852,28042,2514,33064076,False,2650.965674,1284.3905021442913,0.4844991071522608,48.44991071522608
3547,1367.0273227744456,1167.0095681194382,2534.0368908938835,11166.999,9999.989431880562,8632.962109106116,10949,2515,33092118,False,2651.633879,1284.6065562255544,0.48445849421339154,48.445849421339155
3548,1367.2338445339308,1170.012214058272,2537.246058592202,11170.0,9999.987785941728,8632.753941407798,5001,2516,33103067,False,2648.912337,1281.6784924660694,0.48385085250409676,48.385085250409674
3549,1367.8511798233817,1170.012214058272,2537.863393881654,11170.0,9999.987785941728,8632.136606118347,14949,2517,33108068,False,2649.862096,1282.0109161766181,0.4838028809543824,48.38028809543824
3550,1367.9159320967017,1170.012214058272,2537.928146154973,11170.0,9999.987785941728,8632.071853845027,1568,2518,33123017,False,2649.941115,1282.0251829032984,0.4837938381522483,48.37938381522483
3551,1368.0122345848276,1170.012214058272,2538.0244486431,11170.0,9999.987785941728,8631.9755513569,2332,2519,33124585,False,2650.046475,1282.0342404151725,0.4837780214458965,48.37780214458965
3552,1369.350475764167,1170.012214058272,2539.3626898224397,11170.0,9999.987785941728,8630.63731017756,32406,2520,33126917,False,2652.548889,1283.1984132358332,0.4837605137297181,48.376051372971816
3553,1369.9305619780218,1170.012214058272,2539.942776036294,11170.0,9999.987785941728,8630.057223963706,14047,2521,33159323,False,2653.422582,1283.4920200219783,0.4837118779077227,48.37118779077227
3554,1370.161861393114,1170.012214058272,2540.174075451386,11170.0,9999.987785941728,8629.825924548615,5601,2522,33173370,False,2653.726004,1283.5641426068862,0.48368374906533346,48.36837490653335
3555,1370.2027445248657,1170.012214058272,2540.2149585831376,11170.0,9999.987785941728,8629.785041416862,990,2523,33178971,False,2653.776812,1283.5740674751344,0.48367822858011106,48.3678228580111
3556,1370.239704527813,1170.012214058272,2540.251918586085,11170.0,9999.987785941728,8629.748081413916,895,2524,33179961,False,2653.82762,1283.587915472187,0.483674186597013,48.3674186597013
3557,1370.86885049977,1170.012214058272,2540.881064558042,11170.0,9999.987785941728,8629.118935441958,15235,2525,33180856,False,2654.806152,1283.9373015002302,0.48362751477465693,48.36275147746569
3558,1371.4050389671074,1170.012214058272,2541.4172530253795,11170.0,9999.987785941728,8628.582746974622,12984,2526,33196091,False,2655.609168,1284.2041290328925,0.483581750096177,48.358175009617696
3559,1371.8529363882983,1170.012214058272,2541.8651504465706,11170.0,9999.987785941728,8628.13484955343,10846,2527,33209075,False,2656.306232,1284.4532956117016,0.4835486511826629,48.35486511826629
3560,1372.1805795876096,1170.012214058272,2542.192793645881,11170.0,9999.987785941728,8627.807206354119,7934,2528,33219921,False,2656.770691,1284.5901114123906,0.4835156138104169,48.35156138104169
3561,1370.795095678246,1173.026234273747,2543.821329951993,11172.999,9999.972765726252,8629.177670048006,1320,2526,33192985,False,2653.824028,1283.028932321754,0.4834642081708343,48.34642081708343
3562,1371.0166905115589,1173.026234273747,2544.042924785306,11172.999,9999.972765726252,8628.956075214694,5366,2527,33194305,False,2654.126395,1283.109704488441,0.4834395629784772,48.34395629784772
3563,1371.3002707799822,1173.026234273747,2544.3265050537293,11172.999,9999.972765726252,8628.67249494627,6867,2528,33199671,False,2654.537554,1283.2372832200178,0.4834127440715114,48.34127440715114
3564,1371.5447436486388,1173.026234273747,2544.5709779223857,11172.999,9999.972765726252,8628.428022077613,5920,2529,33206538,False,2654.89608,1283.3513363513612,0.48339042195254633,48.339042195254635
3565,1371.819569145414,1173.026234273747,2544.845803419161,11172.999,9999.972765726252,8628.153196580837,6655,2530,33212458,False,2655.286235,1283.466665854586,0.4833628288117819,48.336282881178185
3566,1372.609645990539,1173.026234273747,2545.6358802642862,11172.999,9999.972765726252,8627.363119735714,19132,2531,33219113,False,2656.648417,1284.0387710094608,0.483330335618686,48.3330335618686
3567,1373.2951198329094,1173.026234273747,2546.321354106656,11172.999,9999.972765726252,8626.677645893342,16599,2532,33238245,False,2657.806238,1284.5111181670907,0.4832975029563049,48.32975029563049
3568,1373.4798372554606,1173.026234273747,2546.5060715292075,11172.999,9999.972765726252,8626.49292847079,4473,2533,33254844,False,2658.055142,1284.5753047445396,0.4832763942504168,48.32763942504168
3569,1374.2455494059052,1173.026234273747,2547.271783679652,11172.999,9999.972765726252,8625.727216320347,18542,2534,33259317,False,2659.262167,1285.0166175940947,0.48322299077558184,48.322299077558185
3570,1374.6082116918076,1173.026234273747,2547.6344459655547,11172.999,9999.972765726252,8625.364554034444,8782,2535,33277859,False,2659.775636,1285.1674243081923,0.48318640373777466,48.31864037377747
3571,1374.8418649841826,1173.026234273747,2547.8680992579293,11172.999,9999.972765726252,8625.13090074207,5658,2536,33286641,False,2660.074723,1285.2328580158176,0.4831566748494747,48.315667484947475
3572,1356.4755103576072,1176.0126954344914,2532.4882057920986,11176.0,9999.987304565508,8643.511794207901,9253,2535,32838298,False,2657.617212,1301.141701642393,0.4895895826409153,48.95895826409153
3573,1356.8822355743976,1176.0126954344914,2532.894931008889,11176.0,9999.987304565508,8643.10506899111,9849,2536,32847551,False,2658.223858,1301.3416224256023,0.4895530594645661,48.95530594645661
3574,1357.3412829406118,1176.0126954344914,2533.353978375103,11176.0,9999.987304565508,8642.646021624896,11116,2537,32857400,False,2658.878096,1301.5368130593881,0.4895060119594848,48.95060119594848
3575,1357.5370677160004,1176.0126954344914,2533.549763150492,11176.0,9999.987304565508,8642.450236849507,4741,2538,32868516,False,2659.152118,1301.6150502839996,0.48948499090114844,48.948499090114844
3576,1357.8529002328055,1176.0126954344914,2533.865595667297,11176.0,9999.987304565508,8642.134404332703,7648,2539,32873257,False,2659.573553,1301.7206527671947,0.4894471338455194,48.94471338455194
3577,1357.8900254201235,1176.0126954344914,2533.902720854615,11176.0,9999.987304565508,8642.097279145384,899,2540,32880905,False,2659.623804,1301.7337785798763,0.48944282143290535,48.944282143290536
3578,1357.9271093113489,1176.0126954344914,2533.9398047458403,11176.0,9999.987304565508,8642.060195254158,898,2541,32881804,False,2659.675533,1301.7484236886512,0.48943880843252136,48.94388084325214
3579,1357.964069314296,1176.0126954344914,2533.9767647487874,11176.0,9999.987304565508,8642.023235251212,895,2542,32882702,False,2659.728766,1301.7646966857042,0.4894351308774408,48.94351308774408
3580,1358.8345083557736,1176.0126954344914,2534.8472037902648,11176.0,9999.987304565508,8641.152796209733,21078,2543,32883597,False,2661.17543,1302.3409216442262,0.48938559516319685,48.938559516319685
3581,1358.8747307500423,1176.0126954344914,2534.887426184534,11176.0,9999.987304565508,8641.112573815466,974,2544,32904675,False,2661.228307,1302.3535762499575,0.4893806265416211,48.93806265416211
3582,1359.6400299395602,1176.0126954344914,2535.6527253740514,11176.0,9999.987304565508,8640.347274625947,18532,2545,32905649,False,2662.499418,1302.8593880604396,0.48933696633034895,48.9336966330349
3583,1359.6916087593156,1176.0126954344914,2535.704304193807,11176.0,9999.987304565508,8640.295695806191,1249,2546,32924181,False,2662.552764,1302.8611552406844,0.48932782585813367,48.932782585813364
3584,1360.1428511640136,1176.0126954344914,2536.1555465985048,11176.0,9999.987304565508,8639.844453401494,10927,2547,32925430,False,2663.225303,1303.0824518359866,0.4892873503297391,48.92873503297391
3585,1360.8758981051494,1176.0126954344914,2536.888593539641,11176.0,9999.987304565508,8639.111406460359,17751,2548,32936357,False,2664.421767,1303.5458688948504,0.4892415626684266,48.92415626684266
3586,1357.958824710526,1179.0244862738757,2536.9833109844017,11178.999,9999.974513726123,8642.015689015598,9401,2539,32874069,False,2662.002671,1304.0438462894742,0.4898732298415016,48.98732298415016
3587,1358.35481294322,1179.0244862738757,2537.379299217096,11178.999,9999.974513726123,8641.619700782903,9589,2540,32883470,False,2662.619161,1304.2643480567801,0.48984262081511404,48.9842620815114
3588,1358.549936981126,1179.0244862738757,2537.5744232550014,11178.999,9999.974513726123,8641.424576744997,4725,2541,32893059,False,2662.877993,1304.3280560188741,0.48981893254126047,48.98189325412605
3589,1358.6033328289593,1179.0244862738757,2537.627819102835,11178.999,9999.974513726123,8641.371180897164,1293,2542,32897784,False,2662.959202,1304.3558691710407,0.48981443958713744,48.98144395871375
3590,1359.5278697518454,1179.0244862738757,2538.552356025721,11178.999,9999.974513726123,8640.446643974277,22388,2543,32899077,False,2664.560281,1305.0324112481546,0.48977402408714904,48.9774024087149
3591,1359.8856178027193,1179.0244862738757,2538.910104076595,11178.999,9999.974513726123,8640.088895923403,8663,2544,32921465,False,2665.116169,1305.2305511972806,0.4897462130842225,48.97462130842225
3592,1360.127365129259,1179.0244862738757,2539.151851403135,11178.999,9999.974513726123,8639.847148596864,5854,2545,32930128,False,2665.47302,1305.3456548707409,0.48972382953279375,48.97238295327938
3593,1360.1644077243918,1179.0244862738757,2539.1888939982678,11178.999,9999.974513726123,8639.810106001732,897,2546,32935982,False,2665.500411,1305.3360032756082,0.48971517614056304,48.9715176140563
3594,1360.3449955376748,1179.0244862738757,2539.3694818115505,11178.999,9999.974513726123,8639.629518188449,4373,2547,32936879,False,2665.755452,1305.410456462325,0.48969625307637754,48.969625307637756
3595,1361.629799573088,1182.0232473161575,2543.6530468892456,11182.0,9999.976752683842,8638.346953110755,3733,2544,32968631,False,2662.978755,1301.3489554269122,0.4886816888732228,48.86816888732228
3596,1362.0760038544793,1182.0232473161575,2544.0992511706368,11182.0,9999.976752683842,8637.900748829363,10805,2545,32972364,False,2663.660314,1301.584310145521,0.48864500601089816,48.864500601089816
3597,1362.3798605044076,1182.0232473161575,2544.4031078205653,11182.0,9999.976752683842,8637.596892179434,7358,2546,32983169,False,2664.105862,1301.7260014955923,0.48861646981188633,48.861646981188635
3598,1363.5540323075354,1182.0232473161575,2545.577279623693,11182.0,9999.976752683842,8636.422720376308,28433,2547,32990527,False,2666.295283,1302.7412506924645,0.4885960152270444,48.85960152270444
3599,1363.711287828455,1182.0232473161575,2545.7345351446124,11182.0,9999.976752683842,8636.265464855387,3808,2548,33018960,False,2666.519009,1302.8077211715452,0.4885799489050427,48.85799489050427
3600,1363.799537578509,1182.0232473161575,2545.8227848946663,11182.0,9999.976752683842,8636.177215105334,2137,2549,33022768,False,2666.627839,1302.8283014214912,0.48856772676237376,48.85677267623738
3601,1364.0209259313583,1182.0232473161575,2546.044173247516,11182.0,9999.976752683842,8635.955826752484,5361,2550,33024905,False,2666.940859,1302.9199330686415,0.4885447416922422,48.85447416922422
3602,1364.2851383323157,1182.0232473161575,2546.3083856484727,11182.0,9999.976752683842,8635.691614351526,6398,2551,33030266,False,2667.314368,1303.0292296676841,0.48851730613392935,48.85173061339294
3603,1364.4075812471071,1182.0232473161575,2546.4308285632646,11182.0,9999.976752683842,8635.569171436735,2965,2552,33036664,False,2667.477837,1303.0702557528928,0.4885027488057412,48.85027488057412
3604,1364.7521558444164,1182.0232473161575,2546.7754031605737,11182.0,9999.976752683842,8635.224596839425,8344,2553,33039629,False,2667.979122,1303.2269661555838,0.48846970180885235,48.846970180885236
3605,1365.3642465300973,1185.0320891860624,2550.39633571616,11184.999,9999.966910813935,8634.60266428384,6935,2548,33055860,False,2665.383079,1300.018832469903,0.48774183445242125,48.77418344524212
3606,1365.8461306355623,1185.0320891860624,2550.878219821625,11184.999,9999.966910813935,8634.120780178375,11669,2549,33062795,False,2666.114836,1300.268705364438,0.4877016877919799,48.770168779197995
3607,1366.0159401686565,1185.0320891860624,2551.048029354719,11184.999,9999.966910813935,8633.95097064528,4112,2550,33074464,False,2666.364576,1300.3486358313435,0.4876859854559302,48.76859854559302
3608,1367.761856374918,1185.0320891860624,2552.7939455609803,11184.999,9999.966910813935,8632.205054439019,42278,2551,33078576,False,2669.927057,1302.165200625082,0.4877156464672218,48.77156464672218
3609,1367.8294993747254,1185.0320891860624,2552.861588560788,11184.999,9999.966910813935,8632.137411439211,1638,2552,33120854,False,2670.004511,1302.1750116252747,0.487705172879116,48.7705172879116
3610,1367.994972818088,1185.0320891860624,2553.02706200415,11184.999,9999.966910813935,8631.97193799585,4007,2553,33122492,False,2670.262867,1302.267894181912,0.4876927699799797,48.76927699799797
3611,1368.031974117128,1185.0320891860624,2553.0640633031903,11184.999,9999.966910813935,8631.934936696809,896,2554,33126499,False,2670.290081,1302.2581068828722,0.48768413444998754,48.76841344499876
3612,1368.0418851793709,1188.0219485994653,2556.063833778836,11188.0,9999.978051400534,8631.936166221163,2080,2550,33125555,False,2667.425728,1299.3838428206293,0.4871302803976813,48.71302803976813
3613,1368.6716918888103,1188.0219485994653,2556.693640488276,11188.0,9999.978051400534,8631.306359511724,15251,2551,33127635,False,2668.439418,1299.7677261111896,0.48708908935446915,48.708908935446914
3614,1369.8624234251022,1188.0219485994653,2557.884372024568,11188.0,9999.978051400534,8630.115627975432,28834,2552,33142886,False,2670.592435,1300.7300115748978,0.48705672738674477,48.70567273867448
3615,1370.3306798199835,1188.0219485994653,2558.352628419449,11188.0,9999.978051400534,8629.647371580551,11339,2553,33171720,False,2671.286267,1300.9555871800164,0.48701466527623805,48.70146652762381
3616,1370.3720585048477,1188.0219485994653,2558.3940071043125,11188.0,9999.978051400534,8629.605992895687,1002,2554,33183059,False,2671.337985,1300.9659264951524,0.4870091069719702,48.70091069719702
3617,1370.5660262521585,1188.0219485994653,2558.587974851624,11188.0,9999.978051400534,8629.412025148376,4697,2555,33184061,False,2671.589125,1301.0230987478415,0.48698472627142525,48.69847262714252
3618,1370.6174811836358,1188.0219485994653,2558.639429783101,11188.0,9999.978051400534,8629.360570216899,1246,2556,33188758,False,2671.669343,1301.0518618163642,0.4869808703031422,48.69808703031422
3619,1370.6842156694042,1188.0219485994653,2558.706164268869,11188.0,9999.978051400534,8629.29383573113,1616,2557,33190004,False,2671.752175,1301.0679593305958,0.4869717975734766,48.697179757347655
3620,1371.830636498252,1188.0219485994653,2559.8525850977176,11188.0,9999.978051400534,8628.147414902282,27761,2558,33191620,False,2673.808737,1301.9781005017478,0.48693763412657587,48.69376341265759
3621,1372.4537945367706,1188.0219485994653,2560.475743136236,11188.0,9999.978051400534,8627.524256863764,15090,2559,33219381,False,2674.7364,1302.2826054632292,0.4868825972769613,48.688259727696135
3622,1372.4924889756105,1188.0219485994653,2560.514437575076,11188.0,9999.978051400534,8627.485562424925,937,2560,33234471,False,2674.786657,1302.2941680243896,0.4868777719584645,48.68777719584645
3623,1375.2177007236496,1188.0219485994653,2563.239649323115,11188.0,9999.978051400534,8624.760350676885,65992,2561,33235408,False,2681.445137,1306.2274362763505,0.48713561886921813,48.713561886921816
3624,1375.4873229127477,1188.0219485994653,2563.5092715122128,11188.0,9999.978051400534,8624.490728487786,6529,2562,33301400,False,2681.814268,1306.3269450872524,0.48710567345197386,48.71056734519739
3625,1371.9638989893256,1191.01423890593,2562.978137895256,11190.999,9999.98476109407,8628.020862104746,39687,2558,33182921,False,2682.056272,1310.0923730106742,0.4884656547618753,48.84656547618753
3626,1372.7806531103208,1191.01423890593,2563.7948920162507,11190.999,9999.98476109407,8627.204107983749,19778,2559,33222608,False,2683.399727,1310.6190738896792,0.48841738362809306,48.84173836280931
3627,1372.9298971892608,1191.01423890593,2563.944136095191,11190.999,9999.98476109407,8627.05486390481,3614,2560,33242386,False,2683.588317,1310.6584198107394,0.4883977216281566,48.839772162815656
3628,1372.9762727013388,1191.01423890593,2563.9905116072687,11190.999,9999.98476109407,8627.008488392732,1123,2561,33246000,False,2683.642017,1310.6657442986614,0.4883906780397757,48.83906780397757
3629,1373.4101707471118,1191.01423890593,2564.424409653042,11190.999,9999.98476109407,8626.574590346958,10507,2562,33247123,False,2684.281408,1310.871237252888,0.48835089843638635,48.835089843638634
3630,1373.7945134816705,1191.01423890593,2564.8087523876006,11190.999,9999.98476109407,8626.1902476124,9307,2563,33257630,False,2684.853202,1311.0586885183293,0.48831671226631534,48.831671226631535
3631,1374.9721541565832,1191.01423890593,2565.9863930625133,11190.999,9999.98476109407,8625.012606937487,28517,2564,33266937,False,2686.991529,1312.0193748434167,0.48828563867177593,48.82856386717759
3632,1375.2858805726617,1191.01423890593,2566.300119478592,11190.999,9999.98476109407,8624.69888052141,7597,2565,33295454,False,2687.433779,1312.1478984273383,0.48825310922287785,48.825310922287784
3633,1389.6299957723518,1194.031390595446,2583.6613863677976,11194.0,9999.968609404554,8610.338613632202,5782,2556,33644617,False,2684.776024,1295.146028227648,0.48240375236144767,48.240375236144764
3634,1390.0080202047309,1194.031390595446,2584.0394108001765,11194.0,9999.968609404554,8609.960589199824,9154,2557,33650399,False,2685.408919,1295.400898795269,0.4823849692424698,48.23849692424698
3635,1390.7975602006509,1194.031390595446,2584.828950796097,11194.0,9999.968609404554,8609.171049203902,19119,2558,33659553,False,2686.778207,1295.980646799349,0.4823549050021564,48.23549050021564
3636,1391.2360008166186,1194.031390595446,2585.2673914120646,11194.0,9999.968609404554,8608.732608587936,10617,2559,33678672,False,2687.455215,1296.2192141833814,0.4823221637140403,48.23221637140403
3637,1391.272919523473,1194.031390595446,2585.304310118919,11194.0,9999.968609404554,8608.69568988108,894,2560,33689289,False,2687.485189,1296.212269476527,0.4823142001980078,48.23142001980078
3638,1391.4733707573346,1194.031390595446,2585.5047613527804,11194.0,9999.968609404554,8608.49523864722,4854,2561,33690183,False,2687.793479,1296.3201082426654,0.4822990004146317,48.22990004146317
3639,1392.965068217067,1194.031390595446,2586.996458812513,11194.0,9999.968609404554,8607.003541187487,36122,2562,33695037,False,2690.779925,1297.8148567829328,0.4823192133719122,48.23192133719122
3640,1393.002193404385,1194.031390595446,2587.033583999831,11194.0,9999.968609404554,8606.966416000168,899,2563,33731159,False,2690.831083,1297.828889595615,0.48231525858125185,48.23152585812519
3641,1393.1069202954177,1194.031390595446,2587.138310890864,11194.0,9999.968609404554,8606.861689109137,2536,2564,33732058,False,2690.961979,1297.8550587045825,0.4823015222187881,48.23015222187881
3642,1393.3044808027917,1194.031390595446,2587.335871398238,11194.0,9999.968609404554,8606.664128601762,4784,2565,33734594,False,2691.234589,1297.9301081972085,0.48228055387750085,48.22805538775008
3643,1394.4183603106087,1197.004450901474,2591.4228112120827,11197.0,9999.995549098528,8605.577188787918,13358,2564,33752993,False,2689.068801,1294.6504406893912,0.48144935533369093,48.14493553336909
3644,1394.512226329267,1197.004450901474,2591.516677230741,11197.0,9999.995549098528,8605.48332276926,2273,2565,33766351,False,2689.174591,1294.662364670733,0.4814348495644897,48.143484956448965
3645,1394.5492689243997,1197.004450901474,2591.553719825873,11197.0,9999.995549098528,8605.446280174127,897,2566,33768624,False,2689.225365,1294.6760960756,0.48143086590126677,48.14308659012668
3646,1394.5861876312542,1197.004450901474,2591.590638532728,11197.0,9999.995549098528,8605.409361467273,894,2567,33769521,False,2689.279804,1294.6936163687456,0.4814276351769106,48.14276351769106
3647,1396.7694294589808,1197.004450901474,2593.7738803604548,11197.0,9999.995549098528,8603.226119639547,52868,2568,33770415,False,2694.149682,1297.3802525410194,0.48155462972566176,48.15546297256618
3648,1397.044915693239,1197.004450901474,2594.0493665947133,11197.0,9999.995549098528,8602.950633405288,6671,2569,33823283,False,2694.518135,1297.4732193067607,0.48152328331119615,48.15232833111961
3649,1397.2797665723017,1197.004450901474,2594.284217473776,11197.0,9999.995549098528,8602.715782526226,5687,2570,33829954,False,2694.85519,1297.5754234276985,0.4815009831484483,48.15009831484483
3650,1397.3821808821444,1197.004450901474,2594.386631783618,11197.0,9999.995549098528,8602.613368216382,2480,2571,33835641,False,2694.988986,1297.6068051178554,0.4814887229071056,48.14887229071056
3651,1396.4865925202257,1199.9997312716164,2596.486323791842,11199.999,9999.999268728385,8603.512676208156,20424,2568,33796010,False,2693.376121,1296.889528479774,0.4815107397619102,48.15107397619102
3652,1396.8529301583767,1199.9997312716164,2596.852661429993,11199.999,9999.999268728385,8603.146338570006,8871,2569,33816434,False,2693.905121,1297.052190841623,0.48147656750440665,48.14765675044067
3653,1397.3545537961425,1199.9997312716164,2597.3542850677586,11199.999,9999.999268728385,8602.644714932241,12147,2570,33825305,False,2694.640659,1297.2861052038577,0.4814319493291137,48.14319493291137
3654,1398.6128457400562,1199.9997312716164,2598.6125770116723,11199.999,9999.999268728385,8601.386422988327,30470,2571,33837452,False,2696.933467,1298.3206212599437,0.48140624792800785,48.140624792800786
3655,1398.7359906884235,1199.9997312716164,2598.73572196004,11199.999,9999.999268728385,8601.26327803996,2982,2572,33867922,False,2697.096639,1298.3606483115764,0.4813919640613873,48.13919640613873
3656,1398.87284593956,1199.9997312716164,2598.8725772111766,11199.999,9999.999268728385,8601.126422788822,3314,2573,33870904,False,2697.287014,1298.41416806044,0.48137782939714996,48.137782939714995
3657,1399.0893613534734,1199.9997312716164,2599.089092625089,11199.999,9999.999268728385,8600.90990737491,5243,2574,33874218,False,2697.566275,1298.4769136465268,0.4813512556411711,48.13512556411711
3658,1399.7454323778566,1199.9997312716164,2599.745163649473,11199.999,9999.999268728385,8600.253836350526,15887,2575,33879461,False,2698.588166,1298.8427336221434,0.48130453916106863,48.130453916106866
3659,1397.9332359428463,1203.043309727415,2600.9765456702607,11203.0,9999.956690272586,8602.02345432974,917,2573,33850548,False,2695.63842,1297.705184057154,0.4814092181017192,48.140921810171925
3660,1399.3684403477946,1203.043309727415,2602.411750075209,11203.0,9999.956690272586,8600.588249924791,34754,2574,33851465,False,2698.395518,1299.0270776522052,0.481407217358195,48.140721735819504
3661,1401.0813196799131,1203.043309727415,2604.124629407328,11203.0,9999.956690272586,8598.875370592672,41478,2575,33886219,False,2701.824212,1300.7428923200869,0.4814313553572104,48.143135535721036
3662,1401.4792075328703,1203.043309727415,2604.522517260285,11203.0,9999.956690272586,8598.477482739716,9635,2576,33927697,False,2702.384328,1300.9051204671298,0.4813916018488432,48.139160184884325
3663,1401.5288867323627,1203.043309727415,2604.5721964597774,11203.0,9999.956690272586,8598.427803540222,1203,2577,33937332,False,2702.437038,1300.9081512676373,0.4813833339963413,48.13833339963413
3664,1402.7479060921394,1203.043309727415,2605.791215819554,11203.0,9999.956690272586,8597.208784180446,29519,2578,33938535,False,2704.630668,1301.8827619078604,0.48135324993211254,48.135324993211256
3665,1403.2412705113693,1203.043309727415,2606.284580238784,11203.0,9999.956690272586,8596.715419761216,11947,2579,33968054,False,2705.363233,1302.1219624886307,0.48131132507655794,48.13113250765579
3666,1403.2783544025945,1203.043309727415,2606.321664130009,11203.0,9999.956690272586,8596.67833586999,898,2580,33980001,False,2705.414779,1302.1364245974057,0.48130750031561265,48.13075003156126
3667,1398.951225923464,1206.012557534899,2604.963783458363,11205.999,9999.9864424651,8601.035216541637,12947,2579,33863169,False,2703.226556,1304.275330076536,0.4824883534758142,48.24883534758142
3668,1400.010099035833,1206.012557534899,2606.0226565707326,11205.999,9999.9864424651,8599.976343429267,25641,2580,33876116,False,2705.040628,1305.0305289641672,0.48244396607420087,48.244396607420086
3669,1401.0980858935409,1206.012557534899,2607.11064342844,11205.999,9999.9864424651,8598.88835657156,26346,2581,33901757,False,2706.950541,1305.8524551064593,0.482407208897157,48.240720889715696
3670,1401.1354588574147,1206.012557534899,2607.1480163923143,11205.999,9999.9864424651,8598.850983607686,905,2582,33928103,False,2706.977668,1305.8422091425853,0.48239858960764254,48.23985896076425
3671,1401.3684514123067,1206.012557534899,2607.3810089472063,11205.999,9999.9864424651,8598.617991052794,5642,2583,33929008,False,2707.323844,1305.9553925876933,0.48237871338590155,48.23787133859015
3672,1401.4053288230689,1206.012557534899,2607.417886357968,11205.999,9999.9864424651,8598.581113642033,893,2584,33934650,False,2707.350854,1305.945525176931,0.48237025624050534,48.23702562405053
3673,1401.442288826016,1206.012557534899,2607.454846360916,11205.999,9999.9864424651,8598.544153639084,895,2585,33935543,False,2707.403317,1305.9610281739838,0.4823666352086337,48.236663520863374
3674,1401.486062684255,1206.012557534899,2607.4986202191544,11205.999,9999.9864424651,8598.500379780846,1060,2586,33936438,False,2707.455402,1305.969339315745,0.4823604253466277,48.23604253466277
3675,1403.1611973876657,1209.0236735436558,2612.1848709313217,11209.0,9999.976326456344,8596.815129068678,28708,2587,33949354,False,2706.620862,1303.4596646123346,0.481581917479632,48.1581917479632
3676,1403.5557815532086,1209.0236735436558,2612.5794550968644,11209.0,9999.976326456344,8596.420544903136,9555,2588,33978062,False,2707.200511,1303.6447294467914,0.48154716436768263,48.15471643676826
3677,1404.1709694458402,1209.0236735436558,2613.194642989496,11209.0,9999.976326456344,8595.805357010504,14897,2589,33987617,False,2708.174685,1304.0037155541597,0.4815065005875571,48.15065005875571
3678,1404.3394988000612,1209.0236735436558,2613.363172343717,11209.0,9999.976326456344,8595.636827656283,4081,2590,34002514,False,2708.398059,1304.058560199939,0.4814870383866048,48.14870383866048
3679,1404.7648898507423,1209.0236735436558,2613.788563394398,11209.0,9999.976326456344,8595.211436605601,10301,2591,34006595,False,2709.038066,1304.2731761492578,0.481452509847921,48.1452509847921
3680,1404.8559064390058,1209.0236735436558,2613.8795799826617,11209.0,9999.976326456344,8595.120420017338,2204,2592,34016896,False,2709.189309,1304.333402560994,0.4814478627344215,48.14478627344215
3681,1405.5512500475263,1209.0236735436558,2614.574923591182,11209.0,9999.976326456344,8594.425076408817,16838,2593,34019100,False,2710.388745,1304.837494952474,0.48142079152283146,48.142079152283145
3682,1407.2203555214055,1212.048640319091,2619.2689958404967,11211.999,9999.950359680908,8592.730004159503,31282,2594,34045074,False,2709.863631,1302.6432754785947,0.48070436481628054,48.07043648162805
3683,1407.570463795134,1212.048640319091,2619.6191041142247,11211.999,9999.950359680908,8592.379895885773,8478,2595,34076356,False,2710.365114,1302.7946502048662,0.48067127320797787,48.06712732079779
3684,1408.1605849595096,1212.048640319091,2620.209225278601,11211.999,9999.950359680908,8591.7897747214,14290,2596,34084834,False,2711.256798,1303.0962130404903,0.48062441521649263,48.06244152164926
3685,1408.2916174615789,1212.048640319091,2620.3402577806696,11211.999,9999.950359680908,8591.65874221933,3173,2597,34099124,False,2711.447605,1303.155987538421,0.48061263847966595,48.06126384796659
3686,1408.6719131790549,1212.048640319091,2620.720553498146,11211.999,9999.950359680908,8591.278446501854,9209,2598,34102297,False,2712.035277,1303.363363820945,0.4805849595226136,48.05849595226136
3687,1408.807901212245,1212.048640319091,2620.856541531336,11211.999,9999.950359680908,8591.142458468663,3293,2599,34111506,False,2712.246484,1303.4385827877547,0.4805752686848187,48.05752686848187
3688,1409.9052622829909,1212.048640319091,2621.953902602082,11211.999,9999.950359680908,8590.045097397917,26573,2600,34114799,False,2714.380439,1304.4751767170092,0.4805793462015916,48.05793462015916
3689,1409.9579560972486,1212.048640319091,2622.00659641634,11211.999,9999.950359680908,8589.99240358366,1276,2601,34141372,False,2714.440081,1304.4821249027516,0.4805713465674218,48.05713465674218
3690,1410.20759097749,1212.048640319091,2622.256231296581,11211.999,9999.950359680908,8589.742768703418,6045,2602,34142648,False,2714.849238,1304.6416470225097,0.48055767840118635,48.055767840118634
3691,1410.4561108632292,1212.048640319091,2622.5047511823204,11211.999,9999.950359680908,8589.494248817678,6018,2603,34148693,False,2715.224941,1304.7688301367707,0.4805380248371734,48.05380248371734
3692,1410.9978743030783,1212.048640319091,2623.046514622169,11211.999,9999.950359680908,8588.95248537783,13119,2604,34154711,False,2716.14801,1305.1501356969216,0.4805151011254801,48.051510112548016
3693,1411.7227033217714,1212.048640319091,2623.771343640862,11211.999,9999.950359680908,8588.227656359137,17552,2605,34167830,False,2717.408929,1305.6862256782288,0.4804894146567473,48.04894146567473
3694,1411.99311013663,1215.0755866378029,2627.068696774433,11215.0,9999.924413362198,8587.931303225567,6548,2606,34185382,False,2714.817534,1302.8244238633697,0.4798939183009453,47.98939183009453
3695,1412.1641172564118,1215.0755866378029,2627.2397038942145,11215.0,9999.924413362198,8587.760296105786,4141,2607,34191930,False,2715.090998,1302.9268807435883,0.4798833194553534,47.98833194553534
3696,1415.52760141289,1215.0755866378029,2630.603188050693,11215.0,9999.924413362198,8584.396811949307,81448,2608,34196071,False,2724.279625,1308.7520235871102,0.48040297023001455,48.04029702300146
3697,1415.5645201197444,1215.0755866378029,2630.640106757547,11215.0,9999.924413362198,8584.359893242454,894,2609,34277519,False,2724.331942,1308.7674218802554,0.4803993968956135,48.03993968956135
3698,1416.3572812108937,1215.0755866378029,2631.4328678486963,11215.0,9999.924413362198,8583.567132151304,19197,2610,34278413,False,2725.555668,1309.1983867891063,0.48034182613110593,48.034182613110595
3699,1419.636975595327,1215.0755866378029,2634.7125622331296,11215.0,9999.924413362198,8580.28743776687,79419,2611,34297610,False,2734.104299,1314.4673234046732,0.4807670738403945,48.07670738403945
3700,1422.6501862937062,1215.0755866378029,2637.725772931509,11215.0,9999.924413362198,8577.274227068492,72966,2612,34377029,False,2741.706593,1319.0564067062937,0.481107792523842,48.1107792523842
3701,1421.6789434900006,1218.0151294128414,2639.694072902842,11218.0,9999.98487058716,8578.305927097159,5113,2609,34421363,False,2738.985804,1317.3068605099993,0.48094694707296826,48.094694707296824
3702,1422.6676132448165,1218.0151294128414,2640.682742657658,11218.0,9999.98487058716,8577.317257342344,23941,2610,34426476,False,2740.643499,1317.9758857551833,0.4809001558342351,48.090015583423515
3703,1422.9294717684909,1218.0151294128414,2640.944601181332,11218.0,9999.98487058716,8577.05539881867,6341,2611,34450417,False,2740.986115,1318.0566432315093,0.4808695075171912,48.08695075171912
3704,1423.2876327802912,1218.0151294128414,2641.3027621931324,11218.0,9999.98487058716,8576.697237806868,8673,2612,34456758,False,2741.508197,1318.2205642197089,0.4808377248925325,48.08377248925325
3705,1423.5136875916137,1218.0151294128414,2641.528817004455,11218.0,9999.98487058716,8576.471182995545,5474,2613,34465431,False,2741.78494,1318.2712524083863,0.4808076786680382,48.08076786680382
3706,1424.4282308600714,1218.0151294128414,2642.4433602729127,11218.0,9999.98487058716,8575.556639727089,22146,2614,34470905,False,2743.285128,1318.8568971399286,0.48075822803787266,48.07582280378727
3707,1424.8296701769991,1218.0151294128414,2642.8447995898405,11218.0,9999.98487058716,8575.15520041016,9721,2615,34493051,False,2743.843165,1319.013494823001,0.4807175248381957,48.071752483819566
3708,1424.921512687116,1218.0151294128414,2642.9366420999577,11218.0,9999.98487058716,8575.063357900042,2224,2616,34502772,False,2743.975117,1319.0536043128839,0.4807090254357011,48.07090254357011
3709,1425.0401150652883,1218.0151294128414,2643.0552444781297,11218.0,9999.98487058716,8574.94475552187,2872,2617,34504996,False,2744.137097,1319.0969819347115,0.4806964576867537,48.069645768675365
3710,1425.2303248681658,1218.0151294128414,2643.245454281008,11218.0,9999.98487058716,8574.754545718994,4606,2618,34507868,False,2744.386018,1319.1556931318344,0.4806742508086318,48.06742508086318
3711,1425.2672435750203,1218.0151294128414,2643.282372987862,11218.0,9999.98487058716,8574.717627012138,894,2619,34512474,False,2744.412189,1319.1449454249798,0.48066575083447854,48.06657508344785
3712,1426.2617360789038,1218.0151294128414,2644.2768654917454,11218.0,9999.98487058716,8573.723134508255,24082,2620,34513368,False,2746.146936,1319.8851999210963,0.4806316743719558,48.06316743719558
3713,1426.6444682658482,1218.0151294128414,2644.6595976786894,11218.0,9999.98487058716,8573.340402321312,9268,2621,34537450,False,2746.670331,1320.0258627341516,0.48059129915804655,48.059129915804654
3714,1426.7285884066343,1218.0151294128414,2644.743717819476,11218.0,9999.98487058716,8573.256282180524,2037,2622,34546718,False,2746.772102,1320.0435135933656,0.4805799187461551,48.05799187461551
3715,1424.416585361936,1221.0154785887814,2645.4320639507177,11220.999,9999.98352141122,8575.566936049283,4246,2619,34488523,False,2744.016827,1319.6002416380638,0.48090092912468274,48.09009291246827
3716,1424.7886631569693,1221.0154785887814,2645.8041417457507,11220.999,9999.98352141122,8575.19485825425,9010,2620,34492769,False,2744.544702,1319.7560388430309,0.48086520065834615,48.08652006583461
3717,1424.82582964038,1221.0154785887814,2645.8413082291613,11220.999,9999.98352141122,8575.157691770839,900,2621,34501779,False,2744.596539,1319.77070935962,0.4808614638275691,48.08614638275691
3718,1424.8632851964394,1221.0154785887814,2645.878763785221,11220.999,9999.98352141122,8575.12023621478,907,2622,34502679,False,2744.6222,1319.7589148035604,0.48085267065301757,48.08526706530176
3719,1426.1671267305774,1221.0154785887814,2647.182605319359,11220.999,9999.98352141122,8573.816394680642,31573,2623,34503586,False,2747.025943,1320.8588162694227,0.48083230507351005,48.083230507351004
3720,1428.136372206044,1224.0310946206132,2652.1674668266573,11223.999,9999.967905379386,8571.831533173343,22541,2621,34560304,False,2745.572013,1317.435640793956,0.4798401333332487,47.98401333332487
3721,1429.326071340019,1224.0310946206132,2653.3571659606323,11223.999,9999.967905379386,8570.641834039367,28809,2622,34582845,False,2747.770971,1318.4448996599808,0.47982343272960537,47.982343272960534
3722,1429.5310238479824,1224.0310946206132,2653.562118468596,11223.999,9999.967905379386,8570.436881531405,4963,2623,34611654,False,2748.05327,1318.5222461520175,0.47980228787632545,47.98022878763255
3723,1429.5686858845052,1224.0310946206132,2653.5997805051184,11223.999,9999.967905379386,8570.39921949488,912,2624,34616617,False,2748.082331,1318.513645115495,0.4797940841298233,47.97940841298233
3724,1429.6237335760457,1224.0310946206132,2653.654828196659,11223.999,9999.967905379386,8570.344171803341,1333,2625,34617529,False,2748.168284,1318.5445504239542,0.47979032364961033,47.979032364961036
3725,1429.6611065399195,1224.0310946206132,2653.692201160533,11223.999,9999.967905379386,8570.306798839467,905,2626,34618862,False,2748.224591,1318.5634844600806,0.4797873830174459,47.97873830174459
3726,1429.7036415153784,1224.0310946206132,2653.734736135992,11223.999,9999.967905379386,8570.264263864008,1030,2627,34619767,False,2748.28094,1318.5772984846217,0.47978257218660536,47.97825721866054
3727,1429.917803052009,1224.0310946206132,2653.9488976726225,11223.999,9999.967905379386,8570.050102327377,5186,2628,34620797,False,2748.608708,1318.6909049479912,0.47976669109351855,47.97666910935185
3728,1429.9624441281946,1224.0310946206132,2653.993538748808,11223.999,9999.967905379386,8570.005461251192,1081,2629,34625983,False,2748.665261,1318.7028168718055,0.47976115374341516,47.97611537434152
3729,1432.536223104382,1224.0310946206132,2656.567317724995,11223.999,9999.967905379386,8567.431682275004,62325,2630,34627064,False,2755.197354,1322.6611308956178,0.4800603953017653,48.00603953017653
3730,1432.6598223097683,1224.0310946206132,2656.6909169303817,11223.999,9999.967905379386,8567.308083069618,2993,2631,34689389,False,2755.380097,1322.720274690232,0.4800500214581581,48.00500214581581
3731,1429.7491085134177,1227.0312754125823,2656.780383926,11227.0,9999.968724587416,8570.219616074,7593,2631,34614305,False,2752.859014,1323.1099054865824,0.48063119061228554,48.063119061228555
3732,1429.7911479357642,1227.0312754125823,2656.822423348347,11227.0,9999.968724587416,8570.177576651653,1018,2632,34621898,False,2752.918189,1323.1270410642358,0.48062708378008967,48.06270837800896
3733,1430.0129492495405,1227.0312754125823,2657.0442246621237,11227.0,9999.968724587416,8569.955775337878,5371,2633,34622916,False,2753.25992,1323.2469707504595,0.48061098813745834,48.061098813745836
3734,1432.527468332734,1227.0312754125823,2659.558743745317,11227.0,9999.968724587416,8567.441256254684,60890,2634,34628287,False,2759.606805,1327.0793366672658,0.4808943557693778,48.08943557693778
3735,1432.5685166488563,1227.0312754125823,2659.599792061439,11227.0,9999.968724587416,8567.400207938561,994,2635,34689177,False,2759.66214,1327.0936233511436,0.4808898901483439,48.08898901483439
3736,1432.6926939995406,1227.0312754125823,2659.723969412123,11227.0,9999.968724587416,8567.276030587876,3007,2636,34690171,False,2759.83211,1327.1394160004593,0.48087686609329994,48.08768660932999
3737,1432.7999812483197,1227.0312754125823,2659.831256660902,11227.0,9999.968724587416,8567.168743339098,2598,2637,34693178,False,2759.971061,1327.1710797516805,0.48086412879663176,48.08641287966318
3738,1433.2297909809172,1227.0312754125823,2660.2610663935,11227.0,9999.968724587416,8566.7389336065,10408,2638,34695776,False,2760.621322,1327.3915310190828,0.4808307175058046,48.08307175058046
3739,1433.2722846602833,1227.0312754125823,2660.303560072866,11227.0,9999.968724587416,8566.696439927135,1029,2639,34706184,False,2760.675675,1327.4033903397167,0.4808255465719336,48.08255465719336
3740,1433.5532632748675,1227.0312754125823,2660.5845386874503,11227.0,9999.968724587416,8566.41546131255,6804,2640,34707213,False,2761.107362,1327.5540987251327,0.48080495419907276,48.08049541990728
3741,1434.717358831382,1227.0312754125823,2661.7486342439643,11227.0,9999.968724587416,8565.251365756036,28189,2641,34714017,False,2763.387947,1328.6705881686182,0.48081218187661806,48.081218187661804
3742,1435.0186138274717,1227.0312754125823,2662.049889240054,11227.0,9999.968724587416,8564.950110759946,7295,2642,34742206,False,2763.810686,1328.7920721725282,0.48078259444595267,48.07825944459527
3743,1433.707504181022,1230.0317301780744,2663.7392343590964,11229.999,9999.967269821926,8566.259765640903,3315,2641,34714437,False,2761.014356,1327.3068518189782,0.4807316010272053,48.07316010272053
3744,1433.8882571786758,1230.0317301780744,2663.9199873567504,11229.999,9999.967269821926,8566.07901264325,4377,2642,34717752,False,2761.307947,1327.419689821324,0.48072135209094957,48.07213520909496
3745,1435.018035682174,1230.0317301780744,2665.0497658602485,11229.999,9999.967269821926,8564.94923413975,27358,2643,34722129,False,2763.463286,1328.445250317826,0.48071753189118577,48.071753189118574
3746,1435.3892875553538,1230.0317301780744,2665.421017733428,11229.999,9999.967269821926,8564.577982266572,8990,2644,34749487,False,2764.028148,1328.638860444646,0.48068933791648427,48.068933791648426
3747,1435.7711938204443,1230.0317301780744,2665.802923998519,11229.999,9999.967269821926,8564.19607600148,9248,2645,34758477,False,2764.625267,1328.8540731795556,0.4806633611583626,48.066336115836265
3748,1435.96445953418,1230.0317301780744,2665.9961897122544,11229.999,9999.967269821926,8564.002810287746,4680,2646,34767725,False,2764.889063,1328.9246034658202,0.4806430106905957,48.06430106905957
3749,1436.3322838316672,1230.0317301780744,2666.3640140097414,11229.999,9999.967269821926,8563.634985990258,8907,2647,34772405,False,2765.448179,1329.1158951683328,0.4806150067324523,48.06150067324523
3750,1436.5162992206426,1230.0317301780744,2666.548029398717,11229.999,9999.967269821926,8563.450970601283,4456,2648,34781312,False,2765.718039,1329.2017397793572,0.48059915039638545,48.05991503963855
3751,1436.9374367737778,1230.0317301780744,2666.9691669518525,11229.999,9999.967269821926,8563.029833048147,10198,2649,34785768,False,2766.389091,1329.4516542262222,0.48057290948383885,48.05729094838389
3752,1436.9802608218854,1230.0317301780744,2667.01199099996,11229.999,9999.967269821926,8562.98700900004,1037,2650,34795966,False,2766.44334,1329.4630791781144,0.48056761544883636,48.056761544883635
3753,1430.2368153679506,1233.0102173553416,2663.2470327232923,11233.0,9999.989782644658,8569.752967276707,10167,2648,34623541,False,2764.091438,1333.8546226320493,0.48256530312078966,48.256530312078965
3754,1431.0266444365195,1233.0102173553416,2664.036861791861,11233.0,9999.989782644658,8568.963138208139,19126,2649,34633708,False,2765.439336,1334.4126915634804,0.48253189798536966,48.253189798536965
3755,1431.4343194634416,1233.0102173553416,2664.4445368187835,11233.0,9999.989782644658,8568.555463181216,9872,2650,34652834,False,2766.059292,1334.6249725365583,0.4825004931732889,48.250049317328894
3756,1431.5725787817291,1233.0102173553416,2664.5827961370705,11233.0,9999.989782644658,8568.41720386293,3348,2651,34662706,False,2766.227911,1334.6553322182708,0.48248205685112505,48.2482056851125
3757,1433.1685901715675,1236.0290732216893,2669.197663393257,11236.0,9999.970926778313,8566.802336606743,28440,2652,34676262,False,2765.42654,1332.2579498284324,0.48175495915665595,48.17549591566559
3758,1433.4048038216886,1236.0290732216893,2669.433877043378,11236.0,9999.970926778313,8566.566122956623,5720,2653,34704702,False,2765.751639,1332.3468351783115,0.4817304693562586,48.173046935625855
3759,1433.4513445181374,1236.0290732216893,2669.4804177398264,11236.0,9999.970926778313,8566.519582260175,1127,2654,34710422,False,2765.806085,1332.3547404818628,0.4817238445268164,48.17238445268164
3760,1433.6367639742637,1236.0290732216893,2669.665837195953,11236.0,9999.970926778313,8566.334162804047,4490,2655,34711549,False,2766.06684,1332.4300760257363,0.48170566840884305,48.170566840884305
3761,1433.8203664023124,1236.0290732216893,2669.8494396240017,11236.0,9999.970926778313,8566.150560375998,4446,2656,34716039,False,2766.35338,1332.5330135976876,0.4816929837061119,48.16929837061119
3762,1434.0722725676512,1236.0290732216893,2670.1013457893405,11236.0,9999.970926778313,8565.89865421066,6100,2657,34720485,False,2766.774421,1332.7021484323488,0.48168081153167086,48.16808115316709
3763,1434.1092738666912,1236.0290732216893,2670.13834708838,11236.0,9999.970926778313,8565.861652911619,896,2658,34726585,False,2766.834475,1332.725201133309,0.4816786884706245,48.16786884706245
3764,1435.6191829032948,1236.0290732216893,2671.648256124984,11236.0,9999.970926778313,8564.351743875017,36563,2659,34727481,False,2769.946267,1334.327084096705,0.48171587297317964,48.17158729731796
3765,1435.6631219459048,1236.0290732216893,2671.692195167594,11236.0,9999.970926778313,8564.307804832406,1064,2660,34764044,False,2770.025275,1334.3621530540952,0.48171479339808376,48.17147933980838
3766,1436.6545172428375,1236.0290732216893,2672.683590464527,11236.0,9999.970926778313,8563.316409535473,24007,2661,34765108,False,2771.738108,1335.0835907571625,0.48167739473788784,48.167739473788785
3767,1436.7354575844872,1236.0290732216893,2672.7645308061765,11236.0,9999.970926778313,8563.235469193824,1960,2662,34789115,False,2771.845187,1335.1097294155127,0.48166821714185176,48.166821714185176
3768,1437.1994191857302,1239.065539389951,2676.264958575681,11239.0,9999.93446061005,8562.73504142432,963,2663,34801347,False,2768.903965,1331.7045458142697,0.4809500663972178,48.09500663972178
3769,1438.2161289874748,1239.065539389951,2677.281668377426,11239.0,9999.93446061005,8561.718331622575,24620,2664,34802310,False,2770.835715,1332.6195860125254,0.48094500110502775,48.09450011050277
3770,1438.66671065469,1239.065539389951,2677.7322500446408,11239.0,9999.93446061005,8561.26774995536,10911,2665,34826930,False,2771.570885,1332.9041743453101,0.48092010980455585,48.09201098045558
3771,1439.504938743878,1239.065539389951,2678.570478133829,11239.0,9999.93446061005,8560.429521866172,20298,2666,34837841,False,2773.037579,1333.5326402561218,0.480892379661517,48.0892379661517
3772,1439.551025183307,1239.065539389951,2678.616564573258,11239.0,9999.93446061005,8560.383435426742,1116,2667,34858139,False,2773.09174,1333.5407148166928,0.48088589915048857,48.08858991504886
3773,1439.5886459237372,1239.065539389951,2678.654185313688,11239.0,9999.93446061005,8560.345814686312,911,2668,34859255,False,2773.14509,1333.5564440762628,0.480882319819863,48.088231981986304
3774,1440.1599773659443,1239.065539389951,2679.225516755895,11239.0,9999.93446061005,8559.774483244106,13835,2669,34860166,False,2774.038083,1333.8781056340556,0.48084347284501777,48.084347284501774
3775,1440.5558417103605,1239.065539389951,2679.6213811003117,11239.0,9999.93446061005,8559.37861889969,9586,2670,34874001,False,2774.672833,1334.1169912896396,0.4808195674180371,48.08195674180371
3776,1441.0508166772047,1239.065539389951,2680.116356067156,11239.0,9999.93446061005,8558.883643932844,11986,2671,34883587,False,2775.492465,1334.4416483227951,0.4807945491297867,48.07945491297867
3777,1441.0883548254494,1239.065539389951,2680.1538942154,11239.0,9999.93446061005,8558.8461057846,909,2672,34895573,False,2775.551003,1334.4626481745506,0.4807919749023436,48.07919749023436
3778,1442.4442707324552,1239.065539389951,2681.509810122406,11239.0,9999.93446061005,8557.490189877593,32834,2673,34896482,False,2778.346814,1335.9025432675448,0.4808264168231176,48.08264168231176
3779,1443.2421525390964,1239.065539389951,2682.3076919290475,11239.0,9999.93446061005,8556.692308070953,19321,2674,34929316,False,2779.787389,1336.5452364609037,0.4808084394331007,48.08084394331007
3780,1443.293194509647,1239.065539389951,2682.358733899598,11239.0,9999.93446061005,8556.641266100403,1236,2675,34948637,False,2779.848995,1336.5558004903528,0.4808015841487652,48.08015841487652
3781,1443.4986425707225,1239.065539389951,2682.564181960673,11239.0,9999.93446061005,8556.435818039326,4975,2676,34949873,False,2780.16746,1336.6688174292776,0.48078716000412347,48.07871600041235
3782,1443.5448116023372,1239.065539389951,2682.610350992288,11239.0,9999.93446061005,8556.389649007713,1118,2677,34954848,False,2780.25785,1336.7130383976628,0.4807874343013411,48.07874343013411
3783,1444.0909524280105,1239.065539389951,2683.156491817961,11239.0,9999.93446061005,8555.843508182039,13225,2678,34955966,False,2781.160892,1337.0699395719894,0.48075965091342493,48.075965091342496
3784,1444.1280776153285,1239.065539389951,2683.1936170052795,11239.0,9999.93446061005,8555.80638299472,899,2679,34969191,False,2781.220951,1337.0928733846713,0.48075751511361003,48.075751511361005
3785,1440.4422361594018,1242.0472025057716,2682.489438665173,11241.999,9999.951797494228,8559.509561334826,10095,2679,34870741,False,2778.925967,1338.4837308405984,0.48165505189242713,48.165505189242715
3786,1441.1473669418872,1242.0472025057716,2683.194569447659,11241.999,9999.951797494228,8558.804430552342,17075,2680,34880836,False,2780.079422,1338.9320550581126,0.48161647630011944,48.16164763001194
3787,1441.4422210436114,1242.0472025057716,2683.489423549383,11241.999,9999.951797494228,8558.509576450617,7140,2681,34897911,False,2780.482799,1339.0405779563885,0.4815856362923641,48.15856362923641
3788,1443.2571843168314,1242.0472025057716,2685.304386822603,11241.999,9999.951797494228,8556.694613177397,43950,2682,34905051,False,2784.268753,1341.0115686831684,0.48163869498526407,48.16386949852641
3789,1443.5646337268229,1242.0472025057716,2685.611836232594,11241.999,9999.951797494228,8556.387163767406,7445,2683,34949001,False,2784.699621,1341.1349872731773,0.4816084927650361,48.16084927650361
3790,1443.710656710534,1242.0472025057716,2685.7578592163054,11241.999,9999.951797494228,8556.241140783693,3536,2684,34956446,False,2784.889276,1341.1786192894658,0.4815913619430613,48.15913619430613
3791,1443.7578994405585,1242.0472025057716,2685.80510194633,11241.999,9999.951797494228,8556.19389805367,1144,2685,34959982,False,2784.94129,1341.1833905594417,0.48158408056043495,48.15840805604349
3792,1444.417604521097,1242.0472025057716,2686.4648070268686,11241.999,9999.951797494228,8555.534192973131,15975,2686,34961126,False,2785.961579,1341.5439744789028,0.4815371412840661,48.15371412840661
3793,1444.4551839654346,1242.0472025057716,2686.502386471206,11241.999,9999.951797494228,8555.496613528794,910,2687,34977101,False,2786.012823,1341.5576390345655,0.48153318892120744,48.153318892120744
3794,1444.4944978456645,1242.0472025057716,2686.541700351436,11241.999,9999.951797494228,8555.457299648564,952,2688,34978011,False,2786.06845,1341.5739521543358,0.48152942981509866,48.15294298150987
3795,1445.199587332057,1242.0472025057716,2687.2467898378286,11241.999,9999.951797494228,8554.75221016217,17074,2689,34978963,False,2787.195932,1341.996344667943,0.48148618805746124,48.148618805746125
3796,1445.4696224820818,1242.0472025057716,2687.5168249878534,11241.999,9999.951797494228,8554.482175012146,6539,2690,34996037,False,2787.590236,1342.1206135179182,0.48146266125675946,48.14626612567594
3797,1445.6663983636947,1245.0485010882614,2690.714899451956,11245.0,9999.951498911738,8554.285100548042,4765,2691,35002576,False,2784.840575,1339.1741766363054,0.4808800146975399,48.08800146975399
3798,1445.8628025804735,1245.0485010882614,2690.911303668735,11245.0,9999.951498911738,8554.088696331264,4756,2692,35007341,False,2785.132618,1339.2698154195266,0.4808639296972704,48.08639296972704
3799,1445.9012079466647,1245.0485010882614,2690.949709034926,11245.0,9999.951498911738,8554.050290965073,930,2693,35012097,False,2785.187375,1339.2861670533352,0.4808603468028198,48.08603468028198
3800,1446.7658242390744,1245.0485010882614,2691.814325327336,11245.0,9999.951498911738,8553.185674672663,20937,2694,35013027,False,2786.655024,1339.8891997609257,0.48082349204374486,48.08234920437449
3801,1447.9723308827693,1245.0485010882614,2693.020831971031,11245.0,9999.951498911738,8551.979168028969,29216,2695,35033964,False,2788.8541,1340.8817691172308,0.4808002573950465,48.08002573950465
3802,1448.287833030833,1245.0485010882614,2693.3363341190943,11245.0,9999.951498911738,8551.663665880904,7640,2696,35063180,False,2789.28205,1340.9942169691667,0.48076680412049644,48.07668041204964
3803,1448.364024321825,1245.0485010882614,2693.4125254100863,11245.0,9999.951498911738,8551.587474589913,1845,2697,35070820,False,2789.386584,1341.022559678175,0.48075894799606417,48.07589479960642
3804,1448.515704870233,1245.0485010882614,2693.5642059584943,11245.0,9999.951498911738,8551.435794041505,3673,2698,35072665,False,2789.573659,1341.057954129767,0.48073939535638804,48.07393953563881
3805,1448.785822612443,1245.0485010882614,2693.8343237007048,11245.0,9999.951498911738,8551.165676299295,6541,2699,35076338,False,2789.965368,1341.179545387557,0.4807154815505785,48.071548155057855
3806,1449.4553974591322,1245.0485010882614,2694.503898547394,11245.0,9999.951498911738,8550.496101452605,16214,2700,35082879,False,2791.028014,1341.5726165408678,0.48067328948740096,48.0673289487401
3807,1449.6833518907174,1245.0485010882614,2694.731852978979,11245.0,9999.951498911738,8550.268147021021,5520,2701,35099093,False,2791.388281,1341.7049291092826,0.4806586522705555,48.065865227055546
3808,1452.4897517569627,1245.0485010882614,2697.538252845224,11245.0,9999.951498911738,8547.461747154775,67958,2702,35104613,False,2798.579652,1346.0899002430372,0.4809903835615529,48.09903835615529
3809,1452.8938753199143,1245.0485010882614,2697.942376408176,11245.0,9999.951498911738,8547.057623591823,9786,2703,35172571,False,2799.152832,1346.258956680086,0.48095228716689303,48.095228716689306
3810,1452.95763648701,1248.0358464543776,2700.993482941388,11247.999,9999.963153545625,8547.005517058613,1544,2704,35182357,False,2796.232603,1343.27496651299,0.4803874202281412,48.03874202281412
3811,1453.8129198624742,1248.0358464543776,2701.848766316852,11247.999,9999.963153545625,8546.150233683149,20711,2705,35183901,False,2797.665588,1343.8526681375256,0.4803478564063196,48.03478564063196
3812,1453.888987265188,1248.0358464543776,2701.924833719566,11247.999,9999.963153545625,8546.074166280436,1842,2706,35204612,False,2797.771881,1343.8828937348121,0.4803404104749497,48.034041047494966
3813,1454.0271639912903,1248.0358464543776,2702.063010445668,11247.999,9999.963153545625,8545.935989554333,3346,2707,35206454,False,2797.95243,1343.9252660087095,0.4803245586304373,48.03245586304373
3814,1455.307053791675,1248.0358464543776,2703.3429002460525,11247.999,9999.963153545625,8544.656099753947,30993,2708,35209800,False,2800.422893,1345.115839208325,0.4803259688279963,48.03259688279963
3815,1456.10869354275,1248.0358464543776,2704.144539997128,11247.999,9999.963153545625,8543.854460002873,19412,2709,35240793,False,2801.767182,1345.65848845725,0.4802891893025429,48.028918930254285
3816,1461.117950880744,1248.0358464543776,2709.153797335121,11247.999,9999.963153545625,8538.84520266488,121301,2710,35260205,False,2818.959256,1357.841305119256,0.4816817774961328,48.16817774961328
3817,1461.6377035031956,1248.0358464543776,2709.6735499575734,11247.999,9999.963153545625,8538.325450042426,12586,2711,35381506,False,2819.686283,1358.0485794968045,0.48163109055235437,48.16310905523544
3818,1463.4011292527528,1248.0358464543776,2711.4369757071304,11247.999,9999.963153545625,8536.56202429287,42702,2712,35394092,False,2823.048186,1359.6470567472472,0.4816237510539068,48.16237510539068
3819,1463.530964168134,1248.0358464543776,2711.566810622512,11247.999,9999.963153545625,8536.432189377489,3144,2713,35436794,False,2823.200292,1359.669327831866,0.481605691131696,48.1605691131696
3820,1463.895484778207,1248.0358464543776,2711.931331232585,11247.999,9999.963153545625,8536.067668767417,8827,2714,35439938,False,2823.667184,1359.771699221793,0.4815623126290485,48.156231262904846
3821,1464.666400236329,1251.0109012165617,2715.677301452891,11250.999,9999.98809878344,8535.32169854711,17132,2715,35450301,False,2821.711477,1357.0450767636707,0.48092977890370997,48.092977890370996
3822,1464.711206496885,1251.0109012165617,2715.7221077134477,11250.999,9999.98809878344,8535.276892286553,1085,2716,35467433,False,2821.760246,1357.0490395031147,0.4809228712562686,48.09228712562686
3823,1464.753906656715,1251.0109012165617,2715.7648078732764,11250.999,9999.98809878344,8535.234192126723,1034,2717,35468518,False,2821.808736,1357.054829343285,0.48091665888984086,48.09166588898409
3824,1464.8287351766485,1251.0109012165617,2715.8396363932097,11250.999,9999.98809878344,8535.15936360679,1812,2718,35469552,False,2821.907147,1357.0784118233514,0.48090824436448104,48.0908244364481
3825,1465.4260005650574,1251.0109012165617,2716.436901781619,11250.999,9999.98809878344,8534.562098218381,14463,2719,35471364,False,2822.73925,1357.3132494349427,0.4808496744553868,48.08496744553868
3826,1465.8926051162318,1251.0109012165617,2716.9035063327938,11250.999,9999.98809878344,8534.095493667206,11299,2720,35485827,False,2823.397734,1357.5051288837683,0.48080548926436456,48.08054892643646
3827,1466.1146955026568,1251.0109012165617,2717.1255967192183,11250.999,9999.98809878344,8533.873403280782,5378,2721,35497126,False,2823.660947,1357.546251497343,0.48077523363407665,48.077523363407664
3828,1466.1521097626237,1251.0109012165617,2717.163010979185,11250.999,9999.98809878344,8533.835989020816,906,2722,35502504,False,2823.70908,1357.5569702373764,0.4807708343089566,48.07708343089566
3829,1466.3044510485145,1251.0109012165617,2717.3153522650764,11250.999,9999.98809878344,8533.683647734924,3689,2723,35503410,False,2823.885399,1357.5809479514853,0.48074930676444405,48.0749306764444
3830,1466.650264528604,1251.0109012165617,2717.661165745166,11250.999,9999.98809878344,8533.337834254835,8374,2724,35507099,False,2824.350178,1357.699913471396,0.4807123153662272,48.07123153662272
3831,1464.7956983025056,1254.0299125069023,2718.8256108094083,11254.0,9999.970087493097,8535.174389190592,14212,2720,35456352,False,2822.186746,1357.3910476974943,0.4809713778230232,48.09713778230232
3832,1465.4096473123568,1254.0299125069023,2719.43955981926,11254.0,9999.970087493097,8534.56044018074,14867,2721,35470564,False,2823.095562,1357.6859146876432,0.4809209907601573,48.092099076015735
3833,1465.9413758016851,1254.0299125069023,2719.971288308588,11254.0,9999.970087493097,8534.028711691411,12876,2722,35485431,False,2823.833127,1357.8917511983148,0.4808682702298771,48.08682702298771
3834,1465.9824654139002,1254.0299125069023,2720.0123779208025,11254.0,9999.970087493097,8533.987622079196,995,2723,35498307,False,2823.88379,1357.9013245860997,0.48086303317251583,48.086303317251584
3835,1466.7541242016905,1254.0299125069023,2720.784036708593,11254.0,9999.970087493097,8533.215963291406,18686,2724,35499302,False,2825.114599,1358.3604747983095,0.4808160615074254,48.08160615074254
3837,1468.0027941560102,1254.0299125069023,2722.0327066629125,11254.0,9999.970087493097,8531.967293337086,28564,2726,35519661,False,2827.297791,1359.2949968439898,0.48077531881182367,48.07753188118237
3838,1468.6037761927605,1254.0299125069023,2722.633688699663,11254.0,9999.970087493097,8531.366311300337,14553,2727,35548225,False,2828.198032,1359.5942558072393,0.480728096273295,48.0728096273295
3839,1469.3300918707896,1254.0299125069023,2723.3600043776923,11254.0,9999.970087493097,8530.639995622307,17588,2728,35562778,False,2829.320023,1359.9899311292106,0.4806773076476441,48.06773076476441
3840,1469.4048790946304,1254.0299125069023,2723.434791601533,11254.0,9999.970087493097,8530.565208398466,1811,2729,35580366,False,2829.423083,1360.0182039053698,0.48066979168889806,48.06697916888981
3841,1469.7750985654932,1254.0299125069023,2723.805011072396,11254.0,9999.970087493097,8530.194988927604,8965,2730,35582177,False,2829.940785,1360.1656864345066,0.480633974266888,48.063397426688795
3842,1469.8132148590355,1254.0299125069023,2723.843127365938,11254.0,9999.970087493097,8530.156872634061,923,2731,35591142,False,2829.991525,1360.1783101409644,0.48062981748362815,48.062981748362816
3843,1470.541801822162,1254.0299125069023,2724.571714329065,11254.0,9999.970087493097,8529.428285670934,17643,2732,35592065,False,2831.139476,1360.597674177838,0.48058306053510663,48.05830605351066
3845,1471.5216342131448,1254.0299125069023,2725.551546720048,11254.0,9999.970087493097,8528.448453279952,915,2734,35632520,False,2832.756899,1361.2352647868552,0.4805337391526216,48.053373915262156
3847,1473.8737357638338,1254.0299125069023,2727.903648270736,11254.0,9999.970087493097,8526.096351729262,56062,2736,35634330,False,2838.055609,1364.1818732361662,0.48067482149049257,48.067482149049255
3851,1470.116534659759,1257.0425526371482,2727.1590872969077,11257.0,9999.957447362853,8529.840912703094,7665,2739,35591745,False,2836.806401,1366.6898663402408,0.48177058041693305,48.17705804169331
