request_id,estimated_ttft,current_time,estimated_completion_time,deadline,time_until_deadline,slack,remaining_prefill_tokens,queue_position,ahead_prefill_tokens,is_violation,actual_ttft,absolute_error,relative_error,percent_error
1,0.3002225937726622,0.1858782279002065,0.4861008216728687,1000000.185878228,1000000.0,999999.6997774062,7270,0,0,False,0.364484,0.06426140622733778,0.17630789342560382,17.630789342560384
2,0.3023699905919439,0.2729136274337652,0.5752836180257093,1000000.258105442,999999.9851918144,999999.682821824,7322,0,0,False,0.659053,0.3566830094080561,0.5412053498095845,54.120534980958446
3,0.6011885172135373,0.5230951625556621,1.1242836797691993,1000000.5026239188,999999.9795287562,999999.378340239,7236,1,7322,False,0.77776,0.17657148278646273,0.2270256670264127,22.70256670264127
4,0.393386578855348,0.6711418221760002,1.0645284010313485,1000000.6520286474,999999.9808868252,999999.5875002464,2290,1,7236,False,0.748182,0.354795421144652,0.4742100466793534,47.42100466793534
5,0.6725481653619775,0.6711418221760002,1.3436899875379775,1000000.664392615,999999.9932507928,999999.3207026277,6760,2,9526,False,1.074833,0.40228483463802245,0.3742765942597803,37.427659425978035
6,0.5733549507482313,1.0617157435468456,1.6350706942950768,1000001.039392615,999999.9776768716,999999.4043219208,4834,2,9050,False,0.952041,0.37868604925176874,0.39776233297911406,39.7762332979114
7,1.5289878314212957,1.2230920057271837,2.7520798371484787,1000001.218377168,999999.9952851624,999998.4662973308,23141,3,13884,False,2.235012,0.7060241685787045,0.3158927865168977,31.589278651689767
8,2.265627532620298,1.423599124026301,3.689226656646599,1000001.4111371431,999999.9875380192,999997.7219104866,26888,2,27975,False,3.850807,1.5851794673797022,0.4116486407601581,41.16486407601581
9,2.699153913559144,1.4474786917336908,4.146632605292834,1000001.4282741653,999999.9807954736,999997.28164156,10498,3,54863,False,4.429854,1.730700086440856,0.39069009643226527,39.06900964322653
10,3.4197707307988896,1.5217819862158597,4.9415527170147495,1000001.5030915344,999999.981309548,999996.5615388172,17450,4,65361,False,5.446353,2.0265822692011106,0.3720989567149082,37.20989567149082
11,3.979085010036433,1.573356308062639,5.552441318099072,1000001.5610044051,999999.9876480972,999996.0085630872,13544,5,82811,False,6.20066,2.221574989963567,0.35828040724109483,35.828040724109485
12,7.379198800720358,1.9105899294747049,9.289788730195063,1000001.887764615,999999.9771746856,999992.5979758848,87169,5,91521,False,15.851677,8.472478199279642,0.5344846604734402,53.44846604734402
13,6.6847224101461,2.0388017251316533,8.723524135277753,1000002.016820333,999999.9780186078,999993.2932961975,6324,5,155549,False,16.060578,9.375855589853899,0.5837807076341772,58.378070763417725
14,6.767810148615233,2.2472312098947707,9.015041358510004,1000002.2331027872,999999.9858715774,999993.2180614287,2012,6,161873,False,15.949631,9.181820851384767,0.5756760674516399,57.56760674516399
15,7.070262731392534,2.3323622394169394,9.402624970809471,1000002.3063445298,999999.9739822904,999992.9037195592,7324,7,163885,False,16.3033,9.233037268607466,0.5663293485740596,56.63293485740596
16,7.459189332238604,2.361582335764329,9.820771668002934,1000002.3385676678,999999.976985332,999992.5177959998,9418,8,171209,False,16.830689,9.371499667761395,0.556810221361787,55.681022136178704
17,7.496975257039427,2.4515118763904984,9.948487133429923,1000002.439661214,999999.9881493376,999992.4911740804,915,9,180627,False,16.755452,9.258476742960571,0.5525650243849328,55.256502438493285
18,8.027464863587381,2.4515118763904984,10.47897673997788,1000002.4479042868,999999.9963924102,999991.9689275466,12846,10,181542,False,17.563801,9.53633613641262,0.5429540073024409,54.29540073024409
19,8.87428254005261,2.674202653862226,11.548485193914836,1000002.6676691304,999999.9934664764,999991.1191839364,20506,11,194388,False,18.734709,9.860426459947389,0.5263186345700587,52.63186345700587
20,9.56016934334974,2.8097978516677844,12.369967195017525,1000002.79251423,999999.9827163784,999990.4225470348,16609,12,214894,False,19.698378,10.138208656650262,0.5146722566015466,51.46722566015466
21,10.648445273706132,2.988052790346447,13.63649806405258,1000002.9699117526,999999.9818589622,999989.3334136883,26353,13,231503,False,21.437578,10.789132726293866,0.5032813280629868,50.328132806298676
22,10.898658299245136,3.024735163813837,13.923393463058972,1000003.02463304,999999.9998978762,999989.1012395768,6059,14,257856,False,21.719714,10.821055700754863,0.4982135446514104,49.821354465141034
23,11.144535235052896,3.4124405624877334,14.55697579754063,1000003.39963304,999999.9871924774,999988.8426572424,5954,15,263915,False,21.679625,10.535089764947106,0.4859442801684579,48.59442801684579
24,10.502422289994971,3.68103570656963,14.183457996564602,1000003.6791404224,999999.998104716,999989.495682426,11339,15,242981,False,22.079803,11.577380710005027,0.5243425727124933,52.43425727124933
25,11.128966608113103,3.8831279847133584,15.012094592826465,1000003.8674912796,999999.9843632948,999988.8553966868,15172,16,254320,False,22.891702,11.762735391886896,0.5138427624073953,51.38427624073954
26,13.025365776094976,3.913528312740748,16.938894088835724,1000003.894549316,999999.9810210032,999986.9556552272,45922,17,269492,False,26.91576,13.890394223905023,0.5160691811750819,51.606918117508194
27,13.06885056168543,3.975595867739528,17.04444642942496,1000003.9731381342,999999.9975422664,999986.9286917048,1053,18,315414,False,26.89156,13.822709438314568,0.5140166445648586,51.40166445648586
28,13.30465125087964,4.0071008009509175,17.31175205183056,1000003.9787371494,999999.9716363484,999986.6669850976,5710,19,316467,False,27.236818,13.93216674912036,0.5115196183754049,51.1519618375405
29,13.603552369686591,4.0071008009509175,17.61065317063751,1000003.9996844204,999999.9925836192,999986.3890312496,7238,20,322177,False,27.632361,14.028808630313408,0.5076948955000048,50.76948955000048
30,14.03117340937241,4.170733854335865,18.201907263708275,1000004.1433104132,999999.9725765588,999985.9414031496,10355,21,329415,False,28.111704,14.080530590627589,0.500877876013051,50.0877876013051
31,14.09216773825855,4.3438463460568135,18.436014084315364,1000004.314005344,999999.970158998,999985.8779912598,1477,22,339770,False,28.017873,13.925705261741452,0.4970293520047525,49.70293520047525
32,14.72672349835631,4.718740332104425,19.44546383046073,1000004.689005344,999999.970265012,999985.2435415136,15366,23,341247,False,28.634779,13.908055501643691,0.4857050058477382,48.57050058477382
33,14.883896427090663,4.758279331747815,19.64217575883848,1000004.7382886052,999999.9800092736,999985.0961128464,3806,24,356613,False,28.77737,13.893473572909338,0.48279163707139805,48.2791637071398
34,15.246145752066427,4.798110470399204,20.04425622246563,1000004.7961342824,999999.998023812,999984.75187806,8772,25,360419,False,29.246017,13.999871247933571,0.47869326096382875,47.86932609638288
35,16.326286352165155,4.878732688309984,21.20501904047514,1000004.875389349,999999.9966566608,999983.6703703086,26156,26,369191,False,31.031592,14.705305647834845,0.4738817669372182,47.38817669372182
36,17.013246853871927,4.919856162065374,21.9331030159373,1000004.901647924,999999.981791762,999982.9685449082,16635,27,395347,False,32.110112,15.096865146128074,0.4701592179475448,47.015921794754476
37,17.107938794383717,4.919856162065374,22.02779495644909,1000004.919044405,999999.999188243,999982.8912494484,2293,28,411982,False,32.199715,15.09177620561628,0.4686928504061692,46.86928504061692
38,17.153777457256847,5.003207190472153,22.156984647729,1000004.9997569844,999999.996549794,999982.8427723368,1110,29,414275,False,32.171151,15.017373542743155,0.4667962779057285,46.679627790572845
39,17.30359968149443,5.045608757539543,22.349208439033973,1000005.0319268552,999999.9863180976,999982.682718416,3628,30,415385,False,32.354059,15.05045931850557,0.4651799429093447,46.517994290934475
40,17.387761118373202,5.1742029632537125,22.561964081626915,1000005.1704392463,999999.9962362832,999982.6084751647,2038,31,419013,False,32.320899,14.933137881626795,0.4620273056645731,46.20273056645731
41,17.032779905708857,5.261944201196491,22.29472410690535,1000005.2422824372,999999.980338236,999982.9475583304,1902,31,410553,False,32.353723,15.320943094291145,0.4735449794847766,47.35449794847766
42,17.61261834300761,5.466395194055608,23.07901353706322,1000005.4657619812,999999.999366787,999982.386748444,14041,32,412455,False,33.022976,15.410357656992389,0.4666556296135269,46.66556296135269
43,18.11209458395401,5.638938680043946,23.75103326399796,1000005.6163690896,999999.9774304096,999981.8653358256,12095,33,426496,False,33.635854,15.52375941604599,0.4615241645431684,46.15241645431684
44,18.15611621874929,5.669047338055336,23.825163556804625,1000005.663181526,999999.994134188,999981.8380179692,1066,34,438591,False,33.669848,15.513731781250712,0.46076037472015646,46.07603747201565
45,17.832561332613277,5.9064533399384525,23.73901467255173,1000005.8863488928,999999.9798955529,999982.1473342202,9615,34,422207,False,34.024622,16.192060667386723,0.475892448338933,47.589244833893304
46,18.657492079958903,6.09055432925018,24.74804640920908,1000006.0905423962,999999.999988067,999981.342495987,19976,35,431822,False,35.1927,16.5352079200411,0.4698476649998749,46.984766499987494
47,18.92694908468609,6.176227990708349,25.103177075394434,1000006.151813776,999999.9755857852,999981.0486367004,6525,36,451798,False,35.544091,16.617141915313912,0.46750785989474064,46.75078598947407
48,18.964032975911376,6.205701703183739,25.169734679095114,1000006.1943310626,999999.9886293594,999981.0245963834,898,37,458323,False,35.528826,16.564793024088626,0.46623530493488935,46.623530493488936
49,19.186660211541145,6.358590821592688,25.545251033133837,1000006.3377389752,999999.9791481534,999980.792487942,5391,38,459221,False,35.699215,16.512554788458857,0.4625467195415601,46.25467195415601
50,20.162528177626672,6.358590821592688,26.52111899921936,1000006.3565558651,999999.9979650436,999979.835436866,23631,39,464612,False,37.389086,17.226557822373326,0.4607376019401311,46.07376019401311
51,21.74759610290536,6.390362981940077,28.13795908484544,1000006.3844344666,999999.9940714848,999978.2464753818,38383,40,488243,False,40.546388,18.79879189709464,0.4636366597462305,46.363665974623046
52,22.059092529979257,6.390362981940077,28.44945551191933,1000006.3853581548,999999.9949951728,999977.9359026428,7543,41,526626,False,40.985219,18.926126470020744,0.46177931780773807,46.177931780773804
53,22.429683665676077,6.588650063448416,29.01833372912449,1000006.5786216723,999999.9899716089,999977.5602879432,8974,42,534169,False,41.355976,18.92629233432392,0.45764346933376504,45.7643469333765
54,23.430948728758874,6.728455680965976,30.15940440972485,1000006.7152691276,999999.9868134466,999976.5558647178,24246,43,543143,False,42.963324,19.532375271241126,0.4546290522409562,45.46290522409562
55,24.081816445464643,6.874500717729249,30.95631716319389,1000006.8679367132,999999.9934359957,999975.91161955,15761,44,567389,False,43.878064,19.79624755453536,0.4511650184596877,45.11650184596877
56,24.666445229514103,7.077370127904977,31.74381535741908,1000007.05761759,999999.980247462,999975.3138022324,27701,44,569606,False,45.805431,21.138985770485895,0.4614951831909604,46.14951831909604
57,25.12239538877737,7.159687176755146,32.28208256553252,1000007.1343901312,999999.9747029544,999974.8523075656,11041,45,597307,False,46.45237,21.32997461122263,0.45917946944844,45.917946944844005
58,25.32210329297057,7.245833582149316,32.56793687511989,1000007.2395209932,999999.993687411,999974.671584118,4836,46,608348,False,46.594882,21.272778707029428,0.4565475389985842,45.65475389985842
59,25.41914911076504,7.275396499360705,32.69454561012574,1000007.2583443515,999999.9829478523,999974.5637987416,2350,47,613184,False,46.707337,21.288187889234962,0.45577824077692464,45.57782407769246
60,25.45771966132676,7.275396499360705,32.73311616068746,1000007.2735489496,999999.9981524504,999974.5404327892,934,48,615534,False,46.747576,21.289856338673243,0.4554216102814238,45.54216102814238
61,26.03920994233265,7.429014404713654,33.4682243470463,1000007.4115282982,999999.9825138934,999973.9433039512,14081,49,616468,False,47.528911,21.48970105766735,0.4521395631738196,45.21395631738196
62,26.366894437736512,7.492774635808433,33.85966907354494,1000007.4911468892,999999.9983722534,999973.6314778156,7935,50,630549,False,47.95083,21.58393556226349,0.4501264224678382,45.01264224678382
63,26.9403319806701,7.624021337741992,34.56435331841209,1000007.5952659104,999999.9712445724,999973.0309125918,13886,51,638484,False,48.69175,21.7514180193299,0.4467167029184595,44.67167029184595
64,23.377676769203617,7.78655882786294,31.16423559706656,1000007.7762865232,999999.9897276952,999976.612050926,898,51,565201,False,48.56234,25.18466323079638,0.5186048125110195,51.86048125110195
65,24.190962018413902,7.917954460703889,32.108916479117795,1000007.9021723352,999999.9842178744,999975.793255856,19694,52,566099,False,49.76789,25.5769279815861,0.5139242990125983,51.39242990125983
66,24.322448777502235,8.031337642381448,32.35378641988368,1000008.0029840508,999999.9716464084,999975.6491976308,3184,53,585793,False,49.829019,25.506570222497768,0.5118818458476528,51.18818458476528
67,24.431924719192928,8.120937516447619,32.552862235640546,1000008.105381584,999999.9844440676,999975.5525193482,2651,54,588977,False,49.858544,25.426619280807074,0.5099751665593578,50.99751665593578
68,25.387640192051347,8.151498194683008,33.53913838673435,1000008.1506733242,999999.9991751296,999974.6115349376,23143,55,591628,False,51.441901,26.054260807948655,0.506479354406997,50.6479354406997
69,25.6321956528934,8.182526820438397,33.8147224733318,1000008.1545861608,999999.9720593404,999974.3398636874,5922,56,614771,False,51.777013,26.144817347106596,0.5049502826110613,50.495028261106135
70,25.98028041808044,8.245652185869178,34.225932603949616,1000008.2263328864,999999.9806807004,999974.0004002824,8429,57,620693,False,52.201933,26.221652581919557,0.5023119082950349,50.23119082950349
71,26.32518538413123,8.277839879272568,34.6030252634038,1000008.256525714,999999.9786858348,999973.6535004504,8352,58,629122,False,52.636697,26.311511615868767,0.4998701118322217,49.987011183222165
72,26.82730457500906,8.343143771935347,35.170448346944404,1000008.3221684668,999999.9790246948,999973.1517201198,12159,59,637474,False,53.333337,26.50603242499094,0.4969880738006501,49.698807380065006
73,27.99243253384013,8.583440621727076,36.57587315556721,1000008.5621770234,999999.9787364017,999971.9863038678,28214,60,649633,False,55.184749,27.192316466159866,0.49275056893272934,49.27505689327293
74,29.102925762057552,8.619256564218466,37.72218232627602,1000008.5954887874,999999.9762322232,999970.8733064611,26891,61,677847,False,57.115958,28.013032237942447,0.49045894035328,49.045894035328004
75,29.191010327740784,8.619256564218466,37.81026689195925,1000008.6029977172,999999.983741153,999970.7927308253,2133,62,704738,False,57.214885,28.02387467225922,0.4898004194583143,48.98004194583143
76,30.695096615276945,8.655511311189855,39.3506079264668,1000008.6443012158,999999.9887899046,999969.2936932894,36422,63,706871,False,60.059286,29.364189384723055,0.48892005450619336,48.89200545061934
77,30.753902251251123,8.692076051633245,39.44597830288437,1000008.6877468148,999999.9956707632,999969.241768512,1424,64,743293,False,60.091678,29.33777574874888,0.48821694992023484,48.82169499202348
78,31.501031159990465,8.842420348300518,40.34345150829098,1000008.823304617,999999.9808842686,999968.4798531086,18092,65,744717,False,61.125105,29.624073840009533,0.48464659226367846,48.46465922636784
79,32.951597711415296,8.959060107678686,41.910657819093984,1000008.9250868782,999999.9660267704,999967.0144290592,35126,66,762809,False,63.721778,30.770180288584704,0.48288326619801325,48.288326619801325
80,32.99099418383058,9.120067057420243,42.11106124125082,1000009.1165875944,999999.9965205368,999967.005526353,954,67,797935,False,63.580993,30.58999881616942,0.48111860750852725,48.11186075085273
81,33.64561984497009,9.286858108025806,42.932477952995896,1000009.253034808,999999.9661767,999966.320556855,15852,68,798889,False,64.454214,30.8085941550299,0.47799193013244884,47.79919301324488
82,34.027278333504746,9.329676801493196,43.35695513499794,1000009.3182257398,999999.9885489384,999965.9612706047,9242,69,814741,False,64.919019,30.89174066649526,0.47585039241728616,47.585039241728616
83,34.561112923559655,9.548897129630143,44.1100100531898,1000009.5284905155,999999.979593386,999965.4184804624,12927,70,823983,False,65.510626,30.949513076440347,0.4724350073595747,47.243500735957475
84,35.2961420771442,9.593715279353534,44.88985735649773,1000009.5513266566,999999.9576113772,999964.6614693,17799,71,836910,False,66.617956,31.32181392285581,0.47017074379850093,47.017074379850094
85,35.62791488572323,9.593715279353534,45.22163016507676,1000009.5541984022,999999.9604831228,999964.3325682372,8034,72,854709,False,67.103848,31.47593311427677,0.4690630128137625,46.90630128137625
86,36.07197177029509,9.593715279353534,45.66568704964863,1000009.5659938116,999999.9722785322,999963.900306762,10753,73,862743,False,67.718382,31.646410229704912,0.46732377967484384,46.73237796748438
87,36.25949732714814,9.731076301323702,45.99057362847184,1000009.7261722652,999999.995095964,999963.7355986368,4541,74,873496,False,67.798258,31.538760672851865,0.46518541336050057,46.518541336050056
88,38.02374899855882,9.82450564627448,47.8482546448333,1000009.803630834,999999.9791251876,999961.9553761892,42722,75,878037,False,71.270392,33.24664300144118,0.4664860409557054,46.64860409557054
89,38.45735797168303,9.87154174927787,48.328899720960905,1000009.8256144036,999999.9540726542,999961.4967146826,10500,76,920759,False,71.872252,33.41489402831697,0.4649206487688318,46.492064876883184
90,39.01964556959342,9.91913816664926,48.93878373624269,1000009.912519268,999999.9933811014,999960.9737355318,13616,77,931259,False,72.623547,33.60390143040658,0.4627135800790146,46.27135800790146
91,41.0804031864357,9.96697069384465,51.047373880280354,1000009.9331746128,999999.9662039188,999958.8858007324,49902,78,944875,False,77.08014,35.9997368135643,0.4670429609178745,46.70429609178745
92,41.7853687845503,10.112813200614818,51.89818198516512,1000010.0821473624,999999.969334162,999958.1839653774,17071,79,994777,False,78.045069,36.2597002154497,0.46459950231384506,46.459950231384504
93,42.65646856351049,10.162221700674207,52.818690264184696,1000010.1560064522,999999.9937847516,999957.337316188,21094,80,1011848,False,79.407435,36.75096643648952,0.4628151814309267,46.28151814309267
94,43.86499871574665,10.262027071736986,54.12702578748364,1000010.2159669894,999999.9539399176,999956.088941202,29265,81,1032942,False,81.505207,37.64020828425335,0.46181354136372355,46.181354136372356
95,44.58573942126444,10.262027071736986,54.84776649300142,1000010.2608216654,999999.9987945936,999955.4130551724,17453,82,1062207,False,82.6148,38.02906057873556,0.4603177708925708,46.03177708925708
96,47.98341674248033,10.414614619403157,58.39803136188348,1000010.3851987068,999999.9705840872,999951.9871673448,82276,83,1079660,False,91.770098,43.786681257519675,0.47713451561879855,47.71345156187986
97,49.05897347629175,10.466276286054544,59.52524976234629,1000010.4413391224,999999.9750628364,999950.91608936,26045,84,1161936,False,93.602886,44.54391252370825,0.4758818282986301,47.588182829863015
98,54.04064502437669,10.466276286054544,64.50692131043124,1000010.45280556,999999.986529274,999945.9458842496,120633,85,1187981,False,110.585243,56.54459797562332,0.5113213702087115,51.13213702087115
99,54.09523845889766,10.517691097025931,64.6129295559236,1000010.4685017994,999999.9508107024,999945.8555722436,1322,86,1308614,False,110.62463,56.529391541102335,0.51100185863765,51.100185863765
100,54.133065679791166,10.888333011265663,65.02139869105683,1000010.8435017994,999999.955168788,999945.8221031084,916,87,1309936,False,110.302979,56.16991332020883,0.5092329674995345,50.92329674995345
101,54.25220490716863,11.163699124234611,65.41590403140324,1000011.1425391196,999999.9788399952,999945.7266350882,2885,88,1310852,False,110.169243,55.91703809283136,0.5075557984258036,50.75557984258035
102,54.608135929964575,11.33415572994878,65.94229165991335,1000011.292913752,999999.9587580222,999945.3506220924,8619,89,1313737,False,110.530252,55.92211607003543,0.505943984186659,50.5943984186659
103,54.679536874205695,11.33415572994878,66.01369260415447,1000011.33154739,999999.99739166,999945.3178547856,1729,90,1322356,False,110.572426,55.8928891257943,0.5054866854942145,50.54866854942145
104,54.779803787229085,11.744322387356508,66.52412617458559,1000011.70654739,999999.9622250024,999945.1824212152,2428,91,1324085,False,110.33277,55.55296621277091,0.5035037751048117,50.35037751048117
105,55.2558238475341,11.925706674606676,67.18153052214078,1000011.89510565,999999.9693989754,999944.713575128,11527,92,1326513,False,110.862861,55.60703715246589,0.5015839989233716,50.15839989233716
106,55.300712700275625,12.110308332992846,67.41102103326847,1000012.052845704,999999.9425373712,999944.6418246708,1087,93,1338040,False,110.758543,55.45783029972438,0.500709279822545,50.070927982254496
107,55.399492953962586,12.172851801884237,67.57234475584681,1000012.1274303,999999.9545784984,999944.5550855442,2392,94,1339127,False,110.819732,55.420239046037416,0.5000936028796515,50.00936028796515
108,55.89504606610453,12.172851801884237,68.06789786798876,1000012.1671535628,999999.9943017608,999944.0992556948,12000,95,1341519,False,111.520915,55.625868933895475,0.49879315403658114,49.87931540365811
109,56.45444293752743,12.235640004727625,68.69008294225506,1000012.1798233744,999999.9441833696,999943.489740432,13546,96,1353519,False,112.397582,55.94313906247257,0.4977254676392644,49.77254676392644
110,57.01974515020336,12.490261964261183,69.51000711446454,1000012.4709425836,999999.9806806193,999942.960935469,13689,97,1367065,False,112.992791,55.973045849796634,0.4953682916797465,49.53682916797465
111,57.6996440200621,12.554727624512577,70.25437164457468,1000012.5469919442,999999.9922643196,999942.2926202996,16464,98,1380754,False,114.032313,56.3326689799379,0.4940061943664854,49.40061943664854
112,58.64152530187323,12.619617171611964,71.2611424734852,1000012.5752547104,999999.9556375388,999941.314112237,22808,99,1397218,False,115.670659,57.02913369812677,0.49303024804351436,49.30302480435144
113,58.99200524043562,12.685211187703354,71.67721642813898,1000012.6209073128,999999.935696125,999940.9436908846,8487,100,1420026,False,116.14712,57.155114759564384,0.4920923976381367,49.20923976381367
114,59.3730442875801,12.751041534802743,72.12408582238284,1000012.7291128282,999999.9780712932,999940.6050270058,9227,101,1428513,False,116.628553,57.255508712419896,0.4909218818175674,49.09218818175674
115,59.51902597519858,12.817320592558133,72.33634656775672,1000012.7534282072,999999.9361076144,999940.4170816392,3535,102,1437740,False,116.832254,57.313228024801425,0.4905599786237234,49.055997862372344
116,59.568829062968845,13.017899002048305,72.58672806501716,1000012.996205328,999999.978306326,999940.4094772628,1206,103,1441275,False,116.651635,57.082805937031154,0.48934424225628004,48.93442422562801
117,59.92067177258963,13.222266682578471,73.1429384551681,1000013.1738261628,999999.9515594802,999940.0308877076,8520,104,1442481,False,117.090929,57.170257227410374,0.4882552193894573,48.825521938945734
118,59.95771436772224,13.360474472329251,73.31818884005149,1000013.33270735,999999.9722328776,999940.01451851,897,105,1451001,False,116.963149,57.00543463227776,0.48737944489061047,48.73794448906105
119,60.92317571845278,13.430104039652642,74.35327975810543,1000013.4034320596,999999.9733280198,999939.0501523014,23379,106,1451898,False,118.77561,57.85243428154722,0.4870733501730466,48.70733501730466
120,64.5230387094226,13.57035799439542,78.09339670381802,1000013.5268077088,999999.9564497144,999935.4334110048,87172,107,1475277,False,129.350458,64.82741929057741,0.5011765732640654,50.11765732640654
121,64.73629173201434,13.64079697637481,78.37708870838915,1000013.6364709022,999999.9956739258,999935.2593821938,5164,108,1562449,False,129.526869,64.79057726798567,0.5002095531853369,50.02095531853369
122,64.98625698099728,13.783637544877587,78.76989452587488,1000013.7676438948,999999.9840063498,999934.9977493688,6053,109,1567613,False,129.771814,64.78555701900272,0.49922671974827076,49.922671974827075
123,65.62444679725074,13.783637544877587,79.40808434212833,1000013.778671907,999999.9950343622,999934.3705875648,15454,110,1573666,False,130.719576,65.09512920274925,0.49797536983098273,49.797536983098276
124,68.50051317184456,13.855573666056978,82.35608683790154,1000013.845862477,999999.9902888108,999931.489775639,69645,111,1589120,False,137.694535,69.19402182815544,0.5025182867871658,50.25182867871658
125,69.04491956162516,13.855573666056978,82.90049322768215,1000013.851175582,999999.995601916,999930.9506823544,13183,112,1658765,False,138.479094,69.43417443837484,0.5014054644116522,50.14054644116522
126,69.12317565725093,14.00070142457576,83.12387708182669,1000013.9363256404,999999.9356242158,999930.8124485584,1895,113,1671948,False,138.470929,69.34775334274909,0.5008109199783666,50.08109199783666
127,69.16063121331031,14.00070142457576,83.16133263788606,1000013.9863594456,999999.9856580212,999930.8250268076,907,114,1673843,False,138.47114,69.31050878668968,0.5005411870422218,50.054118704222184
128,69.19763251235025,14.073493060891147,83.2711255732414,1000014.0058716282,999999.9323785672,999930.734746055,896,115,1674750,False,138.501643,69.30401048764975,0.5003840314562171,50.038403145621714
129,70.31890402075676,14.073493060891147,84.39239708164791,1000014.0195152228,999999.946022162,999929.6271181412,27152,116,1675646,False,140.420518,70.10161397924323,0.49922628813577824,49.92262881357782
130,70.58014310304092,14.14659481560654,84.72673791864746,1000014.1302489244,999999.9836541088,999929.4035110056,6326,117,1702798,False,140.642006,70.06186289695908,0.4981574487565193,49.81574487565193
131,70.66926007104111,14.220179935185929,84.88944000622703,1000014.153629456,999999.9334495208,999929.2641894498,2158,118,1709124,False,140.74781,70.07854992895888,0.4979015298991784,49.79015298991784
132,71.13359333711811,14.51868150153762,85.65227483865573,1000014.4776132096,999999.958931708,999928.8253383707,11244,119,1711282,False,141.090007,69.9564136628819,0.49582826700747057,49.582826700747056
133,71.77029649403516,14.59420313618901,86.36449963022417,1000014.5863669956,999999.9921638592,999928.2218673652,15418,120,1722526,False,141.968937,70.19864050596485,0.4944647891951522,49.44647891951522
134,71.89517587829494,14.6701185664244,86.56529444471934,1000014.639614344,999999.9694957776,999928.0743198994,3024,121,1737944,False,142.077394,70.18221812170506,0.49397174417279266,49.39717441727927
135,73.42924312911568,14.82283559035118,88.25207871946685,1000014.7513435344,999999.928507944,999926.499264815,37148,122,1740968,False,146.438038,73.00879487088433,0.4985644158308398,49.856441583083985
136,73.46698775782383,14.82283559035118,88.289823348175,1000014.754227022,999999.9313914316,999926.464403674,914,123,1778116,False,146.487978,73.02099024217617,0.49847769925649577,49.84776992564958
137,74.34572731392953,15.133219150396735,89.47894646432627,1000015.129227022,999999.9960078716,999925.6502805578,21279,124,1779030,False,147.557242,73.21151468607047,0.4961567029429194,49.61567029429194
138,74.39433281501212,15.211972760472127,89.60630557548424,1000015.2115227712,999999.9995500108,999925.6052171958,1177,125,1800309,False,147.934464,73.54013118498787,0.49711290524558144,49.711290524558144
139,74.4775031456666,15.449490438058296,89.9269935837249,1000015.402352586,999999.952862148,999925.4753590022,2014,126,1801486,False,147.850035,73.37253185433339,0.49626320246953876,49.626320246953874
140,74.51652795324779,15.449490438058296,89.96601839130608,1000015.4131467624,999999.9636563244,999925.4471283712,945,127,1803500,False,147.891151,73.37462304675222,0.4961393737935829,49.61393737935829
141,74.63983808598577,15.529259936005683,90.16909802199146,1000015.4964984668,999999.9672385307,999925.3274004448,2986,128,1804445,False,147.969011,73.32917291401422,0.4955711497863173,49.55711497863173
142,74.68456175435658,15.609323604577074,90.29388535893364,1000015.5808399392,999999.9715163345,999925.28695458,1083,129,1807431,False,147.936516,73.25195424564343,0.49515803282567117,49.51580328256712
143,75.23140461360522,15.934516729397032,91.16592134300224,1000015.9280681504,999999.993551421,999924.7621468074,13242,130,1808514,False,148.427033,73.19562838639477,0.4931421649208253,49.31421649208253
144,76.92673310633549,16.09893674826781,93.02566985460332,1000016.034067762,999999.935131014,999923.0083979076,41053,131,1821756,False,151.68324,74.75650689366452,0.4928461898207377,49.284618982073766
145,77.94348420417273,16.1818760935112,94.12536029768393,1000016.1142532392,999999.9323771456,999921.9888929416,24621,132,1862809,False,153.325293,75.38180879582725,0.4916462725809189,49.16462725809189
146,77.98056809539803,16.1818760935112,94.16244418890923,1000016.1530752862,999999.9711991928,999921.9906310972,898,133,1887430,False,153.31246,75.33189190460196,0.49136183650436477,49.13618365043648
147,78.02537435595418,16.26499546205059,94.29036981800478,1000016.2034280486,999999.9384325866,999921.9130582308,1085,134,1888328,False,153.3389,75.31352564404581,0.49115733609701007,49.11573360970101
148,78.25886246395841,16.349002382589976,94.60786484654838,1000016.2953494232,999999.9463470404,999921.6874845764,5654,135,1889413,False,153.548832,75.2899695360416,0.4903324144858464,49.03324144858464
149,78.504119958376,16.43308324992403,94.93720320830002,1000016.3675839932,999999.9345007432,999921.4303807848,5939,136,1895067,False,153.805919,75.301799041624,0.48958973446024534,48.95897344602454
150,78.71473003103631,16.43308324992403,95.14781328096036,1000016.3703151232,999999.9372318734,999921.2225018424,5100,137,1901006,False,154.073264,75.35853396896368,0.4891084410917892,48.91084410917892
151,79.10378052016043,16.60265861932281,95.70643913948324,1000016.5891125128,999999.9864538934,999920.8826733732,9421,138,1906106,False,154.408006,75.30422547983957,0.4876963794211524,48.76963794211524
152,79.19409507484829,16.945210957096368,96.13930603194466,1000016.872226445,999999.927015488,999920.732920413,2187,139,1915527,False,154.26149,75.06739492515172,0.4866243345967403,48.662433459674034
153,79.63612845087891,16.945210957096368,96.58133940797528,1000016.8911155164,999999.9459045592,999920.3097761084,10704,140,1917714,False,154.882383,75.24625454912109,0.48582836273329477,48.58283627332948
154,80.02261858225695,17.032033246851757,97.0546518291087,1000016.9920551876,999999.9600219406,999919.9374033584,9359,141,1928418,False,155.328442,75.30582341774304,0.48481670483595685,48.481670483595686
155,80.06292356871116,17.032033246851757,97.09495681556292,1000017.006422038,999999.9743887912,999919.9114652224,976,142,1937777,False,155.364176,75.30125243128883,0.4846757751367911,48.46757751367911
156,80.8359864236526,17.206978435386535,98.04296485903912,1000017.1458562792,999999.938877844,999919.1028914202,18720,143,1938753,False,156.504916,75.66892957634741,0.4834923496994012,48.34923496994012
157,80.91923934649245,17.206978435386535,98.12621778187898,1000017.18713367,999999.9801552346,999919.060915888,2016,144,1957473,False,156.571778,75.65253865350755,0.48318119408152566,48.31811940815257
158,81.1898939379073,17.383032273905314,98.5729262118126,1000017.321772791,999999.9387405172,999918.7488465792,6554,145,1959489,False,156.813301,75.6234070620927,0.4822512285618724,48.22512285618724
159,81.22776245489348,17.560304820904094,98.78806727579756,1000017.4840557604,999999.9237509395,999918.6959884848,917,146,1966043,False,156.703945,75.47618254510652,0.4816482606427459,48.16482606427459
160,81.20125036339388,17.73944138889487,98.94069175228876,1000017.6670323508,999999.927590962,999918.7263405984,5682,146,1960636,False,156.8632,75.66194963660612,0.4823435301371266,48.23435301371266
161,81.27979553166838,17.73944138889487,99.01923692056326,1000017.681282197,999999.941840808,999918.6620452764,1902,147,1966318,False,156.957535,75.67773946833162,0.48215423024024695,48.215423024024695
162,81.33690802784274,18.016670587632767,99.3535786154755,1000017.9909171348,999999.9742465472,999918.6373385194,1383,148,1968220,False,156.701182,75.36427397215725,0.48094260049778853,48.09426004977885
163,81.37378543860464,18.04688653217216,99.4206719707768,1000018.023622474,999999.9767359418,999918.6029505032,893,149,1969603,False,156.72074,75.34695456139536,0.48077206987023774,48.07720698702377
164,81.84385886156396,18.04688653217216,99.89074539373613,1000018.0283887698,999999.9815022376,999918.137643376,11383,150,1970496,False,157.417024,75.57316513843604,0.4800825426507621,48.00825426507621
165,81.8729726069023,18.15543241608331,100.0284050229856,1000018.12955746,999999.974125044,999918.101152437,2717,150,1979867,False,157.47704,75.6040673930977,0.4800958120186771,48.00958120186771
166,82.10113351895099,18.20795172199409,100.30908524094508,1000018.1874950196,999999.9795432976,999917.8784097786,12849,150,1975260,False,158.227575,76.12644148104901,0.4811199405732472,48.11199405732472
167,82.92201724921412,18.42667840944521,101.34869565865932,1000018.4088351196,999999.98215671,999917.060139461,19878,151,1988109,False,159.392688,76.47067075078587,0.47976272757747757,47.97627275774776
168,82.5700506513153,18.63506638909293,101.20511704040824,1000018.615281434,999999.9802150448,999917.4101643936,895,151,1998569,False,159.212809,76.6427583486847,0.48138562990044786,48.13856299004479
169,83.32601692388783,18.687510592795714,102.01352751668357,1000018.6629644088,999999.975453816,999916.649436892,18306,152,1999464,False,160.43051,77.10449307611216,0.4806099106467477,48.06099106467477
170,84.21970566554316,19.0391306806764,103.25883634621955,1000019.0379644088,999999.998833728,999915.7791280624,21641,153,2017770,False,161.559046,77.33934033445684,0.478706344517885,47.870634451788504
171,84.51303181183852,19.103293349915177,103.6163251617537,1000019.0809373932,999999.9776440432,999915.4646122314,7103,154,2039411,False,161.957703,77.4446711881615,0.47817837468441676,47.817837468441674
172,84.00789800619515,19.195113092141348,103.2030110983365,1000019.1714029164,999999.9762898242,999915.968391818,1529,153,2032753,False,161.948485,77.94058699380486,0.48126777471122906,48.12677747112291
173,84.45959466791254,19.221148833160736,103.68074350107328,1000019.208361332,999999.9872124988,999915.5276178308,10938,154,2034282,False,162.590055,78.13046033208747,0.48053652686252835,48.05365268625283
174,84.95324815979127,19.569375786449413,104.52262394624069,1000019.5520554832,999999.9826796966,999915.0294315368,11954,155,2045220,False,162.997895,78.04464684020873,0.47880769773259174,47.880769773259175
175,84.99367703452351,19.601235830572804,104.59491286509632,1000019.5745372312,999999.9733014008,999914.9796243662,979,156,2057174,False,163.029083,78.0354059654765,0.4786594178750088,47.86594178750088
176,85.3011677406076,19.601235830572804,104.9024035711804,1000019.5802810251,999999.9790451946,999914.677877454,7446,157,2058153,False,163.465161,78.1639932593924,0.4781691265663171,47.81691265663171
177,85.34547844805162,19.665958029795583,105.0114364778472,1000019.651668694,999999.985710664,999914.640232216,1073,158,2065599,False,163.47351,78.12803155194838,0.47792472035345895,47.792472035345895
178,85.08981433827906,20.037703741648865,105.12751807992792,1000020.026668694,999999.9889649522,999914.899150614,14315,158,2046166,False,163.966754,78.87693966172095,0.48105446828398485,48.105446828398485
179,89.33790209602321,20.32334800854676,109.66125010456996,1000020.3044987228,999999.9811507144,999910.6432486183,102869,159,2060481,False,176.78961,87.4517079039768,0.49466542691042076,49.46654269104208
180,92.45579838934228,20.483478492459707,112.939276881802,1000020.4770914584,999999.9936129658,999907.5378145764,75501,160,2163350,False,184.828942,92.37314361065773,0.4997764019590489,49.97764019590489
181,93.0848617691138,20.78747033021021,113.87233209932404,1000020.75390464,999999.9664343096,999906.8815725404,15233,161,2238851,False,185.514341,92.4294792308862,0.4982336068071751,49.823360680717514
182,93.50261304264949,21.0448826625528,114.54749570520228,1000021.0337933128,999999.9889106504,999906.4862976077,10116,162,2254084,False,185.836345,92.33373195735051,0.4968550794375046,49.685507943750466
183,93.70434445538392,21.160714594913824,114.86505905029776,1000021.1252425108,999999.9645279158,999906.2601834604,4885,163,2264200,False,186.022697,92.31835254461608,0.4962746698840523,49.627466988405224
184,93.8933566715734,21.200115198909213,115.09347187048262,1000021.172704216,999999.972589017,999906.0792323456,4577,164,2269085,False,186.225666,92.33230932842659,0.4958087212770478,49.58087212770478
185,93.9302340823353,21.36122037482677,115.29145445716208,1000021.3575122382,999999.9962918634,999906.066057781,893,165,2273662,False,186.093537,92.1633029176647,0.49525257246126014,49.52525724612602
186,94.09128884378144,21.510941825011724,115.60223066879315,1000021.4929757012,999999.9820338764,999905.8907450326,20509,165,2257946,False,187.3194,93.22811115621856,0.4976959735949323,49.769597359493225
187,94.5009873792448,21.568009173674504,116.06899655291927,1000021.5514579888,999999.983448815,999905.4824614356,9921,166,2278455,False,187.862239,93.36125162075518,0.4969665650623657,49.69665650623657
188,94.54955158423468,21.568009173674504,116.1175607579092,1000021.5638618876,999999.995852714,999905.4463011296,1176,167,2288376,False,187.90246,93.35290841576531,0.49681578631682266,49.681578631682264
189,94.93240765945704,21.750344112846843,116.68275177230387,1000021.7355537076,999999.9852095948,999905.0528019354,9271,168,2289552,False,188.301031,93.36862334054295,0.49584764801708897,49.5847648017089
190,97.90316597456264,21.782297949226237,119.68546392378887,1000021.7736081644,999999.9913102152,999902.0881442408,71938,169,2298823,False,195.838954,97.93578802543736,0.5000832879521883,50.00832879521882
191,97.9585440348445,22.122235965884133,120.08078000072862,1000022.1188155492,999999.9965795832,999902.0380355484,1341,170,2370761,False,195.571753,97.61320896515551,0.4991171141425291,49.911711414252906
192,98.04538971774736,22.15839281231152,120.20378253005887,1000022.1532798908,999999.9948870784,999901.9494973609,2103,171,2372102,False,195.644223,97.59883328225266,0.4988587538424411,49.88587538424411
193,98.72900523594718,22.194896729202917,120.9239019651501,1000022.1696514292,999999.9747547,999901.245749464,16554,172,2374205,False,196.695882,97.96687676405283,0.4980626730357925,49.80626730357925
194,99.43215380598392,22.41467141851925,121.84682522450318,1000022.3919668648,999999.9772954464,999900.5451416404,17027,173,2390759,False,197.580603,98.14844919401608,0.49675144069691946,49.675144069691946
195,99.49925995658649,22.41467141851925,121.91393137510572,1000022.4127656544,999999.998094236,999900.4988342794,1625,174,2407786,False,197.638778,98.13951804341352,0.4965600325833502,49.65600325833502
196,99.56264945884796,22.4526045818015,122.01525404064948,1000022.4374605332,999999.9848559512,999900.4222064924,1535,175,2409411,False,197.695219,98.13256954115205,0.4963831196198632,49.63831196198632
197,98.82332551162489,22.571125757207056,121.39445126883192,1000022.5518041456,999999.9806783884,999901.1573528768,8450,175,2384593,False,198.086397,99.26307148837512,0.5011099852978552,50.11099852978552
198,99.52098170133536,22.837312352589564,122.35829405392494,1000022.8112971446,999999.973984792,999900.4530030908,16894,176,2393043,False,198.9455,99.42451829866465,0.49975756324553533,49.97575632455353
199,100.20695109681786,22.869111081640952,123.0760621784588,1000022.8386342428,999999.9695231612,999899.7625720644,16611,177,2409937,False,199.987359,99.78040790318214,0.4989335746124941,49.89335746124941
200,101.03196443634884,22.90129319014834,123.93325762649718,1000022.885075853,999999.9837826628,999898.9518182264,19978,178,2426548,False,201.298761,100.26679656365117,0.49809942229923193,49.809942229923195
201,101.09708837450285,23.09733392490468,124.1944222994075,1000023.072875925,999999.975542,999898.8784536256,1577,179,2446526,False,201.19091,100.09382162549716,0.4975066797277131,49.75066797277131
202,101.13202486890884,23.45215331781858,124.58417818672744,1000023.447875925,999999.9957226072,999898.8636977384,846,180,2448103,False,201.377786,100.24576113109114,0.49779949974765914,49.77994997476591
203,101.4011515048946,23.565924176186464,124.96707568108108,1000023.5347047566,999999.9687805804,999898.5676290756,6517,181,2448949,False,201.668296,100.2671444951054,0.4971884350880091,49.71884350880091
204,101.96021800757607,23.565924176186464,125.52614218376254,1000023.5541254028,999999.9882012268,999898.0279832192,13538,182,2455466,False,202.48975,100.52953199242391,0.4964672631203501,49.646726312035014
205,101.99730189880135,23.565924176186464,125.56322607498782,1000023.5558796916,999999.9899555154,999897.9926536166,898,183,2469004,False,202.539948,100.54264610119866,0.4964089657078348,49.64089657078348
206,102.2574259865832,23.60459539726985,125.86202138385306,1000023.5884944602,999999.983899063,999897.7264730764,6299,184,2469902,False,202.846043,100.58861701341681,0.4958865133662815,49.588651336628146
207,102.6195927193736,23.643607596017244,126.26320031539085,1000023.606164306,999999.96255671,999897.3429639906,8770,185,2476201,False,203.352366,100.73277328062639,0.4953607143210047,49.53607143210047
208,104.19499735896552,23.76224708813141,127.95724444709694,1000023.7476823404,999999.9854352524,999895.7904378934,38149,186,2484971,False,206.323657,102.12865964103447,0.4949924847495044,49.49924847495044
209,104.40540095116246,23.8024859344308,128.20788688559327,1000023.7639220824,999999.9614361478,999895.5560351966,5095,187,2523120,False,206.58662,102.18121904883755,0.4946168297290383,49.46168297290383
210,104.69422582335586,23.884314354709577,128.57854017806545,1000023.8521580652,999999.9678437104,999895.2736178868,6994,188,2528215,False,206.935997,102.24177117664412,0.4940743643390576,49.40743643390576
211,106.2584805179246,24.009630627879744,130.26811114580434,1000024.0002865872,999999.9906559594,999893.7321754416,37879,189,2535209,False,209.971221,103.71274048207542,0.4939378834305841,49.39378834305841
212,106.98458971549056,24.139042927673916,131.12363264316448,1000024.109056925,999999.9700139974,999892.985424282,17583,190,2573088,False,211.004825,104.02023528450945,0.49297562406219597,49.2975624062196
213,107.71879294722154,24.139042927673916,131.85783587489544,1000024.1369148194,999999.9978718916,999892.2790789444,17779,191,2590671,False,212.163797,104.44500405277844,0.49228476078215383,49.22847607821538
214,108.31135058106528,24.361796422402865,132.67314700346816,1000024.3406993392,999999.9789029168,999891.6675523358,14349,192,2608450,False,212.894346,104.58299541893473,0.49124364918049407,49.12436491804941
215,108.4178945001758,24.51256950420381,132.93046400437962,1000024.4977862948,999999.9852167908,999891.5673222904,8639,192,2616740,False,213.235892,104.8179974998242,0.4915588858737918,49.15588858737918
216,108.4559282015327,24.683725758960158,133.13965396049286,1000024.6656829932,999999.9819572342,999891.5260290328,921,193,2625379,False,213.125197,104.66926879846729,0.4911163497879009,49.11163497879009
217,108.49577893096745,24.683725758960158,133.1795046899276,1000024.68324282,999999.9995170608,999891.50373813,965,194,2626300,False,213.164404,104.66862506903254,0.49102299964225055,49.102299964225054
218,109.07375904409568,24.713767951179545,133.7875269952752,1000024.6997563426,999999.9859883914,999890.9122293474,13996,195,2627265,False,214.08706,105.01330095590433,0.4905168063679529,49.05168063679529
219,108.88689422472548,25.048810749229816,133.9357049739553,1000025.0278853253,999999.979074576,999891.0921803514,1429,195,2635307,False,214.188448,105.30155377527451,0.4916304065813788,49.16304065813788
220,110.53241962968548,25.105557275006195,135.63797690469167,1000025.0912350008,999999.985677726,999889.4532580962,51186,195,2625397,False,218.992412,108.45999237031452,0.4952682669676908,49.52682669676908
221,111.2337098755517,25.159756188724973,136.39346606427668,1000025.135988893,999999.9762327042,999888.7425228287,16982,196,2676583,False,220.144237,108.91052712444831,0.4947234985962785,49.472349859627855
222,112.32210969418612,25.244186202183144,137.56629589636927,1000025.2198103952,999999.9756241932,999887.6535144988,26356,197,2693565,False,222.00757,109.68546030581386,0.49406180296380825,49.406180296380825
223,114.18600883723002,25.363286572468706,139.54929540969871,1000025.3557190828,999999.9924325104,999885.8064236732,45135,198,2719921,False,225.783214,111.59720516276997,0.49426705903287377,49.42670590328738
224,113.78159620162953,25.758943512061386,139.5405397136909,1000025.7307190828,999999.9717755708,999886.1901793692,5395,198,2749868,False,225.725295,111.94369879837046,0.49592890685277635,49.59289068527764
225,113.81735861788908,25.784907425624773,139.60226604351385,1000025.7729062678,999999.987998842,999886.1706402242,1362,199,2754767,False,225.76344,111.94608138211092,0.4958556681370151,49.58556681370151
226,114.5023369071473,26.10111458464606,140.60345149179335,1000026.096370786,999999.9952562016,999885.4929192944,22075,200,2750641,False,226.986594,112.4842570928527,0.4955546277453403,49.55546277453403
227,114.75267382096432,26.10111458464606,140.8537884056104,1000026.0995174994,999999.9984029148,999885.245729094,6062,201,2772716,False,227.329081,112.57640717903568,0.4952134002557978,49.52134002557978
228,114.73784852369276,26.228583668659617,140.96643219235236,1000026.2007832665,999999.9721995976,999885.234351074,1641,202,2776778,False,227.335443,112.59759447630724,0.4952927400603664,49.52927400603664
229,115.21828726591436,26.328096618437783,141.54638388435217,1000026.3264150096,999999.9983183912,999884.7800311254,13122,203,2776931,False,228.024478,112.80619073408563,0.49471088246098577,49.471088246098574
230,115.36521876366446,26.36201153769717,141.72723030136163,1000026.3404068534,999999.9783953156,999884.613176552,4054,204,2789557,False,228.229791,112.86457223633555,0.49452164742303756,49.45216474230376
231,115.40263302363115,26.36201153769717,141.76464456132834,1000026.3593090844,999999.9972975468,999884.594664523,906,205,2793611,False,228.261813,112.85917997636884,0.49442864968556455,49.44286496855646
232,115.5141737699558,26.43071720955995,141.94489097951575,1000026.4272092474,999999.9964920378,999884.4823182678,3709,206,2793509,False,228.409404,112.89523023004419,0.49426699712435745,49.42669971243575
233,114.47070410015556,26.812161589957235,141.2828656901128,1000026.8022092474,999999.9900476574,999885.5193435572,23998,206,2747952,False,229.715005,115.24430089984443,0.5016838186075152,50.16838186075152
234,114.65798188045254,26.9237627781628,141.58174465861532,1000026.9155149644,999999.9917521864,999885.3337703058,4535,207,2771950,False,229.848111,115.19012911954745,0.5011576062922155,50.11576062922155
235,114.90394140844566,27.26665650153608,142.17059790998175,1000027.2534411284,999999.9867846268,999885.0828432182,5956,208,2776485,False,229.846831,114.94288959155435,0.5000847263870014,50.00847263870014
236,115.94352924553412,27.47357533984442,143.41710458537852,1000027.4573765936,999999.9838012538,999884.0402720084,25174,209,2782441,False,231.414013,115.47048375446589,0.49897792384105055,49.89779238410505
237,116.27022263471368,27.5456953574352,143.81591799214888,1000027.5361203514,999999.990424994,999883.7202023593,7911,210,2807615,False,231.795689,115.52546636528633,0.4983935070737503,49.83935070737503
238,119.98137859545204,27.73224642170015,147.71362501715217,1000027.728122554,999999.9958761322,999880.0144975368,89867,211,2815526,False,242.3055,122.32412140454795,0.5048342749320505,50.48342749320505
239,120.24150268323388,27.73224642170015,147.97374910493403,1000027.730372276,999999.9981258542,999879.7566231708,6299,212,2905393,False,242.670632,122.42912931676614,0.5045073988053327,50.45073988053327
240,120.52268777828176,27.77056101635154,148.29324879463329,1000027.7448188356,999999.9742578192,999879.451570041,6809,213,2911692,False,243.020641,122.49795322171825,0.5040639869833865,50.40639869833865
241,120.81960668464014,27.9683228949342,148.78792957957432,1000027.9658940092,999999.9975711145,999879.1779644296,7190,214,2918501,False,243.233083,122.41347631535986,0.5032764244301416,50.32764244301416
242,121.66737417123696,28.17511628265515,149.8424904538921,1000028.165100092,999999.9899838094,999878.3226096382,20529,215,2925691,False,244.423487,122.75611282876304,0.5022271563811012,50.22271563811012
243,121.72403241039189,28.21745222975454,149.9414846401464,1000028.1982001164,999999.9807478866,999878.2567154762,1372,216,2946220,False,244.468495,122.7444625896081,0.5020870382075535,50.20870382075535
244,122.1406686894252,28.30314968657732,150.44381837600253,1000028.2927827854,999999.9896330988,999877.8489644094,10089,217,2947592,False,244.966602,122.8259333105748,0.5013986898939586,50.139868989395865
245,122.88734334114508,28.434787785539488,151.32213112668458,1000028.409213351,999999.9744255656,999877.0870822244,18081,218,2957681,False,246.033498,123.14615465885493,0.5005259676422392,50.05259676422392
246,125.99124025904617,28.708230880103827,154.69947113914998,1000028.6620855618,999999.9538546816,999873.9626144228,75162,219,2975762,False,253.825354,127.83411374095384,0.5036301997670171,50.36301997670171
247,126.02807637371538,28.802505481758605,154.83058185547398,1000028.7775966808,999999.975091199,999873.9470148252,892,220,3050924,False,253.762627,127.73455062628463,0.5033623435269868,50.33623435269868
248,126.49901701462096,28.850242830202,155.34925984482294,1000028.8440967884,999999.9938539582,999873.4948369436,11404,221,3051816,False,254.416366,127.91734898537905,0.5027874228239666,50.278742282396664
249,126.8196398781768,28.94680636267277,155.76644624084958,1000028.9026841572,999999.9558777944,999873.1362379162,7764,222,3063220,False,254.801591,127.9819511218232,0.5022808162992326,50.22808162992326
250,127.43057427326244,28.995461057420165,156.4260353306826,1000028.9720492172,999999.9765881596,999872.5460138863,14794,223,3070984,False,255.706301,128.27572672673756,0.5016525843324352,50.16525843324352
251,127.47331572918468,29.143935496094336,156.61725122527903,1000029.1039685442,999999.960033048,999872.4867173188,1035,224,3085778,False,255.627392,128.15407627081532,0.5013315485017167,50.13315485017167
252,128.2875094924339,29.39890930032728,157.6864187927612,1000029.3566062856,999999.9576969852,999871.6701874929,19716,225,3086813,False,256.710863,128.4233535075661,0.5002645856383806,50.02645856383806
253,128.34156607775006,29.450935007170667,157.79250108492073,1000029.4322247184,999999.9812897112,999871.6397236332,1309,226,3106529,False,256.71476,128.37319392224995,0.5000616011414768,50.00616011414768
254,128.44563223129987,29.50332951580606,157.94896174710593,1000029.467825422,999999.9644959064,999871.518863675,2520,227,3107838,False,256.821147,128.37551476870013,0.49986348970203814,49.986348970203814
255,129.1355247555868,29.50332951580606,158.63885427139286,1000029.5015822762,999999.9982527604,999870.8627280048,16706,228,3110358,False,257.902624,128.7670992444132,0.49928572748609645,49.928572748609646
256,129.20808199042293,29.716956413579613,158.92503840400255,1000029.6728919306,999999.955935517,999870.7478535264,1757,229,3127064,False,257.842079,128.6339970095771,0.49888675079127437,49.88867507912744
257,129.67642097748976,29.93605106175317,159.61247203924293,1000029.8848813572,999999.9488302956,999870.272409318,11341,230,3128821,False,258.356002,128.67958102251023,0.4980708016317354,49.80708016317354
258,129.71383523745646,29.93605106175317,159.64988629920964,1000029.8987866464,999999.9627355848,999870.2489003472,906,231,3140162,False,258.369463,128.65562776254353,0.4979521429068556,49.79521429068556
259,129.79176096434077,29.93605106175317,159.72781202609394,1000029.9073963176,999999.9713452556,999870.1795842914,1887,232,3141068,False,258.468794,128.67703303565924,0.49784359281553825,49.784359281553826
260,130.5296808444128,30.04795354897595,160.57763439338876,1000030.0202051708,999999.972251622,999869.4425707776,17869,233,3142955,False,259.595768,129.0660871555872,0.49718101396624925,49.718101396624924
261,130.69296559486358,30.04795354897595,160.74091914383953,1000030.039958542,999999.9920049928,999869.299039398,3954,234,3160824,False,259.802908,129.10994240513642,0.4969534151832374,49.69534151832374
262,130.77151076313808,30.27527177935751,161.04678254249558,1000030.2575900708,999999.9823182914,999869.2108075283,1902,235,3164778,False,259.694791,128.92328023686193,0.49644153331077756,49.64415333107775
263,131.89864631670494,30.3329921734329,162.23163849013784,1000030.3040336752,999999.9710415016,999868.072395185,27294,236,3166680,False,261.692399,129.79375268329508,0.49597830574855584,49.597830574855585
264,132.28732514099494,30.3329921734329,162.62031731442784,1000030.323450588,999999.9904584144,999867.7031332736,9412,237,3193974,False,262.240478,129.95315285900506,0.4955495576049288,49.55495576049288
265,132.8008833495447,30.68847137730924,163.48935472685395,1000030.6406923042,999999.9522209268,999867.1513375774,12436,238,3203386,False,262.701194,129.90031065045528,0.4944793309559731,49.44793309559731
266,133.01727487518002,30.68847137730924,163.70574625248926,1000030.6633123732,999999.9748409956,999866.9575661204,5240,239,3215822,False,262.958235,129.94096012481998,0.49415056396625107,49.415056396625104
267,135.2889316373314,30.74915376920863,166.03808540654,1000030.705197538,999999.9560437688,999864.6671121316,55009,240,3221062,False,268.115991,132.82705936266862,0.49540894173174704,49.540894173174706
268,135.91555854763487,30.74915376920863,166.6647123168435,1000030.7260449184,999999.9768911492,999864.0613326016,15174,241,3276071,False,269.047096,133.13153745236514,0.49482614542832726,49.48261454283273
269,137.5434092249285,30.74915376920863,168.2925629941371,1000030.74138511,999999.9922313408,999862.4488221158,39419,242,3291245,False,272.231993,134.6885837750715,0.4947566312496985,49.47566312496985
270,137.58069959661717,30.74915376920863,168.32985336582578,1000030.7440569648,999999.9949031956,999862.414203599,903,243,3330664,False,272.280315,134.6996154033828,0.49470934174357345,49.470934174357346
271,137.6523070213217,30.810309474388017,168.4626164957097,1000030.7511805726,999999.9408710982,999862.2885640768,2787,243,3330514,False,272.429967,134.7776599786783,0.49472406234472105,49.4724062344721
272,138.03128126383223,30.810309474388017,168.84159073822025,1000030.7751727484,999999.964863274,999861.9335820102,9177,244,3333301,False,272.937737,134.9064557361678,0.4942755707546875,49.42755707546875
273,139.52012929317004,30.810309474388017,170.33043876755806,1000030.7820301952,999999.9717207208,999860.4515914276,36053,245,3342478,False,275.740521,136.22039170682996,0.49401658926592784,49.40165892659279
274,139.8576422586314,30.918443890113576,170.77608614874495,1000030.893829172,999999.9753852818,999860.1177430232,13883,245,3372821,False,276.503613,136.6459707413686,0.4941923516253243,49.41923516253243
275,140.21968510314375,31.06118827329053,171.28087337643427,1000031.0365378816,999999.9753496082,999859.7556645052,8767,246,3386704,False,276.867671,136.64798589685623,0.49354980812063187,49.35498081206319
276,140.53915167610458,31.121530097473308,171.6606817735779,1000031.0990710903,999999.9775409928,999859.4383893168,7736,247,3395471,False,277.275449,136.7362973238954,0.49314246110514964,49.314246110514965
277,141.10664258169248,31.152409145500695,172.2590517271932,1000031.1469101612,999999.9945010158,999858.887858434,13742,248,3403207,False,278.083854,136.9772114183075,0.4925752050973355,49.257520509733546
278,140.84478405801812,31.242426457672465,172.08721051569057,1000031.2346902709,999999.9922638132,999859.1474797552,897,248,3409711,False,278.048894,137.2041099419819,0.4934531764114188,49.345317641141875
279,142.74126581818535,31.504434875006968,174.24570069319233,1000031.494625406,999999.990190531,999857.2489247128,45924,249,3410608,False,281.793165,139.05189918181463,0.49345376841136174,49.34537684113617
280,142.62819711643164,31.73646743893808,174.36466455536973,1000031.7327120017,999999.9962445626,999857.368047446,7617,249,3446177,False,282.026062,139.3978648835684,0.49427298986137097,49.427298986137096
281,142.75794943962748,31.763826648757476,174.52177608838497,1000031.738268054,999999.9744414052,999857.2164919656,3142,250,3453794,False,282.185812,139.42786256037252,0.4940994785392418,49.40994785392418
282,143.75450674814493,31.763826648757476,175.5183333969024,1000031.7633030462,999999.9994763976,999856.2449696494,24132,251,3456936,False,283.856484,140.1019772518551,0.49356623909938613,49.35662390993861
283,143.94863967982653,31.820186075500253,175.7688257553268,1000031.7970734122,999999.9768873368,999856.0282476568,4701,252,3481068,False,284.103401,140.1547613201735,0.4933230676818736,49.332306768187365
284,144.73677560859562,31.849062761159644,176.5858383697553,1000031.8329316422,999999.983868881,999855.2470932724,19085,253,3485769,False,285.350246,140.6134703914044,0.49277501022867315,49.27750102286731
285,144.7739007959136,31.967499884597203,176.7414006805108,1000031.9387867446,999999.97128686,999855.197386064,899,254,3504854,False,285.296933,140.52303220408643,0.49255009763489616,49.25500976348962
286,145.0465788958697,32.02879265252398,177.07537154839366,1000032.006074714,999999.9772820616,999854.9307031656,6603,255,3505753,False,285.600785,140.5542061041303,0.4921352233122549,49.21352233122549
287,147.13058621288997,32.02879265252398,179.15937886541394,1000032.0123882724,999999.9835956198,999852.853009407,50465,256,3512356,False,290.249446,143.11885978711,0.4930891747063318,49.308917470633176
288,147.25550689324243,32.091577394594765,179.3470842878372,1000032.0708618604,999999.979284466,999852.7237775726,3025,257,3562821,False,290.359671,143.10416410675757,0.4928513784779621,49.285137847796214
289,147.29325152195057,32.188655522228935,179.4819070441795,1000032.1635891784,999999.9749336564,999852.6816821344,914,258,3565846,False,290.320782,143.02753047804944,0.49265343490997293,49.265343490997296
290,147.88931932367197,32.188655522228935,180.0779748459009,1000032.1769916676,999999.9883361454,999852.0990168216,14434,259,3566760,False,291.232648,143.343328676328,0.49219525922220103,49.2195259222201
291,147.88242287619465,32.41035955931205,180.2927824355067,1000032.401055552,999999.9906959926,999852.1082731164,17188,258,3563839,False,292.119618,144.23719512380535,0.49376072757908834,49.37607275790884
292,150.6583462260431,32.41035955931205,183.06870578535515,1000032.407725621,999999.9973660616,999849.3390198356,67220,259,3581027,False,299.051488,148.3931417739569,0.49621268486701825,49.62126848670182
293,150.7019548999116,32.73206463986934,183.43401953978096,1000032.7312457424,999999.9991811024,999849.2972262026,1056,260,3648247,False,298.782093,148.08013810008836,0.49561249341702807,49.561249341702805
294,151.12627225218316,32.763783085272735,183.8900553374559,1000032.7442926927,999999.9805096076,999848.8542373552,10275,261,3649303,False,299.405108,148.27883574781683,0.4952448431434805,49.52448431434805
295,151.68913799539104,32.99642473020045,184.6855627255915,1000032.9761899812,999999.979765251,999848.2906272556,13630,262,3659578,False,300.041495,148.35235700460896,0.494439467463022,49.443946746302196
296,152.04672086189413,33.285444819251566,185.33216568114568,1000033.2673743366,999999.9819295174,999847.9352086554,8659,263,3673208,False,300.260158,148.21343713810586,0.4936167293234618,49.36167293234618
297,152.53884639834376,33.64725509577981,186.1861014941236,1000033.6423743366,999999.9951192408,999847.4562728424,24495,262,3669289,False,301.641963,149.1031166016562,0.4943049538556949,49.430495385569486
298,155.3999222912953,33.85124656214754,189.25116885344283,1000033.8448267072,999999.9935801452,999844.5936578538,69282,263,3693784,False,308.792529,153.3926067087047,0.496749734216221,49.6749734216221
299,154.45927989226453,34.04215156007187,188.5014314523364,1000034.033796174,999999.9916446138,999845.5323647216,3378,263,3736910,False,308.771489,154.31220910773544,0.4997618452645913,49.97618452645913
300,154.49970876699678,34.17478575572882,188.6744945227256,1000034.162367816,999999.9875820604,999845.4878732932,979,264,3740288,False,308.699237,154.1995282330032,0.49951379773900517,49.95137977390052
301,154.69557613457087,34.37919369518454,189.0747698297554,1000034.3510648264,999999.9718711312,999845.2762949966,4743,265,3741267,False,308.806428,154.1108518654291,0.49905325113708165,49.905325113708166
302,154.9315420081358,34.37919369518454,189.31073570332035,1000034.3691283548,999999.9899346598,999845.0583926516,5714,266,3746010,False,309.11711,154.18556799186422,0.49879337960899095,49.87933796089909
303,156.1221496561495,34.473026166754714,190.59517582290425,1000034.4651305258,999999.992104359,999843.8699547028,28831,267,3751724,False,311.269605,155.1474553438505,0.49843432462302417,49.84343246230242
304,156.61150835438968,34.57030196120488,191.18181031559456,1000034.5553811934,999999.9850792324,999843.3735708778,11850,268,3780555,False,311.953598,155.34208964561032,0.49796537254752327,49.79653725475232
305,157.03921198626085,34.8102921782926,191.84950416455345,1000034.7989961536,999999.9887039752,999842.9494919892,10357,269,3792405,False,312.364703,155.32549101373917,0.49725685879988546,49.725685879988546
306,157.9228657773953,34.88229132701938,192.80515710441463,1000034.8766691078,999999.9943777808,999842.0715120034,21398,270,3802762,False,313.801403,155.8785372226047,0.49674263955602743,49.67426395560274
307,158.08573756691928,34.95581951869016,193.04155708560944,1000034.9374539256,999999.9816344072,999841.89589684,3944,271,3824160,False,313.937953,155.85221543308072,0.4964427331698908,49.64427331698908
308,158.4380758296522,35.06910013661919,193.5071759662714,1000035.0650087816,999999.9959086452,999841.5578328156,8532,272,3828104,False,314.347482,155.9094061703478,0.49597790692768395,49.5977906927684
309,158.48465782219355,35.10753590777344,193.592193729967,1000035.1037434908,999999.996207583,999841.5115497608,1128,273,3836636,False,316.251333,157.76667517780643,0.49886485435875283,49.88648543587529
310,159.00449303683044,35.14623496732083,194.1507280041513,1000035.1225626952,999999.976327728,999840.9718346912,12588,274,3837764,False,317.02784,158.0233469631696,0.4984525868869105,49.845258688691054
311,159.07308584676943,35.225025904591604,194.29811175136103,1000035.2037942716,999999.9787683672,999840.9056825204,1661,275,3850352,False,317.055408,157.98232215323057,0.49827985319597695,49.827985319597694
312,159.21803513207095,35.30492852493438,194.5229636570053,1000035.2712165652,999999.9662880404,999840.7482529083,3510,276,3852013,False,317.184914,157.96687886792904,0.49802771788802364,49.80277178880236
313,160.05167935497172,35.30492852493438,195.3566078799061,1000035.3043050568,999999.9993765318,999839.9476971768,20187,277,3855523,False,318.526592,158.47491264502827,0.49752490569147917,49.752490569147916
314,160.6702948232956,35.386818633021164,196.0571134563168,1000035.361566773,999999.97474814,999839.3044533168,14980,278,3875710,False,319.437603,158.76730817670443,0.4970213484124611,49.70213484124611
315,161.2358448125276,35.42817010447256,196.66401491700012,1000035.4186074632,999999.9904373589,999838.7545925464,13695,279,3890690,False,320.275599,159.0397541874724,0.4965715611306136,49.65715611306136
316,161.5686087273309,35.469832058867944,197.0384407861989,1000035.4682007848,999999.998368726,999838.4297599986,8058,280,3904385,False,320.703034,159.1344252726691,0.496204926058383,49.6204926058383
317,161.9536947915579,35.55417416567472,197.50786895723263,1000035.527847258,999999.9736730924,999838.0199783008,9325,281,3912443,False,321.218223,159.26452820844213,0.49581411266459224,49.58141126645923
318,162.01477171262937,35.68380308652489,197.69857479915424,1000035.6725404152,999999.9887373286,999837.973965616,1479,282,3921768,False,321.16374,159.14896828737065,0.49553840756547,49.553840756547004
319,162.60588398322938,35.72778956188028,198.3336735451097,1000035.7165682516,999999.9887786896,999837.3828947064,14314,283,3923247,False,322.065891,159.46000701677065,0.4951160972733081,49.51160972733081
320,161.9626973397618,36.09600063053357,198.05869797029536,1000036.0882117226,999999.992211092,999838.0295137524,1060,283,3920926,False,321.746271,159.78357366023818,0.49661359916814135,49.661359916814135
321,162.5520338783766,36.40320708315946,198.95524096153605,1000036.3983479944,999999.9951409114,999837.443107033,9535,284,3926722,False,322.014411,159.4623771216234,0.49520261104594915,49.520261104594915
322,164.01713665442426,36.50264538538563,200.51978203980988,1000036.4803078476,999999.9776624624,999835.960525808,33990,285,3937745,False,324.652845,160.63570834557575,0.49479223983259946,49.47922398325994
323,164.25467177951097,36.536594778629016,200.79126655814,1000036.5300621716,999999.9934673927,999835.7387956134,5240,286,3972247,False,324.882845,160.628173220489,0.4944187595392703,49.44187595392703
324,164.69336017203463,36.64051829711119,201.33387846914584,1000036.6258938394,999999.9853755424,999835.2920153704,9135,287,3978975,False,326.471521,161.77816082796537,0.49553529304004856,49.553529304004854
325,165.12573026237848,36.8961410436069,202.02187130598537,1000036.8618399644,999999.9656989208,999834.8399686584,6886,288,3991694,False,326.635333,161.50960273762152,0.4944645799773949,49.44645799773949
326,165.50982522038117,37.01175978735992,202.5215850077411,1000036.9939952124,999999.9822354252,999834.4724102048,10602,288,3997279,False,327.132659,161.62283377961882,0.4940589981864783,49.40589981864783
327,170.08943801014829,37.22179487135504,207.3112328815033,1000037.1979504304,999999.976155559,999829.8867175488,115635,287,4003143,False,342.786914,172.69747598985174,0.5038041679439715,50.380416794397156
328,171.11477869526266,37.30167270510121,208.41645140036388,1000037.293054368,999999.9913816628,999828.8766029676,24829,288,4118778,False,344.467179,173.35240030473733,0.5032479460248878,50.32479460248878
329,172.70459567119937,37.43768699709949,210.1422826682989,1000037.4183254944,999999.9806384974,999827.2760428262,40536,288,4141569,False,347.766828,175.0622323288006,0.5033896801934215,50.33896801934215
330,173.2708476940069,37.46407996666288,210.73492766066977,1000037.4608124885,999999.9967325216,999826.7258848276,13712,289,4182105,False,348.595114,175.32426630599312,0.502945277385595,50.2945277385595
331,173.3230459551525,37.65098012346261,210.9740260786151,1000037.6267652848,999999.9757851616,999826.6527392064,20151,288,4176930,False,349.836342,176.5132960448475,0.5045596321860909,50.45596321860909
332,173.56285236533654,37.67902160605,211.24187397138652,1000037.6550345124,999999.9760129062,999826.4131605407,6303,289,4196585,False,350.188853,176.62600063466346,0.5043735662101828,50.43735662101828
333,174.095076407777,37.82607750026695,211.92115390804395,1000037.8033822434,999999.9773047433,999825.8822283354,15368,290,4200408,False,351.030674,176.935597592223,0.5040459728947305,50.40459728947305
334,174.25683320279865,38.07680763655006,212.3336408393487,1000038.0497900302,999999.9729823936,999825.7161491908,6077,291,4213616,False,351.139665,176.88283179720133,0.5037392508681733,50.37392508681733
335,174.2939996862093,38.07680763655006,212.37080732275936,1000038.0675002862,999999.9906926496,999825.6966929634,900,292,4219693,False,351.176262,176.8822623137907,0.5036851332331531,50.36851332331531
336,174.34751942232063,38.20790906769961,212.55542849002023,1000038.1866130584,999999.9787039906,999825.6311845684,1216,293,4220673,False,351.110704,176.76318457767937,0.5034400334820877,50.344003348208766
337,175.52986785179863,38.20790906769961,213.73777691949823,1000038.1991038258,999999.991194758,999824.4613269065,28631,294,4221889,False,353.191871,177.66200314820136,0.5030183810436605,50.30183810436605
338,175.61113856218992,38.38051062847656,213.9916491906665,1000038.360802558,999999.9802919296,999824.3691533674,1888,295,4250600,False,353.13406,177.52292143781006,0.5027068797549862,50.27068797549862
339,175.67035715909088,38.38051062847656,214.05086778756743,1000038.3718372463,999999.991326618,999824.3209694588,1434,296,4252488,False,353.200211,177.52985384090914,0.5026323549985341,50.26323549985341
340,175.14246920638166,38.71940655754584,213.86187576392751,1000038.7153287923,999999.995922235,999824.8534530286,3808,296,4237331,False,353.069276,177.92680679361834,0.5039430471248887,50.39430471248887
341,175.1589050512677,38.75030946272523,213.9092145139929,1000038.733805466,999999.9834960032,999824.8245909518,894,297,4240643,False,353.077168,177.91826294873226,0.5039075847258758,50.390758472587585
342,176.38482085852152,39.11740750481851,215.50222836334004,1000039.108805466,999999.991397961,999823.6065771026,35126,298,4236097,False,355.475287,179.09046614147846,0.5038056728300172,50.38056728300172
343,176.65977024357494,39.33302923960224,215.9927994831772,1000039.31053904,999999.9775098006,999823.317739557,18907,297,4258974,False,356.49921,179.83943975642507,0.5044595744165186,50.445957441651856
344,176.8639794218701,39.4417962251838,216.3057756470539,1000039.4231164384,999999.9813202132,999823.1173407912,6929,298,4275897,False,356.794567,179.93058757812986,0.5042974423378198,50.42974423378198
345,176.77874428658168,39.61869833850014,216.39744262508185,1000039.6138823368,999999.9951839984,999823.2164397116,896,299,4279866,False,356.656449,179.87770471341832,0.5043444615056388,50.434446150563886
346,176.6795923680606,39.84341056979586,216.5230029378565,1000039.8120455426,999999.9686349728,999823.2890426049,895,300,4277466,False,356.510954,179.83136163193942,0.5044202979298622,50.44202979298622
347,176.27761620192814,40.19402122919654,216.4716374311247,1000040.1769546078,999999.9829333788,999823.7053171768,10242,300,4258385,False,356.750531,180.47291479807188,0.5058798771572729,50.58798771572729
348,176.32618040691807,40.224792478695925,216.550972885614,1000040.2134800348,999999.988687556,999823.6625071492,1176,301,4268627,False,356.792679,180.46649859308195,0.5058021344464917,50.58021344464917
349,176.3844904897801,40.35202014242149,216.7365106322016,1000040.3249529408,999999.9729327984,999823.5884423088,1412,302,4269803,False,356.760355,180.3758645102199,0.505593914744871,50.5593914744871
350,177.18782338065486,40.35202014242149,217.53984352307637,1000040.337437278,999999.9854171358,999822.7975937552,19453,303,4271215,False,358.059541,180.87171761934516,0.5051442481163912,50.514424811639124
351,177.6027665198884,40.485552185027046,218.08831870491545,1000040.4571303192,999999.9715781345,999822.3688116143,10048,304,4290668,False,358.531525,180.92875848011158,0.5046383535732641,50.46383535732642
352,177.96815434790773,40.485552185027046,218.4537065329348,1000040.4806161416,999999.9950639566,999822.0269096087,8848,305,4300716,False,359.050707,181.08255265209226,0.5043369895163367,50.433698951633666
353,179.0176945433317,40.58917983714122,219.6068743804729,1000040.5846531064,999999.9954732693,999820.9777787258,24663,306,4310316,False,360.803855,181.7861604566683,0.5038365248527301,50.38365248527301
354,179.35623991110998,40.69632224432738,220.05256215543736,1000040.6908579142,999999.9945356698,999820.6382957587,6630,307,4336547,False,361.092463,181.73622308889003,0.5032955315073692,50.32955315073691
355,179.9261672861659,40.76943797084616,220.6956052570121,1000040.7692743688,999999.999836398,999820.073669112,12745,308,4344233,False,361.865886,181.93971871383408,0.5027821791243237,50.27821791243237
356,182.75499093073552,40.88248844024034,223.63747937097585,1000040.8617077596,999999.9792193194,999817.2242283886,67013,309,4358466,False,368.69495,185.9399590692645,0.5043192456779364,50.431924567793644
357,183.03894286399287,41.078169589735,224.11711245372788,1000041.0421576232,999999.9639880336,999816.9250451694,4316,310,4428039,False,368.731715,185.69277213600714,0.5035985910135425,50.35985910135425
358,183.18467677505527,41.28324280695995,224.4679195820152,1000041.2428661992,999999.9596233922,999816.7749466172,8774,310,4427110,False,369.051585,185.86690822494472,0.5036339519445356,50.36339519445357
359,183.2263032364752,41.33666730634273,224.56297054281796,1000041.3275631344,999999.990895828,999816.7645925916,1008,311,4435884,False,369.018354,185.7920507635248,0.5034764497473337,50.34764497473338
360,183.80985832211505,41.44914420706029,225.2590025291753,1000041.441972491,999999.992828284,999816.1829699618,14131,312,4436892,False,369.775494,185.96563567788493,0.5029149813748472,50.29149813748472
361,184.53757806729547,41.80327462274897,226.34085269004444,1000041.7766072853,999999.9733326624,999815.4357545952,23911,311,4444734,False,371.122022,186.58444393270454,0.5027576723342614,50.27576723342614
362,184.9332772273408,41.80327462274897,226.73655185008977,1000041.79254862,999999.9892739973,999815.0559967698,9582,312,4468645,False,371.672211,186.7389337726592,0.5024290981298551,50.242909812985516
363,185.5269498556869,41.83088735448836,227.35783721017523,1000041.8081170416,999999.9772296872,999814.4502798314,14376,313,4478227,False,372.53608,187.00913014431313,0.5019893110603223,50.19893110603223
364,186.21151518401828,41.83088735448836,228.04240253850665,1000041.819591576,999999.9887042214,999813.7771890374,16577,314,4492603,False,373.624051,187.41253581598173,0.501607258190083,50.1607258190083
365,186.459580812738,41.97588994438531,228.43547075712328,1000041.9536596846,999999.9777697404,999813.5181889276,4999,315,4510188,False,373.750497,187.29091618726198,0.5011121528682864,50.11121528682864
366,186.6141520876336,42.03695359640809,228.6511056840417,1000042.0214510056,999999.9844974092,999813.3703453216,26158,315,4492772,False,375.599842,188.9856899123664,0.5031570005622271,50.31570005622271
367,186.8132818465293,42.230382682999824,229.04366452952917,1000042.2075314416,999999.9771487586,999813.163866912,1318,316,4522434,False,375.465831,188.6525491534707,0.5024493138324235,50.24493138324235
368,187.36669078451385,42.35065565002139,229.7173464345352,1000042.3465815864,999999.9959259364,999812.629235152,11113,317,4526040,False,375.985546,188.61885521548615,0.5016651762870856,50.16651762870856
369,187.8028601153841,42.413281940380166,230.2161420557643,1000042.3973218178,999999.9840398774,999812.181179762,9586,318,4538129,False,376.488527,188.68566688461587,0.5011724218746668,50.11724218746668
370,188.34024616940937,42.71304914325067,231.05329531266003,1000042.6831196352,999999.970070492,999811.6298243226,8341,319,4552387,False,376.689926,188.34967983059065,0.5000125217858644,50.00125217858644
371,188.88217479362925,42.892784613019614,231.7749594066489,1000042.8628350128,999999.9700503998,999811.087875606,11667,320,4562184,False,377.200468,188.31829320637075,0.49925254389231233,49.925254389231235
372,188.94395374827627,42.929899606007005,231.87385335428328,1000042.902265489,999999.972365883,999811.0284121346,1000,321,4574347,False,377.21211,188.26815625172372,0.4991042208367163,49.91042208367163
373,189.20246728844367,42.9673334562104,232.16980074465408,1000042.9588728236,999999.9915393672,999810.7890720788,5780,322,4575827,False,377.492728,188.29026071155633,0.4987917560932626,49.87917560932626
374,189.34803601513536,43.04335137485718,232.39138738999253,1000043.006062727,999999.9627113522,999810.614675337,2533,323,4582599,False,377.578875,188.23083898486462,0.49852057794511045,49.85205779451105
375,190.0350791090275,43.04335137485718,233.0784304838847,1000043.0275019952,999999.9841506204,999809.9490715114,16637,324,4585132,False,378.605904,188.57082489097252,0.49806625543528904,49.8066255435289
376,190.90221446309053,43.08176203299657,233.9839764960871,1000043.0474913112,999999.965729278,999809.063514815,20422,325,4602345,False,379.930988,189.02877353690948,0.4975344983887165,49.75344983887165
377,191.10848844601963,43.40309840170941,234.51158684772903,1000043.3913495356,999999.988251134,999808.879762688,915,326,4626847,False,379.636093,188.52760455398038,0.49660084494121154,49.66008449412115
378,191.6420752595185,43.486689218148186,235.12876447766664,1000043.463359872,999999.976670654,999808.3345953944,11945,327,4628738,False,380.278367,188.6362917404815,0.4960479167632523,49.60479167632523
379,192.05705969484467,43.528852678591576,235.58591237343623,1000043.5237854648,999999.994932786,999807.9378730912,9553,328,4641179,False,380.768504,188.71144430515534,0.49560675928478404,49.5606759284784
380,192.5676032886289,43.70112927262114,236.26873256125003,1000043.687306709,999999.9861774364,999807.4185741476,10299,329,4652796,False,381.221442,188.65383871137112,0.49486680948909245,49.486680948909246
381,192.14650703158628,43.798557163839305,235.9450641954256,1000043.7879543554,999999.9893971916,999807.84289016,26570,329,4626328,False,382.999585,190.85307796841374,0.4983114484795427,49.83114484795427
382,195.60435275983477,44.15344729741599,239.75780005725076,1000044.1318370912,999999.9783897937,999804.374037034,81445,330,4655186,False,391.662655,196.0583022401652,0.5005795159106124,50.05795159106125
383,195.83032497897148,44.35212375902032,240.1824487379918,1000044.3212744785,999999.9691507196,999804.1388257404,5472,331,4736631,False,391.776386,195.94606102102853,0.5001477067610413,50.01477067610413
384,196.82473489066965,44.42117706659511,241.24591195726475,1000044.4028638316,999999.981686765,999803.1569518744,24080,332,4742103,False,393.373243,196.54850810933036,0.4996488998854718,49.96488998854718
385,197.02960480644768,44.491492112153885,241.5210969186016,1000044.461886476,999999.970394364,999802.9407895576,4961,333,4766183,False,393.591582,196.56197719355234,0.49940594815249967,49.940594815249966
386,197.15312141964904,44.8653068636415,242.01842828329052,1000044.836886476,999999.9715796123,999802.8184581927,2991,334,4771144,False,393.376823,196.22370158035096,0.4988186647192251,49.88186647192251
387,197.19904267470756,45.025006603655065,242.2240492783626,1000044.9950112688,999999.9700046652,999802.7709619903,1112,335,4774135,False,393.270497,196.07145432529242,0.4985663959564514,49.85663959564514
388,197.3358566297514,45.40610170924556,242.7419583389969,1000045.3700112688,999999.9639095597,999802.62805293,3313,336,4775247,False,393.087809,195.7519523702486,0.49798530478020653,49.79853047802065
389,197.70355703896072,45.40610170924556,243.1096587482063,1000045.3857745158,999999.9796728066,999802.2761157677,8904,337,4778560,False,393.608386,195.90482896103927,0.49771507907110313,49.77150790711031
390,198.11114947369745,45.63105660327052,243.742206076968,1000045.6233600395,999999.9923034364,999801.8811539626,9870,338,4787464,False,393.945403,195.83425352630255,0.4971101376865224,49.71101376865224
391,198.36293175075824,45.77044203842468,244.1333737891829,1000045.75005454,999999.9796125016,999801.6166807509,6097,339,4797334,False,394.190118,195.82718624924175,0.49678360087464635,49.67836008746463
392,198.85778282932463,45.77044203842468,244.6282248677493,1000045.7663069756,999999.9958649372,999801.1380821078,11983,340,4803431,False,394.923294,196.06551117067536,0.49646479240263647,49.646479240263645
393,199.15255433886372,45.913475076266856,245.0660294151306,1000045.877226768,999999.9637516916,999800.8111973528,7138,341,4815414,False,395.221325,196.06877066113626,0.4960986623409966,49.609866234099655
394,199.19005119101584,46.05949452614103,245.24954571715688,1000046.0220604223,999999.9625658962,999800.7725147052,908,342,4822552,False,395.129184,195.93913280898417,0.49588625883170445,49.588625883170444
395,204.199184640732,46.05949452614103,250.258679166873,1000046.023607796,999999.96411327,999795.7649286292,121298,343,4823460,False,412.493558,208.294373359268,0.5049639426351187,50.49639426351187
396,204.66566530362823,46.10882431746442,250.77448962109267,1000046.0993226488,999999.9904983311,999795.3248330276,11296,344,4944758,False,413.093928,208.42826269637177,0.5045541669069795,50.45541669069795
397,204.74036993528367,46.35969294870536,251.10006288398904,1000046.3174795032,999999.9577865544,999795.2174166192,1809,345,4956054,False,412.981774,208.2414040647163,0.5042387271664834,50.42387271664835
398,205.77202892257785,46.40995671609275,252.1819856386706,1000046.3612378608,999999.9512811447,999794.1792522222,24982,346,4957863,False,414.684797,208.91276807742216,0.5037868993239754,50.378689932397535
399,205.92197503509345,46.46046736783214,252.3824424029256,1000046.4379254872,999999.9774581194,999794.0554830844,3631,347,4982845,False,414.824573,208.90259796490653,0.5035926306248655,50.35926306248655
400,206.6736878101201,46.51124951883553,253.18493732895564,1000046.5109204156,999999.9996708968,999793.3259830866,18203,348,4986476,False,415.938579,209.2648911898799,0.5031148870417232,50.311488704172326
401,207.6021891579034,46.562328277582914,254.16451743548632,1000046.5558494352,999999.9935211577,999792.3913319998,22484,349,5004679,False,417.423655,209.8214658420966,0.5026583024914977,50.265830249149765
402,208.00982288873283,46.87706009867526,254.8868829874081,1000046.869154382,999999.9920942832,999791.9822713946,9871,350,5027163,False,417.711597,209.70177411126716,0.5020252624474468,50.20252624474468
403,208.1306965520028,47.06858620379959,255.1992827558024,1000047.0591577668,999999.990571563,999791.859875011,10470,350,5029491,False,418.160799,210.0301024479972,0.5022711429437392,50.22711429437392
404,208.24079193508365,47.09756066507498,255.33835260015863,1000047.0738071632,999999.9762464982,999791.735454563,2666,351,5039961,False,419.146598,210.90580606491633,0.5031790955032787,50.31790955032787
405,208.91350528481635,47.45180783929166,256.365313124108,1000047.4488071632,999999.996999324,999791.0834940393,25264,351,5033653,False,420.582954,211.66944871518362,0.5032763375264696,50.32763375264696
406,208.9977493138805,47.71514108939417,256.7128904032747,1000047.7130095626,999999.9978684732,999791.0001191592,2040,352,5058917,False,420.456797,211.4590476861195,0.5029269337418263,50.292693374182626
407,209.03549394258863,47.77576747908095,256.8112614216696,1000047.7547529676,999999.9789854884,999790.943491546,914,353,5060957,False,420.44191,211.40641605741138,0.5028195596804594,50.28195596804594
408,208.1806235280511,47.98894300484068,256.16956653289174,1000047.9814243176,999999.9924813126,999791.8118577844,5017,353,5036153,False,420.49802,212.3173964719489,0.504918897054376,50.4918897054376
409,208.82500775820637,48.01681644698007,256.8418242051864,1000047.9954891786,999999.9786727316,999791.1536649732,16100,354,5040674,False,421.521034,212.69602624179362,0.5045917263568718,50.459172635687175
410,209.3376574527172,48.38518654727675,257.7228439999939,1000048.3704891786,999999.9853026312,999790.6476451786,18366,355,5050822,False,422.433994,213.0963365472828,0.5044488359695853,50.44488359695853
411,209.91547238147467,48.52024134137031,258.435713722845,1000048.507448032,999999.9872066908,999790.0717343092,15960,356,5067220,False,423.380738,213.46526561852534,0.5041921997370729,50.419219973707285
412,210.0324642120329,48.66104744170387,258.6935116537367,1000048.638720454,999999.9776730124,999789.9452088004,4817,357,5081196,False,423.544787,213.5123227879671,0.5041080172425003,50.410801724250035
413,210.3070419322522,48.66104744170387,258.96808937395605,1000048.650569843,999999.9895224014,999789.6824804692,6649,358,5086013,False,423.923137,213.6160950677478,0.5039028928202799,50.390289282027986
414,213.66982405515475,48.96164596633899,262.6314700214937,1000048.9347386684,999999.973092702,999786.3032686468,85399,359,5088694,False,433.785344,220.11551994484526,0.5074295915927608,50.74295915927608
415,214.4710921413956,48.96164596633899,263.43273810773456,1000048.938417206,999999.9767712397,999785.5056790982,19403,360,5174093,False,435.133663,220.66257085860443,0.5071144561357562,50.71144561357562
416,217.2993376406677,49.00104338203724,266.300381022705,1000048.9728580796,999999.9718146976,999782.672477057,68967,361,5193016,False,442.216429,224.91709135933232,0.50861315095856,50.861315095856
417,217.3779654011276,49.00104338203724,266.3790087831648,1000048.9921509404,999999.9911075584,999782.6131421572,1904,362,5261983,False,442.306091,224.92812559887238,0.5085349946014476,50.85349946014476
418,217.3243630728309,49.20259640514104,266.526959477972,1000049.1795938684,999999.9769974631,999782.6526343904,1182,363,5261407,False,442.172467,224.8481039271691,0.5085076993886395,50.85076993886395
419,219.44413280611076,49.24386891595243,268.6880017220632,1000049.2072065372,999999.9633376212,999780.5192048152,51827,364,5262093,False,446.929788,227.48565519388922,0.5089964045848947,50.89964045848947
420,219.72564826990003,49.54400900772816,269.2696572776282,1000049.5090893228,999999.9650803152,999780.2394320451,10049,365,5310688,False,447.251815,227.5261667301,0.5087204995022769,50.87204995022769
421,219.97470500484405,49.67859323251432,269.6532982373584,1000049.6425763252,999999.9639830928,999779.989278088,21792,365,5304976,False,448.644764,228.67005899515596,0.5096906892580071,50.96906892580071
422,221.6339407125733,49.67859323251432,271.31253394508764,1000049.6471804234,999999.9685871908,999778.3346464784,40179,366,5326768,False,452.048768,230.4148272874267,0.5097123222055252,50.97123222055252
423,221.8521079701938,49.67859323251432,271.53070120270814,1000049.647861002,999999.9692677696,999778.1171597992,5283,367,5366947,False,452.339821,230.48771302980617,0.5095454840130164,50.954548401301636
424,222.20176198690265,49.67859323251432,271.88035521941697,1000049.6544910014,999999.9758977687,999777.774135782,8467,368,5372230,False,452.839772,230.63801001309733,0.509314826731026,50.9314826731026
425,222.2386806937572,49.78899281815988,272.0276735119171,1000049.7708928118,999999.9818999936,999777.7432192998,894,369,5380697,False,452.777362,230.53868130624278,0.5091656532647999,50.91656532647999
426,222.658207699278,49.99958465265562,272.65779235193367,1000049.9730021304,999999.973417478,999777.3152097786,10159,370,5381591,False,453.185487,230.52727930072203,0.5086819545497097,50.868195454970966
427,223.9849272687601,50.03147040122701,274.0163976699871,1000050.0070689396,999999.9755985384,999775.9906712696,32127,371,5391750,False,455.652148,231.66722073123992,0.5084299980766027,50.84299980766027
428,224.37942884211773,50.26436315553074,274.64379199764846,1000050.2437172752,999999.9793541196,999775.5999252774,9553,372,5423877,False,455.999153,231.61972415788225,0.507938935048597,50.793893504859696
429,225.5329938949988,50.26436315553074,275.7973570505296,1000050.2510841484,999999.9867209928,999774.4537270978,27934,373,5433430,False,458.050282,232.51728810500117,0.5076239383365365,50.762393833653654
430,226.7157552854036,50.47840064727908,277.1941559326827,1000050.4528677522,999999.9744671048,999773.2587118197,28641,374,5461364,False,459.980689,233.2649337145964,0.5071189710631447,50.711897106314474
431,226.1517745476934,50.80091323715759,276.952687784851,1000050.7813992448,999999.9804860078,999773.82871146,14044,374,5462304,False,460.512212,234.36043745230657,0.5089125355318624,50.891253553186246
432,226.31311838178829,50.97697232404192,277.2900907058302,1000050.9662598944,999999.9892875704,999773.6761691888,3907,375,5476348,False,460.538519,234.22540061821172,0.5085902502288017,50.85902502288017
433,227.32858930075247,51.13568115598687,278.4642704567393,1000051.1159759306,999999.9802947746,999772.651705474,24590,376,5480255,False,462.094464,234.76587469924755,0.5080473647467189,50.804736474671884
434,227.36707725912885,51.37368836840259,278.74076562753146,1000051.343480536,999999.9697921678,999772.6027149088,932,377,5504845,False,461.89284,234.52576274087113,0.5077492925434202,50.77492925434201
435,227.4309210184098,51.37368836840259,278.8046093868124,1000051.3486029876,999999.9749146192,999772.5439936008,1546,378,5505777,False,461.965088,234.53416698159018,0.5076880765967973,50.76880765967972
436,228.07167119240933,51.40902122250998,279.4806924149193,1000051.3767746967,999999.9677534744,999771.896082282,15516,379,5507323,False,462.906454,234.83478280759067,0.5073050521943915,50.730505219439145
437,228.4177737451478,51.40902122250998,279.82679496765775,1000051.3934552184,999999.984433996,999771.5666602508,8381,380,5522839,False,463.378172,234.9603982548522,0.5070597029651457,50.70597029651457
438,228.6552262780492,51.51746346457615,280.1726897426253,1000051.4812365272,999999.9637730628,999771.3085467848,5750,381,5531220,False,463.622953,234.96772672195078,0.5068077954327486,50.68077954327486
439,229.0046325182019,51.6676754595657,280.6723079777676,1000051.6521402478,999999.9844647882,999770.97983227,8461,382,5536970,False,463.922959,234.9183264817981,0.50637357329366,50.637357329366
440,230.30909349373024,51.784243567615874,282.0933370613461,1000051.7764257836,999999.992182216,999769.6830887222,31588,383,5545431,False,466.247189,235.93809550626975,0.5060364996780061,50.603649967800614
441,230.70347117880985,52.02775759041792,282.73122876922776,1000052.0145119366,999999.9867543462,999769.2832831674,9550,384,5577019,False,466.96963,236.26615882119015,0.5059561556951576,50.595615569515765
442,230.779621173709,52.06946740657331,282.8490885802823,1000052.0355957798,999999.9661283732,999769.1865071994,1844,385,5586569,False,467.056257,236.27663582629103,0.5058847457562078,50.58847457562078
443,231.13100962631032,52.24060564642687,283.3716152727372,1000052.2014203588,999999.9608147125,999768.829805086,8509,386,5588413,False,467.395833,236.26482337368967,0.505491933587028,50.5491933587028
444,231.6305684594421,52.24060564642687,283.87117410586893,1000052.228230737,999999.9876250906,999768.3570566312,12097,387,5596922,False,468.113793,236.4832245405579,0.5051832013430074,50.518320134300744
445,231.8874301559023,52.28427966866226,284.1717098245646,1000052.2676995707,999999.9834199022,999768.0959897464,6220,388,5609019,False,468.445117,236.55768684409767,0.504984849365177,50.4984849365177
446,231.92455534322028,52.46015700304382,284.3847123462641,1000052.4223927932,999999.9622357904,999768.0376804472,899,389,5615239,False,468.31701,236.3924546567797,0.504770165526936,50.4770165526936
447,231.96804012881077,52.816683440126944,284.7847235689377,1000052.7973927932,999999.9807093532,999768.0126692244,1053,390,5616138,False,468.028639,236.06059887118923,0.5043721242690647,50.43721242690648
448,232.298243685868,52.91870386075311,285.2169475466211,1000052.915589588,999999.9968857272,999767.6986420414,19037,390,5606150,False,469.277017,236.978773314132,0.5049869580852113,50.498695808521134
449,232.38343752506373,52.9472473552445,285.33068488030824,1000052.9225948036,999999.9753474484,999767.5919099232,2063,391,5625187,False,469.386139,237.0027014749363,0.5049205372358392,50.49205372358392
450,233.27824126122132,53.066077450970056,286.3443187121914,1000053.042334511,999999.97625706,999766.6980157988,21668,392,5627250,False,470.883453,237.60521173877865,0.5045945238147467,50.45945238147467
451,233.6570503193612,53.066077450970056,286.72312777033125,1000053.0477436972,999999.981666246,999766.3246159268,9173,393,5648918,False,471.488612,237.8315616806388,0.5044269482390782,50.44269482390782
452,233.91366423926536,53.32229890194117,287.2359631412065,1000053.3171714484,999999.9948725464,999766.0812083072,6214,394,5658091,False,471.588585,237.67492076073466,0.5039878578925625,50.39878578925625
453,234.01834983420537,53.48503198630212,287.50338182050746,1000053.4717241012,999999.9866921148,999765.9683422806,2535,395,5664305,False,471.577086,237.55873616579464,0.5037537726457614,50.37537726457614
454,234.14533531919173,53.51851427170551,287.66384959089726,1000053.4954872496,999999.9769729776,999765.8316376584,3075,396,5666840,False,471.755403,237.61006768080827,0.5036721703022197,50.367217030221966
455,234.19299101014272,53.51851427170551,287.71150528184825,1000053.50751271,999999.9889984383,999765.7960074282,1154,397,5669915,False,472.074197,237.8812059898573,0.5039063933203223,50.39063933203223
456,234.237136533216,53.5523813353489,287.78951786856493,1000053.5328588432,999999.9804775078,999765.7433409746,1069,398,5671069,False,472.104436,237.86729946678403,0.5038446609020721,50.38446609020721
457,234.87697819317663,53.911639494872965,288.7886176880496,1000053.9078588432,999999.9962193484,999765.1192411552,22680,397,5664952,False,473.449463,238.57248480682335,0.5039027466524413,50.39027466524413
458,234.91612688903584,53.993072731371136,288.909199620407,1000053.9845493692,999999.9914766378,999765.0753497488,1882,397,5686698,False,473.810943,238.89481611096417,0.504198604190879,50.419860419087904
459,234.6992398102884,54.19130041098687,288.8905402212753,1000054.176155832,999999.984855421,999765.2856156108,8829,397,5674499,False,474.192599,239.49335918971158,0.5050550339561745,50.505503395617446
460,235.5755841930188,54.31421214408843,289.8897963371072,1000054.3026213144,999999.9884091704,999764.4128249774,21221,398,5683328,False,475.620642,240.04505780698116,0.504698569846725,50.469856984672504
461,235.97272871630784,54.4109245706026,290.38365328691043,1000054.408821046,999999.9978964756,999764.0251677592,9617,399,5704549,False,476.123253,240.15052428369214,0.5043873046958539,50.438730469585394
462,236.0236880946731,54.44398808710999,290.4676761817831,1000054.4284218168,999999.9844337298,999763.9607456352,1234,400,5714166,False,476.189431,240.1657429053269,0.5043491670971734,50.434916709717335
463,236.36851046853852,54.795188041431885,291.16369850997046,1000054.7933248392,999999.998136798,999763.6296263294,8350,401,5715400,False,476.360407,239.9918965314615,0.5038031981769246,50.38031981769247
464,236.4599400177287,54.86794292673466,291.3278829444634,1000054.8381491932,999999.9702062666,999763.5102662488,2214,402,5723750,False,476.429838,239.9698979822713,0.5036836042629876,50.368360426298764
465,236.71453042909164,54.96788568208084,291.6824161111725,1000054.9459980384,999999.9781123564,999763.2635819272,14100,402,5718029,False,477.282515,240.56798457090835,0.5040368691715186,50.40368691715186
466,236.9328215749902,55.109882608745785,292.042704183736,1000055.0964013174,999999.9865187086,999763.0536971336,5286,403,5732129,False,477.458567,240.52574542500983,0.5037625504057818,50.37625504057818
467,237.19819026654216,55.25429665259473,292.4524869191369,1000055.2273555094,999999.9730588568,999762.7748685904,6426,404,5737415,False,477.721644,240.52345373345787,0.503480335786205,50.3480335786205
468,236.8036886931845,55.603980061563405,292.407668754748,1000055.5802763776,999999.976296316,999763.1726076228,7805,404,5726483,False,477.860332,241.05664330681552,0.5044499975503627,50.44499975503627
469,237.26521382495935,55.603980061563405,292.8691938865228,1000055.600361894,999999.9963818324,999762.7311680074,11176,405,5734288,False,478.543716,241.27850217504067,0.5041932306452869,50.41932306452869
470,237.38319676174183,55.691215849357576,293.07441261109943,1000055.6891111148,999999.9978952656,999762.6146985036,4345,406,5743976,False,478.716082,241.33288523825814,0.504125293284503,50.4125293284503
471,241.9917168163839,55.78201898895975,297.7737358053437,1000055.7538076544,999999.9717886654,999757.980071849,112941,407,5746977,False,494.479299,252.48758218361613,0.5106130482999575,51.06130482999575
472,242.9853421023212,55.84451348437453,298.8298555866957,1000055.8341545163,999999.989641032,999757.0042989296,24061,408,5859918,False,496.139101,253.15375889767878,0.5102475462777097,51.024754627770974
473,244.0955049617972,55.87637822251392,299.9718831843111,1000055.8500225904,999999.973644368,999755.878139406,26899,409,5883963,False,498.098698,254.00319303820282,0.5099455069007284,50.994550690072835
474,247.30829967609145,55.87637822251392,303.1846778986054,1000055.8680200436,999999.9916418212,999752.683342145,77799,410,5910862,False,506.377242,259.0689423239086,0.511612530809409,51.1612530809409
475,247.3817654249665,55.9411758127127,303.3229412376792,1000055.9087493912,999999.9675735784,999752.5858081534,1763,411,5988677,False,506.436871,259.0551055750335,0.5115249706513441,51.152497065134405
476,247.53819502403263,55.97405354694809,303.5122485709807,1000055.9541767028,999999.9801231558,999752.4419281316,3708,412,5990520,False,506.574499,259.03630397596737,0.511348882518398,51.134888251839804
477,248.56345311696165,56.04085398284287,304.60430709980454,1000056.0239825896,999999.9831286068,999751.41967549,24587,413,5994468,False,508.196228,259.63277488303834,0.5108907948900367,51.08907948900367
478,248.95630284661215,56.14382712692504,305.1001299735372,1000056.14200058,999999.998173453,999751.0418706064,9513,414,6019055,False,508.634674,259.67837115338784,0.5105400485405913,51.05400485405913
479,249.7996929473851,56.2870156697546,306.0867086171397,1000056.2678558704,999999.9808402008,999750.1811472534,20569,414,6028422,False,509.845334,260.0456410526149,0.5100480944140893,51.00480944140892
480,249.1029452717135,56.33862649924938,305.44157177096287,1000056.3341942178,999999.9955677184,999750.8926224468,1798,414,6030321,False,509.883129,260.7801837282865,0.5114508970707413,51.145089707074135
481,249.24516901489824,56.41564126176355,305.6608102766618,1000056.3998907604,999999.9842494986,999750.7390804836,3444,415,6032119,False,510.004634,260.7594649851018,0.5112884228912746,51.12884228912746
482,249.38520406517105,56.442311247902936,305.82751531307395,1000056.4305689628,999999.988257715,999750.60305365,3391,416,6035563,False,510.132514,260.747309934829,0.5111364258872333,51.11364258872333
483,250.210217404702,56.5534911543165,306.7637085590185,1000056.541503404,999999.9880122496,999749.7777948448,19978,417,6038954,False,511.351189,261.14097159529797,0.5106881087066328,51.068810870663285
484,250.93851529518,56.61172307974727,307.55023837492723,1000056.589168444,999999.9774453643,999749.0389300692,17636,418,6058932,False,512.436432,261.49791670482,0.5103031329841513,51.03031329841513
485,251.09862024649448,56.61172307974727,307.71034332624174,1000056.5937592008,999999.9820361212,999748.8834158748,3877,419,6076568,False,512.646512,261.54789175350555,0.5101914977108155,51.01914977108155
486,251.16395066511183,56.67161074149805,307.8355614066099,1000056.6615057545,999999.9898950128,999748.8259443478,1582,420,6080445,False,512.655838,261.4918873348882,0.5100729728447727,51.00729728447727
487,252.0305904660628,56.76457041281222,308.795160878875,1000056.741844046,999999.9772736332,999747.946683167,20906,421,6082107,False,513.972343,261.94175253393723,0.5096417270334276,50.96417270334276
488,252.0808065147598,56.79618375690361,308.87699027166343,1000056.7738012376,999999.9776174808,999747.896810966,1216,422,6103013,False,513.992554,261.91174748524026,0.5095633106880382,50.95633106880382
489,252.125612775316,56.89357191692177,309.0191846922378,1000056.8800140618,999999.9864421448,999747.8608293696,1085,423,6104229,False,513.937588,261.81197522468403,0.5094236758271201,50.94236758271201
490,252.59349750536333,56.99411163149994,309.58760913686325,1000056.9842872252,999999.9901755938,999747.3966780883,11250,424,6105394,False,514.528417,261.9349194946367,0.5090776541009526,50.907765410095266
491,253.47508649186383,57.169292496724886,310.6443789885888,1000057.1356208645,999999.9663283676,999746.4912418756,21364,425,6116628,False,515.843889,262.3688025081361,0.5086205499434271,50.86205499434271
492,253.88763445772204,57.27904837309506,311.1666828308171,1000057.2661180838,999999.9870697109,999746.0994352532,9974,426,6138008,False,516.311833,262.42419854227796,0.5082668685268694,50.82668685268694
493,254.23633866429924,57.430606668866325,311.6669453331656,1000057.3982178326,999999.9676111636,999745.7312724994,9196,427,6147230,False,516.710786,262.47444733570075,0.5079716825104185,50.797168251041846
494,254.3071614632429,57.46940081500571,311.77656227824855,1000057.4457316448,999999.9763308298,999745.6691693666,2211,428,6155930,False,516.795644,262.48848253675715,0.507915431533237,50.7915431533237
495,254.32004584415856,57.67006248867866,311.9901083328372,1000057.6392934432,999999.9692309544,999745.6491851102,5240,428,6153213,False,516.90584,262.5857941558414,0.5079954100650931,50.79954100650931
496,254.43195825531728,57.74888227237683,312.1808405276941,1000057.7388694596,999999.9899871872,999745.5580289316,4214,429,6156949,False,517.074073,262.6421147446827,0.5079390525633312,50.79390525633312
497,254.4482702119253,57.832003480715,312.2802736926403,1000057.8094457196,999999.9774422388,999745.5291720268,4102,429,6157456,False,517.238111,262.7898407880747,0.5080635691751544,50.80635691751544
498,254.56451871281524,57.93622670181655,312.5007454146318,1000057.9323873264,999999.9961606244,999745.4316419116,6527,430,6157846,False,517.546885,262.98236628718473,0.5081324492701463,50.81324492701464
499,253.97249792817635,57.98933018948733,311.9618281176637,1000057.9883016658,999999.9989714762,999746.026473548,8807,430,6141230,False,518.031332,264.05883407182364,0.5097352568470195,50.97352568470195
500,254.61659308568284,58.09567595164489,312.7122690373277,1000058.0781711492,999999.9824951974,999745.3659021116,15597,431,6150037,False,519.040393,264.42379991431716,0.5094474408551806,50.94474408551805
501,254.6317074556032,58.26837614649724,312.9000836021004,1000058.2449815013,999999.9766053548,999745.3448978992,366,432,6165634,False,518.983943,264.35223554439676,0.5093649603421291,50.93649603421291
502,255.1432421556117,58.52097358774036,313.66421574335203,1000058.5168686492,999999.9958950616,999744.852652906,12387,433,6166000,False,519.507628,264.36438584438827,0.5088748876741965,50.887488767419654
503,255.180449935115,58.86962886929426,314.0500788044093,1000058.8342476124,999999.964618743,999744.784168808,901,434,6178387,False,519.243644,264.063194064885,0.508553541514097,50.855354151409706
504,255.26787376331535,58.94385112202104,314.2117248853364,1000058.921802557,999999.9779514348,999744.7100776716,2117,435,6179288,False,519.264746,263.99687223668457,0.5084051522278475,50.84051522278475
505,255.37780396202555,59.01973972219468,314.39754368422024,1000059.0136203688,999999.9938806464,999744.6160766846,2662,436,6181405,False,519.307873,263.9300690379744,0.5082342917569718,50.82342917569718
506,255.59043754322715,59.21568915720248,314.8061267004296,1000059.2147191408,999999.9990299836,999744.4085924404,5149,437,6184067,False,519.41721,263.8267724567728,0.5079284385990461,50.792843859904615
507,256.44770313114003,59.29681985460126,315.7445229857413,1000059.2619109972,999999.9650911428,999743.5173880116,20759,438,6189216,False,520.818144,264.37044086885993,0.5076060500474038,50.76060500474038
508,256.79256680109813,59.506020627410216,316.2985874285084,1000059.4889551993,999999.9829345718,999743.1903677708,8351,439,6209975,False,521.099791,264.30722419890185,0.5072103822795466,50.721038227954665
509,257.2380690489137,59.592574693001,316.8306437419147,1000059.574142522,999999.981567829,999742.74349878,16710,439,6212404,False,522.125216,264.8871469510863,0.5073249458824955,50.73249458824955
510,257.47436529122007,59.592574693001,317.06693998422105,1000059.5895345412,999999.996959848,999742.5225945568,5722,440,6229114,False,522.408371,264.9340057087799,0.5071396639407602,50.71396639407602
511,258.13365741083226,59.61830173078839,317.75195914162066,1000059.5988829517,999999.9805812208,999741.84692381,15965,441,6234836,False,523.405514,265.2718565891678,0.5068189950119015,50.68189950119015
512,258.1708651903356,59.84084294726349,318.01170813759904,1000059.8295226116,999999.9886796644,999741.817814474,901,442,6250801,False,523.22149,265.05062480966444,0.5065744237868831,50.65744237868831
