Request Id,request_e2e_time,request_e2e_time_normalized,request_execution_time,request_execution_time_normalized,request_model_execution_time,request_model_execution_time_normalized,request_preemption_time,request_scheduling_delay,request_execution_plus_preemption_time,request_execution_plus_preemption_time_normalized,prefill_e2e_time,prefill_e2e_time_normalized,prefill_time_execution_plus_preemption,prefill_time_execution_plus_preemption_normalized,decode_time_execution_plus_preemption_normalized,request_inter_arrival_delay,request_num_tokens,request_num_prefill_tokens,request_num_prefill_tokens_cached,request_num_decode_tokens,request_pd_ratio,request_num_restarts,request_arrived_at,replica
2,15.924080,0.031848,15.924080,0.031848,15.924080,0.031848,0.000000,0.000000,15.924080,0.031848,0.364484,0.000050,0.364484,0.000050,0.031119,0.185878,7770,7270,0,500,14.540000,0,0.185878,0
3,18.597910,0.037955,18.597910,0.037955,18.597910,0.037955,0.000000,0.000000,18.597910,0.037955,0.375335,0.000048,0.375335,0.000048,0.037189,0.258105,8324,7834,0,490,15.987755,0,0.258105,1
4,25.981903,0.032723,25.961431,0.032697,25.961431,0.032697,0.000000,0.020471,25.961431,0.032697,0.414534,0.000054,0.394063,0.000051,0.032201,0.316746,8542,7748,512,794,9.758186,0,0.502624,0
5,12.521395,0.039625,12.516559,0.039609,12.516559,0.039609,0.000000,0.004836,12.516559,0.039609,0.111250,0.000040,0.106414,0.000038,0.039273,0.393923,3118,2802,512,316,8.867089,0,0.652029,1
6,0.639216,0.213072,0.415456,0.138485,0.415456,0.138485,0.000000,0.223760,0.415456,0.138485,0.592160,0.000081,0.368401,0.000051,0.015685,0.161769,7275,7272,512,3,2424.000000,0,0.664393,0
7,5.652319,0.032672,5.649704,0.032657,5.649704,0.032657,0.000000,0.002615,5.649704,0.032657,0.236551,0.000044,0.233936,0.000044,0.031305,0.387364,5519,5346,512,173,30.901734,0,1.039393,1
8,16.141832,0.035633,16.132275,0.035612,16.132275,0.035612,0.000000,0.009557,16.132275,0.035612,1.489259,0.000063,1.479702,0.000063,0.032346,0.553985,24106,23653,512,453,52.214128,0,1.218377,0
9,21.270465,0.046442,21.268834,0.046439,21.268834,0.046439,0.000000,0.001630,21.268834,0.046439,1.776627,0.000065,1.774997,0.000065,0.042563,0.371745,27858,27400,512,458,59.825328,0,1.411137,1
10,14.451917,0.035950,13.213689,0.032870,13.213689,0.032870,0.000000,1.238227,13.213689,0.032870,1.862302,0.000169,0.624074,0.000057,0.031317,0.209897,11412,11010,512,402,27.388060,0,1.428274,0
11,27.286497,0.044732,25.645406,0.042042,25.645406,0.042042,0.000000,1.641091,25.645406,0.042042,2.753266,0.000153,1.112175,0.000062,0.040218,0.091954,18572,17962,512,610,29.445902,0,1.503092,1
12,4.598341,0.064765,2.900646,0.040854,2.900646,0.040854,0.000000,1.697695,2.900646,0.040854,2.517909,0.000179,0.820214,0.000058,0.029302,0.132730,14127,14056,512,71,197.971831,0,1.561004,0
13,25.653317,0.063814,23.321741,0.058014,23.321741,0.058014,0.000000,2.331576,23.321741,0.058014,12.073060,0.000138,9.741485,0.000111,0.033782,0.384673,88083,87681,512,402,218.111940,0,1.887765,1
14,20.153594,0.036777,18.125945,0.033077,18.125945,0.033077,0.000000,2.027650,18.125945,0.033077,2.378676,0.000348,0.351027,0.000051,0.032436,0.455816,7384,6836,512,548,12.474453,0,2.016820,0
15,23.822638,0.067296,12.184454,0.034419,12.184454,0.034419,0.000000,11.638184,12.184454,0.034419,11.830243,0.004687,0.192059,0.000076,0.033877,0.345338,2878,2524,512,354,7.129944,0,2.233103,1
16,2.833892,0.202421,0.773582,0.055256,0.773582,0.055256,0.000000,2.060310,0.773582,0.055256,2.493910,0.000318,0.433600,0.000055,0.024284,0.289524,7850,7836,512,14,559.714286,0,2.306345,0
17,16.954622,0.116928,5.256433,0.036251,5.256433,0.036251,0.000000,11.698190,5.256433,0.036251,12.275453,0.001236,0.577263,0.000058,0.032270,0.105465,10075,9930,512,145,68.482759,0,2.338568,1
18,13.853788,0.039025,11.523324,0.032460,11.523324,0.032460,0.000000,2.330464,11.523324,0.032460,2.409778,0.001689,0.079314,0.000056,0.032237,0.133317,1782,1427,512,355,4.019718,0,2.439661,0
19,28.911361,0.062042,16.777944,0.036004,16.777944,0.036004,0.000000,12.133417,16.777944,0.036004,12.927110,0.000968,0.793693,0.000059,0.034301,0.109337,13824,13358,512,466,28.665236,0,2.447904,1
20,35.806342,0.038543,33.649565,0.036221,33.649565,0.036221,0.000000,2.156778,33.649565,0.036221,3.467751,0.000165,1.310973,0.000062,0.034810,0.228008,21947,21018,512,929,22.624327,0,2.667669,0
21,25.647487,0.073489,13.100204,0.037536,13.100204,0.037536,0.000000,12.547283,13.100204,0.037536,13.644775,0.000797,1.097491,0.000064,0.034392,0.344610,17470,17121,512,349,49.057307,0,2.792514,1
22,17.053815,0.046091,13.927894,0.037643,13.927894,0.037643,0.000000,3.125922,13.927894,0.037643,4.951620,0.000184,1.825698,0.000068,0.032709,0.302243,27235,26865,512,370,72.608108,0,2.969912,0
23,30.292322,0.063773,16.918050,0.035617,16.918050,0.035617,0.000000,13.374272,16.918050,0.035617,13.745380,0.002092,0.371108,0.000056,0.034836,0.232119,7046,6571,512,475,13.833684,0,3.024633,1
24,18.540959,0.044145,14.063063,0.033483,14.063063,0.033483,0.000000,4.477897,14.063063,0.033483,4.841949,0.000749,0.364052,0.000056,0.032617,0.429721,6886,6466,512,420,15.395238,0,3.399633,0
25,42.863190,0.050546,29.802687,0.035145,29.802687,0.035145,0.000000,13.060503,29.802687,0.035145,13.788944,0.001164,0.728440,0.000061,0.034286,0.654507,12699,11851,512,848,13.975236,0,3.679140,1
26,7.851956,0.098149,3.507096,0.043839,3.507096,0.043839,0.000000,4.344860,3.507096,0.043839,5.292536,0.000337,0.947676,0.000060,0.031993,0.467858,15764,15684,512,80,196.050000,0,3.867491,0
27,25.953875,0.097939,12.415048,0.046849,12.415048,0.046849,0.000000,13.538828,12.415048,0.046849,17.502077,0.000377,3.963250,0.000085,0.031894,0.215409,46699,46434,512,265,175.222642,0,3.894549,1
28,5.912706,0.227412,0.761992,0.029307,0.761992,0.029307,0.000000,5.150714,0.761992,0.029307,5.236996,0.003346,0.086282,0.000055,0.025989,0.105647,1591,1565,512,26,60.192308,0,3.973138,0
29,42.525737,0.057082,25.167821,0.033782,25.167821,0.033782,0.000000,17.357916,25.167821,0.033782,17.730612,0.002850,0.372697,0.000060,0.033282,0.084188,6967,6222,512,745,8.351678,0,3.978737,1
30,5.886160,0.535105,0.701230,0.063748,0.701230,0.063748,0.000000,5.184930,0.701230,0.063748,5.622991,0.000726,0.438061,0.000057,0.023924,0.026546,7761,7750,512,11,704.545455,0,3.999684,0
31,37.921572,0.064934,20.386585,0.034909,20.386585,0.034909,0.000000,17.534987,20.386585,0.034909,18.200670,0.001675,0.665683,0.000061,0.033769,0.164573,11451,10867,512,584,18.607877,0,4.143310,1
32,26.421229,0.042961,21.143035,0.034379,21.143035,0.034379,0.000000,5.278194,21.143035,0.034379,5.385848,0.002708,0.107654,0.000054,0.034204,0.314321,2604,1989,512,615,3.234146,0,4.314005,0
33,29.897487,0.086911,12.276686,0.035688,12.276686,0.035688,0.000000,17.620801,12.276686,0.035688,18.650769,0.001175,1.029968,0.000065,0.032694,0.545695,16222,15878,512,344,46.156977,0,4.689005,1
34,15.542294,0.050299,10.607145,0.034327,10.607145,0.034327,0.000000,4.935149,10.607145,0.034327,5.147556,0.001192,0.212407,0.000049,0.033640,0.424283,4627,4318,512,309,13.974110,0,4.738289,0
35,19.041831,19.041831,0.536222,0.536222,0.536222,0.536222,0.000000,18.505609,0.536222,0.536222,19.041831,0.002051,0.536222,0.000058,0.000000,0.107129,9285,9284,512,1,9284.000000,0,4.796134,1
36,14.857646,0.062427,9.875536,0.041494,9.875536,0.041494,0.000000,4.982110,9.875536,0.041494,6.888691,0.000258,1.906581,0.000071,0.033483,0.137101,26906,26668,512,238,112.050420,0,4.875389,0
37,34.881138,0.077686,15.977356,0.035584,15.977356,0.035584,0.000000,18.903782,15.977356,0.035584,20.000428,0.001166,1.096646,0.000064,0.033142,0.105514,17596,17147,512,449,38.189310,0,4.901648,1
38,7.788284,0.251235,0.987881,0.031867,0.987881,0.031867,0.000000,6.800403,0.987881,0.031867,6.949993,0.002478,0.149590,0.000053,0.027042,0.043655,2836,2805,512,31,90.483871,0,4.919044,0
39,28.109332,0.117122,8.245435,0.034356,8.245435,0.034356,0.000000,19.863897,8.245435,0.034356,19.984478,0.012321,0.120581,0.000074,0.033854,0.098109,1862,1622,512,240,6.758333,0,4.999757,1
40,26.089443,0.047008,19.279543,0.034738,19.279543,0.034738,0.000000,6.809899,19.279543,0.034738,7.050725,0.001703,0.240826,0.000058,0.034304,0.112882,4695,4140,512,555,7.459459,0,5.031927,0
41,37.810907,0.072158,18.025280,0.034399,18.025280,0.034399,0.000000,19.785627,18.025280,0.034399,19.924309,0.007813,0.138681,0.000054,0.034135,0.170682,3074,2550,512,524,4.866412,0,5.170439,1
42,26.899458,0.045825,20.087610,0.034221,20.087610,0.034221,0.000000,6.811848,20.087610,0.034221,6.918398,0.002866,0.106550,0.000044,0.034039,0.210356,3001,2414,512,587,4.112436,0,5.242282,0
43,28.227853,0.124352,8.627418,0.038006,8.627418,0.038006,0.000000,19.600435,8.627418,0.038006,20.536444,0.001411,0.936009,0.000064,0.033883,0.295323,14780,14553,512,227,64.110132,0,5.465762,1
44,15.369293,0.064307,8.851784,0.037037,8.851784,0.037037,0.000000,6.517509,8.851784,0.037037,7.293494,0.000579,0.775985,0.000062,0.033790,0.374087,12846,12607,512,239,52.748954,0,5.616369,0
45,31.121228,0.096053,10.819947,0.033395,10.819947,0.033395,0.000000,20.301281,10.819947,0.033395,20.392559,0.012923,0.091279,0.000058,0.033113,0.197420,1902,1578,512,324,4.870370,0,5.663182,1
46,14.593133,0.071887,7.604464,0.037460,7.604464,0.037460,0.000000,6.988669,7.604464,0.037460,7.579134,0.000748,0.590465,0.000058,0.034552,0.269980,10330,10127,512,203,49.886700,0,5.886349,0
47,24.797283,0.236165,4.859226,0.046278,4.859226,0.046278,0.000000,19.938057,4.859226,0.046278,21.338199,0.001041,1.400142,0.000068,0.032944,0.427361,20593,20488,512,105,195.123810,0,6.090542,1
48,24.512753,0.050962,17.231906,0.035825,17.231906,0.035825,0.000000,7.280847,17.231906,0.035825,7.675441,0.001091,0.394595,0.000056,0.035005,0.265465,7518,7037,512,481,14.629938,0,6.151814,0
49,31.939170,0.098578,10.746467,0.033168,10.746467,0.033168,0.000000,21.192703,10.746467,0.033168,21.287525,0.015098,0.094823,0.000067,0.032875,0.103789,1734,1410,512,324,4.351852,0,6.194331,1
50,20.114826,0.055720,12.655827,0.035058,12.655827,0.035058,0.000000,7.458999,12.655827,0.035058,7.808513,0.001323,0.349514,0.000059,0.034090,0.185925,6264,5903,512,361,16.351801,0,6.337739,0
51,35.122205,0.097023,14.023793,0.038740,14.023793,0.038740,0.000000,21.098413,14.023793,0.038740,22.812215,0.000945,1.713802,0.000071,0.034005,0.162225,24505,24143,512,362,66.693370,0,6.356556,1
52,31.939099,0.054226,24.208603,0.041101,24.208603,0.041101,0.000000,7.730496,24.208603,0.041101,10.975775,0.000282,3.245279,0.000083,0.035591,0.046695,39484,38895,512,589,66.035654,0,6.384434,0
53,37.365881,0.090038,14.626092,0.035244,14.626092,0.035244,0.000000,22.739788,14.626092,0.035244,23.216900,0.002882,0.477112,0.000059,0.034094,0.028802,8470,8055,512,415,19.409639,0,6.385358,1
54,18.180526,0.083016,7.453689,0.034035,7.453689,0.034035,0.000000,10.726837,7.453689,0.034035,11.308780,0.001192,0.581943,0.000061,0.031378,0.194187,9705,9486,512,219,43.315068,0,6.578622,0
55,44.902443,0.076495,22.047286,0.037559,22.047286,0.037559,0.000000,22.855158,22.047286,0.037559,24.592784,0.000993,1.737626,0.000070,0.034599,0.329911,25345,24758,512,587,42.177172,0,6.715269,1
56,26.073999,0.062528,15.087279,0.036181,15.087279,0.036181,0.000000,10.986720,15.087279,0.036181,12.042748,0.000740,1.056028,0.000065,0.033648,0.289315,16690,16273,512,417,39.023981,0,6.867937,0
57,42.246587,0.092040,18.040134,0.039303,18.040134,0.039303,0.000000,24.206454,18.040134,0.039303,26.234206,0.000930,2.027752,0.000072,0.034885,0.342348,28672,28213,512,459,61.466231,0,7.057618,1
58,15.551435,0.158688,3.813487,0.038913,3.813487,0.038913,0.000000,11.737948,3.813487,0.038913,12.485816,0.001081,0.747868,0.000065,0.031282,0.266453,11651,11553,512,98,117.887755,0,7.134390,0
59,26.964973,1.123541,0.958968,0.039957,0.958968,0.039957,0.000000,26.006005,0.958968,0.039957,26.324978,0.004922,0.318973,0.000060,0.026666,0.181903,5372,5348,512,24,222.833333,0,7.239521,1
60,24.614084,0.069335,12.288609,0.034616,12.288609,0.034616,0.000000,12.325476,12.288609,0.034616,12.504183,0.004369,0.178708,0.000062,0.034112,0.123954,3217,2862,512,355,8.061972,0,7.258344,0
61,40.833368,0.096991,14.571923,0.034613,14.571923,0.034613,0.000000,26.261445,14.571923,0.034613,26.342291,0.018217,0.080846,0.000056,0.034421,0.034028,1867,1446,512,421,3.434679,0,7.273549,1
62,32.148271,0.061587,19.826764,0.037982,19.826764,0.037982,0.000000,12.321507,19.826764,0.037982,13.244531,0.000908,0.923025,0.000063,0.036214,0.153184,15115,14593,512,522,27.955939,0,7.411528,0
63,39.246521,0.104657,13.147873,0.035061,13.147873,0.035061,0.000000,26.098649,13.147873,0.035061,26.584334,0.003147,0.485686,0.000057,0.033766,0.217598,8822,8447,512,375,22.525333,0,7.491147,1
64,33.351386,0.062456,20.326712,0.038065,20.326712,0.038065,0.000000,13.024674,20.326712,0.038065,13.921068,0.000967,0.896393,0.000062,0.036386,0.183738,14932,14398,512,534,26.962547,0,7.595266,0
65,28.200567,0.494747,1.933233,0.033916,1.933233,0.033916,0.000000,26.267334,1.933233,0.033916,26.350901,0.018689,0.083568,0.000059,0.032450,0.285140,1467,1410,512,57,24.736842,0,7.776287,1
66,21.372620,0.120071,7.794297,0.043788,7.794297,0.043788,0.000000,13.578323,7.794297,0.043788,14.943732,0.000740,1.365408,0.000068,0.036117,0.306906,20384,20206,512,178,113.516854,0,7.902172,0
67,32.902603,0.168731,6.804631,0.034896,6.804631,0.034896,0.000000,26.097972,6.804631,0.034896,26.283584,0.007111,0.185612,0.000050,0.033944,0.226698,3891,3696,512,195,18.953846,0,8.002984,1
68,28.533318,0.077960,13.833743,0.037797,13.833743,0.037797,0.000000,14.699575,13.833743,0.037797,14.873086,0.004702,0.173511,0.000055,0.037323,0.203209,3529,3163,512,366,8.642077,0,8.105382,0
69,28.454428,1.094401,2.346598,0.090254,2.346598,0.090254,0.000000,26.107830,2.346598,0.090254,27.748188,0.001173,1.640358,0.000069,0.027163,0.147689,23681,23655,512,26,909.807692,0,8.150673,1
70,34.838434,0.064278,20.042188,0.036978,20.042188,0.036978,0.000000,14.796246,20.042188,0.036978,15.157200,0.002356,0.360955,0.000056,0.036312,0.049205,6976,6434,512,542,11.870849,0,8.154586,0
71,43.596821,0.099309,15.967657,0.036373,15.967657,0.036373,0.000000,27.629164,15.967657,0.036373,28.135663,0.003147,0.506500,0.000057,0.035219,0.075660,9380,8941,512,439,20.366743,0,8.226333,1
72,30.217486,0.078081,15.192585,0.039257,15.192585,0.039257,0.000000,15.024900,15.192585,0.039257,15.545134,0.001754,0.520234,0.000059,0.037913,0.101940,9251,8864,512,387,22.904393,0,8.256526,0
73,37.018883,0.156198,9.011406,0.038023,9.011406,0.038023,0.000000,28.007477,9.011406,0.038023,28.794282,0.002272,0.786806,0.000062,0.034703,0.095836,12908,12671,512,237,53.464135,0,8.322168,1
74,38.890533,0.064495,23.683155,0.039276,23.683155,0.039276,0.000000,15.207378,23.683155,0.039276,17.371982,0.000605,2.164604,0.000075,0.035686,0.305651,29329,28726,512,603,47.638474,0,8.562177,0
75,30.512243,10.170748,2.026256,0.675419,2.026256,0.675419,0.000000,28.485987,2.026256,0.675419,30.461008,0.001112,1.975021,0.000072,0.017078,0.273320,27406,27403,512,3,9134.333333,0,8.595489,1
76,30.530464,0.087984,13.246196,0.038173,13.246196,0.038173,0.000000,17.284267,13.246196,0.038173,17.444675,0.006595,0.160408,0.000061,0.037711,0.040821,2992,2645,512,347,7.622478,0,8.602998,0
77,42.154690,0.165313,11.788449,0.046229,11.788449,0.046229,0.000000,30.366241,11.788449,0.046229,33.289423,0.000901,2.923183,0.000079,0.034766,0.048812,37189,36934,512,255,144.839216,0,8.644301,1
78,28.584038,0.098566,11.253427,0.038805,11.253427,0.038805,0.000000,17.330612,11.253427,0.038805,17.443120,0.009010,0.112508,0.000058,0.038417,0.084749,2226,1936,512,290,6.675862,0,8.687747,0
79,49.047576,0.126738,15.989217,0.041316,15.989217,0.041316,0.000000,33.058359,15.989217,0.041316,34.273638,0.001842,1.215279,0.000065,0.038176,0.179003,18991,18604,512,387,48.072351,0,8.823305,1
80,38.889162,0.072285,21.711754,0.040356,21.711754,0.040356,0.000000,17.177408,21.711754,0.040356,20.114592,0.000564,2.937184,0.000082,0.034897,0.237340,36176,35638,512,538,66.241636,0,8.925087,0
81,35.462807,0.738808,1.521289,0.031694,1.521289,0.031694,0.000000,33.941518,1.521289,0.031694,34.030678,0.023213,0.089159,0.000061,0.029836,0.293283,1514,1466,512,48,30.541667,0,9.116588,1
82,42.749930,0.067965,23.017332,0.036594,23.017332,0.036594,0.000000,19.732598,23.017332,0.036594,20.880060,0.001276,1.147462,0.000070,0.034769,0.327948,16993,16364,512,629,26.015898,0,9.253035,0
83,66.445532,0.105135,32.641968,0.051649,32.641968,0.051649,0.000000,33.803564,32.641968,0.051649,34.355991,0.003522,0.552427,0.000057,0.050775,0.201638,10386,9754,512,632,15.433544,0,9.318226,1
84,37.653965,0.081856,17.089220,0.037150,17.089220,0.037150,0.000000,20.564745,17.089220,0.037150,21.448450,0.001596,0.883706,0.000066,0.035229,0.275456,13899,13439,512,460,29.215217,0,9.528491,0
85,49.263265,0.142792,15.173589,0.043981,15.173589,0.043981,0.000000,34.089676,15.173589,0.043981,35.291629,0.001927,1.201953,0.000066,0.040497,0.233101,18656,18311,512,345,53.075362,0,9.551327,1
86,21.897383,21.897383,0.510270,0.510270,0.510270,0.510270,0.000000,21.387113,0.510270,0.510270,21.897383,0.002562,0.510270,0.000060,0.000000,0.025708,8547,8546,512,1,8546.000000,0,9.554198,0
87,68.559396,0.115033,33.321121,0.055908,33.321121,0.055908,0.000000,35.238275,33.321121,0.055908,35.940650,0.003190,0.702375,0.000062,0.054729,0.014667,11861,11265,512,596,18.901007,0,9.565994,1
88,35.067323,0.096871,13.374054,0.036945,13.374054,0.036945,0.000000,21.693269,13.374054,0.036945,21.971424,0.004348,0.278155,0.000055,0.036177,0.171974,5415,5053,512,362,13.958564,0,9.726172,0
89,63.491296,0.136835,27.822522,0.059962,27.822522,0.059962,0.000000,35.668774,27.822522,0.059962,39.280417,0.000909,3.611643,0.000084,0.052179,0.237637,43698,43234,512,464,93.176724,0,9.803631,1
90,23.623509,0.694809,1.780994,0.052382,1.780994,0.052382,0.000000,21.842515,1.780994,0.052382,22.548196,0.002048,0.705681,0.000064,0.031627,0.099442,11046,11012,512,34,323.882353,0,9.825614,0
91,69.117055,0.140482,30.003131,0.060982,30.003131,0.060982,0.000000,39.113924,30.003131,0.060982,40.009646,0.002832,0.895722,0.000063,0.059161,0.108888,14620,14128,512,492,28.715447,0,9.912519,1
92,45.734441,0.083305,23.328265,0.042492,23.328265,0.042492,0.000000,22.406176,23.328265,0.042492,26.957277,0.000535,4.551101,0.000090,0.034202,0.107560,50963,50414,512,549,91.828780,0,9.933175,0
93,66.949032,0.152157,27.144979,0.061693,27.144979,0.061693,0.000000,39.804053,27.144979,0.061693,40.941213,0.002328,1.137160,0.000065,0.059109,0.169628,18023,17583,512,440,39.961364,0,10.082147,1
94,48.031433,0.085313,21.360491,0.037940,21.360491,0.037940,0.000000,26.670942,21.360491,0.037940,28.210042,0.001306,1.539100,0.000071,0.035207,0.222832,22169,21606,512,563,38.376554,0,10.156006,0
95,70.408179,0.157161,29.639101,0.066159,29.639101,0.066159,0.000000,40.769078,29.639101,0.066159,42.937677,0.001442,2.168599,0.000073,0.061318,0.133820,30225,29777,512,448,66.466518,0,10.215967,1
96,30.360765,0.867450,2.298053,0.065659,2.298053,0.065659,0.000000,28.062712,2.298053,0.065659,29.247580,0.001628,1.184868,0.000066,0.031805,0.104815,18000,17965,512,35,513.285714,0,10.260822,0
97,89.782404,0.131453,47.061561,0.068904,47.061561,0.068904,0.000000,42.720843,47.061561,0.068904,51.949881,0.000628,9.229037,0.000111,0.055392,0.169232,83471,82788,512,683,121.212299,0,10.385199,1
98,51.220175,0.088616,22.192268,0.038395,22.192268,0.038395,0.000000,29.027907,22.192268,0.038395,30.942624,0.001165,1.914717,0.000072,0.035082,0.180517,27135,26557,512,578,45.946367,0,10.441339,0
99,95.043344,0.163868,43.247510,0.074565,43.247510,0.074565,0.000000,51.795834,43.247510,0.074565,68.806977,0.000568,17.011143,0.000140,0.045235,0.067607,121725,121145,512,580,208.870690,0,10.452806,1
100,49.012684,0.095355,18.142615,0.035297,18.142615,0.035297,0.000000,30.870069,18.142615,0.035297,30.968019,0.016886,0.097950,0.000053,0.035106,0.027163,2348,1834,512,514,3.568093,0,10.468502,0
101,79.185855,0.298815,10.885138,0.041076,10.885138,0.041076,0.000000,68.300717,10.885138,0.041076,68.468554,0.047947,0.167837,0.000118,0.040443,0.390696,1693,1428,512,265,5.388679,0,10.843502,1
102,51.737731,0.084401,21.470510,0.035025,21.470510,0.035025,0.000000,30.267221,21.470510,0.035025,30.453845,0.008965,0.186624,0.000055,0.034721,0.674037,4010,3397,512,613,5.541599,0,11.142539,0
103,95.686588,0.161360,27.693906,0.046701,27.693906,0.046701,0.000000,67.992682,27.693906,0.046701,68.530352,0.007505,0.537670,0.000059,0.045795,0.449412,9724,9131,512,593,15.397976,0,11.292914,1
104,31.271453,1.008757,1.034751,0.033379,1.034751,0.033379,0.000000,30.236702,1.034751,0.033379,30.369135,0.013552,0.132433,0.000059,0.029107,0.189008,2272,2241,512,31,72.290323,0,11.331547,0
105,92.149524,0.181397,24.066211,0.047374,24.066211,0.047374,0.000000,68.083313,24.066211,0.047374,68.252057,0.023215,0.168744,0.000057,0.047042,0.413634,3448,2940,512,508,5.787402,0,11.706547,1
106,43.167474,0.115730,13.389053,0.035896,13.389053,0.035896,0.000000,29.778421,13.389053,0.035896,30.520397,0.002535,0.741976,0.000062,0.033906,0.563558,12412,12039,512,373,32.276139,0,11.895106,0
107,91.770753,0.181724,23.893200,0.047313,23.893200,0.047313,0.000000,67.877553,23.893200,0.047313,67.959532,0.042501,0.081978,0.000051,0.047151,0.346298,2104,1599,512,505,3.166337,0,12.052846,1
108,51.830177,0.083462,21.577418,0.034746,21.577418,0.034746,0.000000,30.252760,21.577418,0.034746,30.396609,0.010467,0.143850,0.000050,0.034515,0.232325,3525,2904,512,621,4.676329,0,12.127430,0
109,93.286424,0.176345,25.468461,0.048145,25.468461,0.048145,0.000000,67.817963,25.468461,0.048145,68.596864,0.005482,0.778901,0.000062,0.046672,0.114308,13041,12512,512,529,23.652174,0,12.167154,1
110,31.710361,1.865315,1.394334,0.082020,1.394334,0.082020,0.000000,30.316027,1.394334,0.082020,31.233600,0.002222,0.917573,0.000065,0.028045,0.052393,14075,14058,512,17,826.941176,0,12.179823,0
111,87.024000,0.243084,18.766604,0.052421,18.766604,0.052421,0.000000,68.257396,18.766604,0.052421,69.148592,0.004869,0.891197,0.000063,0.049931,0.303789,14559,14201,512,358,39.667598,0,12.470943,1
112,37.781520,0.207591,6.952466,0.038200,6.952466,0.038200,0.000000,30.829053,6.952466,0.038200,31.960475,0.001883,1.131422,0.000067,0.031984,0.367169,17158,16976,512,182,93.274725,0,12.546992,0
113,93.131380,0.201148,24.123905,0.052103,24.123905,0.052103,0.000000,69.007475,24.123905,0.052103,70.629246,0.003029,1.621770,0.000070,0.048601,0.104312,23783,23320,512,463,50.367171,0,12.575255,1
114,43.205001,0.141193,11.358146,0.037118,11.358146,0.037118,0.000000,31.846856,11.358146,0.037118,32.400062,0.003600,0.553206,0.000061,0.035310,0.073915,9305,8999,512,306,29.408497,0,12.620907,0
115,79.957434,0.499734,9.525897,0.059537,9.525897,0.059537,0.000000,70.431537,9.525897,0.059537,71.060268,0.007296,0.628731,0.000065,0.055607,0.153858,9899,9739,512,160,60.868750,0,12.729113,1
116,40.133227,0.176023,7.899688,0.034648,7.899688,0.034648,0.000000,32.233539,7.899688,0.034648,32.464433,0.008022,0.230894,0.000057,0.033635,0.132521,4275,4047,512,228,17.750000,0,12.753428,0
117,82.847688,0.371514,12.089301,0.054212,12.089301,0.054212,0.000000,70.758387,12.089301,0.054212,70.847630,0.041238,0.089243,0.000052,0.053812,0.267092,1941,1718,512,223,7.704036,0,12.996205,1
118,40.426244,0.174251,8.411974,0.036259,8.411974,0.036259,0.000000,32.014270,8.411974,0.036259,32.554136,0.003604,0.539866,0.000060,0.033932,0.420398,9264,9032,512,232,38.931034,0,13.173826,0
119,97.047262,0.169072,26.563738,0.046278,26.563738,0.046278,0.000000,70.483524,26.563738,0.046278,70.564088,0.050081,0.080564,0.000057,0.046138,0.336502,1983,1409,512,574,2.454704,0,13.332707,1
120,55.177074,0.089573,22.885788,0.037152,22.885788,0.037152,0.000000,32.291286,22.885788,0.037152,33.996124,0.001423,1.704838,0.000071,0.034385,0.229606,24507,23891,512,616,38.784091,0,13.403432,0
121,81.012529,11.573218,10.669396,1.524199,10.669396,1.524199,0.000000,70.343133,10.669396,1.524199,80.842587,0.000922,10.499453,0.000120,0.024277,0.194100,87691,87684,512,7,12526.285714,0,13.526808,1
122,51.425685,0.104101,17.706907,0.035844,17.706907,0.035844,0.000000,33.718778,17.706907,0.035844,34.044732,0.005998,0.325954,0.000057,0.035184,0.233039,6170,5676,512,494,11.489879,0,13.636471,0
123,84.779362,0.952577,4.269660,0.047974,4.269660,0.047974,0.000000,80.509702,4.269660,0.047974,80.954666,0.012331,0.444964,0.000068,0.042974,0.240836,6654,6565,512,89,73.764045,0,13.767644,1
124,47.414359,0.140279,13.542036,0.040065,13.542036,0.040065,0.000000,33.872323,13.542036,0.040065,34.895050,0.002186,1.022727,0.000064,0.037039,0.142201,16304,15966,512,338,47.236686,0,13.778672,0
125,101.418780,0.253547,20.573987,0.051435,20.573987,0.051435,0.000000,80.844793,20.573987,0.051435,88.225031,0.001258,7.380238,0.000105,0.032984,0.078219,70557,70157,512,400,175.392500,0,13.845862,1
126,55.503746,0.098063,20.718983,0.036606,20.718983,0.036606,0.000000,34.784763,20.718983,0.036606,35.663760,0.002604,0.878997,0.000064,0.035053,0.072504,14261,13695,512,566,24.196113,0,13.851176,0
127,103.211529,0.226341,15.155290,0.033235,15.155290,0.033235,0.000000,88.056239,15.155290,0.033235,88.215536,0.036650,0.159297,0.000066,0.032886,0.090463,2863,2407,512,456,5.278509,0,13.936326,1
128,49.810116,0.125783,14.317728,0.036156,14.317728,0.036156,0.000000,35.492389,14.317728,0.036156,35.581157,0.025075,0.088769,0.000063,0.035932,0.135184,1815,1419,512,396,3.583333,0,13.986359,0
129,102.611282,0.233739,14.492992,0.033014,14.492992,0.033014,0.000000,88.118290,14.492992,0.033014,88.199311,0.062642,0.081021,0.000058,0.032829,0.069546,1847,1408,512,439,3.207289,0,14.005872,1
130,45.869397,0.212358,10.348064,0.047908,10.348064,0.047908,0.000000,35.521332,10.348064,0.047908,37.566167,0.001358,2.044835,0.000074,0.038441,0.033156,27880,27664,512,216,128.074074,0,14.019515,0
131,89.259713,3.187847,1.211763,0.043277,1.211763,0.043277,0.000000,88.047950,1.211763,0.043277,88.448025,0.012935,0.400075,0.000059,0.028989,0.124377,6866,6838,512,28,244.214286,0,14.130249,1
132,61.438744,0.101720,24.052803,0.039823,24.052803,0.039823,0.000000,37.385942,24.052803,0.039823,37.577900,0.014074,0.191958,0.000072,0.039505,0.134114,3274,2670,512,604,4.420530,0,14.153629,0
133,104.134388,0.229877,16.065057,0.035464,16.065057,0.035464,0.000000,88.069331,16.065057,0.035464,88.772580,0.007551,0.703250,0.000060,0.033911,0.347364,12209,11756,512,453,25.951435,0,14.477613,1
134,58.120309,0.108840,21.005460,0.039336,21.005460,0.039336,0.000000,37.114850,21.005460,0.039336,38.214371,0.002399,1.099522,0.000069,0.037277,0.432738,16464,15930,512,534,29.831461,0,14.586367,0
135,92.979909,0.837657,4.404076,0.039676,4.404076,0.039676,0.000000,88.575833,4.404076,0.039676,88.778807,0.025107,0.202974,0.000057,0.037848,0.162001,3647,3536,512,111,31.855856,0,14.639614,1
136,48.128927,0.278202,10.119774,0.058496,10.119774,0.058496,0.000000,38.009153,10.119774,0.058496,42.592242,0.000844,4.583089,0.000091,0.032004,0.164977,50633,50460,512,173,291.676301,0,14.751344,0
137,101.588967,0.262504,12.953232,0.033471,12.953232,0.033471,0.000000,88.635735,12.953232,0.033471,88.718711,0.062215,0.082977,0.000058,0.033256,0.114613,1813,1426,512,387,3.684755,0,14.754227,1
138,47.195265,0.425183,5.044510,0.045446,5.044510,0.045446,0.000000,42.150755,5.044510,0.045446,43.686111,0.002005,1.535356,0.000070,0.031614,0.377883,21902,21791,512,111,196.315315,0,15.129227,0
139,101.219235,0.270640,12.985408,0.034720,12.985408,0.034720,0.000000,88.233826,12.985408,0.034720,88.740323,0.010634,0.506496,0.000061,0.033366,0.457296,8719,8345,512,374,22.312834,0,15.211523,1
140,43.757169,4.375717,0.386278,0.038628,0.386278,0.038628,0.000000,43.370891,0.386278,0.038628,43.519080,0.017228,0.148190,0.000059,0.023809,0.273126,2536,2526,512,10,252.600000,0,15.402353,0
141,109.597379,0.204473,21.091064,0.039349,21.091064,0.039349,0.000000,88.506315,21.091064,0.039349,88.594311,0.060806,0.087996,0.000060,0.039185,0.201624,1993,1457,512,536,2.718284,0,15.413147,1
142,61.444136,0.140927,18.046684,0.041391,18.046684,0.041391,0.000000,43.397451,18.046684,0.041391,43.585018,0.012460,0.187567,0.000054,0.040961,0.094146,3934,3498,512,436,8.022936,0,15.496498,0
143,106.368802,0.221141,17.970390,0.037360,17.970390,0.037360,0.000000,88.398412,17.970390,0.037360,88.481549,0.055474,0.083137,0.000052,0.037188,0.167693,2076,1595,512,481,3.316008,0,15.580840,1
144,63.293583,0.145838,20.168377,0.046471,20.168377,0.046471,0.000000,43.125206,20.168377,0.046471,43.997102,0.003199,0.871896,0.000063,0.044462,0.431570,14188,13754,512,434,31.691244,0,15.928068,0
145,113.497395,0.197387,25.496837,0.044342,25.496837,0.044342,0.000000,88.000558,25.496837,0.044342,91.430532,0.002200,3.429974,0.000083,0.038377,0.453228,42140,41565,512,575,72.286957,0,16.034068,1
146,61.001413,0.168512,17.226755,0.047588,17.226755,0.047588,0.000000,43.774659,17.226755,0.047588,45.547261,0.001812,1.772602,0.000071,0.042691,0.186185,25495,25133,512,362,69.428177,0,16.114253,0
147,127.110215,0.140298,35.854136,0.039574,35.854136,0.039574,0.000000,91.256079,35.854136,0.039574,91.361741,0.064796,0.105663,0.000075,0.039457,0.119008,2316,1410,512,906,1.556291,0,16.153075,1
148,47.593048,0.634574,2.179352,0.029058,2.179352,0.029058,0.000000,45.413696,2.179352,0.029058,45.509333,0.028497,0.095637,0.000060,0.027783,0.089175,1672,1597,512,75,21.293333,0,16.203428,0
149,108.795972,0.246145,17.601987,0.039824,17.601987,0.039824,0.000000,91.193985,17.601987,0.039824,91.520278,0.014843,0.326294,0.000053,0.039085,0.142274,6608,6166,512,442,13.950226,0,16.295349,1
150,46.078111,3.071874,0.758888,0.050593,0.758888,0.050593,0.000000,45.319223,0.758888,0.050593,45.681523,0.007081,0.362301,0.000056,0.026439,0.164156,6466,6451,512,15,430.066667,0,16.367584,0
151,108.145490,0.261853,16.729600,0.040508,16.729600,0.040508,0.000000,91.415891,16.729600,0.040508,91.719397,0.016343,0.303506,0.000054,0.039773,0.074966,6025,5612,512,413,13.588378,0,16.370315,1
152,46.473846,2.733756,1.044282,0.061428,1.044282,0.061428,0.000000,45.429564,1.044282,0.061428,46.017478,0.004633,0.587914,0.000059,0.026845,0.221529,9950,9933,512,17,584.294118,0,16.589113,0
153,97.252313,0.522862,6.064455,0.032605,6.064455,0.032605,0.000000,91.187858,6.064455,0.032605,91.348292,0.033845,0.160433,0.000059,0.031742,0.501911,2885,2699,512,186,14.510753,0,16.872226,1
154,63.680653,0.184048,17.998033,0.052017,17.998033,0.052017,0.000000,45.682619,17.998033,0.052017,46.363689,0.004134,0.681069,0.000061,0.050049,0.302003,11562,11216,512,346,32.416185,0,16.891116,0
155,104.014921,0.306829,12.813946,0.037799,12.813946,0.037799,0.000000,91.200975,12.813946,0.037799,91.754247,0.009295,0.553272,0.000056,0.036167,0.119829,10210,9871,512,339,29.117994,0,16.992055,1
156,54.986111,0.232009,8.770751,0.037007,8.770751,0.037007,0.000000,46.215361,8.770751,0.037007,46.299513,0.031115,0.084152,0.000057,0.036652,0.115307,1725,1488,512,237,6.278481,0,17.006422,0
157,96.213724,0.882695,4.646252,0.042626,4.646252,0.042626,0.000000,91.567472,4.646252,0.042626,92.843082,0.004828,1.275610,0.000066,0.030923,0.153801,19341,19232,512,109,176.440367,0,17.145856,1
158,60.015848,0.198728,13.923012,0.046103,13.923012,0.046103,0.000000,46.092836,13.923012,0.046103,46.221950,0.018284,0.129114,0.000051,0.045675,0.180712,2830,2528,512,302,8.370861,0,17.187134,0
159,101.695890,0.400378,9.068476,0.035703,9.068476,0.035703,0.000000,92.627414,9.068476,0.035703,93.031222,0.013166,0.403808,0.000057,0.034113,0.175917,7320,7066,512,254,27.818898,0,17.321773,1
160,46.473552,2.213026,0.575246,0.027393,0.575246,0.027393,0.000000,45.898306,0.575246,0.027393,45.950519,0.032156,0.052213,0.000037,0.024906,0.296922,1450,1429,512,21,68.047619,0,17.484056,0
161,94.067001,2.687629,1.411729,0.040335,1.411729,0.040335,0.000000,92.655271,1.411729,0.040335,93.019653,0.015018,0.364382,0.000059,0.029924,0.345260,6229,6194,512,35,176.971429,0,17.667032,1
162,75.419364,0.104749,29.691562,0.041238,29.691562,0.041238,0.000000,45.727802,29.691562,0.041238,45.853959,0.018995,0.126157,0.000052,0.041063,0.197226,3134,2414,512,720,3.352778,0,17.681282,0
163,122.165973,0.169205,29.500256,0.040859,29.500256,0.040859,0.000000,92.665717,29.500256,0.040859,92.779546,0.048960,0.113829,0.000060,0.040701,0.323885,2617,1895,512,722,2.624654,0,17.990917,1
164,66.059107,0.147125,20.573626,0.045821,20.573626,0.045821,0.000000,45.485481,20.573626,0.045821,45.561060,0.032428,0.075580,0.000054,0.045653,0.342340,1854,1405,512,449,3.129176,0,18.023622,0
165,107.546457,0.319129,14.833011,0.044015,14.833011,0.044015,0.000000,92.713446,14.833011,0.044015,93.475495,0.007858,0.762049,0.000064,0.041754,0.037472,12232,11895,512,337,35.296736,0,18.028389,1
166,63.433095,0.176694,18.003013,0.050148,18.003013,0.050148,0.000000,45.430082,18.003013,0.050148,45.615063,0.014127,0.184982,0.000057,0.049632,0.105935,3588,3229,512,359,8.994429,0,18.129557,0
167,94.216190,31.405397,0.936437,0.312146,0.936437,0.312146,0.000000,93.279753,0.936437,0.312146,94.161794,0.007048,0.882041,0.000066,0.018132,0.159106,13364,13361,512,3,4453.666667,0,18.187495,1
168,52.458139,0.325827,7.150572,0.044413,7.150572,0.044413,0.000000,45.307567,7.150572,0.044413,46.653321,0.002288,1.345753,0.000066,0.036055,0.279278,20551,20390,512,161,126.645963,0,18.408835,0
169,98.034590,0.737102,4.338402,0.032620,4.338402,0.032620,0.000000,93.696187,4.338402,0.032620,93.761612,0.066639,0.065425,0.000046,0.032128,0.427786,1540,1407,512,133,10.578947,0,18.615281,1
170,72.558623,0.126189,26.200181,0.045566,26.200181,0.045566,0.000000,46.358442,26.200181,0.045566,47.564859,0.002528,1.206417,0.000064,0.043467,0.254129,19393,18818,512,575,32.726957,0,18.662964,0
171,115.988853,0.248370,22.677528,0.048560,22.677528,0.048560,0.000000,93.311325,22.677528,0.048560,94.895324,0.004284,1.584000,0.000072,0.045168,0.422683,22620,22153,512,467,47.436831,0,19.037964,1
172,48.974095,1.020294,1.866316,0.038882,1.866316,0.038882,0.000000,47.107779,1.866316,0.038882,47.567719,0.006247,0.459940,0.000060,0.029299,0.417973,7663,7615,512,48,158.645833,0,19.080937,0
173,117.473693,0.228994,22.755097,0.044357,22.755097,0.044357,0.000000,94.718596,22.755097,0.044357,94.843917,0.046469,0.125321,0.000061,0.044113,0.133439,2554,2041,512,513,3.978558,0,19.171403,1
174,62.381533,0.252557,14.972264,0.060616,14.972264,0.060616,0.000000,47.409269,14.972264,0.060616,48.093855,0.004200,0.684586,0.000060,0.057845,0.127424,11697,11450,512,247,46.356275,0,19.208361,0
175,116.237015,0.251052,21.801813,0.047088,21.801813,0.047088,0.000000,94.435202,21.801813,0.047088,95.259411,0.007642,0.824209,0.000066,0.045308,0.380653,12929,12466,512,463,26.924406,0,19.552055,1
176,67.484225,0.158043,19.790414,0.046348,19.790414,0.046348,0.000000,47.693810,19.790414,0.046348,47.782346,0.032047,0.088536,0.000059,0.046140,0.366176,1918,1491,512,427,3.491803,0,19.574537,0
177,109.592148,0.343549,14.397601,0.045134,14.397601,0.045134,0.000000,95.194547,14.397601,0.045134,95.684361,0.012024,0.489814,0.000062,0.043598,0.028226,8277,7958,512,319,24.946708,0,19.580281,1
178,69.498218,0.144487,21.820660,0.045365,21.820660,0.045365,0.000000,47.677559,21.820660,0.045365,47.759472,0.030132,0.081913,0.000052,0.045195,0.077131,2066,1585,512,481,3.295218,0,19.651669,0
179,113.841975,0.312753,18.637177,0.051201,18.637177,0.051201,0.000000,95.204798,18.637177,0.051201,96.154890,0.006485,0.950092,0.000064,0.048591,0.446388,15191,14827,512,364,40.733516,0,20.026669,1
180,73.201619,0.182548,26.122428,0.065143,26.122428,0.065143,0.000000,47.079191,26.122428,0.065143,60.190552,0.000582,13.111361,0.000127,0.032447,0.652830,103782,103381,512,401,257.807980,0,20.304499,0
181,124.554947,0.234567,28.887315,0.054402,28.887315,0.054402,0.000000,95.667632,28.887315,0.054402,103.904471,0.001367,8.236839,0.000108,0.038890,0.450423,76544,76013,512,531,143.150659,0,20.477091,1
182,70.559698,0.235199,10.918915,0.036396,10.918915,0.036396,0.000000,59.640783,10.918915,0.036396,60.703700,0.003855,1.062917,0.000068,0.032853,0.449406,16045,15745,512,300,52.483333,0,20.753905,0
183,123.931515,0.243480,20.665881,0.040601,20.665881,0.040601,0.000000,103.265634,20.665881,0.040601,103.950941,0.009781,0.685307,0.000064,0.039255,0.556702,11137,10628,512,509,20.880157,0,21.033793,1
184,72.126070,0.204323,11.830517,0.033514,11.830517,0.033514,0.000000,60.295553,11.830517,0.033514,60.577589,0.011224,0.282036,0.000052,0.032715,0.371338,5750,5397,512,353,15.288952,0,21.125243,0
185,114.255429,0.507802,10.477327,0.046566,10.477327,0.046566,0.000000,103.778102,10.477327,0.046566,104.059632,0.020448,0.281529,0.000055,0.045315,0.138911,5314,5089,512,225,22.617778,0,21.172704,1
186,71.297667,0.213466,10.981354,0.032878,10.981354,0.032878,0.000000,60.316313,10.981354,0.032878,60.395620,0.042986,0.079306,0.000056,0.032641,0.232270,1739,1405,512,334,4.206587,0,21.357512,0
187,105.228393,21.045679,1.518352,0.303670,1.518352,0.303670,0.000000,103.710041,1.518352,0.303670,105.122724,0.005001,1.412683,0.000067,0.021134,0.320271,21026,21021,512,5,4204.200000,0,21.492976,1
188,72.478593,0.203592,12.302392,0.034557,12.302392,0.034557,0.000000,60.176201,12.302392,0.034557,60.788687,0.005827,0.612486,0.000059,0.032837,0.193946,10789,10433,512,356,29.306180,0,21.551458,0
189,110.832732,0.923606,5.821950,0.048516,5.821950,0.048516,0.000000,105.010782,5.821950,0.048516,105.105189,0.062266,0.094407,0.000056,0.047730,0.070886,1808,1688,512,120,14.066667,0,21.563862,1
190,71.256778,0.232865,10.685356,0.034919,10.685356,0.034919,0.000000,60.571422,10.685356,0.034919,61.124584,0.006248,0.553162,0.000057,0.033112,0.184096,10089,9783,512,306,31.970588,0,21.735554,0
191,127.720089,0.294966,22.851779,0.052775,22.851779,0.052775,0.000000,104.868311,22.851779,0.052775,112.484952,0.001553,7.616641,0.000105,0.035185,0.209746,72883,72450,512,433,167.321016,0,21.773608,1
192,64.711210,0.505556,4.002329,0.031268,4.002329,0.031268,0.000000,60.708881,4.002329,0.031268,60.817779,0.032821,0.108897,0.000059,0.030417,0.383262,1981,1853,512,128,14.476562,0,22.118816,0
193,130.837940,0.257555,18.811503,0.037031,18.811503,0.037031,0.000000,112.026438,18.811503,0.037031,112.211201,0.042911,0.184764,0.000071,0.036667,0.379672,3123,2615,512,508,5.147638,0,22.153280,1
194,86.498250,0.119308,25.757512,0.035528,25.757512,0.035528,0.000000,60.740739,25.757512,0.035528,61.834544,0.003623,1.093805,0.000064,0.034019,0.050836,17791,17066,512,725,23.539310,0,22.169651,0
195,149.571693,0.165455,37.626548,0.041622,37.626548,0.041622,0.000000,111.945146,37.626548,0.041622,113.074620,0.006447,1.129474,0.000064,0.040373,0.238687,18443,17539,512,904,19.401549,0,22.391967,1
196,81.366860,0.140773,19.813915,0.034280,19.813915,0.034280,0.000000,61.552945,19.813915,0.034280,61.669964,0.028858,0.117019,0.000055,0.034078,0.243114,2715,2137,512,578,3.697232,0,22.412766,0
197,125.321107,0.352026,12.330434,0.034636,12.330434,0.034636,0.000000,112.990673,12.330434,0.034636,113.107557,0.055255,0.116884,0.000057,0.034308,0.045494,2403,2047,512,356,5.750000,0,22.437461,1
198,62.555509,3.292395,1.051450,0.055339,1.051450,0.055339,0.000000,61.504060,1.051450,0.055339,62.027488,0.006921,0.523429,0.000058,0.027791,0.139038,8981,8962,512,19,471.684211,0,22.551804,0
199,129.911948,0.301420,17.205087,0.039919,17.205087,0.039919,0.000000,112.706861,17.205087,0.039919,113.833799,0.006540,1.126939,0.000065,0.037304,0.373837,17837,17406,512,431,40.385151,0,22.811297,1
200,63.487856,2.645327,1.779714,0.074155,1.779714,0.074155,0.000000,61.708141,1.779714,0.074155,62.844545,0.003670,1.136404,0.000066,0.026805,0.286830,17147,17123,512,24,713.458333,0,22.838634,0
201,131.759626,0.294106,18.038429,0.040264,18.038429,0.040264,0.000000,113.721197,18.038429,0.040264,115.076229,0.005616,1.355032,0.000066,0.037240,0.073779,20938,20490,512,448,45.736607,0,22.885076,1
202,82.516326,0.142515,19.944801,0.034447,19.944801,0.034447,0.000000,62.571525,19.944801,0.034447,62.689867,0.030010,0.118342,0.000057,0.034243,0.234242,2668,2089,512,579,3.607945,0,23.072876,0
203,145.277585,0.203755,30.805715,0.043206,30.805715,0.043206,0.000000,114.471870,30.805715,0.043206,115.077180,0.011437,0.605310,0.000060,0.042357,0.562800,10775,10062,512,713,14.112202,0,23.447876,1
204,82.027437,0.145181,19.826603,0.035091,19.826603,0.035091,0.000000,62.200834,19.826603,0.035091,62.595929,0.008905,0.395095,0.000056,0.034392,0.461829,7594,7029,512,565,12.440708,0,23.534705,0
205,133.606283,0.278346,18.668901,0.038894,18.668901,0.038894,0.000000,114.937381,18.668901,0.038894,115.806438,0.008242,0.869057,0.000062,0.037083,0.106249,14530,14050,512,480,29.270833,0,23.554125,1
206,72.966601,0.255128,10.422701,0.036443,10.422701,0.036443,0.000000,62.543901,10.422701,0.036443,62.626421,0.044416,0.082520,0.000059,0.036154,0.021175,1696,1410,512,286,4.930070,0,23.555880,0
207,131.803356,0.319136,16.067601,0.038905,16.067601,0.038905,0.000000,115.735755,16.067601,0.038905,116.155121,0.017054,0.419365,0.000062,0.037889,0.034369,7224,6811,512,413,16.491525,0,23.588494,1
208,67.537084,0.558158,4.987156,0.041216,4.987156,0.041216,0.000000,62.549929,4.987156,0.041216,63.082285,0.006796,0.532356,0.000057,0.036817,0.050285,9403,9282,512,121,76.710744,0,23.606164,0
209,131.020720,0.414623,15.056902,0.047648,15.056902,0.047648,0.000000,115.963817,15.056902,0.047648,119.160375,0.003082,3.196558,0.000083,0.037533,0.159188,38977,38661,512,316,122.344937,0,23.747682,1
210,79.879740,0.167815,16.987525,0.035688,16.987525,0.035688,0.000000,62.892216,16.987525,0.035688,63.238627,0.011279,0.346411,0.000062,0.034960,0.157758,6083,5607,512,476,11.779412,0,23.763922,0
211,136.724450,0.296582,17.724309,0.038448,17.724309,0.038448,0.000000,119.000141,17.724309,0.038448,119.477519,0.015918,0.477378,0.000064,0.037412,0.104476,7967,7506,512,461,16.281996,0,23.852158,1
212,84.136289,0.158151,21.163914,0.039782,21.163914,0.039782,0.000000,62.972375,21.163914,0.039782,66.069799,0.001721,3.097425,0.000081,0.033960,0.236365,38923,38391,512,532,72.163534,0,24.000287,0
213,138.871003,0.299291,19.684053,0.042423,19.684053,0.042423,0.000000,119.186951,19.684053,0.042423,120.460823,0.006657,1.273872,0.000070,0.039677,0.256899,18559,18095,512,464,38.997845,0,24.109057,1
214,86.867277,0.150811,20.988413,0.036438,20.988413,0.036438,0.000000,65.878864,20.988413,0.036438,67.124365,0.003670,1.245501,0.000068,0.034276,0.136628,18867,18291,512,576,31.755208,0,24.136915,0
215,143.877220,0.287180,23.689051,0.047284,23.689051,0.047284,0.000000,120.188169,23.689051,0.047284,121.150214,0.008152,0.962045,0.000065,0.045363,0.231642,15362,14861,512,501,29.662675,0,24.340699,1
216,97.771216,0.117091,31.047414,0.037183,31.047414,0.037183,0.000000,66.723801,31.047414,0.037183,67.266570,0.007351,0.542769,0.000059,0.036533,0.360871,9986,9151,512,835,10.959281,0,24.497786,0
217,139.617429,0.308888,18.829800,0.041659,18.829800,0.041659,0.000000,120.787629,18.829800,0.041659,120.878502,0.084353,0.090873,0.000063,0.041458,0.324984,1885,1433,512,452,3.170354,0,24.665683,1
218,90.159787,0.141538,23.111560,0.036282,23.111560,0.036282,0.000000,67.048227,23.111560,0.036282,67.133190,0.045452,0.084962,0.000058,0.036149,0.185457,2114,1477,512,637,2.318681,0,24.683243,0
219,133.542959,0.423946,12.725501,0.040398,12.725501,0.040398,0.000000,120.817458,12.725501,0.040398,121.738535,0.008391,0.921077,0.000063,0.037474,0.034073,14823,14508,512,315,46.057143,0,24.699756,1
220,82.235027,0.186052,15.472849,0.035006,15.472849,0.035006,0.000000,66.762178,15.472849,0.035006,67.156711,0.009511,0.394533,0.000056,0.034114,0.344643,7503,7061,512,442,15.975113,0,25.027885,0
221,154.514700,0.249217,33.204759,0.053556,33.204759,0.053556,0.000000,121.309941,33.204759,0.053556,126.053768,0.002438,4.743827,0.000092,0.045905,0.391479,52318,51698,512,620,83.383871,0,25.091235,1
222,86.746503,0.164917,19.728910,0.037507,19.728910,0.037507,0.000000,67.017593,19.728910,0.037507,68.233177,0.003900,1.215584,0.000069,0.035196,0.108104,18020,17494,512,526,33.258555,0,25.135989,0
223,128.556180,5.142247,2.695142,0.107806,2.695142,0.107806,0.000000,125.861037,2.695142,0.107806,127.864155,0.004759,2.003118,0.000075,0.027681,0.128575,26893,26868,512,25,1074.720000,0,25.219810,1
224,75.263223,0.690488,7.289721,0.066878,7.289721,0.066878,0.000000,67.973502,7.289721,0.066878,71.845137,0.001574,3.871635,0.000085,0.031359,0.219730,45756,45647,512,109,418.779817,0,25.355719,0
225,153.527926,0.281703,26.221359,0.048113,26.221359,0.048113,0.000000,127.306566,26.221359,0.048113,127.668920,0.021613,0.362353,0.000061,0.047448,0.510909,6452,5907,512,545,10.838532,0,25.730719,1
226,88.515678,0.184408,17.146562,0.035722,17.146562,0.035722,0.000000,71.369116,17.146562,0.035722,71.506669,0.038157,0.137553,0.000073,0.035435,0.417187,2354,1874,512,480,3.904167,0,25.772906,0
227,145.588701,0.396699,18.316420,0.049909,18.316420,0.049909,0.000000,127.272281,18.316420,0.049909,128.836796,0.005704,1.564515,0.000069,0.045646,0.365652,22954,22587,512,367,61.544959,0,26.096371,1
228,71.595261,17.898815,0.442244,0.110561,0.442244,0.110561,0.000000,71.153017,0.442244,0.110561,71.517432,0.010879,0.364415,0.000055,0.019457,0.326611,6578,6574,512,4,1643.500000,0,26.099517,0
229,155.318319,0.273930,26.627621,0.046962,26.627621,0.046962,0.000000,128.690698,26.627621,0.046962,128.810798,0.059829,0.120100,0.000056,0.046750,0.104412,2720,2153,512,567,3.797178,0,26.200783,1
230,77.481196,0.450472,6.221178,0.036170,6.221178,0.036170,0.000000,71.260018,6.221178,0.036170,72.091569,0.005288,0.831550,0.000061,0.031335,0.226898,13806,13634,512,172,79.267442,0,26.326415,0
231,154.766969,0.282938,26.122619,0.047756,26.122619,0.047756,0.000000,128.644349,26.122619,0.047756,128.917894,0.028234,0.273544,0.000060,0.047256,0.139624,5113,4566,512,547,8.347349,0,26.340407,1
232,72.947029,2.605251,0.923991,0.033000,0.923991,0.033000,0.000000,72.023038,0.923991,0.033000,72.110472,0.050854,0.087434,0.000062,0.029877,0.032894,1446,1418,512,28,50.642857,0,26.359309,0
233,143.686860,0.478956,14.885472,0.049618,14.885472,0.049618,0.000000,128.801388,14.885472,0.049618,129.021298,0.030567,0.219910,0.000052,0.048885,0.086802,4521,4221,512,300,14.070000,0,26.427209,1
234,97.250111,0.150775,25.608827,0.039704,25.608827,0.039704,0.000000,71.641284,25.608827,0.039704,73.349719,0.002993,1.708435,0.000070,0.037055,0.442900,25155,24510,512,645,38.000000,0,26.802209,0
235,153.857789,0.295312,25.353564,0.048663,25.353564,0.048663,0.000000,128.504224,25.353564,0.048663,128.778866,0.025516,0.274641,0.000054,0.048136,0.488306,5568,5047,512,521,9.687140,0,26.915515,1
236,73.693438,4.334908,0.838920,0.049348,0.838920,0.049348,0.000000,72.854518,0.838920,0.049348,73.234315,0.011323,0.379797,0.000059,0.027007,0.451232,6485,6468,512,17,380.470588,0,27.253441,0
237,144.076953,0.507313,15.869328,0.055878,15.869328,0.055878,0.000000,128.207626,15.869328,0.055878,130.051362,0.005063,1.843736,0.000072,0.049386,0.541862,25970,25686,512,284,90.443662,0,27.457377,1
238,92.677946,0.181721,19.756866,0.038739,19.756866,0.038739,0.000000,72.921080,19.756866,0.038739,73.410759,0.008716,0.489679,0.000058,0.037779,0.282679,8933,8423,512,510,16.515686,0,27.536120,0
239,161.912847,0.291210,32.176955,0.057872,32.176955,0.057872,0.000000,129.735892,32.176955,0.057872,140.489797,0.001554,10.753904,0.000119,0.038531,0.270746,90935,90379,512,556,162.552158,0,27.728123,1
240,78.762346,0.477348,5.577776,0.033805,5.577776,0.033805,0.000000,73.184570,5.577776,0.033805,73.580791,0.010803,0.396221,0.000058,0.031403,0.194252,6976,6811,512,165,41.278788,0,27.730372,0
241,149.736068,0.763960,9.355098,0.047730,9.355098,0.047730,0.000000,140.380970,9.355098,0.047730,140.842255,0.019238,0.461285,0.000063,0.045377,0.016696,7517,7321,512,196,37.352041,0,27.744819,1
242,74.511149,2.865813,1.196584,0.046022,1.196584,0.046022,0.000000,73.314565,1.196584,0.046022,73.740437,0.009574,0.425872,0.000055,0.029643,0.235522,7728,7702,512,26,296.230769,0,27.965894,0
243,156.665646,0.432778,16.274581,0.044957,16.274581,0.044957,0.000000,140.391065,16.274581,0.044957,141.809946,0.006740,1.418881,0.000067,0.041038,0.420281,21403,21041,512,362,58.124309,0,28.165100,1
244,89.758003,0.210206,16.280728,0.038128,16.280728,0.038128,0.000000,73.477276,16.280728,0.038128,73.590411,0.039061,0.113135,0.000060,0.037863,0.232306,2311,1884,512,427,4.412178,0,28.198200,0
245,159.062354,0.377820,17.421425,0.041381,17.421425,0.041381,0.000000,141.640930,17.421425,0.041381,142.287618,0.013422,0.646689,0.000061,0.039845,0.127683,11022,10601,512,421,25.180523,0,28.292783,1
246,91.141032,0.212946,17.789764,0.041565,17.789764,0.041565,0.000000,73.351268,17.789764,0.041565,74.645037,0.004015,1.293769,0.000070,0.038542,0.211013,19021,18593,512,428,43.441589,0,28.409213,0
247,165.250372,0.362391,23.366221,0.051242,23.366221,0.051242,0.000000,141.884151,23.366221,0.051242,150.080498,0.001983,8.196347,0.000108,0.033267,0.369303,76130,75674,512,456,165.951754,0,28.662086,1
248,76.748526,0.983955,2.513231,0.032221,2.513231,0.032221,0.000000,74.235295,2.513231,0.032221,74.304194,0.052923,0.068899,0.000049,0.031338,0.368383,1482,1404,512,78,18.000000,0,28.777597,0
249,165.583148,0.372097,15.766374,0.035430,15.766374,0.035430,0.000000,149.816774,15.766374,0.035430,150.622017,0.012640,0.805243,0.000068,0.033621,0.182011,12361,11916,512,445,26.777528,0,28.844097,1
250,87.343708,0.266292,13.192142,0.040220,13.192142,0.040220,0.000000,74.151566,13.192142,0.040220,74.660497,0.009021,0.508931,0.000061,0.038668,0.125087,8604,8276,512,328,25.231707,0,28.902684,0
251,165.153981,0.403799,14.695433,0.035930,14.695433,0.035930,0.000000,150.458548,14.695433,0.035930,151.424335,0.009893,0.965787,0.000063,0.033569,0.127952,15715,15306,512,409,37.422983,0,28.972049,1
252,80.574294,0.440297,6.148239,0.033597,6.148239,0.033597,0.000000,74.426055,6.148239,0.033597,74.513142,0.048166,0.087087,0.000056,0.033121,0.201284,1730,1547,512,183,8.453552,0,29.103969,0
253,168.932695,0.379624,17.930202,0.040293,17.930202,0.040293,0.000000,151.002494,17.930202,0.040293,152.364767,0.007532,1.362273,0.000067,0.037231,0.384557,20673,20228,512,445,45.456180,0,29.356606,1
254,77.916114,0.701947,3.758507,0.033860,3.758507,0.033860,0.000000,74.157607,3.758507,0.033860,74.266201,0.040783,0.108594,0.000060,0.032882,0.328256,1932,1821,512,111,16.405405,0,29.432225,0
255,173.175859,0.315439,20.963514,0.038185,20.963514,0.038185,0.000000,152.212345,20.963514,0.038185,152.389561,0.050260,0.177216,0.000058,0.037862,0.111219,3581,3032,512,549,5.522769,0,29.467825,1
256,92.492101,0.207847,18.323057,0.041175,18.323057,0.041175,0.000000,74.169044,18.323057,0.041175,75.334662,0.004375,1.165618,0.000068,0.038556,0.069358,17663,17218,512,445,38.692135,0,29.501582,0
257,168.274739,0.390429,16.118579,0.037398,16.118579,0.037398,0.000000,152.156161,16.118579,0.037398,152.291870,0.067118,0.135710,0.000060,0.037083,0.205067,2700,2269,512,431,5.264501,0,29.672892,1
258,76.103027,4.756439,1.191346,0.074459,1.191346,0.074459,0.000000,74.911681,1.191346,0.074459,75.677261,0.006385,0.765580,0.000065,0.026610,0.383299,11869,11853,512,16,740.812500,0,29.884881,0
259,152.947946,5.462427,0.909723,0.032490,0.909723,0.032490,0.000000,152.038224,0.909723,0.032490,152.093190,0.107259,0.054967,0.000039,0.030527,0.225895,1446,1418,512,28,50.642857,0,29.898787,1
260,88.226888,0.282778,12.608161,0.040411,12.608161,0.040411,0.000000,75.618727,12.608161,0.040411,75.767015,0.031583,0.148288,0.000062,0.039935,0.022515,2711,2399,512,312,7.689103,0,29.907396,0
261,187.696554,0.213049,35.751997,0.040581,35.751997,0.040581,0.000000,151.944557,35.751997,0.040581,153.175239,0.008333,1.230682,0.000067,0.039184,0.121419,19262,18381,512,881,20.863791,0,30.020205,1
262,87.845510,0.295776,12.240003,0.041212,12.240003,0.041212,0.000000,75.605507,12.240003,0.041212,75.865084,0.016987,0.259578,0.000058,0.040338,0.132562,4763,4466,512,297,15.037037,0,30.039959,0
263,179.713680,0.274792,26.815980,0.041003,26.815980,0.041003,0.000000,152.897700,26.815980,0.041003,153.046191,0.063399,0.148491,0.000062,0.040776,0.237385,3068,2414,512,654,3.691131,0,30.257590,1
264,88.597143,0.330586,13.026808,0.048607,13.026808,0.048607,0.000000,75.570335,13.026808,0.048607,77.659283,0.002793,2.088949,0.000075,0.040813,0.264075,28074,27806,512,268,103.753731,0,30.304034,0
265,176.458150,0.317943,23.505848,0.042353,23.505848,0.042353,0.000000,152.952302,23.505848,0.042353,153.549417,0.015473,0.597115,0.000060,0.041277,0.065861,10479,9924,512,555,17.881081,0,30.323451,1
266,146.182829,0.088919,68.906646,0.041914,68.906646,0.041914,0.000000,77.276183,68.906646,0.041914,78.097171,0.006032,0.820988,0.000063,0.041415,0.336659,14592,12948,512,1644,7.875912,0,30.640692,0
267,175.346725,0.328365,22.170727,0.041518,22.170727,0.041518,0.000000,153.175998,22.170727,0.041518,153.505948,0.026687,0.329950,0.000057,0.040900,0.339862,6286,5752,512,534,10.771536,0,30.663312,1
268,107.494524,0.166917,29.496981,0.045803,29.496981,0.045803,0.000000,77.997543,29.496981,0.045803,83.181458,0.001498,5.183915,0.000093,0.037753,0.064505,56165,55521,512,644,86.212733,0,30.705198,0
269,154.827041,11.909772,1.415444,0.108880,1.415444,0.108880,0.000000,153.411597,1.415444,0.108880,154.480542,0.009848,1.068946,0.000068,0.026654,0.062733,15699,15686,512,13,1206.615385,0,30.726045,1
270,95.470848,0.392884,12.392629,0.050998,12.392629,0.050998,0.000000,83.078219,12.392629,0.050998,86.338849,0.002162,3.260630,0.000082,0.037580,0.036188,40174,39931,512,243,164.325103,0,30.741385,0
271,160.327315,0.937587,5.904447,0.034529,5.904447,0.034529,0.000000,154.422868,5.904447,0.034529,154.490044,0.109180,0.067176,0.000047,0.034136,0.018012,1586,1415,512,171,8.274854,0,30.744057,1
272,102.442961,0.246851,16.169235,0.038962,16.169235,0.038962,0.000000,86.273725,16.169235,0.038962,86.494173,0.026218,0.220448,0.000067,0.038431,0.009795,3714,3299,512,415,7.949398,0,30.751181,0
273,177.801902,0.334844,23.370488,0.044012,23.370488,0.044012,0.000000,154.431415,23.370488,0.044012,155.042197,0.016002,0.610782,0.000063,0.042862,0.031116,10220,9689,512,531,18.246704,0,30.775173,1
274,112.332985,0.177742,25.898679,0.040979,25.898679,0.040979,0.000000,86.434307,25.898679,0.040979,89.326124,0.002443,2.891818,0.000079,0.036403,0.030850,37197,36565,512,632,57.856013,0,30.782030,0
275,187.074797,0.241387,32.185541,0.041530,32.185541,0.041530,0.000000,154.889256,32.185541,0.041530,155.836274,0.010826,0.947018,0.000066,0.040308,0.118656,15170,14395,512,775,18.574194,0,30.893829,1
276,106.519059,0.237236,17.500114,0.038976,17.500114,0.038976,0.000000,89.018946,17.500114,0.038976,89.572689,0.009653,0.553743,0.000060,0.037742,0.254508,9728,9279,512,449,20.665924,0,31.036538,0
277,170.188515,0.490457,14.595439,0.042062,14.595439,0.042062,0.000000,155.593076,14.595439,0.042062,156.081113,0.018924,0.488037,0.000059,0.040655,0.205242,8595,8248,512,347,23.769452,0,31.099071,1
278,102.268658,0.336410,12.839139,0.042234,12.839139,0.042234,0.000000,89.429520,12.839139,0.042234,90.344865,0.006338,0.915346,0.000064,0.039223,0.110372,14558,14254,512,304,46.888158,0,31.146910,0
279,159.361755,1.695338,3.449199,0.036694,3.449199,0.036694,0.000000,155.912556,3.449199,0.036694,155.998986,0.110716,0.086430,0.000061,0.035774,0.135619,1503,1409,512,94,14.989362,0,31.234690,1
280,94.572723,3.940530,4.612235,0.192176,4.612235,0.192176,0.000000,89.960489,4.612235,0.192176,93.949211,0.002023,3.988722,0.000086,0.025980,0.347715,46460,46436,512,24,1934.833333,0,31.494625,0
281,175.120376,0.402576,19.646489,0.045164,19.646489,0.045164,0.000000,155.473887,19.646489,0.045164,155.956913,0.019185,0.483026,0.000059,0.044054,0.498022,8564,8129,512,435,18.687356,0,31.732712,1
282,108.352507,0.272242,14.707071,0.036952,14.707071,0.036952,0.000000,93.645435,14.707071,0.036952,93.867895,0.025689,0.222460,0.000061,0.036393,0.243643,4052,3654,512,398,9.180905,0,31.738268,0
283,236.902857,0.118451,81.009147,0.040505,81.009147,0.040505,0.000000,155.893710,81.009147,0.040505,157.847908,0.006405,1.954198,0.000079,0.039527,0.030591,26644,24644,512,2000,12.322000,0,31.763303,1
284,110.257358,0.247214,16.476730,0.036943,16.476730,0.036943,0.000000,93.780628,16.476730,0.036943,94.059203,0.018043,0.278574,0.000053,0.036319,0.058805,5659,5213,512,446,11.688341,0,31.797073,0
285,169.626988,0.686749,11.896887,0.048166,11.896887,0.048166,0.000000,157.730101,11.896887,0.048166,159.151177,0.008121,1.421075,0.000073,0.042412,0.069629,19844,19597,512,247,79.340081,0,31.832932,1
286,109.274950,0.261423,15.387335,0.036812,15.387335,0.036812,0.000000,93.887615,15.387335,0.036812,93.969349,0.066598,0.081734,0.000058,0.036616,0.141713,1829,1411,512,418,3.375598,0,31.938787,0
287,159.941220,7.997061,1.003635,0.050182,1.003635,0.050182,0.000000,158.937585,1.003635,0.050182,159.358728,0.022398,0.421143,0.000059,0.029125,0.173143,7135,7115,512,20,355.750000,0,32.006075,1
288,124.266427,0.200107,30.396923,0.048948,30.396923,0.048948,0.000000,93.869504,30.396923,0.048948,98.404009,0.001930,4.534505,0.000089,0.041646,0.073602,51598,50977,512,621,82.088567,0,32.012388,0
289,187.038420,0.277917,27.775653,0.041271,27.775653,0.041271,0.000000,159.262767,27.775653,0.041271,159.473037,0.045087,0.210269,0.000059,0.040959,0.064787,4210,3537,512,673,5.255572,0,32.070862,1
290,107.643780,0.391432,9.454681,0.034381,9.454681,0.034381,0.000000,98.189099,9.454681,0.034381,98.278695,0.068919,0.089596,0.000063,0.034055,0.151201,1701,1426,512,275,5.185455,0,32.163589,0
291,178.059953,0.462493,18.724370,0.048635,18.724370,0.048635,0.000000,159.335582,18.724370,0.048635,160.363331,0.010730,1.027749,0.000069,0.045965,0.106130,15331,14946,512,385,38.820779,0,32.176992,1
292,124.842037,0.209819,26.826695,0.045087,26.826695,0.045087,0.000000,98.015342,26.826695,0.045087,99.171599,0.005603,1.156257,0.000065,0.043144,0.237466,18295,17700,512,595,29.747899,0,32.401056,0
293,181.297407,0.506417,21.204582,0.059231,21.204582,0.059231,0.000000,160.092826,21.204582,0.059231,167.186830,0.002468,7.094005,0.000105,0.039415,0.230734,68090,67732,512,358,189.195531,0,32.407726,1
294,98.947518,32.982506,0.144842,0.048281,0.144842,0.048281,0.000000,98.802676,0.144842,0.048281,98.894870,0.063071,0.092194,0.000059,0.017549,0.330190,1571,1568,512,3,522.666667,0,32.731246,0
295,178.776633,0.664597,12.002017,0.044617,12.002017,0.044617,0.000000,166.774616,12.002017,0.044617,167.452796,0.015524,0.678181,0.000063,0.042096,0.336567,11056,10787,512,269,40.100372,0,32.744293,1
296,119.288201,0.233898,20.665328,0.040520,20.665328,0.040520,0.000000,98.622872,20.665328,0.040520,99.507771,0.007036,0.884899,0.000063,0.038785,0.244944,14652,14142,512,510,27.729412,0,32.976190,0
297,199.241971,0.239762,32.346096,0.038924,32.346096,0.038924,0.000000,166.895875,32.346096,0.038924,167.458194,0.018260,0.562319,0.000061,0.038248,0.523082,10002,9171,512,831,11.036101,0,33.267374,1
298,110.800125,0.362092,11.995441,0.039201,11.995441,0.039201,0.000000,98.804684,11.995441,0.039201,100.585518,0.004022,1.780834,0.000071,0.033381,0.666184,25313,25007,512,306,81.722222,0,33.642374,0
299,188.564485,0.438522,21.716533,0.050504,21.716533,0.050504,0.000000,166.847952,21.716533,0.050504,174.130065,0.002495,7.282113,0.000104,0.033568,0.577452,70224,69794,512,430,162.311628,0,33.844827,1
300,129.756083,0.210302,29.606099,0.047984,29.606099,0.047984,0.000000,100.149985,29.606099,0.047984,100.389774,0.025807,0.239789,0.000062,0.047595,0.391422,4507,3890,512,617,6.304700,0,34.033796,0
301,178.289982,1.273500,4.555095,0.032536,4.555095,0.032536,0.000000,173.734887,4.555095,0.032536,173.865195,0.116610,0.130308,0.000087,0.031606,0.317541,1631,1491,512,140,10.650000,0,34.162368,1
302,126.688187,0.234174,26.645363,0.049252,26.645363,0.049252,0.000000,100.042824,26.645363,0.049252,100.327145,0.019092,0.284321,0.000054,0.048727,0.317269,5796,5255,512,541,9.713494,0,34.351065,0
303,174.090481,34.818096,0.458705,0.091741,0.458705,0.091741,0.000000,173.631776,0.458705,0.091741,173.981643,0.027944,0.349866,0.000056,0.021768,0.206761,6231,6226,512,5,1245.200000,0,34.369128,1
304,132.286396,0.208654,32.103636,0.050637,32.103636,0.050637,0.000000,100.182760,32.103636,0.050637,102.393418,0.003490,2.210658,0.000075,0.047150,0.114066,29977,29343,512,634,46.282334,0,34.465131,0
305,187.551767,0.490973,13.788017,0.036094,13.788017,0.036094,0.000000,173.763750,13.788017,0.036094,174.537445,0.014119,0.773695,0.000063,0.034069,0.186253,12744,12362,512,382,32.361257,0,34.555381,1
306,103.743351,2.964096,1.732034,0.049487,1.732034,0.049487,0.000000,102.011317,1.732034,0.049487,102.703766,0.009449,0.692449,0.000064,0.029702,0.333866,10904,10869,512,35,310.542857,0,34.798996,0
307,188.559470,0.491040,14.378491,0.037444,14.378491,0.037444,0.000000,174.180978,14.378491,0.037444,175.687920,0.008019,1.506942,0.000069,0.033520,0.321288,22294,21910,512,384,57.057292,0,34.876669,1
308,128.539175,0.249591,26.008453,0.050502,26.008453,0.050502,0.000000,102.530722,26.008453,0.050502,102.788609,0.023067,0.257887,0.000058,0.050001,0.138458,4971,4456,512,515,8.652427,0,34.937454,0
309,177.171360,4.662404,1.714131,0.045109,1.714131,0.045109,0.000000,175.457229,1.714131,0.045109,176.030755,0.019464,0.573526,0.000063,0.030016,0.188340,9082,9044,512,38,238.000000,0,35.065009,1
310,123.139251,0.332809,20.546682,0.055532,20.546682,0.055532,0.000000,102.592569,20.546682,0.055532,104.598291,0.003840,2.005723,0.000074,0.050111,0.166290,27610,27240,512,370,73.621622,0,35.103743,0
311,190.274612,0.491666,14.334741,0.037041,14.334741,0.037041,0.000000,175.939871,14.334741,0.037041,176.772125,0.013494,0.832254,0.000064,0.034890,0.057554,13487,13100,512,387,33.850129,0,35.122563,1
312,107.567066,1.156635,3.115349,0.033498,3.115349,0.033498,0.000000,104.451717,3.115349,0.033498,104.577887,0.048126,0.126170,0.000058,0.032142,0.100051,2266,2173,512,93,23.365591,0,35.203794,0
313,205.071612,0.269831,28.483970,0.037479,28.483970,0.037479,0.000000,176.587642,28.483970,0.037479,176.825100,0.043964,0.237457,0.000059,0.037166,0.148654,4782,4022,512,760,5.292105,0,35.271217,1
314,109.674753,0.884474,5.224449,0.042133,5.224449,0.042133,0.000000,104.450304,5.224449,0.042133,105.883018,0.005115,1.432714,0.000069,0.030579,0.100511,20823,20699,512,124,166.927419,0,35.304305,0
315,178.623532,5.581985,1.919245,0.059976,1.919245,0.059976,0.000000,176.704287,1.919245,0.059976,177.710969,0.011471,1.006682,0.000065,0.028518,0.090350,15524,15492,512,32,484.125000,0,35.361567,1
316,133.063167,0.252492,27.336686,0.051872,27.336686,0.051872,0.000000,105.726481,27.336686,0.051872,106.635824,0.007506,0.909343,0.000064,0.050147,0.114302,14734,14207,512,527,26.958254,0,35.418607,0
317,193.927410,0.424349,16.361247,0.035801,16.361247,0.035801,0.000000,177.566163,16.361247,0.035801,178.098464,0.020782,0.532302,0.000062,0.034637,0.106634,9027,8570,512,457,18.752735,0,35.468201,1
318,137.415551,0.213378,30.926208,0.048022,30.926208,0.048022,0.000000,106.489343,30.926208,0.048022,107.106560,0.010888,0.617217,0.000063,0.047064,0.109240,10481,9837,512,644,15.274845,0,35.527847,0
319,179.305829,4.373313,1.445609,0.035259,1.445609,0.035259,0.000000,177.860220,1.445609,0.035259,177.977604,0.089391,0.117384,0.000059,0.032396,0.204340,2032,1991,512,41,48.560976,0,35.672540,1
320,109.498889,1.921033,2.615287,0.045882,2.615287,0.045882,0.000000,106.883602,2.615287,0.045882,107.860455,0.007275,0.976853,0.000066,0.028744,0.188721,14883,14826,512,57,260.105263,0,35.716568,0
321,179.832467,2.997208,2.298885,0.038315,2.298885,0.038315,0.000000,177.533583,2.298885,0.038315,177.616921,0.112988,0.083339,0.000053,0.036926,0.415671,1632,1572,512,60,26.200000,0,36.088212,1
322,134.389536,0.254044,27.248992,0.051510,27.248992,0.051510,0.000000,107.140544,27.248992,0.051510,107.759926,0.010726,0.619382,0.000062,0.050340,0.681780,10576,10047,512,529,18.992439,0,36.398348,0
323,199.812274,0.383517,22.615266,0.043407,22.615266,0.043407,0.000000,177.197008,22.615266,0.043407,179.888726,0.005214,2.691718,0.000078,0.038241,0.392096,35023,34502,512,521,66.222649,0,36.480308,1
324,112.566303,1.014111,4.972176,0.044794,4.972176,0.044794,0.000000,107.594126,4.972176,0.044794,107.912437,0.018761,0.318311,0.000055,0.041927,0.131714,5863,5752,512,111,51.819820,0,36.530062,0
325,202.229228,0.365695,22.537419,0.040755,22.537419,0.040755,0.000000,179.691809,22.537419,0.040755,181.473733,0.007409,1.781924,0.000073,0.037533,0.145586,25048,24495,512,553,44.294756,0,36.625894,1
326,129.117700,0.352781,21.567507,0.058928,21.567507,0.058928,0.000000,107.550193,21.567507,0.058928,107.983948,0.014596,0.433754,0.000059,0.057742,0.331778,7764,7398,512,366,20.213115,0,36.861840,0
327,185.687866,1.509657,4.626231,0.037612,4.626231,0.037612,0.000000,181.061635,4.626231,0.037612,181.733634,0.016352,0.671999,0.000060,0.032148,0.368101,11237,11114,512,123,90.357724,0,36.993995,1
328,133.525727,0.492715,25.909422,0.095607,25.909422,0.095607,0.000000,107.616305,25.909422,0.095607,123.707254,0.001065,16.090949,0.000139,0.036231,0.336110,116418,116147,512,271,428.586716,0,37.197950,0
329,206.011981,0.335524,24.611434,0.040084,24.611434,0.040084,0.000000,181.400547,24.611434,0.040084,183.223150,0.007230,1.822603,0.000072,0.037115,0.299059,25955,25341,512,614,41.271987,0,37.293054,1
330,138.702831,0.389615,15.327154,0.043054,15.327154,0.043054,0.000000,123.375677,15.327154,0.043054,126.810594,0.003089,3.434916,0.000084,0.033405,0.220375,41404,41048,512,356,115.303371,0,37.418325,0
331,199.419573,0.506141,16.409074,0.041647,16.409074,0.041647,0.000000,183.010500,16.409074,0.041647,183.939549,0.012932,0.929050,0.000065,0.039289,0.167758,14618,14224,512,394,36.101523,0,37.460812,1
332,149.880059,0.226405,23.334008,0.035248,23.334008,0.035248,0.000000,126.546051,23.334008,0.035248,127.970959,0.006193,1.424908,0.000069,0.033095,0.208440,21325,20663,512,662,31.212991,0,37.626765,0
333,187.798451,1.805754,4.090903,0.039336,4.090903,0.039336,0.000000,183.707548,4.090903,0.039336,184.129943,0.027018,0.422395,0.000062,0.035274,0.194222,6919,6815,512,104,65.528846,0,37.655035,1
334,129.482104,5.629657,1.729381,0.075190,1.729381,0.075190,0.000000,127.752722,1.729381,0.075190,128.810958,0.008112,1.058236,0.000067,0.029180,0.176617,15903,15880,512,23,690.434783,0,37.803382,0
335,188.484216,1.472533,4.781242,0.037353,4.781242,0.037353,0.000000,183.702974,4.781242,0.037353,184.089341,0.027939,0.386367,0.000059,0.034335,0.394756,6717,6589,512,128,51.476562,0,38.049790,1
336,135.334546,0.676673,6.826194,0.034131,6.826194,0.034131,0.000000,128.508351,6.826194,0.034131,128.601955,0.091078,0.093604,0.000066,0.033663,0.264118,1612,1412,512,200,7.060000,0,38.067500,0
337,199.199702,0.518749,15.279166,0.039789,15.279166,0.039789,0.000000,183.920536,15.279166,0.039789,184.006970,0.106486,0.086435,0.000050,0.039564,0.136823,2112,1728,512,384,4.500000,0,38.186613,1
338,142.290367,0.382501,13.847951,0.037226,13.847951,0.037226,0.000000,128.442415,13.847951,0.037226,130.562228,0.004480,2.119812,0.000073,0.031527,0.131604,29515,29143,512,372,78.341398,0,38.199104,0
339,199.935272,0.491241,16.130111,0.039632,16.130111,0.039632,0.000000,183.805162,16.130111,0.039632,183.941178,0.076642,0.136017,0.000057,0.039298,0.174189,2807,2400,512,407,5.896806,0,38.360803,1
340,133.256467,1.480627,2.914450,0.032383,2.914450,0.032383,0.000000,130.342017,2.914450,0.032383,130.469281,0.067045,0.127264,0.000065,0.030969,0.172733,2036,1946,512,90,21.622222,0,38.371837,0
341,184.237399,11.514837,0.678765,0.042423,0.678765,0.042423,0.000000,183.558634,0.678765,0.042423,183.806299,0.042548,0.247665,0.000057,0.026944,0.354526,4336,4320,512,16,270.000000,0,38.715329,1
342,141.228254,0.404665,11.148186,0.031943,11.148186,0.031943,0.000000,130.080068,11.148186,0.031943,130.160603,0.092575,0.080535,0.000057,0.031712,0.361968,1755,1406,512,349,4.028653,0,38.733805,0
343,210.344307,0.340363,26.960417,0.043625,26.960417,0.043625,0.000000,183.383891,26.960417,0.043625,186.155186,0.005224,2.771295,0.000078,0.039141,0.393477,36256,35638,512,618,57.666667,0,39.108805,1
344,141.114256,0.431542,11.557362,0.035344,11.557362,0.035344,0.000000,129.556894,11.557362,0.035344,130.866371,0.006739,1.309478,0.000067,0.031339,0.576734,19746,19419,512,327,59.385321,0,39.310539,0
345,198.475358,0.655034,12.686663,0.041870,12.686663,0.041870,0.000000,185.788696,12.686663,0.041870,186.242378,0.025029,0.453683,0.000061,0.040373,0.314311,7744,7441,512,303,24.557756,0,39.423116,1
346,141.659289,0.400167,11.137138,0.031461,11.137138,0.031461,0.000000,130.522151,11.137138,0.031461,130.589644,0.092748,0.067493,0.000048,0.031270,0.303343,1762,1408,512,354,3.977401,0,39.613882,0
347,198.086429,0.658094,12.264392,0.040745,12.264392,0.040745,0.000000,185.822037,12.264392,0.040745,185.905229,0.132129,0.083192,0.000059,0.040469,0.388929,1708,1407,512,301,4.674419,0,39.812046,1
348,147.111798,0.291888,17.111842,0.033952,17.111842,0.033952,0.000000,129.999956,17.111842,0.033952,130.676517,0.012151,0.676562,0.000063,0.032610,0.563072,11258,10754,512,504,21.337302,0,40.176955,0
349,201.124002,0.501556,15.646412,0.039018,15.646412,0.039018,0.000000,185.477590,15.646412,0.039018,185.555886,0.109926,0.078295,0.000046,0.038823,0.401434,2089,1688,512,401,4.209476,0,40.213480,1
350,142.379989,0.385854,11.884478,0.032207,11.884478,0.032207,0.000000,130.495511,11.884478,0.032207,130.604466,0.067882,0.108955,0.000057,0.031912,0.147998,2293,1924,512,369,5.214092,0,40.324953,0
351,206.174967,0.404265,20.769458,0.040724,20.769458,0.040724,0.000000,185.405509,20.769458,0.040724,186.728419,0.009353,1.322910,0.000066,0.038130,0.123957,20475,19965,512,510,39.147059,0,40.337437,1
352,136.682492,0.794666,6.236210,0.036257,6.236210,0.036257,0.000000,130.446283,6.236210,0.036257,131.066271,0.012412,0.619988,0.000059,0.032652,0.132177,10732,10560,512,172,61.395349,0,40.457130,0
353,196.844189,0.874863,10.299372,0.045775,10.299372,0.045775,0.000000,186.544817,10.299372,0.045775,187.111206,0.019991,0.566389,0.000061,0.043258,0.143179,9585,9360,512,225,41.600000,0,40.480616,1
354,136.167446,1.237886,5.262114,0.047837,5.262114,0.047837,0.000000,130.905333,5.262114,0.047837,132.657603,0.005269,1.752270,0.000070,0.031908,0.127523,25285,25175,512,110,228.863636,0,40.584653,0
355,205.206687,0.441305,18.338398,0.039437,18.338398,0.039437,0.000000,186.868289,18.338398,0.039437,187.299564,0.026225,0.431275,0.000060,0.038510,0.210242,7607,7142,512,465,15.359140,0,40.690858,1
356,143.992613,0.414964,11.563417,0.033324,11.563417,0.033324,0.000000,132.429196,11.563417,0.033324,133.266288,0.010053,0.837092,0.000063,0.030912,0.184621,13604,13257,512,347,38.204611,0,40.769274,0
357,206.527523,0.573688,19.430435,0.053973,19.430435,0.053973,0.000000,187.097088,19.430435,0.053973,194.151929,0.002875,7.054841,0.000104,0.034377,0.170850,67885,67525,512,360,187.569444,0,40.861708,1
358,140.028330,0.633612,7.070668,0.031994,7.070668,0.031994,0.000000,132.957662,7.070668,0.031994,133.214537,0.027592,0.256875,0.000053,0.030832,0.272883,5049,4828,512,221,21.846154,0,41.042158,0
359,194.496048,24.312006,0.801193,0.100149,0.801193,0.100149,0.000000,193.694855,0.801193,0.100149,194.280600,0.020922,0.585745,0.000063,0.026931,0.381158,9294,9286,512,8,1160.750000,0,41.242866,1
360,134.237557,3.441989,1.337875,0.034304,1.337875,0.034304,0.000000,132.899683,1.337875,0.034304,132.980801,0.087487,0.081118,0.000053,0.032225,0.285406,1559,1520,512,39,38.974359,0,41.327563,0
361,203.750930,0.763112,9.702620,0.036339,9.702620,0.036339,0.000000,194.048310,9.702620,0.036339,195.032796,0.013319,0.984486,0.000067,0.032652,0.199106,14910,14643,512,267,54.842697,0,41.441972,1
362,147.595851,0.385368,15.090259,0.039400,15.090259,0.039400,0.000000,132.505592,15.090259,0.039400,134.211262,0.005495,1.705670,0.000070,0.034947,0.449044,24806,24423,512,383,63.767624,0,41.776607,0
363,205.872457,0.686242,11.227467,0.037425,11.227467,0.037425,0.000000,194.644990,11.227467,0.037425,195.252634,0.019343,0.607644,0.000060,0.035399,0.350576,10394,10094,512,300,33.646667,0,41.792549,1
364,142.404048,0.590888,8.268225,0.034308,8.268225,0.034308,0.000000,134.135823,8.268225,0.034308,135.086700,0.009074,0.950877,0.000064,0.030362,0.031510,15129,14888,512,241,61.775934,0,41.808117,0
365,277.092231,0.138546,81.900357,0.040950,81.900357,0.040950,0.000000,195.191874,81.900357,0.040950,196.310301,0.011488,1.118427,0.000065,0.040391,0.027043,19089,17089,512,2000,8.544500,0,41.819592,1
366,142.228400,0.618384,7.323017,0.031839,7.323017,0.031839,0.000000,134.905383,7.323017,0.031839,135.214812,0.024535,0.309429,0.000056,0.030494,0.145543,5741,5511,512,230,23.960870,0,41.953660,0
367,198.096160,66.032053,2.027495,0.675832,2.027495,0.675832,0.000000,196.068666,2.027495,0.675832,198.041234,0.007426,1.972569,0.000074,0.018309,0.201859,26673,26670,512,3,8890.000000,0,42.021451,1
368,145.519322,0.463437,10.587231,0.033717,10.587231,0.033717,0.000000,134.932091,10.587231,0.033717,135.038456,0.073792,0.106365,0.000058,0.033379,0.253872,2144,1830,512,314,5.828025,0,42.207531,0
369,217.441508,0.465614,19.771249,0.042337,19.771249,0.042337,0.000000,197.670259,19.771249,0.042337,198.385789,0.017065,0.715530,0.000062,0.040805,0.325131,12092,11625,512,467,24.892934,0,42.346582,1
370,144.032114,0.533452,9.210003,0.034111,9.210003,0.034111,0.000000,134.822111,9.210003,0.034111,135.404954,0.013409,0.582843,0.000058,0.031952,0.189790,10368,10098,512,270,37.400000,0,42.397322,0
371,217.276115,0.477530,19.261487,0.042333,19.261487,0.042333,0.000000,198.014627,19.261487,0.042333,198.545067,0.022427,0.530440,0.000060,0.041167,0.336538,9308,8853,512,455,19.457143,0,42.683120,1
372,148.267095,0.457614,13.360498,0.041236,13.360498,0.041236,0.000000,134.906597,13.360498,0.041236,135.631293,0.011136,0.724696,0.000060,0.038999,0.465513,12503,12179,512,324,37.589506,0,42.862835,0
373,202.446324,1.619571,4.153262,0.033226,4.153262,0.033226,0.000000,198.293063,4.153262,0.033226,198.381161,0.131204,0.088098,0.000058,0.032521,0.219146,1637,1512,512,125,12.096000,0,42.902265,1
374,156.739600,0.387011,21.238743,0.052441,21.238743,0.052441,0.000000,135.500857,21.238743,0.052441,135.867469,0.021594,0.366612,0.000058,0.051536,0.096038,6697,6292,512,405,15.535802,0,42.958873,0
375,209.724371,0.870226,11.475088,0.047614,11.475088,0.047614,0.000000,198.249282,11.475088,0.047614,198.417361,0.065162,0.168078,0.000055,0.046917,0.103797,3286,3045,512,241,12.634855,0,43.006063,1
376,136.907919,45.635973,1.139164,0.379721,1.139164,0.379721,0.000000,135.768755,1.139164,0.379721,136.853191,0.007980,1.084436,0.000063,0.018243,0.068629,17152,17149,512,3,5716.333333,0,43.027502,0
377,218.624128,0.476305,20.277513,0.044178,20.277513,0.044178,0.000000,198.346615,20.277513,0.044178,199.806803,0.009545,1.460188,0.000070,0.040996,0.041429,21393,20934,512,459,45.607843,0,43.047491,1
378,161.857456,0.319876,25.406537,0.050211,25.406537,0.050211,0.000000,136.450920,25.406537,0.050211,136.544072,0.095686,0.093152,0.000065,0.050026,0.363848,1933,1427,512,506,2.820158,0,43.391350,0
379,217.494264,0.526620,18.146128,0.043937,18.146128,0.043937,0.000000,199.348136,18.146128,0.043937,200.116881,0.016065,0.768745,0.000062,0.042076,0.415869,12870,12457,512,413,30.162228,0,43.463360,1
380,139.065003,2.279754,2.681047,0.043952,2.681047,0.043952,0.000000,136.383956,2.681047,0.043952,136.998441,0.013611,0.614485,0.000061,0.033878,0.132436,10126,10065,512,61,165.000000,0,43.523785,0
381,217.369546,0.550303,17.512749,0.044336,17.512749,0.044336,0.000000,199.856797,17.512749,0.044336,200.535946,0.018549,0.679149,0.000063,0.042617,0.223947,11206,10811,512,395,27.369620,0,43.687307,1
382,169.960736,0.259482,33.259219,0.050777,33.259219,0.050777,0.000000,136.701516,33.259219,0.050777,138.614389,0.005118,1.912872,0.000071,0.047857,0.264169,27737,27082,512,655,41.346565,0,43.787954,0
383,221.274251,0.606231,21.217381,0.058130,21.217381,0.058130,0.000000,200.056870,21.217381,0.058130,209.273521,0.002553,9.216651,0.000112,0.032879,0.444530,82322,81957,512,365,224.539726,0,44.131837,1
384,162.523734,0.344330,24.488051,0.051881,24.488051,0.051881,0.000000,138.035683,24.488051,0.051881,138.383667,0.023126,0.347984,0.000058,0.051144,0.533320,6456,5984,512,472,12.677966,0,44.321274,0
385,227.155406,0.538283,18.238704,0.043220,18.238704,0.043220,0.000000,208.916702,18.238704,0.043220,210.646818,0.008566,1.730116,0.000070,0.039120,0.271027,25014,24592,512,422,58.274882,0,44.402864,1
386,156.821055,0.533405,18.607706,0.063292,18.607706,0.063292,0.000000,138.213349,18.607706,0.063292,138.516599,0.025309,0.303250,0.000055,0.062260,0.140612,5767,5473,512,294,18.615646,0,44.461886,0
387,219.956920,0.743098,9.788420,0.033069,9.788420,0.033069,0.000000,210.168500,9.788420,0.033069,210.374574,0.060056,0.206074,0.000059,0.032373,0.434023,3799,3503,512,296,11.834459,0,44.836886,1
388,138.710246,5.548410,0.756288,0.030252,0.756288,0.030252,0.000000,137.953958,0.756288,0.030252,138.034912,0.084997,0.080953,0.000050,0.027013,0.533125,1649,1624,512,25,64.960000,0,44.995011,0
389,211.573434,4.068720,1.760439,0.033855,1.760439,0.033855,0.000000,209.812995,1.760439,0.033855,210.030260,0.054910,0.217265,0.000057,0.029676,0.533125,3877,3825,512,52,73.557692,0,45.370011,1
390,163.290416,0.327235,25.672357,0.051448,25.672357,0.051448,0.000000,137.618059,25.672357,0.051448,138.163034,0.014673,0.544975,0.000058,0.050355,0.390763,9915,9416,512,499,18.869739,0,45.385775,0
391,221.466100,0.689926,11.717899,0.036504,11.717899,0.036504,0.000000,209.748201,11.717899,0.036504,210.369739,0.020263,0.621537,0.000060,0.034568,0.253349,10703,10382,512,321,32.342679,0,45.623360,1
392,158.846557,0.436392,21.080236,0.057913,21.080236,0.057913,0.000000,137.766322,21.080236,0.057913,138.130073,0.020900,0.363751,0.000055,0.056913,0.364280,6973,6609,512,364,18.156593,0,45.750055,0
393,230.297906,0.511773,20.104625,0.044677,20.104625,0.044677,0.000000,210.193281,20.104625,0.044677,210.986250,0.016886,0.792969,0.000063,0.042915,0.142947,12945,12495,512,450,27.766667,0,45.766307,1
394,144.523292,1.147010,6.550749,0.051990,6.550749,0.051990,0.000000,137.972543,6.550749,0.051990,138.427542,0.018095,0.454998,0.000059,0.048379,0.127172,7776,7650,512,126,60.714286,0,45.877227,0
395,223.834042,0.656405,13.139762,0.038533,13.139762,0.038533,0.000000,210.694280,13.139762,0.038533,210.757707,0.148421,0.063427,0.000045,0.038347,0.255753,1761,1420,512,341,4.164223,0,46.022060,1
396,177.844866,0.289650,39.594987,0.064487,39.594987,0.064487,0.000000,138.249879,39.594987,0.064487,155.129345,0.001274,16.879467,0.000139,0.036996,0.146381,122424,121810,512,614,198.387622,0,46.023608,0
397,213.073855,4.439039,2.420620,0.050430,2.420620,0.050430,0.000000,210.653234,2.420620,0.050430,211.393983,0.017903,0.740749,0.000063,0.034997,0.077262,11856,11808,512,48,246.000000,0,46.099323,1
398,178.249087,0.281150,23.527941,0.037110,23.527941,0.037110,0.000000,154.721146,23.527941,0.037110,154.940096,0.066756,0.218950,0.000094,0.036765,0.293872,2955,2321,512,634,3.660883,0,46.317480,0
399,235.409091,0.490436,24.312389,0.050651,24.312389,0.050651,0.000000,211.096702,24.312389,0.050651,212.947741,0.008353,1.851039,0.000073,0.046794,0.261915,25974,25494,512,480,53.112500,0,46.361238,1
400,155.633708,7.074259,0.841181,0.038236,0.841181,0.038236,0.000000,154.792527,0.841181,0.038236,155.008616,0.037415,0.216090,0.000052,0.028413,0.120446,4165,4143,512,22,188.318182,0,46.437925,0
401,230.569452,0.642255,17.816928,0.049629,17.816928,0.049629,0.000000,212.752525,17.816928,0.049629,214.060485,0.011438,1.307960,0.000070,0.045986,0.149683,19074,18715,512,359,52.130919,0,46.510920,1
402,175.352897,0.347922,20.490959,0.040657,20.490959,0.040657,0.000000,154.861938,20.490959,0.040657,156.443363,0.006803,1.581425,0.000069,0.037519,0.117924,23500,22996,512,504,45.626984,0,46.555849,0
403,236.272393,0.509208,22.611173,0.048731,22.611173,0.048731,0.000000,213.661220,22.611173,0.048731,214.286887,0.020638,0.625667,0.000060,0.047383,0.358234,10847,10383,512,464,22.377155,0,46.869154,1
404,158.626227,2.558488,2.729596,0.044026,2.729596,0.044026,0.000000,155.896631,2.729596,0.044026,156.542683,0.014254,0.646053,0.000059,0.033606,0.503308,11044,10982,512,62,177.129032,0,47.059158,0
405,225.037079,1.071605,10.988481,0.052326,10.988481,0.052326,0.000000,214.048599,10.988481,0.052326,215.128869,0.013046,1.080270,0.000066,0.047182,0.204653,16700,16490,512,210,78.523810,0,47.073807,1
406,220.957330,0.110479,64.838477,0.032419,64.838477,0.032419,0.000000,156.118853,64.838477,0.032419,157.933747,0.006127,1.814894,0.000070,0.031512,0.389649,27776,25776,512,2000,12.888000,0,47.448807,0
407,214.680413,53.670103,0.229237,0.057309,0.229237,0.057309,0.000000,214.451176,0.229237,0.057309,214.599880,0.084091,0.148705,0.000058,0.020133,0.639202,2556,2552,512,4,638.000000,0,47.713010,1
408,172.795165,0.438566,15.212407,0.038610,15.212407,0.038610,0.000000,157.582758,15.212407,0.038610,157.679982,0.110575,0.097224,0.000068,0.038363,0.305946,1820,1426,512,394,3.619289,0,47.754753,0
409,220.559607,1.521101,6.256766,0.043150,6.256766,0.043150,0.000000,214.302841,6.256766,0.043150,214.650031,0.038823,0.347190,0.000063,0.040756,0.268415,5674,5529,512,145,38.131034,0,47.981424,1
410,182.742819,0.270330,25.329998,0.037470,25.329998,0.037470,0.000000,157.412821,25.329998,0.037470,158.473127,0.009540,1.060306,0.000064,0.035902,0.240736,17288,16612,512,676,24.573964,0,47.995489,0
411,240.535311,0.451286,26.306063,0.049355,26.306063,0.049355,0.000000,214.229248,26.306063,0.049355,215.488050,0.011415,1.258802,0.000067,0.046993,0.389065,19411,18878,512,533,35.418386,0,48.370489,1
412,172.316585,0.512847,14.393601,0.042838,14.393601,0.042838,0.000000,157.922984,14.393601,0.042838,159.003754,0.009653,1.080770,0.000066,0.039622,0.511959,16808,16472,512,336,49.023810,0,48.507448,0
413,234.103496,0.648486,18.924500,0.052422,18.924500,0.052422,0.000000,215.178997,18.924500,0.052422,215.507513,0.040441,0.328517,0.000062,0.051512,0.268231,5690,5329,512,361,14.761773,0,48.638720,1
414,159.882496,7.267386,1.060277,0.048194,1.060277,0.048194,0.000000,158.822219,1.060277,0.048194,159.239816,0.022237,0.417596,0.000058,0.029213,0.143122,7183,7161,512,22,325.500000,0,48.650570,0
415,242.641377,0.557796,27.460901,0.063129,27.460901,0.063129,0.000000,215.180476,27.460901,0.063129,225.118665,0.002620,9.938188,0.000116,0.040282,0.296018,86346,85911,512,435,197.496552,0,48.934739,1
416,172.777905,0.557348,13.857715,0.044702,13.857715,0.044702,0.000000,158.920190,13.857715,0.044702,160.278815,0.008048,1.358625,0.000068,0.040320,0.287847,20225,19915,512,310,64.241935,0,48.938417,0
417,249.540436,0.494139,24.548587,0.048611,24.548587,0.048611,0.000000,224.991850,24.548587,0.048611,232.115152,0.003341,7.123302,0.000103,0.034506,0.038119,69984,69479,512,505,137.582178,0,48.972858,1
418,160.416062,40.104016,0.232077,0.058019,0.232077,0.058019,0.000000,160.183985,0.232077,0.058019,160.335239,0.066364,0.151253,0.000063,0.020206,0.053734,2420,2416,512,4,604.000000,0,48.992151,0
419,232.725743,8.619472,0.894454,0.033128,0.894454,0.033128,0.000000,231.831289,0.894454,0.033128,231.961418,0.136931,0.130129,0.000077,0.028308,0.206736,1721,1694,512,27,62.740741,0,49.179594,1
420,178.159094,0.467609,18.067582,0.047421,18.067582,0.047421,0.000000,160.091511,18.067582,0.047421,164.927139,0.003151,4.835627,0.000092,0.034730,0.215056,52720,52339,512,381,137.372703,0,49.207207,0
421,245.443313,0.659794,13.838365,0.037200,13.838365,0.037200,0.000000,231.604948,13.838365,0.037200,232.234944,0.021990,0.629996,0.000060,0.035506,0.329495,10933,10561,512,372,28.389785,0,49.509089,1
422,174.112178,0.806075,9.685850,0.044842,9.685850,0.044842,0.000000,164.426328,9.685850,0.044842,166.032454,0.007444,1.606125,0.000072,0.037406,0.435370,22520,22304,512,216,103.259259,0,49.642576,0
423,243.004019,1.094613,10.941527,0.049286,10.941527,0.049286,0.000000,232.062492,10.941527,0.049286,235.404225,0.005785,3.341733,0.000082,0.034233,0.138091,40913,40691,512,222,183.292793,0,49.647180,1
424,174.574635,0.786372,8.591200,0.038699,8.591200,0.038699,0.000000,165.983435,8.591200,0.038699,166.319563,0.028701,0.336127,0.000058,0.037185,0.005285,6017,5795,512,222,26.103604,0,49.647861,0
425,236.017538,47.203508,0.676701,0.135340,0.676701,0.135340,0.000000,235.340837,0.676701,0.135340,235.908195,0.026273,0.567358,0.000063,0.021869,0.007311,8984,8979,512,5,1795.800000,0,49.654491,1
426,181.888600,0.396271,15.723727,0.034256,15.723727,0.034256,0.000000,166.164873,15.723727,0.034256,166.249895,0.118243,0.085022,0.000060,0.034071,0.123032,1865,1406,512,459,3.063181,0,49.770893,0
427,256.833800,0.449796,21.277808,0.037264,21.277808,0.037264,0.000000,235.555992,21.277808,0.037264,236.206175,0.022135,0.650183,0.000061,0.036125,0.318511,11242,10671,512,571,18.688266,0,49.973002,1
428,187.702954,0.349540,21.716252,0.040440,21.716252,0.040440,0.000000,165.986702,21.716252,0.040440,168.602786,0.005166,2.616084,0.000080,0.035568,0.236176,33176,32639,512,537,60.780261,0,50.007069,0
429,239.024455,3.366542,3.123602,0.043994,3.123602,0.043994,0.000000,235.900852,3.123602,0.043994,236.518544,0.023499,0.617691,0.000061,0.035295,0.270715,10136,10065,512,71,141.760563,0,50.243717,1
430,180.188987,0.600630,11.882877,0.039610,11.882877,0.039610,0.000000,168.306110,11.882877,0.039610,170.544514,0.005995,2.238404,0.000079,0.032148,0.244015,28746,28446,512,300,94.820000,0,50.251084,0
431,259.654616,0.479068,23.379747,0.043136,23.379747,0.043136,0.000000,236.274869,23.379747,0.043136,238.425886,0.008178,2.151018,0.000074,0.039167,0.209150,29695,29153,512,542,53.787823,0,50.452868,1
432,171.069964,57.023321,1.105942,0.368647,1.105942,0.368647,0.000000,169.964022,1.105942,0.368647,171.011682,0.011749,1.047660,0.000072,0.019427,0.530315,14559,14556,512,3,4852.000000,0,50.781399,0
433,249.355003,0.731246,11.490683,0.033697,11.490683,0.033697,0.000000,237.864320,11.490683,0.033697,238.138669,0.053890,0.274349,0.000062,0.032892,0.513392,4760,4419,512,341,12.958944,0,50.966260,1
434,197.884505,0.366453,27.246139,0.050456,27.246139,0.050456,0.000000,170.638366,27.246139,0.050456,172.497135,0.006872,1.858769,0.000074,0.047014,0.334577,25642,25102,512,540,46.485185,0,51.115976,0
435,239.069969,5.976749,1.338571,0.033464,1.338571,0.033464,0.000000,237.731398,1.338571,0.033464,237.815807,0.164692,0.084408,0.000058,0.031354,0.377221,1484,1444,512,40,36.100000,0,51.343481,1
436,174.921961,2.010597,2.703936,0.031080,2.703936,0.031080,0.000000,172.218025,2.703936,0.031080,172.348154,0.083745,0.130129,0.000063,0.029584,0.232627,2145,2058,512,87,23.655172,0,51.348603,0
437,256.016095,0.551759,18.261092,0.039356,18.261092,0.039356,0.000000,237.755003,18.261092,0.039356,238.810050,0.014900,1.055047,0.000066,0.037082,0.033294,16492,16028,512,464,34.543103,0,51.376775,1
438,192.093224,0.418504,19.818613,0.043178,19.818613,0.043178,0.000000,172.274611,19.818613,0.043178,172.778071,0.019429,0.503460,0.000057,0.042081,0.044852,9352,8893,512,459,19.374728,0,51.393455,0
439,249.488455,0.787030,10.821947,0.034139,10.821947,0.034139,0.000000,238.666508,10.821947,0.034139,239.025832,0.038171,0.359324,0.000057,0.033005,0.104462,6579,6262,512,317,19.753943,0,51.481237,1
440,190.007146,0.451323,17.519760,0.041615,17.519760,0.041615,0.000000,172.487387,17.519760,0.041615,173.010682,0.019281,0.523296,0.000058,0.040372,0.258685,9394,8973,512,421,21.313539,0,51.652140,0
441,263.743724,0.453168,25.044783,0.043032,25.044783,0.043032,0.000000,238.698942,25.044783,0.043032,241.163346,0.007513,2.464404,0.000077,0.038798,0.295189,32682,32100,512,582,55.154639,0,51.776426,1
442,200.953224,0.343510,28.337324,0.048440,28.337324,0.048440,0.000000,172.615900,28.337324,0.048440,173.597102,0.011061,0.981202,0.000063,0.046763,0.362372,16279,15694,512,585,26.827350,0,52.014512,0
443,263.839913,0.447186,22.984798,0.038957,22.984798,0.038957,0.000000,240.855115,22.984798,0.038957,241.009266,0.102296,0.154152,0.000065,0.038696,0.259170,2946,2356,512,590,3.993220,0,52.035596,1
444,201.286993,0.345261,27.914335,0.047881,27.914335,0.047881,0.000000,173.372657,27.914335,0.047881,173.904111,0.019278,0.531454,0.000059,0.046969,0.186908,9604,9021,512,583,15.473413,0,52.201420,0
445,242.388592,8.656735,1.599201,0.057114,1.599201,0.057114,0.000000,240.789391,1.599201,0.057114,241.551170,0.019157,0.761779,0.000060,0.029908,0.192635,12637,12609,512,28,450.321429,0,52.228231,1
446,180.270351,0.934043,6.464901,0.033497,6.464901,0.033497,0.000000,173.805450,6.464901,0.033497,174.209422,0.025878,0.403973,0.000060,0.031404,0.066279,6925,6732,512,193,34.880829,0,52.267700,0
447,250.478406,0.907530,9.156686,0.033176,9.156686,0.033176,0.000000,241.321720,9.156686,0.033176,241.408806,0.171091,0.087086,0.000062,0.032861,0.194162,1687,1411,512,276,5.112319,0,52.422393,1
448,179.557611,0.970582,5.908626,0.031939,5.908626,0.031939,0.000000,173.648985,5.908626,0.031939,173.733694,0.111012,0.084709,0.000054,0.031481,0.529693,1750,1565,512,185,8.459459,0,52.797393,0
449,259.895243,0.604408,19.005907,0.044200,19.005907,0.044200,0.000000,240.889336,19.005907,0.044200,242.195420,0.012389,1.306084,0.000067,0.041162,0.493197,19979,19549,512,430,45.462791,0,52.915590,1
450,197.642547,0.412615,24.061431,0.050233,24.061431,0.050233,0.000000,173.581116,24.061431,0.050233,173.716505,0.067463,0.135389,0.000053,0.049950,0.125202,3054,2575,512,479,5.375783,0,52.922595,0
451,267.211958,0.387826,25.183465,0.036551,25.183465,0.036551,0.000000,242.028493,25.183465,0.036551,243.535961,0.010980,1.507469,0.000068,0.034363,0.126745,22869,22180,512,689,32.191582,0,53.042335,1
452,197.203815,0.434370,23.640325,0.052071,23.640325,0.052071,0.000000,173.563489,23.640325,0.052071,174.129476,0.017979,0.565987,0.000058,0.050825,0.125149,10139,9685,512,454,21.332599,0,53.047744,0
453,244.078739,13.559930,0.859684,0.047760,0.859684,0.047760,0.000000,243.219055,0.859684,0.047760,243.609861,0.036219,0.390806,0.000058,0.026049,0.274837,6744,6726,512,18,373.666667,0,53.317171,1
454,193.312890,0.500811,19.641264,0.050884,19.641264,0.050884,0.000000,173.671625,19.641264,0.050884,173.868433,0.057062,0.196808,0.000065,0.050374,0.423980,3433,3047,512,386,7.893782,0,53.471724,0
455,266.717501,0.400477,23.317913,0.035012,23.317913,0.035012,0.000000,243.399588,23.317913,0.035012,243.625220,0.067919,0.225632,0.000063,0.034673,0.178316,4253,3587,512,666,5.385886,0,53.495487,1
456,194.761257,0.500672,20.957387,0.053875,20.957387,0.053875,0.000000,173.803870,20.957387,0.053875,174.141318,0.027756,0.337447,0.000054,0.053008,0.035789,6663,6274,512,389,16.128535,0,53.507513,0
457,244.390751,9.051509,0.832423,0.030830,0.832423,0.030830,0.000000,243.558328,0.832423,0.030830,243.641463,0.154106,0.083135,0.000053,0.027751,0.037372,1608,1581,512,27,58.555556,0,53.532859,1
458,201.195171,0.378186,27.484480,0.051663,27.484480,0.051663,0.000000,173.710691,27.484480,0.051663,175.328110,0.007560,1.617419,0.000070,0.048622,0.400346,23724,23192,512,532,43.593985,0,53.907859,0
459,263.493502,0.532310,20.330835,0.041072,20.330835,0.041072,0.000000,243.162668,20.330835,0.041072,243.597007,0.032419,0.434339,0.000058,0.040195,0.451691,8009,7514,512,495,15.179798,0,53.984549,1
460,197.373948,0.480229,22.357300,0.054397,22.357300,0.054397,0.000000,175.016648,22.357300,0.054397,175.631277,0.018802,0.614629,0.000066,0.052902,0.268297,9752,9341,512,411,22.727494,0,54.176156,0
461,260.406955,0.709556,17.160023,0.046758,17.160023,0.046758,0.000000,243.246932,17.160023,0.046758,244.723343,0.011260,1.476411,0.000068,0.042735,0.318072,22100,21733,512,367,59.217984,0,54.302621,1
462,176.266121,17.626612,0.902839,0.090284,0.902839,0.090284,0.000000,175.363283,0.902839,0.090284,176.003736,0.017376,0.640454,0.000063,0.026239,0.232665,10139,10129,512,10,1012.900000,0,54.408821,0
463,260.795843,0.684504,16.240195,0.042625,16.240195,0.042625,0.000000,244.555648,16.240195,0.042625,244.675352,0.140135,0.119703,0.000069,0.042311,0.125801,2127,1746,512,381,4.582677,0,54.428422,1
464,194.025439,0.653284,18.441685,0.062093,18.441685,0.062093,0.000000,175.583754,18.441685,0.062093,176.131492,0.019875,0.547738,0.000062,0.060249,0.384504,9159,8862,512,297,29.838384,0,54.793325,0
465,264.377279,0.508418,20.138255,0.038727,20.138255,0.038727,0.000000,244.239025,20.138255,0.038727,244.370731,0.089644,0.131706,0.000048,0.038474,0.409727,3246,2726,512,520,5.242308,0,54.838149,1
466,197.895591,0.519411,21.948806,0.057608,21.948806,0.057608,0.000000,175.946785,21.948806,0.057608,176.927695,0.012108,0.980910,0.000067,0.055034,0.152673,14993,14612,512,381,38.351706,0,54.945998,0
467,262.891423,0.581618,18.806101,0.041606,18.806101,0.041606,0.000000,244.085323,18.806101,0.041606,244.414758,0.042155,0.329435,0.000057,0.040878,0.258252,6250,5798,512,452,12.827434,0,55.096401,1
468,194.026490,0.721288,17.417036,0.064747,17.417036,0.064747,0.000000,176.609454,17.417036,0.064747,177.043244,0.025518,0.433791,0.000063,0.063135,0.281357,7207,6938,512,269,25.791822,0,55.227356,0
469,264.898431,0.441497,20.997296,0.034995,20.997296,0.034995,0.000000,243.901136,20.997296,0.034995,244.422308,0.029388,0.521172,0.000063,0.034127,0.483875,8917,8317,512,600,13.861667,0,55.580276,1
470,197.335262,0.565431,20.698467,0.059308,20.698467,0.059308,0.000000,176.636796,20.698467,0.059308,177.353271,0.015174,0.716475,0.000061,0.057255,0.373006,12037,11688,512,349,33.489971,0,55.600362,0
471,264.697980,0.454808,20.418479,0.035083,20.418479,0.035083,0.000000,244.279502,20.418479,0.035083,244.576835,0.050356,0.297334,0.000061,0.034572,0.108835,5439,4857,512,582,8.345361,0,55.689111,1
472,199.799233,1.004016,22.633728,0.113737,22.633728,0.113737,0.000000,177.165505,22.633728,0.113737,192.953429,0.001701,15.787924,0.000139,0.034401,0.153446,113652,113453,512,199,570.115578,0,55.753808,0
473,267.034971,0.329673,22.634586,0.027944,22.634586,0.027944,0.000000,244.400385,22.634586,0.027944,246.209844,0.010020,1.809459,0.000074,0.025710,0.145043,25383,24573,512,810,30.337037,0,55.834155,1
474,195.926611,5.442406,3.179572,0.088321,3.179572,0.088321,0.000000,192.747039,3.179572,0.088321,194.807351,0.007107,2.060312,0.000075,0.031091,0.096215,27447,27411,512,36,761.416667,0,55.850023,0
475,265.398907,0.569526,19.268818,0.041349,19.268818,0.041349,0.000000,246.130089,19.268818,0.041349,255.058105,0.003257,8.928016,0.000114,0.022191,0.033866,78777,78311,512,466,168.049356,0,55.868020,1
476,208.771204,0.410160,14.069002,0.027640,14.069002,0.027640,0.000000,194.702202,14.069002,0.027640,194.857229,0.085652,0.155027,0.000068,0.027336,0.058727,2784,2275,512,509,4.469548,0,55.908749,0
477,266.450146,0.452377,11.561695,0.019629,11.561695,0.019629,0.000000,254.888451,11.561695,0.019629,255.193847,0.060472,0.305396,0.000072,0.019111,0.086157,4809,4220,512,589,7.164686,0,55.954177,1
478,208.422997,0.478034,13.709115,0.031443,13.709115,0.031443,0.000000,194.713882,13.709115,0.031443,196.501106,0.007829,1.787224,0.000071,0.027344,0.115233,25535,25099,512,436,57.566514,0,56.023983,0
479,265.449670,0.557667,10.473226,0.022003,10.473226,0.022003,0.000000,254.976444,10.473226,0.022003,255.576758,0.025494,0.600314,0.000060,0.020741,0.187824,10501,10025,512,476,21.060924,0,56.142001,1
480,197.911038,16.492587,1.698529,0.141544,1.698529,0.141544,0.000000,196.212510,1.698529,0.141544,197.615691,0.009374,1.403181,0.000067,0.024612,0.243873,21093,21081,512,12,1756.750000,0,56.267856,0
481,263.790412,0.816689,8.439423,0.026128,8.439423,0.026128,0.000000,255.350989,8.439423,0.026128,255.473341,0.110595,0.122352,0.000053,0.025749,0.192194,2633,2310,512,323,7.151703,0,56.334194,1
482,208.357744,0.494912,10.915609,0.025928,10.915609,0.025928,0.000000,197.442135,10.915609,0.025928,197.673635,0.049968,0.231500,0.000059,0.025378,0.132035,4377,3956,512,421,9.396675,0,56.399891,0
483,264.251793,0.716130,8.905218,0.024133,8.905218,0.024133,0.000000,255.346575,8.905218,0.024133,255.586648,0.065485,0.240073,0.000062,0.023483,0.096375,4272,3903,512,369,10.577236,0,56.430569,1
484,198.930824,66.310275,1.427667,0.475889,1.427667,0.475889,0.000000,197.503157,1.427667,0.475889,198.878809,0.009706,1.375652,0.000067,0.017338,0.141613,20493,20490,512,3,6830.000000,0,56.541503,0
485,256.929036,28.547671,1.532640,0.170293,1.532640,0.170293,0.000000,255.396396,1.532640,0.170293,256.700690,0.014145,1.304294,0.000072,0.025372,0.158599,18157,18148,512,9,2016.444444,0,56.589168,1
486,209.050823,0.446690,10.265283,0.021934,10.265283,0.021934,0.000000,198.785539,10.265283,0.021934,199.012181,0.045343,0.226642,0.000052,0.021450,0.052256,4857,4389,512,468,9.378205,0,56.593759,0
487,260.669420,2.085355,4.082915,0.032663,4.082915,0.032663,0.000000,256.586504,4.082915,0.032663,256.714553,0.122595,0.128048,0.000061,0.031639,0.072337,2219,2094,512,125,16.752000,0,56.661506,1
488,207.890124,0.651693,9.052922,0.028379,9.052922,0.028379,0.000000,198.837202,9.052922,0.028379,200.213838,0.009348,1.376636,0.000064,0.024064,0.148085,21737,21418,512,319,67.141066,0,56.741844,0
489,258.533591,4.308893,1.960755,0.032679,1.960755,0.032679,0.000000,256.572836,1.960755,0.032679,256.687835,0.148546,0.114998,0.000067,0.030763,0.112295,1788,1728,512,60,28.800000,0,56.773801,1
490,207.994791,0.608172,7.959307,0.023273,7.959307,0.023273,0.000000,200.035484,7.959307,0.023273,200.125055,0.125313,0.089572,0.000056,0.023011,0.138170,1939,1597,512,342,4.669591,0,56.880014,0
491,267.087594,0.379925,10.639445,0.015134,10.639445,0.015134,0.000000,256.448148,10.639445,0.015134,257.226315,0.021869,0.778166,0.000066,0.014027,0.210486,12465,11762,512,703,16.731152,0,56.984287,1
492,208.181152,0.599946,8.336774,0.024025,8.336774,0.024025,0.000000,199.844378,8.336774,0.024025,201.243862,0.009199,1.399484,0.000064,0.019992,0.255607,22223,21876,512,347,63.043228,0,57.135621,0
493,263.364949,0.943960,6.457326,0.023145,6.457326,0.023145,0.000000,256.907623,6.457326,0.023145,257.583447,0.024565,0.675824,0.000064,0.020722,0.281831,10765,10486,512,279,37.584229,0,57.266118,1
494,202.698019,4.406479,1.757441,0.038205,1.757441,0.038205,0.000000,200.940578,1.757441,0.038205,201.486069,0.020755,0.545491,0.000056,0.026347,0.262597,9754,9708,512,46,211.043478,0,57.398218,0
495,258.429777,8.075931,1.061447,0.033170,1.061447,0.033170,0.000000,257.368330,1.061447,0.033170,257.517206,0.094571,0.148877,0.000055,0.028518,0.179614,2755,2723,512,32,85.093750,0,57.445732,1
496,209.589956,0.391757,8.376668,0.015657,8.376668,0.015657,0.000000,201.213288,8.376668,0.015657,201.540291,0.035038,0.327003,0.000057,0.015046,0.241076,6287,5752,512,535,10.751402,0,57.639293,0
497,265.819790,0.438647,8.625087,0.014233,8.625087,0.014233,0.000000,257.194703,8.625087,0.014233,257.485395,0.054483,0.290693,0.000062,0.013753,0.293138,5332,4726,512,606,7.798680,0,57.738869,1
498,201.582051,201.582051,0.241053,0.241053,0.241053,0.241053,0.000000,201.340998,0.241053,0.241053,201.582051,0.043689,0.241053,0.000052,0.000000,0.170152,4615,4614,512,1,4614.000000,0,57.809446,0
499,258.239559,13.591556,0.978730,0.051512,0.978730,0.051512,0.000000,257.260829,0.978730,0.051512,257.684060,0.036608,0.423231,0.000060,0.029237,0.193518,7058,7039,512,19,370.473684,0,57.932387,1
500,208.490993,0.492887,7.115975,0.016823,7.115975,0.016823,0.000000,201.375019,7.115975,0.016823,201.881091,0.021663,0.506072,0.000054,0.015626,0.178856,9742,9319,512,423,22.030733,0,57.988302,0
501,261.617149,1.895776,4.111414,0.029793,4.111414,0.029793,0.000000,257.505735,4.111414,0.029793,258.617009,0.016054,1.111274,0.000069,0.021740,0.145784,16247,16109,512,138,116.731884,0,58.078171,1
502,210.252060,0.318082,8.659445,0.013101,8.659445,0.013101,0.000000,201.592615,8.659445,0.013101,201.724788,0.083565,0.132173,0.000055,0.012901,0.256680,3075,2414,512,661,3.652042,0,58.244982,0
503,264.081236,0.636340,5.942790,0.014320,5.942790,0.014320,0.000000,258.138446,5.942790,0.014320,258.999131,0.020079,0.860685,0.000067,0.012246,0.438698,13314,12899,512,415,31.081928,0,58.516869,1
504,206.040557,0.858502,4.931088,0.020546,4.931088,0.020546,0.000000,201.109469,4.931088,0.020546,201.186115,0.142382,0.076645,0.000054,0.020227,0.589266,1653,1413,512,240,5.887500,0,58.834248,0
505,264.448809,0.520569,5.892560,0.011600,5.892560,0.011600,0.000000,258.556249,5.892560,0.011600,258.709085,0.098406,0.152836,0.000058,0.011299,0.404934,3137,2629,512,508,5.175197,0,58.921803,1
506,207.305152,0.526155,6.324037,0.016051,6.324037,0.016051,0.000000,200.981115,6.324037,0.016051,201.135964,0.063370,0.154849,0.000049,0.015658,0.179373,3568,3174,512,394,8.055838,0,59.013620,0
507,264.258003,0.518153,5.871516,0.011513,5.871516,0.011513,0.000000,258.386487,5.871516,0.011513,258.745365,0.045707,0.358878,0.000063,0.010809,0.292917,6171,5661,512,510,11.100000,0,59.214719,1
508,208.348792,0.415037,7.488123,0.014917,7.488123,0.014917,0.000000,200.860669,7.488123,0.014917,202.280679,0.009510,1.420010,0.000067,0.012088,0.248291,21773,21271,512,502,42.372510,0,59.261911,0
509,262.671541,0.793570,4.232620,0.012787,4.232620,0.012787,0.000000,258.438921,4.232620,0.012787,259.003686,0.029223,0.564765,0.000064,0.011081,0.274236,9194,8863,512,331,26.776435,0,59.488955,1
510,208.169344,0.430102,6.241753,0.012896,6.241753,0.012896,0.000000,201.927591,6.241753,0.012896,203.057805,0.011791,1.130214,0.000066,0.010561,0.312232,17706,17222,512,484,35.582645,0,59.574143,0
511,264.143515,0.512900,5.275025,0.010243,5.275025,0.010243,0.000000,258.868490,5.275025,0.010243,259.233407,0.041584,0.364917,0.000059,0.009534,0.100579,6749,6234,512,515,12.104854,0,59.589535,1
512,207.193865,0.609394,4.199439,0.012351,4.199439,0.012351,0.000000,202.994426,4.199439,0.012351,204.029768,0.012383,1.035342,0.000063,0.009306,0.024740,16817,16477,512,340,48.461765,0,59.598883,0
513,259.082300,64.770575,0.121100,0.030275,0.121100,0.030275,0.000000,258.961200,0.121100,0.030275,259.046217,0.183331,0.085017,0.000060,0.009021,0.239988,1417,1413,512,4,353.250000,0,59.829523,1
